sample_id,log_state,state_sample_index,query_id,document_id,source_pdf,question,gold_answer,answer_type,expected_route,expected_pages,forced_text_answer,forced_text_score,forced_text_correct,forced_vision_answer,forced_vision_score,forced_vision_correct,ra_answer,ra_score,ra_correct,ra_route,vision_used,selected_page,reranked_page_1,reranked_page_2,reranked_page_3,gt_hit_at_1,gt_hit_at_3,selected_page_gt_hit,total_latency_ms,routing_latency_ms,vision_analysis_latency_ms,routing_failure_candidate,evidence_selection_failure_candidate,retrieval_failure_candidate,multi_gt_review_candidate,evidence_hit_but_wrong_candidate,domain,question_type,expected_page_count,reranked_chunk_count,source_pdf_path,reranked_chunk_id_1,reranked_chunk_id_2,reranked_chunk_id_3,reranked_chunk_text_1,reranked_chunk_text_2,reranked_chunk_text_3,forced_text_judge_reason,forced_vision_judge_reason,ra_judge_reason,evidence_cache_path,unique_reranked_pages,gt_pages_in_top3,selected_page_rank_in_reranked_chunks,human_judge_valid,human_failure_type,human_gt_page_useful,human_single_page_sufficient,human_multi_page_required,human_best_next_action,human_confidence,human_notes,human_secondary_failure_type,human_selected_page_sufficient,human_other_retrieved_page_sufficient,human_sufficient_pages,gt_pages,top3_ranked_pages,top3_ranked_chunks,cohort,hit_at_3_not_at_1,depth_status
HR001,V_SELECTED_GT_WRONG,1,unidoc_commerce_manufacturing_0043,1657501,commerce_manufacturing/commerce_manufacturing/1657501.pdf,What are the features of the ice cream cart used by Artisani?,"The ice cream cart features a canopy, Artisani branding, and storage for cones.",image_only,VISUAL_REQUIRED,[26],The features of the ice cream cart used by Artisani are not described in the provided text.,0,False,"The ice cream cart used by Artisani is cream-colored with a black-and-white striped awning. It has a large front wheel and a smaller rear wheel, indicating a tricycle design. The cart displays the ""Artisani"" logo prominently on the front panel, along with decorative elements. It includes a glass display counter for serving ice cream, and two staff members are visible behind the counter, wearing white t-shirts with the Artisani logo.",2,False,"The ice cream cart used by Artisani is cream-colored with a black-and-white striped awning. It has a large front wheel and a smaller rear wheel, indicating a tricycle design. The cart displays the ""Artisani"" logo prominently on the front panel, along with decorative elements. It includes a glass display counter for serving ice cream, and staff members behind the counter wear white t-shirts with the Artisani logo.",2,False,VISUAL_REQUIRED,True,26,26,22,24,True,True,True,8363.3729,250.50839999858,3188.71819999913,False,False,False,False,True,commerce_manufacturing,factual_retrieval,1,3,C:/Users/sp/Desktop/adaptive-multimodal-rag/datasets/unidoc/commerce_manufacturing/commerce_manufacturing/1657501.pdf,page-26-chunk-1,page-22-chunk-1,page-24-chunk-1,"Artisani ice cream, a taste for growth 26 50% 7% 1% 9% 4% 29% Restaurant Chains Catering Gourmet store Ice cream stores Hotels Restaurants Exhibit 14 – Artisani’s Clients Mix Source: Sabores do Dia Gelado Artesanal Lda. Exhibit 1 5 – Artisani ice cream carts Source: Artisani Facebook","Artisani ice cream, a taste for growth 22 Exhibit 8 – Artisani’s Products Source: Artisani Official Website Artisani Ice Cream Artisani Sorbet Skimos – fresh fruit and water Pinguins – ice cream and chocolate covers Ice Cream Bowls Waffles with Ice Cream Crepes with Ice Cream Ice Cream Milkshakes Ice Cream Cakes Ice Cream Lollipops","Artisani ice cream, a taste for growth 24 Exhibit 11 – Artisani’s Stores Artisani Cascais Artisani Carcavelos Artisani Doca de Santo (Lisbon) Artisani Alvares Cabral (Lisbon)","The candidate answer incorrectly claims that the features are not described, when the reference answer clearly provides them. It fails to answer the question and contradicts the reference.","The candidate answer describes the cart's appearance and includes some details not in the reference (e.g., color, wheel design, staff members). It mentions the Artisani branding but omits the key features from the reference: canopy, storage for cones. The answer is partially correct but substantially unsupported and misses major parts of the reference.","The candidate answer includes some features of the ice cream cart (branding, display counter) but introduces unsupported details (color, wheel size, staff clothing). It misses the key features mentioned in the reference (canopy, storage for cones) and adds incorrect or unverified elements, leading to a partially correct but incomplete and ungrounded response.",results/unidoc_full_cache/59c9db5828abd3f3fb6950f80f665ca81087eca8bc58af247cdc05f919e3d30a.npz,"[26, 22, 24]",[26],1,YES,REASONING_GENERATION,,,NO,REASON_OR_GENERATE_BETTER,HIGH,Vision inspected the correct evidence page containing the Artisani ice cream cart. The answer identified the canopy/awning and branding but omitted another required visual feature. This is a visual information extraction / answer completeness failure rather than page selection.,,,,,[26],"[26, 22, 24]","[""page-26-chunk-1"", ""page-22-chunk-1"", ""page-24-chunk-1""]",HIT_AT_3,False,BLOCKED_INITIAL_TOP_K_3
HR002,V_SELECTED_GT_WRONG,2,unidoc_commerce_manufacturing_0104,5981833,commerce_manufacturing/commerce_manufacturing/5981833.pdf,How does the number of different modules affect the mean assembly time in a make-to-order versus make-to-stock scenario for a product family?,"The mean assembly time decreases as the number of different modules increases. Specifically, for a product family, the mean assembly time ranges from 1.6 time units with fewer modules to nearly 0 time units with the maximum number of modules.",image_plus_text_as_answer,VISUAL_REQUIRED,"[5, 6]","The number of different modules affects the mean assembly time in a make-to-order (ATO) versus make-to-stock scenario for a product family by influencing the tradeoff between the size of the product portfolio and the assembly lead time. Increasing the number of modules in the stock reduces the mean assembly time, as more subassemblies are available for direct use, minimizing the need for final assembly operations. For example, when 16 modules are stocked, the maximum mean assembly time is 0.8 time units, meeting the acceptable time constraint. However, stocking more modules increases costs, and the optimal solution balances cost and mean assembly time. The document indicates that stocking a specific number of modules (e.g., nine or 12) can minimize costs while satisfying the mean assembly time constraint, but the exact relationship between module count and mean assembly time depends on the specific parameters and constraints of the scenario.",2,False,"The number of different modules affects the mean assembly time in both make-to-order and make-to-stock scenarios. As the number of modules increases, the minimum and maximum mean assembly times decrease. The minimum mean assembly time (Min curve) declines sharply, approaching zero as the number of modules increases, indicating that a higher number of modules can significantly reduce the best-case assembly time. The maximum mean assembly time (Max curve) also decreases but remains higher than the minimum, showing variability in assembly time depending on the module selection. A customer-accepted threshold of 0.8 mean assembly time is met by the minimum mean assembly time curve when around 9 modules are used, while the maximum mean assembly time remains above this threshold for all module counts shown.",3,True,"The number of different modules affects the mean assembly time in both make-to-order and make-to-stock scenarios. As the number of different modules increases, the minimum and maximum mean assembly times both decrease. The minimum mean assembly time (represented by the ""Min"" curve) declines sharply and approaches zero, indicating that with more modules, the best-case assembly time becomes very short. The maximum mean assembly time (represented by the ""Max"" curve) also decreases but remains significantly higher than the ""Min"" curve, suggesting variability in assembly time depending on module selection. A horizontal dashed line at a mean assembly time of 0.8 indicates a customer-accepted threshold; the ""Min"" curve crosses below this threshold around 9 modules, while the ""Max"" curve remains above it for all shown module counts.",2,False,VISUAL_REQUIRED,True,6,6,5,2,True,True,True,11726.4866,449.9719000014011,5106.826100000035,False,False,False,True,True,commerce_manufacturing,causal_reasoning,2,3,C:/Users/sp/Desktop/adaptive-multimodal-rag/datasets/unidoc/commerce_manufacturing/commerce_manufacturing/5981833.pdf,page-6-chunk-1,page-5-chunk-2,page-2-chunk-1,"354 IEEE TRANSACTIONS ON AUTOMATION SCIENCE AND ENGINEERING, VOL. 4, NO. 3, JULY 2007 Fig. 4. Function of the min and max mean assembly time and the number of modules. Fig. 5. Extreme costs for /11/61/49, /13/61/50, /12/61/48/58/52, /14/61/49 /48. Fig. 6. Extreme costs for /11/61/49, /13/61/48/58/52, /12/61/48/58/49, /14/61/49 /48. labor cost in France is 25 Euro/h, the labor cost in Latvia is 2.4 Euro/h2). 2Labor costs in 2000, Ref: IRSOC023 INSEE, 24/12/03, Eurostat European Community. The parameters , , , and represent a different transportation condition that the supplier wishes to evaluate. Comparing the results in Figs. 5 and 6, it appears that trans- portation costs have a signiﬁcant impact on the best stock com- position that minimizes the cost (9). Figs. 5 and 6 are de- termined by the computation of all possible case withﬁve com- ponents. Because of combinational effects, these curves are not determined for a larger number of components. Using the parameters selected for the case presented (Fig. 5), it is more expensive to stock items than to process them at a nearby location. In this case, the worst solution (make to order) (i.e., all assem- blies are produced at the nearby plant) is 25% more expensive than the optimal one (stocking nine different modules). One ob- serves that the optimal solution minimizes the cost of possessing the modules held as the stock (called a possession stock). Stocking the minimum number of modules (i.e., the smallest stock that guarantees the customer accepted mean assembly time ) does not always lead to optimum as illustrated in the example presented next. Consider that the labor is the main source of cost. Stocking the minimum (i.e., nine modules) is not the optimal solution even if it minimizes the transportation cost (6). Interestingly enough, in this case, lower labor costs (the modules are assembled at the distant plant and then transported to the nearby location) is beneﬁcial. Fig. 6 shows that the optimum is reached while stocking 12 modules. The two examples illustrated in Figs. 5 and 6 show that se- lecting the right module design is a major issue. V. S OLVING THE MODEL What sets of modules should be considered for a product? In fact, this question cannot be answered ex-ante as every possible module mix that enables obtaining all ﬁnal products has to be considered. To ensure that eachﬁnal product could be assembled without extra components (some upgrade of the product), the mix has to include single components. It is then possible to evaluate the number of compositions to consider. The ﬁnal products that are not the single components can be present or not in the stock composition. In total, there are different composi- tions to consider. This number corresponds to all combinations of these elements. This problem (1), (2) is computationally complex and, there- fore, it is reasonable to generate a suboptimal solution. Two heuristics are proposed to minimize the cost (3) under a ﬁxed mean assembly time. Their performance has been studied, and simulated annealing results are provided. A. Module–Frequency Heuristic Consider a heuristic algorithm based on the demand fre- quency for modules (level of demand for each module). This heuristic minimizes the mean assembly time and uses a penalty coefﬁcient that penalizes the modules that are not compatible with the selected module. For a given number of modules , the heuristic is as follows:","of 0 occurs when all possible subassemblies are present in the stock; in this case, whatever the product that is required by a customer, it is present in the stock and ﬁnal operation is not required. If the acceptable mean assembly time is 0.8 t.u. (represented by the dotted line), 16 modules or more guarantee that the av- erage demand is met on time (the maximum mean assembly time for 16 modules is 0.8 t.u.). Note that a “good” conﬁgu- ration of 9 different modules satis ﬁes the maximum time con- straint. Different stock compositions make it possible to re- spect the mean assembly time. Besides, all of them do not have the same cost (9). It is then necessary to select a composition that minimizes this cost. For the set of modules that satisfy the time constraint (the mean assembly time ), the extreme costs for two sets of parameters ( , , , ) are shown in Figs. 5 and 6. The proposed set of parameters ( , , , and ) is consistent with the industrial practice. The ratio of labor cost between a distant location and a nearby location represents the actual situation in Europe (e.g., the","350 IEEE TRANSACTIONS ON AUTOMATION SCIENCE AND ENGINEERING, VOL. 4, NO. 3, JULY 2007 Design for Cost: Module-Based Mass Customization Catherine da Cunha, Bruno Agard, and Andrew Kusiak , Member, IEEE Abstract— The assemble-to-order (ATO) production strategy considers a tradeoff between the size of a product portfolio and the assembly lead time. The concept of modular design is often used in support of the ATO strategy. Modular design impacts the as- sembly of products and the supply chain, in particular, the storage, transport, and production are affected by the selected modular structure. The demand for products in a product family impacts the cost of the supply chain. Based on the demand patterns, a mix of modules and their stock are determined by solving an integer programming model. This model cannot be optimally solved due to its high computational complexity and, therefore, two heuristic algorithms are proposed. A simulated annealing algorithm im- proves on the previously generated solutions. The computational results reported in this paper show that signiﬁcant savings could be realized by optimizing the composition of modules. The best performance is obtained by a simulated annealing combined with a heuristic approach. Note to Practitioners —In today’s markets, companies tend to compete with product costs and delivery times. Mass customiza- tion principles have emerged as ways of gaining competitiveness. To individualize offerings of products, some companies manage options and alternatives around the same product category. Large product portfolios allow customers to select products closely matching their needs, however, it usually implies a larger cost to the producer. The importance of demand for ﬁnal products when allocating assembly operations in a supply chain is emphasized. The research reported in this paper demonstrates that for the same level of anticipated product demand, the level and mix of stock impact the customer delivery time. The latter implies that the same degree of customer satisfaction could be realized with different anticipated stock levels and costs. An assemble-to-order (ATO) case study is presented. The ATO production strategy considers a tradeoff between the size of a product portfolio and the assembly lead time. The concept of modular design is often used in support of the ATO strategy. Modular design impacts the assembly of products and the supply chain, in particular, the storage, transport, and production are affected by the selected modular structure. Index Terms— Assemble to order (ATO), demand integration, design for cost, mass customization, supply chain, time constraint. Manuscript received November 28, 2005; revised June 5, 2006. This paper was recommended for publication by Associate Editor L. Monostori and Editor M. Wang upon evaluation of the reviewers’ comments. This work was supported in part by the Natural Science and Engineering Research Council of Canada (NSERC) and in part by the Fonds Québécois de la Recherche sur la Nature et les Technologies (FQRNT). C. da Cunha is with the Laboratoire GILCO, Grenoble 38031, France (e-mail: Catherine.Da-Cunha@irccyn.ec-nantes.fr). B. Agard is with the Département de Mathématiques et de Génie Industriel, École Polytechnique de Montréal, Montréal, QC H3C 3A7 Canada (e-mail: bruno.agard@polymtl.ca). A. Kusiak is with the Intelligent Systems Laboratory, Department of Me- chanical and Industrial Engineering, The University of Iowa, Iowa City, IA 52242-1527 USA (e-mail: andrew-kusiak@uiowa.edu). Color versions of one or more of the ﬁgures in this paper are available online at http://ieeexplore.ieee.org. Digital Object Identiﬁer 10.1109/TASE.2006.887160 I. I NTRODUCTION T ODAY’s markets call for elaborate competition schemes as a large variety of products is available to meet customer requirements. Companies tend to compete on product costs and delivery times. Mass production principles have emerged as ways of gaining competitiveness. To individualize offerings of products, some companies manage options and alternatives around the same product category. Enlarged product portfolios make it possible for a customer to select and purchase a product closely matching his or her requirements. If the manufacturing lead time of a product is longer than the acceptable customer wait time, a company needs to anticipate the future by producing products before the orders are received. While any unmet product demand is not well received by the customers, overproduction lowers proﬁts. The research reported in this paper demonstrates that for the same level of anticipated product demand, the level and mix of stock impact the customer","The candidate answer correctly identifies that increasing the number of modules reduces mean assembly time and mentions a specific value (0.8 time units for 16 modules), which is consistent with the reference. However, it does not fully capture the full range of the relationship (from 1.6 to nearly 0 time units) and introduces additional information about cost tradeoffs not directly relevant to the question. It is partially correct, covers the main idea but misses an important part, and includes a minor unsupported claim about the exact relationship depending on parameters.","The candidate answer correctly identifies that increasing the number of modules reduces mean assembly time and describes the Min and Max curves. However, it introduces the concept of a 'customer-accepted threshold of 0.8' not present in the reference, which is a minor unsupported claim. It also does not clearly distinguish between make-to-order and make-to-stock scenarios as requested in the question, and it does not mention the specific values (1.6 to nearly 0) from the reference.","The candidate answer correctly identifies that more modules lead to lower mean assembly time and describes the trend of the 'Min' curve approaching zero. However, it introduces the 'Max' curve and a threshold of 0.8 time units, which are not mentioned in the reference. It also does not clearly distinguish between make-to-order and make-to-stock scenarios as requested. The reference only discusses a general product family, not the two scenarios specifically.",results/unidoc_full_cache/aa1d6a29816176021a30217976c16f29cffcc953c24eacf9a3abe40fb2f39453.npz,"[6, 5, 2]","[6, 5]",1,NO,JUDGE_ERROR,,,NO,UNCLEAR,HIGH,"The source supports the response that increasing the number of modules reduces mean assembly time. A mean assembly time of 0.8 is guaranteed with 16 modules, and nearly equivalent FV/RA answers received inconsistent judge scores. Treat as evaluation inconsistency rather than a clean model failure.",,,,,"[5, 6]","[6, 5, 2]","[""page-6-chunk-1"", ""page-5-chunk-2"", ""page-2-chunk-1""]",HIT_AT_3,False,BLOCKED_INITIAL_TOP_K_3
HR003,V_SELECTED_GT_WRONG,3,unidoc_construction_0046,0992970,construction/construction/0992970.pdf,"In what ways do the flexibility and fire resistance of RC, SRC, S, and CFT structural types differ?","RC structure is rated as good for flexibility and excellent for fire resistance. SRC structure is good for both flexibility and fire resistance. S structure is fair for both flexibility and fire resistance, while CFT structure is excellent for both flexibility and fire resistance.",image_only,VISUAL_REQUIRED,[2],"The document provides some insights into the differences in flexibility and fire resistance among RC (Reinforced Concrete), SRC (Steel Reinforced Concrete), S (Steel), and CFT (Concrete Filled Steel Tubular) structural types:

1. **Flexibility**:
   - **CFST (Concrete Filled Steel Tubular) Columns**: The strains and deformations of CFST columns are more than those of conventional RC columns of the same size, indicating that these composite columns are more ductile (flexible) than RC columns.
   - **RC (Reinforced Concrete) Columns**: Compared to CFST columns, RC columns show less strain and deformation, suggesting they are less ductile.
   - **Steel (S) and SRC (Steel Reinforced Concrete)**: The document does not provide direct comparisons of flexibility for steel or SRC columns with RC or CFST columns. However, it is implied that the composite action in CFST and SRC columns enhances their ductility compared to conventional RC columns.

2. **Fire Resistance**:
   - **RC (Reinforced Concrete)**: Historically, steel supports were often encased in low-strength concrete primarily to provide fire protection. The strength contribution of the concrete to fire resistance was not fully recognized until the 1950s.
   - **CFST (Concrete Filled Steel Tubular) Columns**: The use of composite sections combines the strength and impermeability to fire of concrete, offering a more economical design. This suggests that CFST columns have good fire resistance due to the concrete filling.
   - **SRC (Steel Reinforced Concrete) and S (Steel)**: The document does not provide specific information on the fire resistance of SRC or steel columns. However, it is implied that the encasement of steel in concrete (as in CFST and SRC) contributes to fire protection.

In summary, CFST columns are noted for their higher flexibility (ductility) compared to RC columns and their good fire resistance due to the concrete filling. RC columns are less flexible. The document does not provide sufficient evidence to compare the flexibility and fire resistance of SRC and steel columns directly with RC and CFST columns.",2,False,"The flexibility and fire resistance of RC (Reinforced Concrete), SRC (Steel Reinforced Concrete), S (Steel), and CFT (Concrete Filled Steel Tube) structural types differ as follows:

1. **Flexibility**:
   - **RC**: Rated as ""Fair"" (□), indicating it is the least flexible among the four structural types.
   - **SRC, S, and CFT**: All rated as ""Excellent"" (◎), showing these types are significantly more flexible than RC.

2. **Fire Resistance**:
   - **RC, SRC, and CFT**: All rated as ""Excellent"" (◎), indicating strong fire resistance.
   - **S**: Rated as ""Fair"" (□), meaning it is the least fire-resistant among the four structural types.

These differences are visually represented in the provided table and diagram, with the ratings and physical forms of the structures corresponding to the labeled columns.",1,False,"The flexibility and fire resistance of RC (Reinforced Concrete), SRC (Steel Reinforced Concrete), S (Steel), and CFT (Concrete Filled Steel Tube) structural types differ as follows:

1. **Flexibility**:
   - **RC**: Rated as ""Fair"" (□), indicating it is the least flexible among the four structural types.
   - **SRC, S, and CFT**: All rated as ""Excellent"" (◎), showing these types are significantly more flexible than RC.

2. **Fire Resistance**:
   - **RC, SRC, and CFT**: All rated as ""Excellent"" (◎), indicating strong fire resistance.
   - **S**: Rated as ""Fair"" (□), meaning it is the least fire-resistant among the four structural types.

These differences are visually represented in the provided table and diagram, with the ratings and physical forms of the structures corresponding to the labeled columns.",1,False,VISUAL_REQUIRED,True,2,2,13,3,True,True,True,11248.395,330.8696999993117,4422.697399999379,False,False,False,False,True,construction,comparison,1,3,C:/Users/sp/Desktop/adaptive-multimodal-rag/datasets/unidoc/construction/construction/0992970.pdf,page-2-chunk-1,page-13-chunk-1,page-3-chunk-1,"Annals of R.S.C.B., ISSN:1583-6258, Vol. 25, Issue 6, 2021, Pages. 2303-2317 Received 25 April 2021; Accepted 08 May 2021. http://annalsofrscb.ro 2304 Figure 1. Comparison of RC, SRC, S & CFST oppose pivotal pressure [3]. Two basic sorts of composite segment are being used c ement encased steel segments or cement filled steel cylindrical areas. The fascination for composite phase is that the pricey steel skeleton will be engineered 1st, and this could uphold the dead masses and development masses. ensuing cementing builds the limit staggeringly, and therefore the composite sections, that produce once the solid solidifies, ar cheap for opposing additional live stacking even as dead masses. afterwards, composite segments reduce significantly the live of pricey steel required to a ssist a given arrange load, whereas the elements of the phase ar smaller than those of a engineered up solid section of the same strength, consequently increasing the accessible floor house. the advantages that accure to the event interaction itself ar axiomatic [15]. The utilization of spherical, sq. and rectangular sections have gotten all the a lot of for the foremost half embraced for styles and there area unit likewise of distinctive interest in cylindrical phase to the creator from a tasteful perspect ive and to the creator from a primary adequacy perspective [7]. REVIEW OF LITERATURE Until the 1950's steel bolsters were usually incased in low strength concrete primarily to grant fireplace assurance, however the enlargement in strength managed by the solid wasn't evaluated till the 1950's (Faber 1956, Steven 1959). Current set up of composite sections utilizes each the strength and also the impermeableness to fireside of cement and therefore offers a additional economical style from that time forward, exploration and use of composite segments has progressed and that they have currently discovered wide unfold application within the development business within the course of the foremost recent decade. Thorough survey of international analysis wor k covering the timeframe from the first tests","Annals of R.S.C.B., ISSN:1583-6258, Vol. 25, Issue 6, 2021, Pages. 2303-2317 Received 25 April 2021; Accepted 08 May 2021. http://annalsofrscb.ro 2315  The deflection is low, where L/D ratio is 3. The deflection rate considerably increased when L/D ratio is 12 compared with the ratios of 6 and 9 respectively. The general conclusions are  The strains and deformations of CFST and fully steel encased RCFST composite columns were found to be more than those of the conventional RC columns of same size. Hence, these composite columns are more ductile than RC columns.  It was found that the variations between the experimental and ANSYS failure loads were around 15 percent. This variation occurred due to the stiffer models created in ANSYS. It is also due to the assumption of perfect bond at the steel concrete interface of CFST columns, which is not the case in practice. Moreover, the modules of elasticity of the loading plate at top and plate at bottom support were not determined experimentally. Also honeycombing during concreting might also be attributed to these causes.  The ultimate axial failure load of CFST composite columns were foun d to be more than the theoretical value calculated by the EC4. Hence, the Euro code 4 underestimates the ultimate axial load carrying capacity of CFST composite columns.  Results of the numerical simulations were compared with the experimental findings. Apparently, good agreement has been obtained from the comparison showing that the proposed numerical simulation method is applicable for analyzing similar structures.  The material models used for steel tube and in -filled concrete columns predict the failure load, load-lateral deflection, load-axial shortening and stress -strain response up to service load with higher confidence.  A study of bi -axially stressed steel shell had shown that shell, when supplying confining pressure on the core, is stressed in the lat eral direction and hence cannot sustain its full compliment of longitudinal load. However, taking into account the enhanced strength of the laterally confined core, it was decided that the loss in longitudinal load carrying capacity of shell can be ignore d without loss of accuracy. Hence a perfect elastic-plastic relationship for steel is acceptable.  Comparing the behaviour of reinforced concrete columns and concrete filled steel tubular columns strain similarity and complete communication among steel and cement square measure on the market ludicrous scope of stacking within the previous, while, strain similarity and composite activity square measure missing up to bound heap level","Annals of R.S.C.B., ISSN:1583-6258, Vol. 25, Issue 6, 2021, Pages. 2303-2317 Received 25 April 2021; Accepted 08 May 2021. http://annalsofrscb.ro 2305 Figure 2. Seismic response of CFST columns till 1960 was distributed by Viest and a comparable audit by Johnson lined the timeframe 1962 to 1969. The acutely aware utilization of composite activity among steel and cement most likely been created shortly when the first check work completed in European nation and North American nation in 1922, but the applying was presumptively with solid enclosure of steel segments which might are slighter than remotely magnified steel'. In associate degree business not p articularly addicted to amendment the reception of another strategy is maybe planning to be moderate notwithstanding whether or not the technique may be incontestable to be conservative. Seismic Response of CFST Columns CFST composite Structural framework segments were exposed to totally different stacking tests to appear at their underlying conduct. These enclosed hub pressure tests and flexural cutting tests underneath crucial burdens. due to the solid compelled by the cylinder, a CFST primary framework section keeps up its high come back strength and misshapening limit till inbound at the large even twisting space. This in lightweight of ""Consolidated impact"" of the steel cylinder and solid acting along. METHODOLOGY In a short pivotally stacked cement crammed steel tube, the solid center of the section is exposed to a limiting pressure, and consequently the phase will convey imposingly larger hub powers than if the solid was unconfined. the results of tri -pivotal tests on concrete have represented this, wherever cement exposed to a parallel limiting pressing issue will convey a additional distinguished hub load than unconfined cement. Obviously, this can be employed in supported solid development wherever spirally engineered up sections provi des a","The candidate answer correctly identifies that CFT (CFST) is more flexible than RC and has good fire resistance. It also notes that RC is less flexible. However, it does not clearly state the ratings for SRC and S as per the reference, and instead says the document lacks sufficient information, which is inaccurate. The answer is partially correct and includes some unsupported claims (e.g., implying composite action enhances ductility without clear evidence). It addresses the main task but is incomplete and not fully grounded in the reference.","The candidate answer is mostly incorrect and contradicts the reference. It incorrectly states that RC is 'Fair' for flexibility and 'Excellent' for fire resistance, while the reference says RC is 'Good' for flexibility and 'Excellent' for fire resistance. It also incorrectly labels S as 'Fair' for fire resistance, whereas the reference says S is 'Fair' for both flexibility and fire resistance. The answer is not grounded in the reference and fails to accurately represent the information.","The candidate answer is mostly incorrect and contradicts the reference. It incorrectly states that RC is 'Fair' for flexibility and 'Excellent' for fire resistance, while the reference says RC is 'Good' for flexibility and 'Excellent' for fire resistance. It also incorrectly labels S as 'Fair' for fire resistance, whereas the reference says S is 'Fair' for both flexibility and fire resistance. The answer is not grounded in the reference and fails to accurately represent the information.",results/unidoc_full_cache/865b175a5ca596e346ffed0b5ca19da6798daa88e8730e951250643554a060b0.npz,"[2, 13, 3]",[2],1,NO,JUDGE_ERROR,,,NO,UNCLEAR,HIGH,"The benchmark gold conflicts with the comparison table in the source document. Treat as benchmark/gold error, not a clean system failure.",,,,,[2],"[2, 13, 3]","[""page-2-chunk-1"", ""page-13-chunk-1"", ""page-3-chunk-1""]",HIT_AT_3,False,BLOCKED_INITIAL_TOP_K_3
HR004,V_SELECTED_GT_WRONG,4,unidoc_crm_0124,1986913,crm/crm/1986913.pdf,"How does the negative sentiment evolve over ten days for trends that are promoted, based on the analysis data?","The negative sentiment for promoted trends starts at 26% on the first day and remains around 20% for the following days, consistently higher than for promoted tweets.",image_plus_text_as_answer,VISUAL_REQUIRED,"[6, 7, 8]","Based on the analysis data, the negative sentiment for trends that are promoted evolves over ten days as follows:

- On the first day of promotion, 26% of tweets expressed a negative sentiment.
- The negative sentiment distribution over time is shown in Figure 9, which indicates that the percentage of negative sentiment tweets starts at 26% on day one and generally decreases over the 10-day period.
- The negative sentiment never reaches the level of positive sentiment, which dominates throughout the 10-day period.
- The negative sentiment for promoted trends is lower than the positive sentiment, with the highest percentage of positive sentiment tweets (58%) on day one, and positive sentiment continuing to dominate, never falling below 36% of the tweets.",2,False,"Based on the analysis data, the negative sentiment for promoted trends evolves over ten days as follows: on the first day, it is approximately 26%. From Day 2 to Day 9, the negative sentiment remains relatively stable, fluctuating between roughly 15% and 25%. On Day 10, there is a noticeable increase, with negative sentiment rising to approximately 27%.",2,False,"Based on the analysis data, the negative sentiment for promoted trends evolves over ten days as follows: on the first day, it is approximately 26%. From Day 2 to Day 9, the negative sentiment remains relatively stable, fluctuating between roughly 15% and 25%. On Day 10, there is a noticeable increase, with negative sentiment rising to approximately 27%.",2,False,VISUAL_REQUIRED,True,7,7,8,6,True,True,True,10269.631,520.1556999991226,4667.614400000275,False,False,False,True,True,crm,temporal_comparison,3,3,C:/Users/sp/Desktop/adaptive-multimodal-rag/datasets/unidoc/crm/crm/1986913.pdf,page-7-chunk-1,page-8-chunk-1,page-6-chunk-1,"tive in all cases. Neutral cases also appear much more common; this is due to the low coverage of the keyword lexicon causing large numbers of results with apparently zero sentiment. Use of the more accurate tool (as ob- jectively assessed – see section 4) therefore does appear crucial. 0 0.1 0.2 0.3 0.4 0.5 0.6 0.7 0.8 ASOS CES Sony Vauxhall Marriot BBCOne Nintendo PepsiMaxUK JREBEL PaJentsLikeMe NiveaUK O2 % posiJve % negaJve % neutral Figure 6: Sentiment analysis by brand - machine learning 0 0.1 0.2 0.3 0.4 0.5 0.6 0.7 ASOS CES Sony Vauxhall Marriot BBCOne Nintendo PepsiMaxUK JREBEL PaIentsLikeMe NiveaUK O2 % posiIve % negaIve % neutral Figure 7: Sentiment analysis by brand - key- words On average, across all brands (promoted tweets and trends), the average percentage of tweets and retweets12 which contained a positive sentiment is 50%, that which contained a negative sentiment is 12%, and 38% of tweets had a neutral tone. Figures 8 and 9 then show the distribution of posi- tive and negative sentiments in this response traﬃc over time. On average, positive sentiment outweighs nega- tive sentiment; on the ﬁrst day, 49% of the tweets were positive. In general, promoted tweets lead to more pos- itive sentiment and less negative sentiment than pro- moted trends. In total, 47% of tweets relating to a promoted tweet are positive in sentiment. Day one received the highest 12We assume that retweeting users share the same sentiment as the original tweet. 0% 10% 20% 30% 40% 50% 60% 70% 80% 1 2 3 4 5 6 7 8 9 10 Day Posi)ve Sen)ment Average Tweets Trends Figure 8: Positive sentiment distribution over time 0% 5% 10% 15% 20% 25% 30% 1 2 3 4 5 6 7 8 9 10 Day Nega(ve Sen(ment Average Tweets Trends Figure 9: Negative sentiment distribution over time. percentage of positive sentiment tweets (58%); positive sentiment then continues to dominate over the 10 day period, never falling below 36% of the tweets. Exam- ining promoted trends, we found that, on average, only 37% of tweets relating to a promoted trend contained a positive sentiment. On the ﬁrst day of promotion, 26% of tweets expressed a negative sentiment, 32% expressed a positive sentiment and 42% expressed no sentiment at all. This shows that Twitter users do not tweet as pos- itively about a promoted trend as they would about a promoted tweet. Instead, a large proportion of tweets relating to a promoted trend contained no emotional words, or if they did, the positive and negative senti- ments balanced each other out. They generally con- tained just the promoted hashtag or generally had an objective, matter-of-fact tone (e.g., - “ Get 3G where I live... #O2WhatWouldYouDo ”). 7","0 1,000 2,000 3,000 4,000 5,000 6,000 7,000 1 2 3 4 5 6 7 8 9 Tweets Day ASOS Tweet posi5ve nega5ve neutral #hashtags Figure 10: Hashtag related engagements for ASOS. 0 200 400 600 800 1000 1 2 3 4 5 6 7 8 9 10 Tweets Day Vauxhall Tweets posi4ve nega4ve neutral #hashtags Figure 11: Hashtag related engagements for Vauxhall. Taken together with the analysis of engagement vol- ume, these results show that when an item is promoted, the brand and the item get adopted immediately and regarded quite positively by the engaged users. Twit- ter users welcome the promoted item on Twitter, which has a positive eﬀect on the tweets expressed. The en- gagement level reduces to an average of 10% of the to- tal tweets on day two, when the item is no longer being promoted, or is no longer seen as “new and interesting”. However, on average, the positive sentiment expressed still outperforms that of negative sentiment and neutral sentiment each day. Effect of hashtags on engagement and sentiment We then performed two example case studies, using the ASOS and Vauxhall brands, to examine the use of hash- tags within promoted items. Figures 10 and 11 show the results. ASOS promoted a trend, #AsosSale, on the 19th and 20th of December to highlight their Boxing Day sale on the 26 th of December (day 8 of data collection). Although the promoted hashtag was virtually discarded by day two of data collection, we found that user en- gagement (use of hashtag, mentions and tweets) for the forthcoming sale continued. This trend is also apparent in Vauxhall’s tweet volumes for their sale which stated on the 27 th of December (day one of promotion), and ended the day after our 10 day data collection period. The engagement for Vauxhall remained at a consistent level throughout the event (see Figures 5 and 11), de- spite the rapid drop-oﬀ in use of the promoted hashtag. 6. CONCLUSIONS & FUTURE DIRECTIONS In this paper we present a measurement-driven study of the eﬀects of promoted tweets and trends on Twitter on the engagement level of users, using a number of ML and NLP techniques in order to detect relevant tweets and their sentiments. Our results indicate that use of accurate methods for sentiment analysis, and robust ﬁl- tering for topical content, is crucial. Given this, we then see that promoted tweets and trends diﬀer considerably in the form of engagement they produce and the overall sentiment associated with them. We found that pro- moted trends lead to higher engagement volumes than promoted tweets. However, although promoted tweets obtain less engagement than promoted trends, their en- gagement forms are often more brand inclusive (more direct mentions); and while engagement volumes drop for both forms of promoted items after the ﬁrst day, this eﬀect is less pronounced for promoted tweets. We also found that although the volume of tweets is highest in promoted trends, they do not lead to the same level of positive sentiment that promoted tweets do. Hence ad- vertisers should carefully assess the trade-oﬀs between high level of engagement, drop-oﬀ rate, direct mentions, and positive user sentiment. In the next stage of this study we will investigate the eﬀect of individuals’ inﬂuence on the take-up of pro- moted tweets and trends by their social graph. We will investigate new data at ﬁner granularity (hourly) for events that are time-sensitive, such as major concert ticket sales. This is our ﬁrst attempt at understand- ing this space. The advertising campaigns have very diﬀerent structure and we need to understand these in details. Promoted trends typically stay on the trends list for a day, and promoted tweets are selectively shown to a subset of users for a period of time selected by the advertiser. Without accounting for such nuances, broad statements on the impact of the two forms of advertising are not conclusive. However in this paper we focussed on insights in using sentiment analysis methods and ac- curate data labelling. We believe our ﬁndings could provide a new insight for social network marketing and 8","0 50 100 150 200 250 300 350 400 1 2 3 4 5 6 7 8 9 10 Tweets Day Interna2o nal CES SONY UK Marrio? UK BBC ONE Nintendo JREBEL Pa2ents Like Me Figure 4: Distribution of promoted tweets vol- umes over time. 0 1000 2000 3000 4000 5000 6000 7000 1 2 3 4 5 6 7 8 9 10 Tweets Day Nivea o2 Network ASOS Vauxhall Pespi UK Figure 5: Distribution of promoted trends vol- umes over time. pare to the Data Science Toolkit as a purely lexicon- based baseline. 5. RESULTS Response volume over time To examine the spread of engagement for each promoted item over the 10 day period, we analysed the volume of unique tweets each day in response to each promoted item, then averaged the results across all brands. Fig- ures 4 and 5 display the distribution of this volume in response to promoted tweets (4) and promoted trends (5) per brand. On average, promoted trends led to much higher response volumes. However, the highest percent- ages of mentions within responses were from promoted tweets, where an average of 18% of tweets each day in- cluded an ‘@’ mention to the brand; promoted trends had an average of only 15% mentions per day. This in- dicates that for a brand to successfully engage users in the content of the promoted item, a promoted tweet is better for this purpose. For example, out of the O2 Net- work’s ∼30,000 tweets, 7,965 included an ‘@’mention to the brand (25%). Results conﬁrmed that the greatest percentage of en- gagement for a brand’s promoted item takes place on the ﬁrst day of promotion. On average, 24% of en- gagements around the promoted item take place on the ﬁrst day. The eﬀect is most pronounced for promoted trends, with 34% of engagement on average on the ﬁrst day of promotion, after which the engagement falls dra- matically by an average of 25% to 9% by day two and continues to fall thereafter, even if the item is promoted for several days. For promoted tweets, the eﬀect is less pronounced: 19% of the engagement takes place on the ﬁrst day of promotion, with engagement decreasing by 8% by the second day of promotion. However, it does not continue on a steady decline thereafter, but it rises and falls over the next 8 days, although never again reaching the peak of the ﬁrst day of promotion. This could be due to the fact that a promoted tweet is usually promoted for several days on Twitter where it occasion- ally appears at the top of diﬀerent user’s timeline were users are repeatedly exposed to the item. This ﬁnd- ing can be said to conform to Romero et al. ’s theory of repeated exposure [24].11 They found that repeated exposure to a hashtag within Twitter had a signiﬁcant marginal eﬀect on the probability of adoption of that hashtag. In general, though, these results show that adoption of a promoted item is not a slow gradual shift over sev- eral days (as might be assumed) but rather an immedi- ate incline when exposure to the item is new to users. Effects on user sentiment The sentiment breakdown for each promoted brand item can be observed in Figures 6 and 7, with Figure 6 showing the results obtained using our chosen machine learning method and Figure 7 those obtained using a keyword-based method (see section 4 above). We ob- serve that in most cases, the percentage of positive sen- timent was higher than that of negative and neutral for promoted items. Notable exceptions are the results for two brands, NiveaUK and O2, where neutral and/or negative levels outweigh positive; the ASOS brand also shows little diﬀerence between negative and positive lev- els. However, comparison of the ﬁgures that would have been gained using a keyword-based approach (Figure 7) shows misleading results in precisely these interesting cases: apparent positive levels are higher than nega- 11Also see http://advertising.twitter.com/2013/03/Nielsen- Brand-Eﬀect-for-Twitter-How-Promoted-Tweets-impact-brand- metrics.html 6","The candidate answer correctly states that negative sentiment starts at 26% on day one and generally decreases over the 10-day period. However, it inaccurately claims that the sentiment 'generally decreases' when the reference says it 'remains around 20% for the following days,' which is not a clear decrease. The mention of positive sentiment and Figure 9 is not part of the reference and introduces unsupported claims. The answer partially addresses the question but includes inaccuracies and extraneous information.","The candidate answer is partially correct, as it correctly identifies the initial 26% negative sentiment on Day 1 and the general stability of negative sentiment for most of the period. However, it inaccurately describes the range (15-25%) and includes an unsupported increase on Day 10 to 27%, which is not reflected in the reference. It covers the main idea but misses important details and includes a minor unsupported claim.","The candidate answer is partially correct, as it correctly identifies the initial 26% negative sentiment on Day 1 but inaccurately describes the trend as fluctuating between 15% and 25% for Days 2–9, whereas the reference states it remains around 20%. The mention of a rise to 27% on Day 10 is unsupported by the reference. The answer covers the main idea but misses important accuracy and includes a minor unsupported claim.",results/unidoc_full_cache/daf0f844d74a30dfe6573cb5ec1282f8fe913302aabeafff79dee6e9fe0a9fef.npz,"[7, 8, 6]","[7, 8, 6]",1,NO,JUDGE_ERROR,,,NO,UNCLEAR,HIGH,The RA answer is substantially consistent with the promoted-trend sentiment figure and source description. The judge appears overly dependent on reference phrasing. Treat as evaluation error.,,,,,"[6, 7, 8]","[7, 8, 6]","[""page-7-chunk-1"", ""page-8-chunk-1"", ""page-6-chunk-1""]",HIT_AT_3,False,BLOCKED_INITIAL_TOP_K_3
HR005,V_SELECTED_GT_WRONG,5,unidoc_crm_0126,7720078,crm/crm/7720078.pdf,"Among the assessed proprietary BPMS tools, which one achieved the top overall rating?",H4 achieved the top overall rating among the assessed proprietary BPMS tools with a score of 2262.,image_plus_text_as_answer,VISUAL_REQUIRED,"[9, 10]","The information provided does not explicitly state which proprietary BPMS tool achieved the top overall rating. The document mentions that the overall scores are obtained by applying a formula that considers the importance of each characteristic and the results of the evaluation, but it does not disclose which value corresponds to which tool for confidentiality reasons. Therefore, based on the given text, it is not possible to determine which tool achieved the top overall rating.",0,False,The information is not supported by the currently retrieved evidence.,0,False,The information is not supported by the currently retrieved evidence.,0,False,VISUAL_REQUIRED,True,9,9,10,2,True,True,True,8259.9417,364.92400000042835,3879.6198000000004,False,False,False,True,True,crm,comparison,2,3,C:/Users/sp/Desktop/adaptive-multimodal-rag/datasets/unidoc/crm/crm/7720078.pdf,page-9-chunk-1,page-10-chunk-1,page-2-chunk-1,"already have elements of the BPMN standard and ther efore better capabilities. Some of the engines had a high complexity of installatio n at the time, as WfMOpen and OBE. Bonita presents support for most features, inc luding process simulation, being one of the most complete engines. Enhydra and Joget for XPDL and Activiti for BPMN 2.0 also provide support for most of the chara cteristics evaluated. Being the Activiti an initial version of the BPMN 2.0 standar d implementation, it was expected to improve considerably, which has already occurred in recent years. As for the exe- cution language WS-BPEL all evaluated engines imple ment the WS-BPEL 2.0 stand- ard and some like Intalio CE, include extensions to provide support for humans such as HumanTask or BPEL4People. Intalio CE is the engi ne that provides better support for the evaluated characteristics and better result s throughout the evaluation, with a friendly environment, stable behavior and an active community. Other engines such as jBPM, jBPM5 and Petals, also provide support for most characteristics. 4.2 Proprietary BPMS evaluation The evaluation on proprietary tools also included a reevaluation of the Bonita open source BPMS since a major update was performed in t he newly released 6.0 version. The selection was mainly based on their presence in the local market, and included: • Proprietary: IBM BP Manager 14 ,Oracle BPM 15 , Apia 16 ,GXFlow 17 • Community edition: Aris Platform 18 , Bizagi 19 , Bonita 1. Fig. 4 (a) shows an example of the results obtained from evaluating selected char- acteristics on the tools. As before, the semaphore metaphor is used, and the theoretical and practical evaluations are shown. Being propriet ary tools, for the practical evalua- tion it was necessary to obtain licenses for the pr oducts to evaluate. Due to difficulties in obtaining the software and/or corresponding lice nses, two tools were only evaluat- ed theoretically, while the rest were also evaluate d in practical (cf. Section 3.2), as shown in Fig 4 (a). The overall score is shown in F ig. 4 (b) which is obtained by ap- plying the formula as before, taking into account b oth the importance defined for each characteristic by the organization and the results obtained by the characteristic evalua- tion. We do not disclose which value corresponds to which tool for confidentiality reasons regarding definitions in the projects carried out with the enterprises involved. As conclusions of this evaluation we can highlight as a key point the original na- ture of the tool. Three of the tools have as main o bjective support for BPM, so their architecture and feature set are intended for these purposes; while the remaining tools are extensions of larger tools which were developed with other objectives. Those tools which focus on BPM have advantages in characteristi cs such as: installation, usabil- 14 IBM BP Manager, http://www-01.ibm.com/software/ integration/business-process-manager/ 15 Oracle 11g, http://www.oracle.com/us/technologies/bpm/suite/overview/ 16 Apia, http://www.statum.biz/web/guest/apia 17 GXflow, http://www.genexus.com/gxflow 18 ARIS Platform, http://www.softwareag.com/corporate/products/aris 19 Bizagi BPM Suite, http://www.bizagi.com/","ity, understanding, documentation, simpler architec tures, etc. The other tools must adapt to certain preset parameters, providing less specific support to BPM, increasing the learning curve and presenting more installation problems, among others. Howev- er, the latter proved more powerful, with more feat ures available, management tools and administrative consoles. As for the language of the process engine both XPDL and WS-BPEL are provided for process execution, and there is less support for BPMN 2.0 which is mainly provided within modelers b ut not for execution. In most of the tools wizards support is provided for BPs im plementation helping reduce the development time, for example to integrate web services from WSDL definitions. Fig. 4. Sample of (a) characteristics evaluated in Proprietary tools (b) overall scores 5 Conclusions We have presented a systematic approach for evaluat ing BPMS tools both open source and proprietary, which includes a methodolog y and a list of key characteristics for this kind of software, as well as a way to inst antiate each evaluation to the specific context of the organization performing it, providin g different results for different needs. We provide a list of relevant key characteri stics for BPMS tools, and a way of evaluating the provided support by means of tests cases and a case study to provide an overall view of the tool support. We believe that t he evaluation methodology we pro- pose can be also applied to other type of software, by changing the list of characteris- tics according to the software being evaluated, and following the defined process. We have also illustrated the use of the approach by me ans of case studies regarding open source and proprietary BPMS. We can conclude that a ll tools have advantages and disadvantages, and can be suitable for different co ntexts. As there is an increasing demand from organizations to incorporate BPMS platf orms, we believe that a key element and contribution of our evaluation approach is to take into account the organ- izational context, allowing different organizations to select different tools regarding their specific needs. We can also conclude that reg arding this kind of software some open source BPMS such as Bonita, Activiti and Intal io CE are, with respect to some aspects, as complete and competitive as other products from major existing vendors. As future work, we plan to evaluate again some open source BPMS since they all have improved significantly in the last few years ( we have continued using them in","adfa, p. 1, 2011. © Springer-Verlag Berlin Heidelberg 2011 A systematic approach for evaluating BPM Systems: case studies on Open Source and Proprietary tools Andrea Delgado, Daniel Calegari, Pablo Milanese, Renatta Falcon, Esteban García Instituto de Computación, Facultad de Ingeniería, Universidad de la República, Montevideo, Uruguay {adelgado, dcalegar, pmilanese}@fing.edu.uy {renafal, estebangrd}@gmail.com Abstract. Business Process Management Systems (BPMS) provide s upport for modeling, developing, deploying, executing and eval uating business processes in an organization. Selecting a BPMS is not a trivia l task, not only due to the many existing alternatives, both in the open source and proprietary realms, but also because it requires a thorough evaluation of its capabilities, contextualizing them in the organizational environment in which they will be used. In this paper we present a methodology to guide the systematic ev aluation of BPMS that takes into account the specific needs of each organ ization. It provides a list of key characteristics of BPMS which are ranked by the organization and evaluat- ed using test cases and quantitative criteria. We a lso present case studies of open source and proprietary BPMS evaluations following our proposal. Keywords: Business Process Management Systems (BPMS), Open Source and Proprietary BPMS, evaluation methodology, systematic approach 1 Introduction Every organization executes daily operations to ach ieve its goals, applying certain mechanisms to enable continuous improvement. The bu siness process (BPs) vision is the identification of the set of activities that ar e performed in coordination within an organizational and technical environment to achieve defined business goals [1]. It provides support for the definition, control and co ntinuous improvement of business operation. In this context, Business Process Manage ment (BPM) [1,2] offers a framework to support the business process lifecycle [1] from modeling, through de- veloping, deploying, executing and to the evaluatio n of their execution. BPM Systems (Business Process Management System, BPMS) [1,3] ar ise as the technology re- sponse to support the BPs lifecycle. These platform s integrate several components that allow modeling processes, executing them, cont rolling business rules, defining execution measures and monitoring processes, among others. There are several process modeling and execution la nguages with different back- grounds and abilities, such as Business Process Mod el and Notation (BPMN 2.0) [4], XML Process Definition (XPDL) [5] and Web Services Business Process Execution","The candidate answer is incorrect and fails to answer the question. The reference answer clearly states that H4 achieved the top overall rating, but the candidate answer claims the information is not provided, which contradicts the reference.","The candidate answer fails to provide the correct answer and instead claims the information is unsupported, which contradicts the reference answer.","The candidate answer fails to provide the correct answer and instead claims the information is unsupported, which contradicts the reference answer.",results/unidoc_full_cache/f6ee5d7742c86c3bd174430bb87d7f04573d1ec377d7fe8223e2d88edcab45b7.npz,"[9, 10, 2]","[9, 10]",1,YES,VISUAL_PAGE_SELECTION,,YES,NO,INSPECT_OTHER_RETRIEVED_PAGE,HIGH,"The requested overall-score comparison is in Figure 4(b) on page 10. Page 10 was already retrieved at rank 2, but Vision inspected page 9.",,,YES,10,"[9, 10]","[9, 10, 2]","[""page-9-chunk-1"", ""page-10-chunk-1"", ""page-2-chunk-1""]",HIT_AT_3,False,BLOCKED_INITIAL_TOP_K_3
HR006,V_SELECTED_GT_WRONG,6,unidoc_education_0016,7932805,education/education/7932805.pdf,"In what way do the periodic attractors of the sinusoidal and van der Pol oscillators differ, especially for A values like 1.5 and 2.22?","The sinusoidally-forced oscillator shows symmetric pairs of periodic attractors at certain values of \(A\), such as \(A = 1.5\) and \(A = 2.22\), while the van der Pol oscillator forms a single periodic attractor in the form of a limit cycle, which is a global attractor drawing most initial conditions to it. The sinusoidally-forced oscillator is characterized by symmetric pairs of coexisting limit cycles, whereas the van der Pol oscillator's limit cycle acts as a global attractor due to its linear damping properties.",text_only,TEXT_ONLY,"[3, 4, 14, 15]","The sinusoidal and van der Pol oscillators differ in the nature of their periodic attractors, particularly for values of $ A $ like 1.5 and 2.22. For the sinusoidally-forced oscillator, the periodic attractors at $ A = 1.5 $ and $ A = 2.22 $ are characterized by a symmetric pair of limit cycles, as shown in red and blue in the attractor diagrams. These limit cycles coexist over a narrow range of $ A $, as noted in the case of $ A = 2.22 $, and are associated with hysteresis and bifurcations.

In contrast, the van der Pol oscillator, as described, has a single limit cycle for a given set of parameters. The van der Pol oscillator's behavior is simpler in this context, with a single attracting limit cycle and no coexisting symmetric pair of limit cycles for the same parameter values. The van der Pol oscillator's dynamics are governed by a nonlinear damping term, but it does not exhibit the same kind of symmetric pair of limit cycles as the sinusoidally-forced oscillator.",3,True,"The periodic attractors of the sinusoidal and van der Pol oscillators differ in their structure and behavior, particularly for specific values of the parameter $ A $. For the sinusoidally-forced oscillator, at $ A = 1.5 $ and $ A = 2.22 $, the attractors are periodic and consist of symmetric pairs of limit cycles. At $ A = 1.5 $, these limit cycles are large, oval-shaped, and appear to be separate and non-intersecting. In contrast, at $ A = 2.22 $, the limit cycles are smaller, more complex in shape, and closer together, with some regions of overlap or proximity, indicating a more intricate structure. These differences suggest that while both values of $ A $ result in periodic behavior, the specific dynamics and spatial arrangement of the attractors vary significantly.",2,False,"The periodic attractors of the sinusoidal and van der Pol oscillators differ in their structure and behavior for specific values of $ A $. For the sinusoidally-forced oscillator, at $ A = 1.5 $ and $ A = 2.22 $, the attractors are symmetric pairs of limit cycles. At $ A = 1.5 $, these limit cycles are large, oval-shaped, and distinct from each other. In contrast, at $ A = 2.22 $, the limit cycles are smaller, more complex in shape, and closer together, with some regions of overlap or proximity, indicating a more intricate structure. These differences suggest that while both values of $ A $ result in periodic behavior, the specific dynamics and spatial arrangement of the attractors vary significantly.",2,False,VISUAL_REQUIRED,True,15,15,4,19,True,True,True,12943.1413,394.57670000047074,6385.322699999961,False,False,False,True,True,education,comparison,4,3,C:/Users/sp/Desktop/adaptive-multimodal-rag/datasets/unidoc/education/education/7932805.pdf,page-15-chunk-1,page-4-chunk-1,page-19-chunk-2,"November 10, 2017 9:10 WSPC/S0218-1274 1730037 Harmonic Oscillators with Nonlinear Damping Fig. 18. Attractors for the sinusoidally-forced oscillator in Eq. (15) with Ω = 0.8 for various values ofA showing quasiperiodic (A =1 .0), periodic ( A =1 .5a n d A =2 .22), and chaotic ( A =2 .0) solutions. The periodic cases have a symmetric pair of limit cycles shown in red and blue. becomes ˙x = y, ˙y = −x +( 1 − y2 + Asin z)y, ˙z =Ω . (16) Then z can be interpreted as the phase of the forc- ing function, and it always has a period of 2π inde- pendent of Ω, and thus z can be replaced by (z mod 2π) after each integration time step in order to remain bounded. Sinusoidally-forced limit cycle oscillators have been extensively studied, but the unusual feature of this system is that the forcing is applied to the damping term. It is an example of parametric forc- ing since a parameter of the system (the damping coeﬃcient) is forced. Such a situation would be unusual in a mechanical system, but it can be easily modeled in an electronic circuit. It exhibits phenom- ena similar to other forced limit cycle oscillators, including chaos,frequency (or mode) locking (where the slave oscillates at the frequency of the master), Arnold tongues (triangular regions of ( A,Ω) space in which the locking occurs), and hysteresis (bifur- cations occurring at diﬀerent values of the parame- ter depending on whether the parameter is increas- ing or decreasing). An example of hysteresis is the two limit cycles at A =2 .22 in Fig. 18 that coexist over a narrow range of A. These behaviors have been well studied and thus will not be further described here except to note that they also occur for systems in the form of Eq. (1) with parametric forcing. 1730037-15 Int. J. Bifurcation Chaos 2017.27. Downloaded from www.worldscientific.com by CITY UNIVERSITY OF HONG KONG on 11/22/17. For personal use only.","November 10, 2017 9:10 WSPC/S0218-1274 1730037 J. C. Sprott & W. G. Hoover Fig. 1. Limit cycle for the van der Pol oscillator in Eq. (5) with b = 1. The blue dot at the origin is the unstable equi- librium, and the colors along the orbit are the local values of the largest Lyapunov exponent with red positive and blue negative. et al., 1990], which play the same role for a peri- odic orbit as do the eigenvalues for an equilibrium point. For a two-dimensional system such as Eq. (5), there are two Lyapunov exponents, one of which, corresponding to the direction parallel to the orbit, must be zero for an oscillating continuous-time ﬂow. The sum of the Lyapunov exponents is equal to the time average of the trace of the Jacobian matrix, which for Eq. (5) is b(1 −⟨x2⟩) ≈− 1.0594 when b = 1. Thus the Lyapunov exponents for the van der Pol system with b =1a r e( 0 , −1.0594). A positive Lyapunov exponent would indicate that the system is chaotic, but that is not possible for a two-dimensional continuous-time system because the orbit must not intersect itself as formalized in the Poincar´e–Bendixson theorem [Hirsch et al., 2004]. The Lyapunov exponents are determined by a time average of the rate of separation of nearby tra- jectories over one cycle of the limit cycle. Although the largest exponent for a limit cycle must average to zero, its local value varies greatly over the orbit, ranging from approximately −3.0345 to 2.8138 for Eq. (5) with b = 1. This variation is indicated in Fig. 1 and the following ﬁgures by a color scale in which the negative values are in a shade of blue and the positive values are in a shade of red. The van der Pol oscillator is not time-reversible. When time is reversed, the repellor at the origin becomes an attractor, and the attracting limit cycle becomes a repellor. Suchattractor/repellor pairsare common in dynamical systems and will play an important and perhaps unexpected role in the more complicated systems to follow. 2.5. Periodically-damped oscillator Slightly more interesting behavior occurs if the 1− x2 factor in Eq. (5) is replaced with cos x [Kahn & Zarmi, 1998; Sprott et al., 2017] giving ˙x = y, ˙y = −x + by cos x. (6) For small values of x, the behavior resembles the van der Pol oscillator, which is not surprising since the Taylor series expansion (more properly called a Maclaurin series since it is centered at x =0 )o f t h ec o s i n ef u n c t i o ni sc o sx =1 − 1 2x2 + 1 24x4 −··· . The origin is an unstable equilibrium (a repellor) with the same eigenvalues as for the van der Pol oscillator. However, for larger values of x, the system has annular regions of alternating damping and anti- damping, giving rise to an inﬁnite series of nested limit cycles, the ﬁrst four of which for b =1a r e shown as black curves in Fig. 2. The second Lya- punov exponent (the damping) for the four cases are (−0.4090, −0.2522, −0.1978, −0.1680), respectively, and the ﬁrst Lyapunov exponent is zero as required for a limit cycle. Each limit cycle resides within a ﬁnite-sized basin of attraction (a class 4 basin) as shown with diﬀerent colors in the ﬁgure. The Fig. 2. The ﬁrst four of inﬁnitely many limit cycles (in black) for the periodically-damped oscillator in Eq. (6) with b = 1 along with their basins of attraction (in colors). The blue dot at the origin is the unstable equilibrium. 1730037-4 Int. J. Bifurcation Chaos 2017.27. Downloaded from www.worldscientific.com by CITY UNIVERSITY OF HONG KONG on 11/22/17. For personal use only.","J. C. & Xiong, A. [2015] “Classifying and quan- tifying basins of attraction,” Chaos 25, 083101. Sprott, J. C., Jafari, S., Khalaf, A. J. M. & Kapita- niak, T. [2017] “Megastability: Coexistence of a count- able inﬁnity of nested attractors in a periodically- forced oscillator with spatially-periodic damping,” Eur. Phys. J. Special Topics 226, 1979–1985. Strogatz, S. H. [2003] Sync (Hyperion, NY). van der Pol, B. [1920] “A theory of the amplitude of free and forced triode vibrations,” Radio Rev. 1, 701–710, 754–762. van der Pol, B. [1926] “On relaxation oscillations,”Phil. Mag. Ser. 7 2, 978–992. van der Pol, B. & van der Mark, J. [1928] “The heart- beat considered as a relaxation oscillation, and the electrical model of the heart,” P h i l .M a g .S e r .76, 763–775. Wang, L. & Yang, X. [2015] “The invariant tori of knot type and the interlinked invariant tori in the Nos´e– Hoover oscillator,” Eur. Phys. J. B 88, 78. Wolf, A., Swift, J. B., Swinney, H. L. & Vastano, J. A. [1985] “Determining Lyapunov exponents from a time series,” Phys. Nonlin. Phenom. 16, 285–317. 1730037-19 Int. J. Bifurcation Chaos 2017.27. Downloaded from www.worldscientific.com by CITY UNIVERSITY OF HONG KONG on 11/22/17. For personal use only.","The candidate answer is mostly correct and covers the essential points. It correctly identifies the symmetric pair of limit cycles in the sinusoidally-forced oscillator at A = 1.5 and 2.22, and the single global limit cycle in the van der Pol oscillator. It also notes the coexistence and hysteresis in the sinusoidal case. However, it omits the reference's mention of the van der Pol oscillator's limit cycle being a global attractor due to linear damping, which is a minor factual omission. The answer is grounded in the reference and directly addresses the question.","The candidate answer correctly describes the symmetric pairs of limit cycles for the sinusoidally-forced oscillator at A = 1.5 and 2.22, and it notes differences in their structure. However, it does not mention the van der Pol oscillator's single, global limit cycle attractor, which is a key part of the reference answer. The description of the sinusoidal oscillator is mostly accurate but includes some speculative details (e.g., 'more complex in shape', 'regions of overlap') not present in the reference. The answer is partially correct and incomplete.","The candidate answer correctly describes the symmetric pairs of limit cycles for the sinusoidally-forced oscillator at A = 1.5 and 2.22, and it notes differences in their structure. However, it does not mention the van der Pol oscillator's single, global limit cycle attractor, which is a key part of the question. The answer is partially correct and incomplete, and includes some descriptive details not present in the reference, which slightly reduces grounding.",results/unidoc_full_cache/c3edad7d1402214a00d434f9e99efdc54c39be8ba2b7be60fba7c26c02b4df5a.npz,"[15, 4, 19]","[15, 4]",1,YES,ROUTING,,YES,NO,ANSWER_CURRENT_EVIDENCE,HIGH,The relevant textual evidence already states the van der Pol oscillator has a single global limit-cycle attractor and that the sinusoidally forced oscillator can have symmetric pairs of coexisting limit cycles. Vision was unnecessary.,,,,,"[3, 4, 14, 15]","[15, 4, 19]","[""page-15-chunk-1"", ""page-4-chunk-1"", ""page-19-chunk-2""]",HIT_AT_3,False,BLOCKED_INITIAL_TOP_K_3
HR007,V_SELECTED_GT_WRONG,7,unidoc_energy_0190,7467174,energy/energy/7467174.pdf,What is the effect of a clockwise-oriented axis of symmetry for the ellipse on the correspondence between Zm and Xm during the evaluation of a ferromagnetic current stabilizer's operating regime?,"The rotation angle, indicated as negative, means the coordinate system of axes of an ellipse is rotated clockwise, affecting the alignment between Zm and Xm. When the axis of symmetry of the ellipse is rotated clockwise (negative angle), the correspondence between Zm and Xm during evaluation of the ferromagnetic current stabilizer's operating regime is altered such that the principal axes of the ellipse no longer coincide with the coordinate axes. This affects how the intersection points between the ellipse and the circuit characteristic determine the operating current (Zm) and magnetic flux (Xm), as shown in Fig. 3, where the ellipses are rotated relative to the axes.",image_plus_text_as_answer,VISUAL_REQUIRED,"[1, 2]","When the axis of symmetry of the ellipse is oriented clockwise, it indicates a rotation of the coordinate system of the ellipse's axes. This rotation affects the relationship between Zm and Xm during the evaluation of a ferromagnetic current stabilizer's operating regime. Specifically, the rotation angle α has a negative sign, and the ellipse's equation is modified accordingly, influencing the graphical overlap with the circuit characteristics of the stabilizer. This overlap determines the operating mode, with the intersection point providing the operating current and flux in the core of the ferromagnetic element.",3,True,The information is not supported by the currently retrieved evidence.,0,False,The information is not supported by the currently retrieved evidence.,0,False,VISUAL_REQUIRED,True,1,1,2,3,True,True,True,9640.425,557.3242000009486,4866.855899999791,False,False,False,True,True,energy,causal_reasoning,2,3,C:/Users/sp/Desktop/adaptive-multimodal-rag/datasets/unidoc/energy/energy/7467174.pdf,page-1-chunk-1,page-2-chunk-1,page-3-chunk-1,"Graph-analytical method of load mode analysis of ferromagnetic current stabilizer A N Rasulov1, G R Rafikova1, N L Novikov2, M R Ruzinazarov1, Esemuratova S3 1 Tashkent state technical university named after Islam Karimov, Tashkent, Uzbekistan 2National Research University Moscow Power Engineering Institute 3 Karakalpak State University Abstract. In this paper we consider the application of graph-analytical method for the analysis of the load regime of ferromagnetic current stabilizer. It is proved that under active load the current of the ferromagnetic stabilizer and magnetic flux are related by the ellipse equation where the axes coincide with the axes of coordinate system. The advantage of the proposed method is that it is possible to use an experimentally obtained characteristic. 1 Introduction When analyzing the circuit of ferromagnetic current stabilizer (Fig.1) for complex load it is convenient to use graph-analytical method by solving algebraic equations of the system. Let's assume that we know the characteristic Хм=f(Zм) of current stabilizer circuit which can be determined based on the magnetization curve of the ferromagnetic element and the cha racteristic of the compensating capacitance. [1-8]. Fig. 1. Schematic diagram of a ferromagnetic current stabilizer For an active inductive load dtWirdtLu ctH ct H  2 (1) Given that 2 221 d xd mZ c  )cos(   mYy (2) sinmXx  sinэmэ Zz  after introducing the normalized values we have mmctHmmctHm XZXZY  2)( 2222  (3) If 0H 2222 mmctm XZY  (4) or 2 2 2 2 2 m m mct mct Y X z Z   (5) From this it can be seen that under active load, the current of the ferromagnetic stabiliser and the magnetic flux are related by the equation of an ellipse whose axes coincide with the axes of the coordinate system. On the oth er hand, these quantities are related by the circuit characteristic of the ferromagnetic current stabiliser. Thus, by superimposing the ellipse on the circuit characteristics of a ferroresonant current stabiliser, the operating mode can be determined. Absc issa of intersection point of ellipse with circuit characteristic shows operating current and ordinate of flux in the core of the ferromagnetic element (fig.2) [9-14]. Fig. 2. DependenceXm=f(Zm). If γ≠0, Zm, Xm are also related by the equation of the ellipse where the centre coincides with the origin. The axis of © The Authors, published by EDP Sciences. This is an open access article distributed under the terms of the Creative Commons At tribution License 4.0 (htt p://creativecommons.or g/licenses/b y/4.0/). E3S Web of Conferences 289, 07006 (2021) https://doi.org/10.1051/e3sconf/202128907006 Energy Systems Research 2021","the ellipse has some angle with respect to the axis of coordinates. Using previously discussed methodology, let's write equation (3) in following form. C Y X A Y Z m m m m 2 2 2 2  (6) Fig. 3. Dependencies Xm=f(Z .m)for the case γ≠0 Here  cossin2sincos)( 2222 HHA  (7)  cossin2cossin)( 2222 HHC  (8) 1 2 2  H tg   (9) α is rotation angle of ellipse axes, Zm, Xm - new coordinates. Fig.3 shows ellipses for different values of input voltage at inductive nature of load and relationship Zm=f(Xm) of ferromagnetic current stabilizer circuit. Here α has a negative sign which means that the coordinate system of axes of a n ellipse is rotated clockwise. [15-22] When the nature of the load is active -capacitive, the circuit equation of state is as follows: 2 2 2 dt dWdt diRc i dt du  (10) From where mmmmm XZXXY  2)( 22222  (11) Fig. 4. Dependencies Xm=f(Zm) for the case γ≠0 Further investigation of dependence (11) has shown that expressions similar to (6), (7), (8), (9), differing only by signs before coefficients γn and γ. Angle of rotation of ellipse axes has positive sign (fig. 4). Thus, the advantage of the analysis by graph -analytical method is that it is possible to use experimentally obtained characteristic of the device. References 1. Bessonov L.A. Theoretical fundamentals of electrical engineering. Electrical circuits. Textbook. 10th ed. M.Gardarmki 2002.638s. 2. Volkov I.V., Gubarevich V.N., Isakov V.N., Kaban V.P. Principles of Construction and Optimisation of Inductance - Capacitor Circuits. Kiev Naukova Dumka, 1981-174p. 3. Rasulov A.N., Rafikova G.R., Ruzinazarov M.R. Current stabilization on the basis of magnetic amplifier with electromagnetic control circuit. The problems of energy and resource saving 3-4. 2020г -312-317 4. F.A.Hoshimov, I.I.Bakhadirov, M.S.Kurbanbayeva, N.A.Aytbayev. Development of specific standards of energy consumption by types of produced products of the spinning product // RSES 2020. E3S Web of Conferences. 216 (2020) 01169. https://doi.org/10.1051/e3sconf/202021601169 5. F.A.Hoshimov, I.I.Bakhadirov, A.A.Alimov, M.T.Erejepov. Forecasting the electric consumption of objects using artificial neural networks // E3S Web of Conferences. 216 (2020) 01170. https://doi.org/10.1051/e3sconf/202021601170 6. R.Karimov, M.Bobojanov. Analysis of voltage stabilizers and non -contact relays in power supply systems // RSES 2020. E3S Web of Conferences. 216 (2020) 01162. https://doi.org/10.1051/e3sconf/202021601162 7. R.Karimov. Study of the state of the issue of increasing the quality of electric energy in the power supply systems // RSES 2020. E3S Web of Conferences. 216 (2020) 01163. https://doi.org/10.1051/e3sconf/202021601163 8. I.U.Rakhmonov, A.N.Tovbaev, L.A.Nematov and T.Sh.Alibekova. Development of forecasted values of specific norms for the issues of produced products in industrial enterprises // ICMSIT -2020. Journal of Physics: Conference Series. 1515 (2020) 022050. doi:10.1088/1742 - 6596/1515/2/022050 9. I.U.Rakhmonov, L.Nematov, N.N.Niyozov, K.M.Reymov, T.Yuldoshev. Power consumption management from the positions of the general system theory // ICMSIT -2020. Journal of Physics: Conference Series. 1515 (2020) 022054. doi:10.1088/1742-6596/1515/2/022054 10. I.U.Rakhmonov, F.A.Hoshimov. Development of an algorithm for evaluating the dominant factors that have the greatest impact on the energy intensity of products // ENERGY-21. E3S Web of Conferen ces. 209 (2020) 07018. https://doi.org/10.1051/e3sconf/202020907018 11. Usmanov E.G. Stability in a parallel resonant circuit with active load // RSES 2020. E3S Web of Conferences. 216 (2020) 01160. https://doi.org/10.1051/e3sconf/202021601160 12. Usmanov E.G., Khusanov B.M. Phase relations in resonant circuits with a wide falling section on the amplitude 2 E3S Web of Conferences 289, 07006 (2021) https://doi.org/10.1051/e3sconf/202128907006 Energy Systems Research 2021","characteristic // RSES 2020. E3S Web of Conferences. 216 (2020) 01161. https://doi.org/10.1051/e3sconf/202021601161 13. I.U.Rakhmonov, K.M.Reymov and S.H.Dustova. Improvements in industrial energy rationing methods // MIP: Engineering-2020. E3S Web of Conferences. 862 (2020) 062070. doi:10.1088/1757-899X/862/6/062070 14. I.U.Rakhmonov, K.M.Reymov. Statistical mod els of renewable energy intermittency // RSES 2020. E3S Web of Conferences. 216 (2020) 01167. https://doi.org/10.1051/e3sconf/202021601167 15. I.U.Rakhmonov, N.N.Kurbonov. Analysis of automated software for monitoring energy consumption and efficiency of industrial enterprises // E3S Web of Conferences. 216 (2020) 01178. https://doi.org/10.1051/e3sconf/202021601178 16. F.A.Hoshimov, I.U.Rakhmonov, N. N.Niyozov. Technology to reduce energy costs in the electric steel melting shop // ENERGY -21. E3S Web of Conferences. 209 (2020) 07017. https://doi.org/10.1051/e3sconf/202020907017 17. A.Taslimov, F. Rakhimov, L.Nematov, N.Markaev, A.Bijanov, R.Yunusov. Economic load intervals for selecting 10 kV cable cross -sections for agricultural consumers // CONMECHYDRO – 2020. IOP Conf. Series: Materials Science and Engineering. 883 (2020) 012102. doi:10.1088/1757-899X/883/1/012102 18. Hadha Afrisal, Budi Setiyono, Muhammad Fahmi Yusuf, Rose Mutiara Suin, Olimjon Toirov 2020 7th International Conference on Information Technology, Computer, and Electrical Engineering (ICITACEE), pp. 41 - 46 (2020), https://doi.org/10.1109/ICITACEE50144.2020.9239228 19. Olimjon Toirov, Sardor Urokov, Utkir Mirkhonov, Hadha Afrisal, Dilnoza Jumaeva Experimental study of the control of operating modes of a plate feeder based on a frequency-controlled electric drive, E3S Web of Conferences, SUSE-2021 (2021) 20. E.Usmanov, A.Rasulov, M.K.Bobojanov, R.Ch.Karimov. Non -contact voltage relay for switching windings of a boost transformer (E3S Web of Conferences, 139, 01079, 2019), https://doi.org/10.1051/e3sconf/201913901079 21. Toshov J.B. The questio ns of the dynamics of drilling bit on the surface of well bottom// Arch. Min. Sci. - Poland. - Vol. 61 (2016), № 2, P. 279 -287. DOI 10.1515/amsc -2016- 0020 22. Karimov R.Ch., Bobojanov M.K., Rasulov A.N., Usmanov E.G. Controlled switching circuits based on non - linear resistive elements (E3S Web of Conferences, 139, 01039, 2019), https://doi.org/10.1051/e3sconf/201913901039 3 E3S Web of Conferences 289, 07006 (2021) https://doi.org/10.1051/e3sconf/202128907006 Energy Systems Research 2021","The candidate answer is mostly correct and aligns with the reference, explaining the effect of a clockwise-oriented axis of symmetry on the Zm-Xm correspondence. It correctly notes the negative rotation angle and its influence on the ellipse's equation and graphical overlap. However, it lacks the specific detail about the principal axes no longer coinciding with the coordinate axes, which is an important point in the reference. The answer is grounded in the reference and directly addresses the question, but it misses a key detail, reducing completeness.",The candidate answer fails to address the question and does not provide any relevant information about the effect of a clockwise-oriented axis of symmetry on the correspondence between Zm and Xm. It is not grounded in the reference and does not attempt to answer the task.,The candidate answer fails to address the question and does not provide any relevant information about the effect of a clockwise-oriented axis of symmetry on the correspondence between Zm and Xm. It is not grounded in the reference and does not attempt to answer the task.,results/unidoc_full_cache/e0c0240c474b6a60e7a8244c1170c438c449a42ffca9db7a3c23dd655f20e4b2.npz,"[1, 2, 3]","[1, 2]",1,YES,ROUTING,,,NO,ANSWER_CURRENT_EVIDENCE,HIGH,,VISUAL_PAGE_SELECTION,,,,"[1, 2]","[1, 2, 3]","[""page-1-chunk-1"", ""page-2-chunk-1"", ""page-3-chunk-1""]",HIT_AT_3,False,BLOCKED_INITIAL_TOP_K_3
HR008,V_SELECTED_GT_WRONG,8,unidoc_finance_0143,3331210,finance/finance/3331210.pdf,"How does the duration of approved arrangements fluctuate from 2000 to 2007, highlighting changes in both precautionary and non-precautionary categories?","The average length of arrangements approved fluctuates between 2000 and 2007, with a low of about 15 months in 2001 and a peak of around 31 months in 2006. Precautionary arrangements tend to have shorter durations compared to non-precautionary ones, impacting the overall average length during this period.",image_only,VISUAL_REQUIRED,[7],"The duration of approved arrangements from 2000 to 2007 shows a fluctuating pattern, with variations in both precautionary and non-precautionary categories. 

For precautionary arrangements, the average duration was shorter compared to non-precautionary arrangements. For example, in 2005–2007, the average duration of precautionary arrangements was 23 months, while non-precautionary arrangements had an average duration of 34 months. This indicates that precautionary arrangements were generally shorter in duration. 

In the non-precautionary category, the Dominican Republic had a non-precautionary arrangement with a duration of 28 months, which was relatively long compared to other non-precautionary arrangements. The average duration for non-precautionary arrangements during 2005–2007 was 34 months, with some variations among individual cases.

Overall, the data suggests that the duration of approved arrangements varied, with precautionary arrangements typically being shorter than non-precautionary ones. However, the specific fluctuations from 2000 to 2007 are not detailed in the provided evidence.",2,False,"The duration of approved arrangements from 2000 to 2007 fluctuated, with the ""Average Length of Arrangements Approved"" chart showing a period average of 20 months. The duration started at 20 months in 2000, dipped to 16 months in 2001, rose to 32 months in 2006, and then fell to 24 months in 2007.

For precautionary arrangements, the number approved was 6 in 2000, declined to 2 in 2002, rose to 5 in 2004, fell to 1 in 2006, and increased to 3 in 2007. Non-precautionary arrangements peaked at 8 in 2002, dropped to 1 in 2004, and fell to 0 in 2007.",2,False,"The duration of approved arrangements from 2000 to 2007 fluctuated, with the ""Average Length of Arrangements Approved"" chart showing a period average of 20 months. The duration started at 20 months in 2000, dipped to 16 months in 2001, rose to 32 months in 2006, and then fell to 24 months in 2007.

For precautionary arrangements, the number approved in 2000 was 6, declined to 2 in 2002, rose to 5 in 2004, fell to 1 in 2006, and increased to 3 in 2007. Non-precautionary arrangements peaked at 8 in 2002, dropped to 1 in 2004, and fell to 0 in 2007.",2,False,VISUAL_REQUIRED,True,7,7,6,20,True,True,True,15561.9297,599.9341999995522,6414.6271999998135,False,False,False,False,True,finance,temporal_comparison,1,3,C:/Users/sp/Desktop/adaptive-multimodal-rag/datasets/unidoc/finance/finance/3331210.pdf,page-7-chunk-1,page-6-chunk-1,page-20-chunk-1,7 Figure 1. Recent Developments in Fund Financing (Stand-By and Extended Arrangements) Source: Fund staff Total Number of Arrangements Approved 0 2 4 6 8 10 12 14 2000 2001 2002 2003 2004 2005 2006 2007 Year of Approval Total number of arrangements approved SBA EFF Average Length of Arrangements Approved 12 16 20 24 28 32 2000 2001 2002 2003 2004 2005 2006 2007 Year of Approval Number of months Period Average Precautionary and Non-Precautionary Arrangements Approved 0 1 2 3 4 5 6 7 8 9 2000 2001 2002 2003 2004 2005 2006 2007 Year of Approval Number of Arrangements Precautionary Non Precautionary Non-Exceptional Average Annual Access 10 15 20 25 30 35 40 45 50 55 60 2000 2001 2002 2003 2004 2005 2006 2007 In percent of quota Period Average GRA Credit Oustanding 0 10 20 30 40 50 60 70 2000 2001 2002 2003 2004 2005 2006 2007 SDR billions Distribution of Annual Access during 2005-2007 0 1 2 3 4 5 6 0-20 21-40 41-60 61-80 81-100 >100 Average Annual Access Number of arrangements 0 10 20 30 40 50 60 percent,"6 Asia, but also in Latin America, have built up significant reserve positions which serve as additional confidence-enhancing buffers against short-term funding disruptions. Overall, output volatility has declined significantly in recent years and private capital flows to many emerging market members have displayed a remarkable stability relative to the past. 8. These developments have reshaped the pattern of Fund access under the GRA (Tables 1–3 and Figure 1). In particular: • The number of stand-by and extended arrangements approved during 2005–2007 has dropped sharply to the lowest level since 1954. Overall, 11 new arrangements were approved during the period under review; six of which were approved in 2005, two in 2006, and three in 2007. • For most middle-income members seeking a Fund arrangement, signaling was an important objective of their engagement with the Fund. Specifically, seven of the approved arrangements were treated as precautionary either at the time of approval (Colombia, Gabon, Iraq (2005, 2007), Paraguay, and Peru) or soon thereafter (Macedonia, FYR). Precautionary arrangements can assist members by signaling a commitment to credible policies, and helping to smooth access to private capital markets. • There continued to be little need for extended arrangements. One such arrangement was approved during this period, a blend with a PRGF arrangement (Albania). • No arrangements with exceptional access were requested in 2006–07. Two members sought exceptional access stand-by arrangements in 2005 (Turkey and Uruguay). Both requests, which were approved, involved successor arrangements and were related to pre-existing high exposure to the Fund, rather than immediate pressures in their capital account. Several members that had exceptional access arrangements have repaid the Fund early. The Supplementary Reserve Facility has not been used since 2002. • Average annual access, as a share of quota, was below historical averages. For those members not requesting exceptional access, access has been concentrated at low levels, averaging 30 percent of quota per annum, compared with an annual average of 41 percent of quota in 1995–2004.4 Above the limits, access also declined relative to the arrangements that preceded them (in absolute levels and as a share of these 4 This includes the relatively high access for Dominican Republic (annual access of 89 percent of quota), the only arrangement within the normal limits that was not precautionary.","20 Table 1. Access Under Fund Arrangements Approved during 2005-2007 1/ (As of December 31, 2007) (In percent of quota, unless otherwise indicated) Fund Credit Outstanding 4/ Effective Access 3/ All GRA Facilities PRGF Trust date of Duration Amount Average Year 1 Year 2 Year 3 Start of End of Start of End of GFF/GFR 5/ arrangement (months) (SDR mn.) (% of quota) per year 2/ (in % of total access) Arrangement Arrangement Arrangement Arrangement (percent) Upper credit tranche SBA Not precautionary on approval: Dominican Republic 1/31/2005 28 438 200 86 45 44 11 60 248 0 0 16 Macedonia, FYR 8/31/2005 36 52 75 25 47 27 27 53 85 0 0 4 Turkey 5/11/2005 36 6,662 691 230 50 33 17 1,259 756 0 0 11 Uruguay 6/8/2005 36 766 250 83 34 40 26 534 370 0 0 18 Total amount 7,918 Number of SBAs 4 Average 6/ 34 304 106 44 36 20 476 365 0 0 12 Precautionary on approval: Colombia 5/2/2005 18 405 52 35 79 21 0 52 0 0 3 Gabon 5/7/2007 36 77 50 17 19 32 48 21 50 0 0 2 Iraq 12/23/2005 15 475 40 32 83 17 25 65 0 0 4 Iraq 12/19/2007 15 475 40 32 83 17 0 40 0 0 1.1 Paraguay 5/31/2006 27 65 65 29 66 26 8 0 65 0 0 13 Peru 1/26/2007 25 172 27 13 95 4 1 2 27 0 0 2 Total amount: Precautionary 1,670 Number of precautionary SBAs 6 Average for precautionary 6/ 23 46 26 71 19 19 8 50 0 0 4 Total amount: All SBAs 9,588 Number of SBAs 10 Average for all SBAs 6/ 27 149 58 60 26 37 159 140 0 0 7 EFF arrangements Albania 2/1/2006 36 9 18 6 29 43 29 0 18 0 0 1 Total amount 9 Number of EFFs 1 SBA and EFF arrangements Total amount: SBAs and EFFs 9,596 Number of SBAs and EFFs 11 Average 6/ 28 137 53 57 28 145 129 0 0 7 PRGF arrangements Afghanistan, Islamic Republic of 6/26/2006 36 81 50 17 44 28 28 0 0 0 50 1 Albania 2/1/2006 36 9 18 6 29 43 29 0 18 0 0 1 Armenia, Republic of 5/25/2005 36 23 25 8 43 29 29 0 0 155 179 2 Benin 8/5/2005 36 6 10 3 43 28 29 0 0 61 43 7 Burkina Faso 4/23/2007 36 6 10 3 17 33 50 0 0 39 49 0 Cameroon 10/24/2005 36 19 10 3 43 29 29 0 0 102 52 1 Central African Republic 12/22/2006 36 36 65 22 57 17 26 0 0 28 69 18 Chad 2/16/2005 36 25 45 15 47 27 27 0 0 110 98 6 Gambia, The 2/21/2007 36 14 45 15 43 29 29 0 0 42 59 5 Grenada 4/17/2006 36 11 90 30 44 28 28 0 0 50 99 3 Guinea 12/21/2007 36 48 45 15 43 29 29 0 0 34 52 3.5 Haiti 11/20/2006 36 74 90 30 59 21 21 0 0 0 90 7 Kyrgyz Republic 3/15/2005 36 9 10 3 43 29 29 0 0 147 92 1 Madagascar 7/21/2006 36 55 45 15 43 29 29 0 0 9 54 3 Malawi 8/5/2005 36 38 55 18 40 35 25 0 0 78 74 4 Mauritania 12/18/2006 36 16 25 8 52 24 24 0 0 0 25 3 Moldova, Republic of 5/5/2006 36 80 65 22 28 28 42 27 2 23 101 6 Nicaragua 10/5/2007 36 72 55 18 33 33 33 0 0 32 87 2.9 Niger 1/31/2005 36 7 10 3 29 29 43 0 0 133 128 3 Rwanda 6/12/2006 36 8 10 3 43 28 28 0 0 1 11 1 Sao Tome & Principe 8/1/2005 36 3 40 13 43 29 29 0 0 26 52 3 Sierra Leone 5/10/2006 36 31 30 10 43 28 28 0 0 129 122 7 Total amount 670 Number of PRGFs 22 Average 7/ 36 39 13 41 29 30 1 1 55 72 4 All arrangements Total amount 10,266 Number of arrangements","The candidate answer correctly identifies that precautionary arrangements are generally shorter than non-precautionary ones and provides some specific data (e.g., 23 vs. 34 months in 2005–2007). However, it fails to address the overall fluctuation in duration from 2000 to 2007 as requested, and it introduces a specific example (Dominican Republic) not mentioned in the reference. The answer is partially correct, incomplete, and includes a minor unsupported claim.","The candidate answer correctly identifies the fluctuation in the average duration of arrangements, including the low in 2001 and the peak in 2006, which aligns with the reference. However, it incorrectly shifts focus to the number of arrangements rather than their duration for the precautionary and non-precautionary categories, which is a significant deviation from the question. It also includes unsupported details about the number of arrangements in specific years. The answer partially addresses the question but misses the essential point of how the duration of the two categories changed over time.","The candidate answer correctly identifies the fluctuation in the average duration of arrangements, including the low in 2001 and the peak in 2006, which aligns with the reference. However, it provides specific numbers (e.g., 20 months in 2000, 32 months in 2006) that are not in the reference, which only mentions approximate values (15 months in 2001, 31 months in 2006). The candidate also includes detailed counts of precautionary and non-precautionary arrangements, which are not part of the reference and are not relevant to the question about duration. The answer partially addresses the question by mentioning duration but fails to highlight the relative differences in duration between precautionary and non-precautionary categories as requested.",results/unidoc_full_cache/ffc8fb8fe437fd41b353a6406e7cee23e953aa2dc4568f4bedf5e7a06422229b.npz,"[7, 6, 20]",[7],1,NO,JUDGE_ERROR,,,,UNCLEAR,HIGH,The source figure separately shows average arrangement duration by year and counts of precautionary/non-precautionary arrangements. The benchmark reference asks for a comparison not directly supported by the plotted information. Treat as benchmark/question-reference mismatch.,,,,,[7],"[7, 6, 20]","[""page-7-chunk-1"", ""page-6-chunk-1"", ""page-20-chunk-1""]",HIT_AT_3,False,BLOCKED_INITIAL_TOP_K_3
HR009,V_SELECTED_GT_WRONG,9,unidoc_finance_0144,3868868,finance/finance/3868868.pdf,How are individuals who are not registered members able to use the initial features of the OPMAS platform?,"Non-registered non-member users are asked to register to access basic available services, such as the home page. They must register to gain any level of access to the platform.",text_only,TEXT_ONLY,"[7, 8, 9]","Non-registered non-member users can access the basic available services of the OPMAS platform, such as the home page. They do not have the same level of access as registered or member users but can still use the initial features of the platform.",2,False,"Non-registered users can access the basic available services of the OPMAS platform, such as the home page and introductory features like the ""Introductory Video,"" ""Business Productivity Consultancy,"" ""TRAINING & CONSULTING,"" and ""PRODUCTIVITY ACADEMY."" They can also choose to register and become members to gain full access to the system's services.",1,False,"Individuals who are not registered members can access the initial features of the OPMAS platform by using the basic available services, such as the home page. They can also access introductory services like the ""Introductory Video,"" ""To Be A Member,"" ""Business Productivity Consultancy,"" ""TRAINING & CONSULTING,"" and ""PRODUCTIVITY ACADEMY."" These users are able to use the platform's basic features and have the option to become members.",2,False,VISUAL_REQUIRED,True,8,8,7,9,True,True,True,10369.6038,314.81109999913315,4337.035900000046,False,False,False,True,True,finance,factual_retrieval,3,3,C:/Users/sp/Desktop/adaptive-multimodal-rag/datasets/unidoc/finance/finance/3868868.pdf,page-8-chunk-1,page-7-chunk-1,page-9-chunk-1,"B. Shebeb DOI: 10.4236/ajibm.2018.88126 1868 American Journal of Industrial and Business Management Diagram 2 . The OPMAS: use cases. to access the basic available services, i.e. the home page, 2) registered but non-member users. These users are having access to the basic available services, with an option to become members, and 3) member users. These users are having full access to the available services and to benefit from the Online Productivity Measuring and Analyzing System.","B. Shebeb DOI: 10.4236/ajibm.2018.88126 1867 American Journal of Industrial and Business Management persons who work in the establishment. Compensation is defined as comprisi ng of all payments, both in cash and in kind. In this study the real value of co m- pensation is used as a measure of labor input to take into account the difference in skill among workers assuming that there is a strong relationship between wages and the workers’ level of skill and experience. Energy (E): Energy is measured in physical or real values. In this study, energy is equal to the summation of the real values of the energy and energy -related in- puts. Intermediate-inputs (M): Intermediate-inputs are d efined as equal to the real value of all production inputs, however, excluding the cost of labor (L), capital (K), and energy (E) inputs. 5. The (OPMAS) System Architecture/Design As an implantation to the above productivity measurement and decomposing model, an Online Productivity Measuring and Analyzing System has been co n- structed for two use cases; time -series data and profit/loss statements (balance sheet) [9]. The c ore model’s calculations of the OPMAS are implemented using Python ; Python is a programming language works up more quickly and integrates to other systems more effectively for any scop e of data analysis. However, the server-side programming language “PHP” was utilized for dynamic rendering of the data and the model ’s reporting including the empirical results, tabulation, and ima g- ing. Furthermore, for user (client) -side programming langu age, the HTML and JavaScript were utilized for an online user -friendly web -based interface. Dia- gram 1 shows the system architecture of the Online Productivity Measuring and Analyzing System, OPMAS. 5.1. The OPMAS: Use Cases Reference to the System architecture of the Online Productivity Measuring and Analyzing System ( Diagram 1 ), there multiple (group) of users. This section presents the available use cases in the OPMAS. Diagram 2 is showing the different possible users of the OPMAS. Reference to Diagram 2 , users could be classified into three sorts: 1) non-registered non-member users. These users would be asked to register Diagram 1 . OPMAS—system architecture.","B. Shebeb DOI: 10.4236/ajibm.2018.88126 1869 American Journal of Industrial and Business Management Also, it is clearly shown in Diagram 2 that there are two use cases for mem- bers. These two use cases are; 1) “time -series” Online Productivity Measuring and Analyzing; and 2) “Static One -year” Online Productivity Measuring and Analyzing. These two cases are detailed and illustrated, respectively, in the use cases below. 5.2. OPMAS: Use Case 1—Time-Series Online Productivity Measuring and Analyzing This use case 1 is linked to the “time series” online productivity measuring and analyzing sub-system, as it is shown in the Diagram 2 . Char t 1 shows that in use case 1, the user has to provide the system with the basic data which it needs to be filled-in using the system -dropdown menu. This basic data would include the following: Chart 1 . Time-series online productivity measuring.","The candidate answer is partially correct by stating that non-registered users can access basic services like the home page, but it inaccurately suggests they can use the initial features without registration, which contradicts the reference. It covers the main idea but misses the key point that registration is required for any access. It includes a minor unsupported claim about using initial features without registration.","The candidate answer is mostly incorrect because it claims non-registered users can access features like the 'Introductory Video' and 'Business Productivity Consultancy,' which contradicts the reference stating they must register to access even basic services. It fails to align with the reference and misses the key point that registration is required for any access. It only partially satisfies the task by addressing access but with incorrect details.","The candidate answer is partially correct by stating that non-registered users can access basic services like the home page, but it inaccurately claims they can access specific introductory services without registration, which contradicts the reference. It covers the main idea but misses the key point that registration is required to access any level of the platform. It includes a minor unsupported claim about specific services.",results/unidoc_full_cache/bb2db8a348c8e7c33c9a447958f6848b114f1e913843e87587760936d5c38d65.npz,"[8, 7, 9]","[8, 7, 9]",1,YES,REASONING_GENERATION,,YES,NO,REASON_OR_GENERATE_BETTER,HIGH,"The source explicitly says non-registered non-member users must register to access basic services. The evidence was sufficient, but the answer reversed the meaning.",,,,,"[7, 8, 9]","[8, 7, 9]","[""page-8-chunk-1"", ""page-7-chunk-1"", ""page-9-chunk-1""]",HIT_AT_3,False,BLOCKED_INITIAL_TOP_K_3
HR010,V_SELECTED_GT_WRONG,10,unidoc_healthcare_0052,4966848,healthcare/healthcare/4966848.pdf,"How do the average fluid amounts change over 24 months of anti-VEGF therapy for IRF, SRF, and PED within a central 6 mm area?","The trends show a sharp decrease in fluid volumes within the initial months, stabilizing with minor fluctuations over the remaining period. Specifically, IRF decreases from 123 nl to around 20 nl monthly, SRF from 425 nl to around 30 nl monthly, and PED from 415 nl to around 150 nl monthly over 24 months.",image_plus_text_as_answer,VISUAL_REQUIRED,"[4, 5]","Over 24 months of anti-VEGF therapy within the central 6 mm area:

1. **Intraretinal Fluid (IRF):** IRF resolved rapidly after the first injection and remained low throughout the 24 months of follow-up. The therapeutic response for IRF was similar across the two IRF arms, with low residual IRF independent of fixed or flexible regimen.

2. **Subretinal Fluid (SRF):** The mean volume of SRF at baseline was three times larger than that of IRF. The first injection resulted in substantial SRF resolution, and SRF pooling remained low subsequently. The mean SRF volume in the monthly treatment arm was less than in the PRN-treated arm.

3. **Pigment Epithelial Detachment (PED):** PED showed a less pronounced reduction compared to IRF and SRF, with no further resolution observed with continued treatment. The resolution of PED was more intensive with monthly re-treatment compared to PRN treatment.",2,False,"In the central 6 mm area over 24 months of anti-VEGF therapy:

- **Intraretinal fluid (IRF)** resolved rapidly after the first injection and remained low throughout the 24 months of follow-up.
- **Subretinal fluid (SRF)** showed substantial resolution after the first injection, with SRF pooling remaining low subsequently.
- **Pigment epithelial detachment (PED)** showed a less pronounced reduction and no further resolution with continued treatment.

These observations indicate that IRF and SRF responded more effectively to treatment compared to PED, which showed limited improvement over time.",2,False,"In the central 6 mm area over 24 months of anti-VEGF therapy:

- **Intraretinal fluid (IRF)** resolved rapidly after the first injection and remained low throughout the 24 months of follow-up.
- **Subretinal fluid (SRF)** showed substantial resolution after the first injection, with SRF pooling remaining low subsequently.
- **Pigment epithelial detachment (PED)** showed a less pronounced reduction and no further resolution with continued treatment.

These observations indicate that IRF and SRF responded more effectively to treatment compared to PED, which showed limited improvement over time.",2,False,VISUAL_REQUIRED,True,4,4,1,6,True,True,True,9643.8232,473.0399000000034,3538.297400000374,False,False,False,True,True,healthcare,summarization,2,3,C:/Users/sp/Desktop/adaptive-multimodal-rag/datasets/unidoc/healthcare/healthcare/4966848.pdf,page-4-chunk-1,page-1-chunk-1,page-6-chunk-1,"ﬁnal responsibility for the decision to submit for publication. Results Therapeutic Response by Compartment Automated segmentation using deep learning allowed compre- hensive measurement of ﬂuid volumes at all visits. Patterns of ﬂuid resolution in the central 6 mm were noted ( Fig 3 A): Intraretinal ﬂuid resolved rapidly after the ﬁrst injection and remained low over 24 months of follow-up. The mean volume of SRF at base- line was 3 times larger than that of IRF. The ﬁrst injection resulted in substantial SRF resolution, and SRF pooling remained low subsequently. By contrast, PED showed a less pronounced reduc- tion with no further resolution with continued treatment. Fluid Resolution by Regimen Quantitatively, the therapeutic response of the 2 IRF arms was similar with low residual IRF independent of ﬁxed/ﬂexible regimen. By contrast, the mean SRF volume in the monthly arm was less than in the PRN-treated arm. The differentiation by regimen was even more pronounced for PED, which resolved more intensively during a monthly re-treatment than by PRN ( Fig 3 B). Our values can be expressed in nanoliters ( Fig 3 C) and re ﬂect the stability of measurements over time. Therapeutic Effect on Foveal Fluid Volumes Best-corrected visual acuity is mostly determined by foveal IRF and SRF. Therefore, central 1-mm volumes were analyzed sepa- rately by drug dose and regimen ( Fig 4A, B). After a steep decline following the ﬁrst treatment, the arms with the most intensive treatment (2.0 mg and monthly dosing) were always associated with the least residual ﬂuid, whereas the arms with the least therapeutic effort (0.5 mg and ﬂexible dosing) exhibited larger volumes of residual ﬂuid. The values of IRF in the foveal mm were higher than for SRF, which was seen predominantly as extrafoveal extension. At the end of the trial, in the central 1 mm, the monthly regi- mens for both dosages had signi ﬁcantly lower mean residual vol- umes compared with PRN, for IRF (difference of /C0 0.55 nl, P < 0.001) and SRF (difference of /C0 1.11 nl, P ¼ 0.031). The 2.0 mg dose across regimens had signi ﬁcantly lower mean residual vol- umes compared with 0.5 mg, for IRF (difference of /C0 1.86 nl, P < 0.03) and SRF (difference of /C0 1.64 nl, P ¼ 0.02). Correlation of Fluid Location and Function When ﬂuid localization was correlated with visual function, a signiﬁcant correlation was found between the neurosensory compartment and impact on BCVA ( Fig 5 A). Most of the correlation with vision was seen in the initial phase of the treatment. Subsequently, there is little ﬂuid present and the variability in individual vision is associated with other retinal morphological changes. Although IRF consistently had a negative impact on vision, SRF correlated in a weak positive manner and PED resolution had little vision-modifying impact. These differences were maintained over all visits. Correlation of Fluid Volume and Best-Corrected Visual Acuity Per unit of 100 nl, an increase in IRF was found to be associated with a mean reduction in BCVA of /C0 4.08 letters, whereas SRF was associated with a superior BCVA of þ1.99 letters ( Fig 5 B). Both correlations were highly statistically signi ﬁcant. As the ﬁrst injection led to a large reduction in IRF volumes, the change in BCVA due to the resolution of IRF alone correlated with a large initial increase in BCVA. With only small changes in IRF volumes during maintenance, the subsequent BCVA changes were small. Thus, there was no signi ﬁcant prognostic correlation (R2 of 0.025) between ﬂuid and function during extended follow-up. Discussion This study uses 3 recent advances in ophthalmology: diag- nostic precision by SD-OCT imaging, therapeutic ef ﬁcacy of anti-VEGF treatment, and potentially AI-based tools in search of an optimized disease management. Standardized structural monitoring using SD-OCT data obtained from an anti-VEGF study randomized regarding drug dose and re- treatment regimen were processed using a fully automated algorithm to measure ﬂuid volumes in retinal compartments. We report that AI-based quanti ﬁcation of ﬂuid volume of- fers a precise measurement of disease activity. This approach allows identi ﬁcation of response patterns and a correlation of ﬂuid volumes with functional change. The resulting insights may improve the management of an","Application of Automated Quanti ﬁcation of Fluid Volumes to Anti eVEGF Therapy of Neovascular Age-Related Macular Degeneration Ursula Schmidt-Erfurth, MD, 1 Wolf-Dieter Vogl, PhD, 1 Lee Merrill Jampol, MD, 2 Hrvoje Bogunovi/C19c, PhD 1 Purpose: Antievascular endothelial growth factor (VEGF) treatment of neovascular age-related macular degeneration (AMD) is a highly effective advance in the retinal armentarium. OCT offering 3-dimensional imaging of the retina is widely used to guide treatment. Although poor outcomes reported from clinical practice are multifactorial, availability of reliable, reproducible, and quantitative evaluation tools to accurately measure the ﬂuid response, that is, a “VEGF meter, ” may be a better means of monitoring and treating than the current purely qualitative evaluation used in clinical practice. Design: Post hoc analysis of a phase III, randomized, multicenter study. Participants: Study eyes of 1095 treatment-naive subjects receiving pro re nata (PRN) or monthly ranibi- zumab therapy according to protocol-speci ﬁed criteria in the HARBOR study. Methods: A deep learning method for localization and quanti ﬁcation of ﬂuid in all retinal compartments was applied for automated segmentation of ﬂuid with every voxel classi ﬁed by a convolutional neural network (CNN). Three-dimensional volumes (nanoliters) for intraretinal ﬂuid (IRF), subretinal ﬂuid (SRF), and pigment epithelial detachment (PED) were determined in 24 362 volume scans obtained from 1095 patients treated over 24 months in a phase III clinical trial with randomization to 2 drug dosages (0.5 mg and 2.0 mg ranibizumab) and 2 regimens (monthly and PRN). A multivariable mixed-effects regression model was used to test for differences in ﬂuid be- tween the arms and for ﬂuid/function correlation. Main Outcome Measures: Fluid volume in nanoliters, structure-function as Pearson ’s correlation coef ﬁ- cient, and as a coef ﬁcient of determination (R 2). Results: Fluid volumes were quanti ﬁed in all visits of all patients. Automated segmentation demonstrated characteristic response patterns for each ﬂuid compartment individually: Intraretinal ﬂuid showed the greatest and most rapid resolution, followed by SRF and PED the least. The loading dose treatment achieved resolution of all ﬂuid types close to the lowest levels attainable. Dosage and regimen parameters correlated directly with resulting ﬂuid volumes. Fluid/function correlation showed a volume-dependent negative impact of IRF on vision and weak positive prognostic effect of SRF. Conclusions: Automated quanti ﬁcation of the ﬂuid response may improve therapeutic management of neovascular AMD, avoid discrepancies between clinicians/investigators, and establish structure/function correlations. Ophthalmology 2020;127:1211-1219 ª 2020 by the American Academy of Ophthalmology. This is an open access article under the CC BY-NC-ND license ( http://creativecommons.org/licenses/by-nc-nd/4.0/). Supplemental material available at www.aaojournal.org. Worldwide severe vision loss increased by 24% between 2005 and 2015. 1 Exudative age-related macular degenera- tion (AMD) is a major threat to central vision. 2 Pathological macular neovascularization can destroy the retinal pigment epithelium (RPE) and neurosensory retina. 3 Neovascular leakage allows ﬂuid to accumulate in the macula manifesting as intraretinal ﬂuid (IRF) or ﬂuid pooling underneath the retina as subretinal ﬂuid (SRF) or pigment epithelial detachment (PED). Fluid in these compartments compromises best-corrected visual acuity (BCVA) to variable degrees. By 2 years, in half of the eyes, ﬂuid results in irreversible ﬁbrotic scarring. 4 Inhibition of vascular endothelial growth factor (VEGF) by intravitreal injection of antibodies was the ﬁrst treatment to achieve meaningful stabilization or improvement of visual acuity with a decrease in ﬂuid. Anti-VEGF treatment is considered a major breakthrough in the management of neovascular AMD.5 Currently, intravitreal therapy is the most frequent intervention in ophthalmology and results in a substantial socioeconomic bene ﬁt. 1211ª 2020 by the American Academy of Ophthalmology This is an open access article under the CC BY-NC-ND license (http://creativecommons.org/licenses/by-nc-nd/4.0/). Published by Elsevier Inc. https://doi.org/10.1016/j.ophtha.2020.03.010 ISSN 0161-6420/20","decrease in PED volumes even with a monthly regimen. The long-term persistence of PED possibly re ﬂects the conver- sion from a serous to ﬁbrovascular RPE detachment. Because of the primary choriocapillary origin of the neo- vascular complex, anatomic PED boundaries measured in a volumetric manner may objectively re ﬂect the condition of the CNV, with PED enlargement predicting ﬂuid recurrence, as reported by Penha et al. 38 The conclusions of our ﬂuid measurements in the 3 compartments of 1095 eyes/24 362 OCT volumes/more than 3 mio B-scans with monthly follow-up are important in the following ways. (1) We show that ﬂuid resolution differs between different tre atment arms in a volumetric manner. (2) A realistic rela tionship per unit volume (100 n l )o fd i f f e r e n tﬂuid compartments with BCVA for a population with neovascular AMD is presented and may replace CRT as a parameter not related to BCVA. (3) We conﬁrm on a metric level IRF (volume) as the major factor impacting function corresponding to its quantity. The multicystic distribution of IRF cannot be evaluated pre- cisely without the use of a pixel-based automated seg- mentation. (4) The SRF was detected and accurately measured, and SRF pooling was detected mostly beyond the central mm as a result of a reliable localization. (5) The Figure 4. Box plots showing the distribution of ﬂuid volumes in the central 1 mm (fovea) over time and for each treatment arm for (A) intraretinal ﬂuid (IRF) and (B) subretinal ﬂuid (SRF). PRN ¼ pro re nata. Ophthalmology Volume 127, Number 9, September 2020 1216","The candidate answer correctly describes the general trends of IRF, SRF, and PED over 24 months of anti-VEGF therapy, but lacks the specific quantitative data (e.g., initial and final fluid volumes) provided in the reference answer. It also introduces additional information about treatment regimens (monthly vs. PRN) not requested in the question. The answer is partially correct, covers the main idea, and is mostly grounded but includes some unsupported or irrelevant details.","The candidate answer correctly identifies the general trend of IRF and SRF decreasing after the first injection and remaining low, and that PED showed less improvement. However, it lacks the specific quantitative data (e.g., from 123 nl to 20 nl) and the monthly progression described in the reference. It also does not mention the stabilization with minor fluctuations over the remaining period. The answer is grounded in the reference but omits key numerical details.","The candidate answer correctly identifies the general trend of IRF and SRF decreasing after the first injection and remaining low, and that PED showed less improvement. However, it lacks the specific quantitative data (e.g., from 123 nl to 20 nl) and the monthly progression described in the reference. It also does not mention the stabilization with minor fluctuations over the remaining period. The answer is grounded in the reference but omits key numerical details.",results/unidoc_full_cache/87ba1fcecc159eabf705bd823bd649fc664cd1ecf046c8bdd326a142076eea40.npz,"[4, 1, 6]",[4],1,YES,RETRIEVAL,,,NO,RETRIEVE_MORE,HIGH,"The selected page provides only the qualitative fluid trend. The numerical values required by the question are in Figure 3(C) on page 5, which was not present in the retrieved top-3.",,,,,"[4, 5]","[4, 1, 6]","[""page-4-chunk-1"", ""page-1-chunk-1"", ""page-6-chunk-1""]",HIT_AT_3,False,BLOCKED_INITIAL_TOP_K_3
HR011,V_SELECTED_GT_WRONG,11,unidoc_legal_0138,5018416,legal/legal/5018416.pdf,"What was the outcome determined by the Kentucky appellate court regarding the legal matter involving James Wesley Heady, identified as case number 2008-CA-001976-MR?",The Kentucky appellate court issued an order denying the motion for discretionary review for case number 2008-CA-001976-MR involving James Wesley Heady.,table_required,VISUAL_REQUIRED,"[3, 4, 5]","The retrieved evidence does not provide specific information about the outcome determined by the Kentucky appellate court regarding the legal matter involving James Wesley Heady, identified as case number 2008-CA-001976-MR.",0,False,"The information regarding the outcome of the legal matter involving James Wesley Heady, case number 2008-CA-001976-MR, is not supported by the currently retrieved evidence.",0,False,"The information regarding the outcome of the legal matter involving James Wesley Heady, case number 2008-CA-001976-MR, is not supported by the currently retrieved evidence.",0,False,VISUAL_REQUIRED,True,4,4,7,5,True,True,True,9836.963,367.821300000287,5039.65640000024,False,False,False,True,True,legal,factual_retrieval,3,3,C:/Users/sp/Desktop/adaptive-multimodal-rag/datasets/unidoc/legal/legal/5018416.pdf,page-4-chunk-1,page-7-chunk-1,page-5-chunk-1,"COURT OF APPEALS OF KENTUCKY 03/13/2009 AT 2:00 PAGE 4 of 12 JAMES WESLEY HEADY 2008-CA-001976-MR LYON VS. THOMAS L. SIMPSON, WARDEN KENTUCKY STATE PENITENTIARY EVERETT DARONE SIMPSON 2008-CA-001986-MR OLDHAM VS. TOM DAILEY, WARDEN LUTHER LUCKETT CORRECTIONAL COMPLEX ENTERED: 03/12/09 CURTISS BREEDING 2008-CA-002087-MR OLDHAM VS. J. DAVID DONAHUE, WARDEN KENTUCKY STATE REFORMATORY ENTERED: 03/12/09 DANTE CRAIG 2008-CA-002156-MR OLDHAM VS. TOM DAILEY, WARDEN ENTERED: 03/12/09 ROGER HANEY 2008-CA-002236-MR LYON VS. BECKY PANCAKE, WARDEN ENTERED: 03/12/09 * * * * * * * * * * * * * * * * * * * * * * * * * * * * * * * * * * * * * ORDER DENYING MOTION FOR DISCRETIONARY REVIEW: JOHN A. YARBROUGH 2008-CA-000766-DR HOPKINS VS. COMMONWEALTH OF KENTUCKY ENTERED: 03/11/09 ERIC BUJTOR 2008-CA-000951-DR FAYETTE VS. COMMONWEALTH OF KENTUCKY ENTERED: 03/11/09 ROBERT K. WELCH 2008-CA-001760-DR FAYETTE VS. COMMONWEALTH OF KENTUCKY ENTERED: 03/11/09 COL. WILLIAM MERRELL 2008-CA-002169-DR BOONE VS. DEER TRACE PARTNERS, LLC ENTERED: 03/10/09","COURT OF APPEALS OF KENTUCKY 03/13/2009 AT 2:00 PAGE 7 of 12 BRIAN WOODCOCK 2008-CA-001021-MR WARREN VS. COMMONWEALTH OF KENTUCKY ENTERED: 03/10/09 C.C. 2008-CA-001094-MR JEFFERSON VS. ADOPTIONS OF KENTUCKY, INC. ET AL. ENTERED: 03/11/09 CARRIE DUVALL 2008-CA-001109-MR JEFFERSON VS. AMERICAN MODERN HOME INSURANCE COMPANY ENTERED: 03/09/09 UNIVERSITY OF LOUISVILLE 2008-CA-001364-MR FRANKLIN VS. DUKE UNIVERSITY ENTERED: 03/09/09 DONALD GENE EBERHARDT 2008-CA-001744-MR McCRACKEN VS. 2008-CA-001898-MR DARLA CANNON EBERHARDT ENTERED: 03/09/09 MILTON ALDRIDGE 2008-CA-001779-MR HENRY VS. J. MARGO ALDRIDGE ENTERED 03/09/09 ROGER D. PARKER 2008-CA-001827-MR MONTGOMERY VS. GROVER A. CARRINGTON, ET AL. ENTERED: 03/09/09 ELLIS SANDERS, ET AL. 2008-CA-001878-MR PIKE VS. BOBBY SMITH, ET AL. ENTERED: 03/11/09 ROBERT PAEHLKE 2008-CA-001973-MR KENTON VS. HONORABLE MARTIN J. SHEEHAN, JUDGE KENTON CIRCUIT COURT COMMONWEALTH OF KENTUCKY ENTERED: 03/11/09","COURT OF APPEALS OF KENTUCKY 03/13/2009 AT 2:00 PAGE 5 of 12 TYLER K. GUESS 2008-CA-002208-DR CRITTENDEN VS. COMMONWEALTH OF KENTUCKY ENTERED: 03/11/09 KEVIN THOMAS 2008-CA-002295-DR HENDERSON VS. COMMONWEALTH OF KENTUCKY ENTERED 03/11/09 RYAN SUMNER 2008-CA-002353-DR MADISON VS. COMMONWEALTH OF KENTUCKY ENTERED: 03/11/09 JAMES BROWN 2008-CA-002363-DR CASEY VS. LUCY B. GODBEY, ET AL. ENTERED: 03/11/09 * * * * * * * * * * * * * * * * * * * * * * * * * * * * * * * * * * * * * ORDER DENYING PETITION FOR REHEARING: JAMES LEADINGHAM AND 2007-CA-002029-MR LAWRENCE LENORA LEADINGHAM VS. JAMES MARCUM ENTERED: 03/12/09 * * * * * * * * * * * * * * * * * * * * * * * * * * * * * * * * * * * * * ORDERS DISMISSING: POND RIVER COAL. LLC, ET AL. 2005-CA-002152-MR FRANKLIN VS. LYNDON PROPERTY INSURANCE CO. ENTERED: 03/09/09 DUWAN ROBBINS, ET AL 2006-CA-002044-MR JEFFERSON VS. LIBERTY MUTUAL FIRE INSURANCE CO. ENTERED: 03/09/09 TONY LOWERY 2007-CA-001482-MR JESSAMINE VS. PREFERRED AUTOMOTIVE SALES, INC, ET AL. ENTERED: 03/11/09","The candidate answer is incorrect and fails to answer the question. It claims there is no information available, while the reference clearly states the outcome of the case.","The candidate answer incorrectly states that the information is not supported by the evidence, when the reference clearly provides the outcome. The answer is factually incorrect, incomplete, and fails to address the question.","The candidate answer incorrectly states that the information is not supported by the evidence, when the reference clearly provides the outcome. The answer fails to correctly identify the court's decision and is therefore incorrect, incomplete, and unsupported by the reference.",results/unidoc_full_cache/881bc4019eb1b08d15966b1e8fd52714f8cf288cacb88cea7364d6b393ff111d.npz,"[4, 7, 5]","[4, 5]",1,NO,JUDGE_ERROR,,,NO,UNCLEAR,HIGH,James Wesley Heady appears under the ORDERS AFFIRMING section. ORDER DENYING MOTION FOR DISCRETIONARY REVIEW begins later with different cases. The benchmark gold is inconsistent with the document.,,,,,"[3, 4, 5]","[4, 7, 5]","[""page-4-chunk-1"", ""page-7-chunk-1"", ""page-5-chunk-1""]",HIT_AT_3,False,BLOCKED_INITIAL_TOP_K_3
HR012,V_SELECTED_GT_WRONG,12,unidoc_legal_0188,6909961,legal/legal/6909961.pdf,Which parts are listed under the coaching segment for intramural matches in the 2013 Fall guide of the Valley Stream Soccer Club for parents and coaches?,"Know The Field, Things To Remember, Coaches Are Teachers, Avoid Blowouts, Playing up, Playing down, Zero Tolerance Policy, Purpose, Parents & Spectators, Penalties (Parents & Spectators), Players, Coaches, Assistant Coaches & Trainers, Penalties (Coaches, Assistant Coaches, Trainers), Games Disbanded Prior to the Conclusion by the Referee, Suspension, Banning of Players, Parents/Spectators, Coaches, Assistant Coaches or Trainers, Injuries",table_required,VISUAL_REQUIRED,"[1, 2]","Under the coaching segment for intramural matches in the 2013 Fall guide of the Valley Stream Soccer Club for parents and coaches, the following parts are listed:

1. **Know The Field**: This includes terminology such as Penalty Area (also known as Penalty Box) and Half Line (also known as Midfield Line).
2. **Things To Remember**: This section includes subtopics:
   - **Coaches Are Teachers**: Emphasizes the role of coaches as educators and the club's efforts to support volunteer coaches through free clinics, online materials, professional trainers, and coaching classes.
   - **Avoid Blowouts**: Although the details are not provided in the retrieved text, this subtopic is listed under ""Things To Remember.""",1,False,"Under the coaching segment for intramural matches in the 2013 Fall guide of the Valley Stream Soccer Club for parents and coaches, the following parts are listed: ""Know The Field,"" ""Things To Remember,"" ""Coaches Are Teachers,"" and ""Avoid Blowouts.""",2,False,"Under the coaching segment for intramural matches in the 2013 Fall guide of the Valley Stream Soccer Club for parents and coaches, the following parts are listed: ""Know The Field,"" ""Things To Remember,"" ""Coaches Are Teachers,"" and ""Avoid Blowouts.""",2,False,VISUAL_REQUIRED,True,1,1,4,2,True,True,True,8793.8239,330.66560000042955,3882.9033999991225,False,False,False,True,True,legal,summarization,2,3,C:/Users/sp/Desktop/adaptive-multimodal-rag/datasets/unidoc/legal/legal/6909961.pdf,page-1-chunk-1,page-4-chunk-1,page-2-chunk-1,"Page 1 9/25/13 Valley Stream Soccer Club Parent & Coach’s Guide to The Fall 2013 Season P.O. Box 143 www.ValleyStreamSoccerClub.com Valley Stream, NY 11580 vssclub@gmail.com Table of Contents PROGRAMS VSSC OFFERS 2 INTRAMURAL (AGES 4 TO 9) 2 HIGHER COMPETITION & PRETRAVEL (AGES 8 TO 9) 2 TRAVEL PROGRAM (AGES 9 ½ TO 18) 2 PREMIER 2 INTRAMURALS 3 COACHING INTRAMURAL GAMES 4 KNOW THE FIELD 4 THINGS TO REMEMBER 4 COACHES ARE TEACHERS 4 AVOID BLOWOUTS 5 PLAYING UP 6 PLAYING DOWN 6 ZERO TOLERANCE POLICY 7 PURPOSE 7 PARENTS & SPECTATORS 7 PENALTIES (PARENTS & SPECTATORS) 8 PLAYERS 8 COACHES, ASSISTANT COACHES & TRAINERS 8 PENALTIES (COACHES, ASSISTANT COACHES, TRAINERS) 9 GAMES DISBANDED PRIOR TO THE CONCLUSION BY THE REFEREE: 9 SUSPENSION, BANNING OF PLAYERS, PARENTS/SPECTATORS, COACHES, ASSISTANT COACHES OR TRAINERS 9 INJURIES 10 POLICIES OF THE CLUB 13 CONDUCT GUIDELINES AND BEHAVIOR EXPECTATIONS 14","Page 4 9/25/13 Coaching Intramural Games Know The Field Terminology you should be familiar with (field dimensions will vary among different age groups): Penalty Area (aka Penalty Box) Half Line (aka Midfield Line) Things To Remember Coaches Are Teachers We understand that our coaches are parent volunteers with various levels of knowledge and experience in the sport. And we are thankful for the time our volunteer coaches give to the club. To show this gratitude and support, the Club strives to provide its coaches with opportunities to improve themselves. By offering free coaching clinics, online material/videos, access to professional trainers, and assistance in attending coaching classes, we want to give our coaches every chance possible to improve themselves and give our players an enjoyable experience. A coach’s main focus is to make sure their players are enjoying soccer while developing their skills and growing as individuals. The Club does not keep track of standings or scores. At the end of the season, the team that finished last","Page 2 9/25/13 Programs VSSC Offers INTRAMURAL (Ages 4 to 9) The Valley Stream Soccer Club Intramural program is comprised of youth teams for boys and girls, ages 4 to 9 years old. Both the boys and girls programs are currently played on Saturdays at local Valley Stream Elementary School and Village fields. Make up games may be scheduled on a Sunday at the discretion of the program and based on the amount of play missed due to inclement weather. This program also offers the player free training provided by the Club Trainers on a designated weeknight. HIGHER COMPETITION & PRETRAVEL (Ages 8 to 9) The Club offers a Pre-­‐travel program to give players an introduction to the Travel program. Pre-­‐travel teams may compete in the JSS League (Just Say Soccer) or the NDP League (Nassau Development Program) depending on what the current board feels is best for a player and team’s skill development. Players are selected to compete on a higher level and they do not necessarily need to all come from one team. This program is for 8 to 9-­‐year-­‐old boys and girls who are chosen from the Intramural U-­‐8/U-­‐9 programs. These players play both Intramural and Pre-­‐travel games. Pre-­‐travel games can be scheduled on Saturday or Sunday and are played in Valley Stream or away against other Clubs. TRAVEL PROGRAM (Ages 9 ½ to 18) Players must try-­‐out and be selected to be placed on a Travel team. In order to give every player that wants to try-­‐out for the travel team, a chance to show his/ her skills to a person with an unbiased opinion, one to two try-­‐outs are held to field travel teams. Valley Stream Soccer Club Travel teams (U-­‐10 thru U-­‐19) play in the competitive Long Island Junior Soccer League. In addition to the fall and spring LIJSL seasons, VSSC teams can also compete in the league’s Waldbaum’s Challenge Competition as well as the USYSA Open State Cup and Easter New York Youth Soccer Association (ENYYSA) Challenge Cup competitions. Teams can also play in both indoor and outdoor tournaments throughout the year. INTERLEAGUE Our Inter-­‐League Intramural program is our alternative to our Travel program. Inter-­‐League play is for the older player not chosen for a Travel team or where the Club is unable to field a Travel team in a specific age group. These less competitive teams play against teams from other local youth soccer programs in Nassau County. These games can be played on both Saturdays and Sundays.(10-­‐14 years of age; Jr./ grades 4-­‐6 & Sr./ grades 6-­‐9) PREMIER If a Travel team is competitive enough, they may be classified as a Premier team that would then play in one of the Premier leagues, if accepted. These games are scheduled for play Saturday and Sunday and encompass playing teams as far south as Maryland or as far north as Massachusetts. The Premier teams are also involved in all Cup tournaments as the Travel teams, with the exception of the Waldbaum’s Cup.","The candidate answer is mostly incorrect and incomplete. It only lists two items from the reference answer and omits the majority of the listed parts. Additionally, it adds unsupported details (e.g., explanations of 'Know The Field' and 'Coaches Are Teachers') that are not in the reference answer, which undermines grounding. The task was to list the parts, not to explain them.",The candidate answer is partially correct as it lists some parts under the coaching segment but misses many essential points. It is grounded in the reference but is incomplete and therefore only partially satisfies the task.,The candidate answer is partially correct as it lists some parts under the coaching segment but misses many essential points. It is grounded in the reference but is incomplete and therefore only partially satisfies the task.,results/unidoc_full_cache/d2d44c37527062cacb3bc148411982488ae516b2fa27983689c4a7e795871c12.npz,"[1, 4, 2]","[1, 2]",1,YES,REASONING_GENERATION,,YES,NO,REASON_OR_GENERATE_BETTER,HIGH,"The required items are already listed together in the table of contents on the selected page, but the answer returned only part of the list. This is a structured extraction / answer completeness failure.",,,,,"[1, 2]","[1, 4, 2]","[""page-1-chunk-1"", ""page-4-chunk-1"", ""page-2-chunk-1""]",HIT_AT_3,False,BLOCKED_INITIAL_TOP_K_3
HR013,V_GT_ABSENT_TOP3,1,unidoc_commerce_manufacturing_0120,7215936,commerce_manufacturing/commerce_manufacturing/7215936.pdf,"Which country had the highest automotive trade value with the UK in 2017: Germany, Belgium, or Spain?",Germany,image_plus_text_as_answer,VISUAL_REQUIRED,"[12, 13]","The information provided in the text context does not directly address the automotive trade value between the UK and Germany, Belgium, or Spain in 2017. Therefore, based on the given evidence, it is not possible to determine which country had the highest automotive trade value with the UK in 2017.",0,False,"The information provided in the retrieved text does not specify the automotive trade value between the UK and Germany, Belgium, or Spain in 2017. The text discusses auto ABS (Asset-Backed Securities) issuance volumes and market shares by country of origin for collateral in Europe, but it does not mention trade values or bilateral trade between the UK and the specified countries. Therefore, the question cannot be answered based on the currently retrieved evidence.",0,False,"The information provided in the retrieved text does not specify the automotive trade value between the UK and Germany, Belgium, or Spain in 2017. The text discusses auto ABS (Asset-Backed Securities) issuance volumes and market shares by country of origin for collateral in Europe, but it does not mention trade values or bilateral trade between the UK and the specified countries. Therefore, the question cannot be answered based on the currently retrieved evidence.",0,False,VISUAL_REQUIRED,True,8,8,5,3,False,False,False,8252.9057,475.25259999929403,2637.35159999851,False,False,True,True,False,commerce_manufacturing,comparison,2,3,C:/Users/sp/Desktop/adaptive-multimodal-rag/datasets/unidoc/commerce_manufacturing/commerce_manufacturing/7215936.pdf,page-8-chunk-1,page-5-chunk-1,page-3-chunk-1,"Recent Developments in the European Car and Auto ABS Markets www.creditreform-rating.de September 2018 6 However, the auto ABS market got off to a good start in 2018, with new issuances coming in at 14.1bn euros in the first half, as compared to 12.8bn euros during the corresponding period last year. The German collateral continued to domi- nate the European auto ABS market (6.0bn euros between January and June 2018), followed by the UK (2.9bn euros) and France (1.6bn euros). Fig . 5: Country of origin for underlyings of European Auto ABS Share in annual issuance volume in Europe, by origin of col- lateral Source: Thomson Reuters, Creditreform Rating Although auto ABS issuances backed by German collateral have eased somewhat more recently, the country remains a key market for auto ABS in Europe. Germany accounted for 52.0% of the volume of new issuances from 2000 to June 2018, well ahead of the other two key markets, the UK and France, which shared 14.8% and 9.9% of the volume of new issuances in Europe, respectively. Still, the share of German deals in the annual issu- ance volume in Europe has been declining since 2015 (see fig. 5). Germany accounted for two- thirds of the European new auto securitizations in 2015 and the share had decreased to 48.2% in 2017. Meanwhile, this decline in the new issues mix was partly offset by Spain and France, as the share of auto ABS deals with Spanish and French underlyings increased from 3.5 and 4.7% to 9.5 and 8.7% respectively over the same period. From an annual perspective, UK auto ABS have re- mained robust amidst Brexit uncertainty, displaying a share of 17.8% in 2017, slightly down from 18.0% in 2016. 3. Originator s of Auto ABS The major European issuers of auto ABS continue to be banks affiliated with automobile manufactur- ers (so-called captives). Indeed the share of new auto ABS issuances by captives increased from 62.4% in 2016 to 73.5% in 2017 (see fig. 6). Fig . 6: Captives and non -captives in the European ABS market Share in volume of new issues by originator, in % Source: Thomson Reuters, Creditreform Rating The long-term average share of captives in new issuances is 65.5%. This clearly reflects the persi s- tent dominance of captive auto finance companies 0% 20% 40% 60% 80% 100% 2014 2015 2016 2017 DE FR GB ES IT NL Other 0% 20% 40% 60% 80% 100% 2000 2002 2004 2006 2008 2010 2012 2014 2016 1H18 Captives Non-Captives","Recent Developments in the European Car and Auto ABS Markets www.creditreform-rating.de September 2018 3 1. The European Car Market at a Glance The European Union (EU) is the world’s second largest car market, accounting for a global share of 19.0% in 2017 following China (30.1%). In the EU region, Germany, the UK, France, Italy and Spain are the key auto markets, together accounting for 14.0% of the global market share and three- fourths of the EU market. The European car market remained robust, with the demand for cars in the EU growing for the fourth consecutive year through 2017. New car registrations grew 3.4% y-o-y last year, bringing total registrations to over 15 million for the first time since 2007. Over the last four years, Spain and Italy displayed a noticeable compounded growth rate of 14.0% and 11.0%, respectively (see fig. 1). This was mainly driven by favorable credit conditions resulting from the ECB’s accommoda- tive monetary policy, in addition to the pent-up demand following the debt crisis in the euro area. On the other hand, Germany, France and the UK grew at 3-4% during the same period, although the UK saw a 6.0% decline in 2017. However, the market share in terms of new registrations in Spain and Italy shrunk during 2007–2017 unlike Germa- ny and the UK, which witnessed expansion by 2.5 and 1.4 percentage points to 22.7% and 16.8% respectively. The growth momentum in new car sales turned out to be even stronger in the first half of 2018, clocking 2.9% growth to reach 8.5 million units with record monthly sales volumes of 1.6 million being witnessed in June. Notably, regis- trations in new EU member states remained healthy at 11.4% in the first half of this year, led by Hungary (+29.0%), Bulgaria (22.6%) and Croatia (+19.3%) amongst others. Key car markets such as Germany (+2.9% y-o-y) and France (+4.7% y-o-y) displayed decent growth. New car sales in Spain (+10.1%) stood out, while the UK (-6.3%) market continued to face challenges due to concerns of a disorderly Brexit and relatively lower demand for the country’s vehicles in international markets. Fig . 1: New car registrations in the EU Data is shown in thousand units Source: ACEA, Creditreform Rating One key trend in the regional markets is that the diesel share of new car registrations has been de- clining at a rapid pace, especially since 2016. Amongst the key markets, the decline was felt more in Spain (-8.5% y-o-y), Germany (-7.2%) and the UK (-5.7%) in 2017. German new diesel cars accounted for 32.0% of new car registrations in Q1-18, reflecting a sharp fall from Q1-17 (43.0%). Similarly, new diesel car registrations in the UK made up 33.0% in Q1-18, versus 44.0% in Q1-17. However, this contrasts with Italy where the de- mand for diesel cars remained stable in Q1-18. Overall, in the EU, diesel car sales had declined from 45.8% in Q1-17 to 37.7% in Q1-18 as de- picted in figure 2 – being offset by increased petrol car sales, which rose from 48.5% to 55.2% during the same period. 0 500 1.000 1.500 2.000 2.500 3.000 3.500 4.000 4.500 2007 2009 2011 2013 2015 2017 DE FR IT ES UK EU other","Recent Developments in the European Car and Auto ABS Markets www.creditreform-rating.de September 2018 1 Contact Dr. Benjamin Mohr Chief Economist Creditreform Rating Hellersbergstrasse 11 41460 Neuss B.Mohr@creditreform-rating.de Management Summary 1. The European car market gained significant strength over the past four years. Spanish and Italian car markets showed mater ial improvement, reflecting pent-up demand. On the other hand, new car sales in core auto markets such as Germany, the UK and France stood be low EU’s annual average growth, with the UK relatively facing more headwinds since 2016. The growth momentum of the new car market in the EU was even stronger in the first half of 2018, as compared to the corresponding peri- od last year – mainly driven by new EU member state s where new car sales continued to post double-digit growth. In add ition, the German, French and Spanish market turned out quite resilient, while the UK market remained under pressure. 2. One key trend in the EU markets remains the sharp d ecline in the de- mand for new diesel cars, especially from 2017. The pain was felt more in Spain (-8.5% y-o-y), Germany (-7.2% y-o-y) and the UK (-5.7% y-o-y) in 2017 onwards. However, the fall in diesel car sales in the EU was offset by higher demand for petrol cars. Volkswagen’s emission scandal, diesel bans in Hamburg towards the end of May following the 27 February German court ruling and its possible repercussions across the EU cast a shadow over the outlook for diesel cars. As a result, the residual value of diesel cars is likely to remain under pressure going forward. 3. New auto ABS issuance volumes were relatively modest in 2017 (24.0bn euros), following a healthy primary activity witnes sed during 2014-16. Germany, the largest auto ABS market, saw issuances falling to 11.6bn euros in 2017, 7.9bn euros below the peak level of 19.5bn euros in 2015. However, the auto ABS market got off to a good star t this year, with issuance volumes coming in at 14.1bn euros as compared to 12.8bn euros during the same period last year. 4. Volkswagen remained the leader in terms of auto ABS originators, alt- hough its new issuance volumes decreased to 5.5bn e uros last year. That said, Volkswagen’s issuance activity is set to shif t into a higher gear this year, as new issuances up to June came close to the total amount issued in 2017 as a whole. On the other hand, BMW’s issuance volumes continued to increase for the fourth consecutive year in 2017 . BMW appears on-","The candidate answer incorrectly claims that the information is not available, when the reference answer clearly states that Germany had the highest automotive trade value with the UK in 2017. The candidate answer fails to provide the correct answer and does not align with the reference.",The candidate answer fails to provide the correct answer to the question and incorrectly claims that the necessary information is not available in the retrieved text. The reference answer clearly states that Germany had the highest automotive trade value with the UK in 2017 among the three countries. The candidate answer does not address the question directly and is not grounded in the reference.,"The candidate answer fails to provide the correct answer to the question and incorrectly claims that the necessary information is not available in the retrieved text. The reference answer clearly states that Germany had the highest automotive trade value with the UK in 2017 among the three countries. The candidate answer does not attempt to answer the question and instead asserts that the question cannot be answered, which is incorrect.",results/unidoc_full_cache/5b45a23d7770c3333c6c64ac8b92a70c30875b8524a69590084bd77f674a235b.npz,"[8, 5, 3]",[],1,YES,RETRIEVAL,,,NO,RETRIEVE_MORE,HIGH,"The answer-bearing automotive trade figure is on page 13, but page 13 was absent from the retrieved top-3 evidence.",,,,,"[12, 13]","[8, 5, 3]","[""page-8-chunk-1"", ""page-5-chunk-1"", ""page-3-chunk-1""]",MISS_AT_3_DEPTH_UNMEASURED,False,BLOCKED_INITIAL_TOP_K_3
HR014,V_GT_ABSENT_TOP3,2,unidoc_construction_0114,3003830,construction/construction/3003830.pdf,How does Patrick Stewart-Blacker categorize the components of a smart tech environment?,"Patrick Stewart-Blacker categorizes the components of a smart tech environment into five functional layers: Internet of Things (IoT), Big Data, Machine Learning, Insights, and Progress. These layers represent a progression from data harvesting and aggregation to intelligence and evidence-based actions.",text_only,TEXT_ONLY,"[5, 6, 7]","Patrick Stewart-Blacker categorizes the components of a smart tech environment by taking an agnostic view of the technology required to make a space ""Smart."" He focuses on the higher-level conceptual principles of how this should be technically architected, rather than considering specific solutions or systems that make up a workspace. He also emphasizes the importance of mapping functionality at an early stage in a deployment to help organizations define the smart tech investment value proposition and understand how the information can help the organization.",0,False,The information is not supported by the currently retrieved evidence.,0,False,The information is not supported by the currently retrieved evidence.,0,False,VISUAL_REQUIRED,True,1,1,11,13,False,False,False,7948.8602,265.98999999987427,3779.3144000006578,False,False,True,True,False,construction,summarization,3,3,C:/Users/sp/Desktop/adaptive-multimodal-rag/datasets/unidoc/construction/construction/3003830.pdf,page-1-chunk-1,page-11-chunk-1,page-13-chunk-1,"The SMART Tech’ Ecosystem – An Introduction (Part 1 of 2) | Patrick Stewart-Blacker | Page 1 of 13 workandplace.com The SMART Tech’ Ecosystem – An Introduction (Part 1 of 2) Patrick Stewart -Blacker Baffled, confused, and don’t know where to start with ‘SMART Buildings’? This 2-part article aims to remove the mystery of workspace technology by providing a pragmatic view of workspace technologies today and in the future. ‘SMART technology is the key to solving our real estate challenges’ is a claim that technology consultants are likely to hear when engaging with real estate leadership and business stakeholders. When the consultant asks what this claim means to their client, the answers vary widely within teams and departments of an organisation, never mind across the entire industry. There is plentiful editorial space telling the real estate sector that ’Smart Buildings‘ and ’Smart Cities‘ are the future growth areas for the sector, and that every occupier should be digitally enabling their workspace. Yet very few can define what ‘Smart’ means to them. Added to this absence of a definition for Smart Buildings, is the sales hype pushed into the market by solutions providers seeking to promote the use of their SMART solution or product with little to no consideration of whether it is the right answer to a business’s needs in creating and sustaining productive workspaces. So, where do we start in finding a comprehensive definition of SMART that is meaningful to real estate? In this article, we are taking the agnostic view of the technology required to make a space ‘Smart’. I.e. we are not considering specific solutions or systems that make up a workspace but the higher-level conceptual principle of how this should be technically architected. SMART | IoT | Artificial Intelligence",The SMART Tech’ Ecosystem – An Introduction (Part 1 of 2) | Patrick Stewart-Blacker | Page 11 of 13 workandplace.com Figure 5: Functional Matrix for the nodes making up Room Booking Cluster. The above-simplified table illustrates the siloed nature of the nodes and the functionality they provide; the end column shows how the cluster brings all this functionality into one virtual place. Mapping this functionality at an early stage in a deployment helps organisations define what the smart tech’ investment value proposition is and will help understand how this information can help the organisation.,"The SMART Tech’ Ecosystem – An Introduction (Part 1 of 2) | Patrick Stewart-Blacker | Page 13 of 13 workandplace.com i Cisco Report on Future of IoT: 2017 ii https://standards.ieee.org/initiatives/iot/index.html iii https://en.wikipedia.org/wiki/Data_lake iv Images copyright ©Patrick Stewart-Blacker produced with Adam McNaughton-Davies @ Lindon East The Author Patrick Stewart-Blacker: Patrick has over 25 years of experience designing and managing the delivery of technology into commercial and public spaces. The integration of technology into workspaces has allowed him to build a deep understanding of all elements of the built environment and the challenges that projects face when working with construction design and multiple contractors. www.stewartblacker.co.uk https://www.linkedin.com/in/patrick-stewart- blacker/ patrick@stewartblacker.co.uk This article was first published by And Place Limited in Work&Place in January 2021 and the copyright belongs to And Places Limited (Hong Kong SAR) 2021. If you would like to know more about opportunities to collaborate with Work&Place, either as an author or sponsor, please contact Marcus Bowen at marcus.bowen@workandplace.com","The candidate answer does not mention the five functional layers (IoT, Big Data, Machine Learning, Insights, and Progress) that Patrick Stewart-Blacker categorizes. Instead, it discusses a different perspective on smart tech environments, focusing on agnostic views and conceptual principles, which is not aligned with the reference answer.","The candidate answer does not attempt to answer the question and instead states that the information is not supported, which is incorrect and avoids addressing the actual query.","The candidate answer does not attempt to answer the question and instead states that the information is not supported, which is incorrect as the reference answer clearly provides the categorization.",results/unidoc_full_cache/885cf5592f2a4b03d03f4efc35c819ef6ba3d5393d082403586c3ffd217b3069.npz,"[1, 11, 13]",[],1,YES,RETRIEVAL,,YES,NO,RETRIEVE_MORE,HIGH,"The five Functional Layers — Progress, Insights, Machine Learning, Big Data, and Internet of Things — are directly listed on page 5, which was absent from the retrieved top-3.",,,,5,"[5, 6, 7]","[1, 11, 13]","[""page-1-chunk-1"", ""page-11-chunk-1"", ""page-13-chunk-1""]",MISS_AT_3_DEPTH_UNMEASURED,False,BLOCKED_INITIAL_TOP_K_3
HR015,V_GT_ABSENT_TOP3,3,unidoc_construction_0187,4795922,construction/construction/4795922.pdf,Which beam spread degrees are offered for different lighting fixtures as per technical details?,"The beam spread options are 12°, 21°, and 41° for different lamps.",table_required,VISUAL_REQUIRED,[23],The provided text does not mention any specific beam spread degrees for different lighting fixtures.,0,False,The information is not supported by the currently retrieved evidence.,0,False,The information is not supported by the currently retrieved evidence.,0,False,VISUAL_REQUIRED,True,9,9,6,1,False,False,False,7055.2955,358.50459999983286,2722.9981999998927,False,False,True,False,False,construction,factual_retrieval,1,3,C:/Users/sp/Desktop/adaptive-multimodal-rag/datasets/unidoc/construction/construction/4795922.pdf,page-9-chunk-1,page-6-chunk-1,page-1-chunk-1,"Decision Notice for LU 14-254756 DZ: Storefront Improvements and Exterior Alterations Page 9 EXHIBITS NOT ATTACHED UNLESS INDICATED A. Applicant’s Submittal 1. Applicant’s Statement 2. Site Photos 3. Precedent Study 4. Project Itemized Valuation: Regarding Nonconforming Development 5. Extension to 120-Day Review Period, dated March 30, 2015 B. Zoning Map (attached) C. Plans/Drawings: 1. Vicinity Map 2. Site Plan (attached) 3. Demolition Plan and Details 4. Demolition Floor Plan 5. Elevations: Existing 6. Proposed Floor Plan 7. Proposed Elevations: South and West (attached) 8. Proposed Elevations: North and East (attached) 9. Details 10. Ceiling Plan 11. Manufactures Cutsheets D. Notification information: 1. Mailing list 2. Mailed notice E. Agency Responses: 1. Life Safety/Building Code Section of the Bureau of Development Services: March 05, 2015. F. Correspondence: 1. Stacy Askew, March 09, 2015, Regarding proposed attention and location to garbage and recycling on the site after development G. Other: 1. Original LU Application 2. Incomplete Letter: January 27, 2015 3. Early Assistance Land Use Planner Response: August 28, 2014 4. Site Photographs 5. Email with Applicant Regarding Future Trash Location: March 09, 2015. The Bureau of Development Services is committed to providing equal access to information and hearings. Please notify us no less than five business days prior to the event if you need special accommodations. Call 503-823-7300 (TTY 503-823-6868).","Decision Notice for LU 14-254756 DZ: Storefront Improvements and Exterior Alterations Page 6 elements such as the use of high quality 3-coat integral color stucco finish help to add interest and material quality to the design. The detail of slightly reducing the height of the building as it progresses on N. Montana Ave. and adjusting the façade through removing the solid base element also helps the building to acknowledge and respond to the transition that the site makes from a very active commercial and retail area, N. Killingsworth St., to an established residential neighborhood, N. Montana. Therefore these guidelines are met. DEVELOPMENT STANDARDS Unless specifically required in the approval criteria listed above, this proposal does not have to meet the development standards in order to be approved during this review process. The plans submitted for a building or zoning permit must demonstrate that all development standards of Title 33 can be met, or have received an Adjustment or Modification via a land use review prior to the approval of a building or zoning permit. CONCLUSIONS The design review process exists to promote the conservation, enhancement, and continued vitality of areas of the City with special scenic, architectural, or cultural value. The proposal meets the applicable design guidelines and therefore warrants approval. ADMINISTRATIVE DECISION Approval of the following alterations to the existing single story building located at the intersection of N. Killingsworth Street and N. Montana Avenue: • Aluminum storefront systems with clear glazing to the south and east elevations. • Aluminum framed entrances with clear glazing to all elevations. • Fiberglass windows with clear glazing to the east, north and west elevations. • Steel awnings above tenant entrance ways and fabric canopies above storefront systems on the south façade. • Exterior lighting to proposed steel awnings, and fabric canopies as well as across the upper tier of the building on all elevations. • Wood fence and gate along the east property line and at the northwest corner of the property. • Covered external bicycle parking on the east edge of the building. • Heightened parapets on the west and east ends of the south façade. • The building is also proposed to be refinished with a high quality 3-coat integral color stucco finish. This approval is per the approved site plans, Exhibits C-1 through C-11, signed and dated March 30, 2015, subject to the following conditions: A. As part of the building permit application submittal, each of the 4 required site plans and any additional drawings must reflect the information and design approved by this land use review as indicated in Exhibits C.1-C.11. The sheets on which this information appears must be labeled, ""Proposal and design as approved in Case File # LU 14-254756 DZ. No field changes allowed.” Staff Planner: Arthur Graves Decision rendered by: ___________________________________________on Ma rch 30, 2015. By authority of the Director of the Bureau of Development Services Decision mailed: April 03, 2015.","Date: April 03, 2015 To: Interested Person From: Arthur Graves, Land Use Services 503-823-7803 | Arthur.Graves@portlandoregon.gov NOTICE OF A TYPE II DECISION ON A PROPOSAL IN YOUR NEIGHBORHOOD The Bureau of Development Services has approved a proposal in your neighborhood. The mailed copy of this document is only a summary of the decision. The reasons for the decision, including the written response to the approval criteria and to public comments received on this application, are included in the version located on the BDS website http://www.portlandonline.com/bds/index.cfm?c=46429. Click on the District Coalition then scroll to the relevant Neighborhood, and case number. If you disagree with the decision, you can appeal. Information on how to do so is included at the end of this decision. CASE FILE NUMBER: LU 14-254756 DZ: STOREFRONT IMPROVEMENTS AND EXTERIOR ALTERATIONS GENERAL INFORMATION Applicant: Britta Mack | Emerick Architects P.C. | 503.235.9400 208 SW First Ave Suite 320 | Portland OR 97204 Owner: Frederick Buckman | Cambridge Development Group | 971.998.2253 1503 Officers Row | Vancouver Washington 98661 Site Address: 1233 North Killingsworth Street Legal Description: BLOCK 3 LOT 3&4, NORTH ALBINA Tax Account No.: R610300190 State ID No.: 1N1E15CC 15700 Quarter Section: 2429 Neighborhood: Overlook NA, contact Mary Skarie at 206-818-6355. Business District: North-Northeast Business Assoc, contact Joice Taylor at 503-841-5032. District Coalition: North Portland Neighborhood Services, contact Mary Jaron Kelley at 503-823-4099. Plan District: North Interstate Zoning: CSd: Storefront Commercial (CS) with a design (d) overlay Case Type: DZ: Design Review Procedure: Type II, an administrative decision with appeal to the Design Commission. Proposal: The applicant seeks design review approval for alterations to the existing single story building located at the intersection of N. Killingsworth Street and N. Montana Avenue. The alterations include the installation of new: • Aluminum storefront systems with clear glazing to the south and east elevations. • Aluminum framed entrances with clear glazing to all elevations. • Fiberglass windows with clear glazing to the east, north and west elevations.","The candidate answer is incorrect and contradicts the reference, which clearly states the beam spread degrees. The answer fails to provide the correct information and does not address the question properly.","The candidate answer fails to provide the correct beam spread degrees and instead states the information is unsupported, which is incorrect given the reference.","The candidate answer fails to provide the correct beam spread degrees and instead states the information is unsupported, which is incorrect based on the reference.",results/unidoc_full_cache/305e9c17961fe1211f41a78463114a4a6135220e08875f84754c64388b678b3c.npz,"[9, 6, 1]",[],1,YES,RETRIEVAL,,YES,NO,RETRIEVE_MORE,HIGH,"The table containing the required 12°, 21°, and 41° beam-spread values is on page 23, which was absent from the retrieved top-3.",,,,23,[23],"[9, 6, 1]","[""page-9-chunk-1"", ""page-6-chunk-1"", ""page-1-chunk-1""]",MISS_AT_3_DEPTH_UNMEASURED,False,BLOCKED_INITIAL_TOP_K_3
HR016,V_GT_ABSENT_TOP3,4,unidoc_crm_0059,0949738,crm/crm/0949738.pdf,In what way does the connection of cognitive capabilities and machine learning elements influence the functioning of reporting interfaces in the cloud architecture discussed?,"The integration involves data flowing from cognitive skills and machine learning components to the NoSQL database, which is then used by the reporting dashboard. This connection enhances the functionality of reporting interfaces by leveraging cognitive and ML insights to deliver advanced analytics and reporting capabilities in the cloud architecture.",image_only,VISUAL_REQUIRED,[7],"The connection of cognitive capabilities and machine learning elements influences the functioning of reporting interfaces in the cloud architecture by enabling the recommendation engine to process and analyze social interactions. This includes determining the semantic meaning of social interactions, computing users' social influence, generating personalized incentives, and calculating rewards based on social behavior and past referrals. The results of these cognitive and machine learning processes are stored in a NoSQL database and subsequently used by the Reporting Dashboard to create dashboards for management teams. These dashboards assess the effectiveness of the referral system by measuring statistics such as the number of newly added customers and the number of rewards processed.",2,False,The retrieved text and visual context do not provide evidence of how the connection of cognitive capabilities and machine learning elements influences the functioning of reporting interfaces in the cloud architecture. There is no explicit discussion or depiction of this influence in the provided information.,0,False,The retrieved text and visual context do not provide evidence of how the connection of cognitive capabilities and machine learning elements influences the functioning of reporting interfaces in the cloud architecture. There is no explicit discussion or depiction of this influence in the provided information.,0,False,VISUAL_REQUIRED,True,11,11,8,9,False,False,False,8645.6553,299.90749999979016,3896.344499999941,False,False,True,False,False,crm,causal_reasoning,1,3,C:/Users/sp/Desktop/adaptive-multimodal-rag/datasets/unidoc/crm/crm/0949738.pdf,page-11-chunk-1,page-8-chunk-1,page-9-chunk-1,"ISSN: 2237-0722 Vol. 11 No. 4 (2021) Received: 27.05.2021 – Accepted: 25.06.2021 2043 5.3 Referral Promotion Workflow Referral promotion workflow is triggered on a scheduled basis through web jobs . Web job queries the CRM database for newly added promotions. Figure 6 shows the sequence of steps involved in the workflow. The end goal of this workflow is to identify the users for the newly added promotion and post relevant promotions in the user 's Facebook ac count. The referral promotion workflow also takes care of sending reminder mail to users who have not availed of the offer. 6. Implementation View This section details the cloud services used in the implementation of the cloud services used in the solution. Table 1 shows the mapping between the solution component and corresponding offerings in Azure and AWS. 7. Results & Discussion In this section, we present the results of the data load generated on the Azure Services. The experiment involved programmatically triggering the creation of Facebook posts. A set of ten offers are loaded into the Dynamics 365 system. The offers are related to a home loan, debit card, credit card, student loan, personnel loan, medical insurance, term insurance, vehicle insurance, shares, and job offers. A multithreaded script is used to generate posts in the Facebook accounts . The posts are generated with sentences related to the offer, such as ""I am looking for a car loan,"" ""can anyone suggest the best house loan,"" ""what are the procedure for applying for a student loan. These experiments were targeted to monitor three important critical parts of the overall architecture. • The ability of the system to handle the load on the system when multiple users are posting messages on Facebook (Refer section 7.2). Table 1 – Azure and AWS Cloud Services Cloud Services Azure[10] AWS[11] HPC Service Azure Batch Service AWS Batch NoSQL Database Azure Cosmos Database Amazon DynamoDB Secret store Azure KeyVault AWS Secrets Manager API Management Azure API Management API Gateway AD Azure Active Directory Identify and Access Management Relational Database Azue SQL Database RDS Storage Queue Queue Storage Simpe Queue Service Cognitive Skills and ML Machine Learning Sage Maker Application Monitor Application Insight Cloud Watch","ISSN: 2237-0722 Vol. 11 No. 4 (2021) Received: 27.05.2021 – Accepted: 25.06.2021 2040 5. Storage Queue: Storage queue is used for asynchronous processing of the POST messages received from Facebook. The API App first rec eives the webhook request, extracts the updated and added information, and puts it into the storage queue. The message queue stores these messages until the processing application consumes the messages. Storage queue helps reduce the load on the system by asynchronous processing of messages, thus ensuring that the system can be scaled to take any load. 6. High Process Compute(HPC) Service: HPC service is a high-process compute platform provided by cloud providers to process the messages in the storage queue. HPC service is used to instantiate compute nodes that process the data in the message queue. The number of nodes in the application is determined by the total number of messages in the queue. As the number of messages in the queue increase, the number of nodes(servers) will increase based on the approximate time taken to process each message. The HPC nodes perform the activities of the recommendation engine, such as triggering the recommendation engine to determine the semantic meaning of social interactions, computing users' social influence, personalized incentives, calculate users' based on likes and comments on users posts, offer generation and rewards based on social behavior, social capital and past referrals. The HPC service will ensure that the time required to calculate all the above information is handled by asynchronous processing of the messages in the message queue and instantiating multiple nodes based on queue length. 7. NoSQL Database: NoSQL database is used to store the recommendation information generated by the HPC service, such as successful referrals by the customer, customer social influence value, customer credibility, personalized offers, and personalized incentives. 8. Reporting Dashboard: Reporting Dashboard is a SaaS offering provided by the cloud provider for creating reports. The reporting tool is used in our application for creatin g dashboards used by management teams to assess the effectiveness of the referral system by measuring statistics such as the number of newly added customers and the number of rewards processed. 9. Scheduled Jobs : Scheduled jobs are configured using the Web Jobs service. Web Jobs are scheduled jobs that run in ASE and can be triggered on a timely basis. This job trigger scripts to generate periodic reminders to prospects and generates manual offers by routing opportunity information to CRM. Scheduled job handles the referral promotion workflow that has been detailed in Section 5.3.","ISSN: 2237-0722 Vol. 11 No. 4 (2021) Received: 27.05.2021 – Accepted: 25.06.2021 2041 Figure 4 - Authorization Data Flow 10. Relational Database: Relational Database service is used for creating a database used to monitor and track HPC and Scheduler triggers. It is also used as the backend database for the social referral web application. 11. Social Referral Web Application: Web application exposed to the external user and holds the Facebook App. 12. CRM: SaaS offering from the cloud for managing customer relationship management (CRM). 13. Cloud AD: Cloud AD is a cloud-based identity and access management solution that provides authentication to cloud services. 14. Application Monitor: Application monitor is a performance management service provided by cloud providers for tracking logs, errors, performance metrics of cloud services. Application monitor is used for monitoring the load on the system and take corrective action if necessary. 5. Application Workflow In this section, we highlight the different workflows that cover the overall functionality of the social referral system. Following are three workflows. 5.1 Authorization Workflow Authorization workflow is triggered when the user registers for receiving promotion information by entering the credentials in the Facebook app . Figure 4 shows the sequence of steps involved in the workflow. The end goal of this workflow is to register the client for promotional notifications on Facebook and store the security token received from Facebook.","The candidate answer partially addresses the question by describing how cognitive and machine learning elements influence reporting interfaces, but it focuses on a recommendation engine and social interactions, which are not mentioned in the reference. It correctly mentions the NoSQL database and the Reporting Dashboard, but introduces unsupported details about incentives and rewards. It misses the main point of the reference, which is about enhancing reporting with cognitive and ML insights for advanced analytics.","The candidate answer fails to address the question and contradicts the reference by claiming there is no evidence, when the reference clearly describes the influence of cognitive and ML elements on reporting interfaces.","The candidate answer fails to address the question and contradicts the reference by claiming there is no evidence, when the reference clearly describes the influence of cognitive and ML elements on reporting interfaces.",results/unidoc_full_cache/b91d895d9d8a6356ddc430eba0bfe8e083e8204a90bd41016e615134d9f686b6.npz,"[11, 8, 9]",[],1,YES,ROUTING,,,NO,ANSWER_CURRENT_EVIDENCE,HIGH,"The retrieved textual evidence already described the recommendation output, NoSQL storage, and Reporting Dashboard usage. Additional Vision was unnecessary.",,,,,[7],"[11, 8, 9]","[""page-11-chunk-1"", ""page-8-chunk-1"", ""page-9-chunk-1""]",MISS_AT_3_DEPTH_UNMEASURED,False,BLOCKED_INITIAL_TOP_K_3
HR017,V_GT_ABSENT_TOP3,5,unidoc_education_0082,4176973,education/education/4176973.pdf,"Based on the IOJET 2021 study, which methods for assessing homework are employed by over five educators?","Parental check, Absolute must, Checking whether it’s done or not, and Teacher check are employed by over five educators.",image_only,VISUAL_REQUIRED,[13],"Based on the IOJET 2021 study, the methods for assessing homework employed by over five educators include:

1. Parents checking homework.
2. Teachers checking homework themselves.",2,False,"Based on the IOJET 2021 study, the methods for assessing homework employed by over five educators include checking homework themselves and considering homework checking as an absolute must.",2,False,"Based on the IOJET 2021 study, the methods for assessing homework employed by over five educators include checking homework themselves and considering homework checking as an absolute must.",2,False,VISUAL_REQUIRED,True,11,11,2,4,False,False,False,11121.4156,364.89670000082697,6428.4490999998525,False,False,True,False,False,education,factual_retrieval,1,3,C:/Users/sp/Desktop/adaptive-multimodal-rag/datasets/unidoc/education/education/4176973.pdf,page-11-chunk-1,page-2-chunk-1,page-4-chunk-1,"International Online Journal of Education and Teaching (IOJET) 20 21, 8(1), 381-400. 391 own way. I noticed that this year. Have I ever been compared to other teachers? Yes. Did I hear about it? Yes, I did… Did I have a problem at the beginning of this year? Yes, I did. Would I have been affected? I could have been affected because there is community pressure in our society. I tried a lot but I said, ‘No’. I said, ‘This is my way. I’m going to continue like this’ but it was difficult. So, I fought for it. I witnessed parents comparing me to other teachers. You begin to think ‘I wonder if this is what a good teach er looks like.’ There are parents and teachers who make you question yourself like this. Did I feel it? I felt it. But I resisted the change. Figure 4. Types of homework assigned by primary school teachers According to Figure 4, almost all of the intervi ewed primary school teachers stated that they give research homework (13), reading homework (13) and test homework (12). There were eight teachers who assigned writing homework. Six teachers assigned open -ended questions, and eight teachers assigned memori zation. The types of homework assigned by teachers and their reasons for assigning homework are parallel to each other. The teachers in general expressed that they assigned homework for repetition and ensuring permanence. Tests, reading and writing, and memorization homework are for these purposes. At this point, research homework is noteworthy. Almost all of the teachers stated that they assign research homework. However, when teachers’ reasons for assigning homework were examined, only a very small group of teachers assigned homework to teach the ways to access information. Teachers stated that they do not include works supporting high-level learning with the type of homework they assign. There was no homework towards teaching how to learn, teaching ways t o access information, and towards developing critical thinking and problem solving skills. T7 listed the types of homework she assigned using the following words: “Generally, I assign test, reading, short writing tasks”. T9 expressed that she assign test type of homework but she did not find this correct. On this issue, she said, “Children lack in reading, comprehension, research, and answering open -ended questions”. T10 explained the ‘reading a book’ homework and practice as follows: We have a book exam once a week. They finish a story once a week. They read it at home for a week. During that one week, our children prepare 20 questions about the story they read. 20 questions and answers. They come to the school and repeat these in the classroom in the for m of question and answer with friends before the exam. This contributed to the development of the children.","Ozenc 382 WHAT DO THE PRIMARY SCHOOL TEACHERS THINK ABOUT HOMEWORK? A PHENOMENOLOGICAL STUDY Mehmet Özenç mozenc51@gmail.com Abstract The purpose of this study was to determine primary school teachers’ views on homework and their homework practices. In the study, phenomenological study design, one of the qualitative research methods, was employed. The study data were collected by intervi ews conducted with 14 primary school teachers working in the city of Niğde. The data were analyzed by content analysis method. The primary school teachers participating in the study defined homework as a study assigned to reinforce the subjects learned at school that day and to ensure permanent learning. All of the participating primary school teachers gave homework regularly. Almost all of the primary school teachers interviewed assigned research, reading and test homework. All of the primary school teache rs who were interviewed used study aids as homework source, and they generally used sites related to education. Teachers had different forms of homework evaluation. While majority of the teachers wanted parents to check homework, more than half of them che cked homework themselves and considered homework checking as an absolute must. The study results were discussed and compared with the other study results from the literature, and various recommendations were provided. Keywords: homework, primary school te achers, phenomenological study , reasons for assigning homework 1. Introduction Although homework has been one of the most frequently used teacher practices, it is still being debated. The Turkish Linguistic Society’s current Turkish dictionary (2019) ref ers to homework as the work assigned by the teacher to the students to do outside the school. Cooper (1989) defined homework as the task assigned by the teachers to the students to do outside the school hours. In addition, Hong (2001) emphasized that homew ork is a teaching strategy used worldwide. Corno (2000) stated that homework is traditionally associated with reading, writing, and arithmetic. He also expressed that there is a need to conceptualize a new kind of homework and that the students will develo p skills for their future homework from their ongoing homework processes. Teachers assign homework for various purposes. According to Epstein and Voorhis (2001: 181), teachers assigning homework have 10 purposes: practice, preparation, participation, perso nal development, parent -child relations, parent-teacher communication, peer interactions, politics, public relations and punishment. All students are required to do their homework. However, studies on the effects of homework showed that careful assessment of students’ developmental levels and conditions should guide homework policies and expectations. Many studies found a striking link between the level of student marks and the effect of homework on achievement. In","Ozenc 384 These studies were conducted in elementary schools, middle schools and high schools. In the studies conducted, the researchers focused on topics such as the effect of homework o n academic achievement, the views of middle school teachers, where traditional or online assignments are more effective, the process of assigning homework, the relationship between students’ learning styles and homework styles, and the assignment frequency of homework. However, what the primary school teachers think about homework assigned in elementary schools where many important behaviors and habits are developed was not studied. It is necessary to determine what primary school teachers think about homew ork, which is used quite frequently, and what their primary school practices are. In this context, this study was needed. The purpose of this study was to determine primary school teachers’ views on homework and their homework practices. In order to achiev e this goal, the answers to the following study questions were sought. (1) How do primary school teachers define homework? (2) What are primary school teachers’ general views on homework? (3) What are the reasons for primary school teachers to assign homework? (4) What are primary school teachers’ homework types and their homework sources? (5) How do primary school teachers evaluate the homework they assigned? 2. Method In this study, phenomenological study design, one of the qualitative research methods, was employed. The phenomenological design focuses on phenomena that we are aware of but do not have an in-depth and detailed understanding. Phenomenology provides a suitable research ground for studies that are not completely unfamiliar to us, but also aim to investigate phenomena that we do not fully understand. (Yıldırım & Şimşek, 2011: 72) . In this study, the phenomenological study design was employed because primary school teachers’ views on homework and homework practice were planned to be analyzed in-depth. 2.1. Study Group The study group consisted of 14 primary school teachers working in the city of Niğde. Primary school teachers working in three randomly selected schools were asked if they would like to participate in the study. Volunteering 14 primary school teachers made up the study group. The data related to the study group is presented in Table 1.",The candidate answer is partially correct and includes two of the four methods mentioned in the reference. It misses 'Absolute must' and 'Checking whether it’s done or not'. The answer is grounded in the reference but is incomplete and omits important information.,"The candidate answer includes one correct method ('considering homework checking as an absolute must') but misses the other three methods mentioned in the reference. It is partially correct but lacks essential information, leading to a low completeness score. The answer is grounded to a minor extent but includes an unsupported claim ('checking homework themselves').","The candidate answer includes one correct method ('considering homework checking as an absolute must') but misses the other three methods mentioned in the reference. It is partially correct but lacks essential information, leading to a low completeness score. The answer is grounded to a minor extent but includes an unsupported claim ('checking homework themselves').",results/unidoc_full_cache/2b9a7823ef44996f57b24d2a0c3b8164e79b32c191d544afa0d6d1aeb401321f.npz,"[11, 2, 4]",[],1,YES,RETRIEVAL,,YES,NO,RETRIEVE_MORE,HIGH,The complete set of requested homework-evaluation information is presented in Figure 6 on page 13. The retrieved evidence did not include that page.,,,,13,[13],"[11, 2, 4]","[""page-11-chunk-1"", ""page-2-chunk-1"", ""page-4-chunk-1""]",MISS_AT_3_DEPTH_UNMEASURED,False,BLOCKED_INITIAL_TOP_K_3
HR018,V_GT_ABSENT_TOP3,6,unidoc_education_0099,6453473,education/education/6453473.pdf,"In the context of Figure 8, what does the correlation between transfer pitch errors and the disparity in song versus speech imitation errors reveal about pitch processing?","The relationship shows a positive correlation, indicating that higher mean absolute pitch error in transfer is associated with greater differences between song and speech imitation errors. This suggests that pitch processing may be more robust for songs compared to speech, supporting the idea that tonal encoding in music enhances pitch representations over those in language.",image_plus_text_as_answer,VISUAL_REQUIRED,[12],"In the context of Figure 8, the correlation between transfer pitch errors and the disparity in song versus speech imitation errors reveals that individuals with higher overall mean absolute pitch error (poor-pitch singers) exhibit a larger song advantage. This means that poor-pitch singers show a greater difference in performance between song and speech imitation during transfer trials. The correlation suggests that as overall pitch imitation accuracy decreases, the difference in performance between song and speech imitation increases. This relationship indicates that individuals with lower pitch imitation ability are more affected by changes in the stimulus, such as switching from song to speech, and that their performance is more variable compared to accurate singers.",3,True,"The correlation between transfer pitch errors and the disparity in song versus speech imitation errors, as shown in the context of Figure 8, reveals that individuals with higher overall pitch errors (poor-pitch singers) exhibit a larger song advantage compared to accurate singers. This suggests that poor imitators are more affected by changes in the stimulus during transfer, particularly when the contour changes within a domain. In contrast, good imitators maintain consistent accuracy across both domain and contour changes. The data indicate that pitch processing is not entirely independent between speech and song, and individual differences in imitation ability influence how transfer performance is affected by these changes. Poor imitators tend to perseverate on practiced pitch patterns, leading to a compressed relationship between overall accuracy and distinctiveness from practice targets.",2,False,"The correlation between transfer pitch errors and the disparity in song versus speech imitation errors, as shown in the context of Figure 8, reveals that individuals with higher overall pitch errors (poor-pitch singers) exhibit a larger song advantage compared to accurate singers. This suggests that poor imitators are more affected by changes in the stimulus during transfer, particularly when the contour changes within a domain. In contrast, good imitators maintain consistent accuracy across both domain and contour changes. The data indicate that pitch processing is not entirely independent between speech and song, and individual differences in imitation ability influence how transfer performance is affected by these changes. Poor imitators tend to perseverate on practiced pitch patterns, leading to a compressed relationship between overall accuracy and distinctiveness from practice targets.",2,False,VISUAL_REQUIRED,True,11,11,11,5,False,False,False,13017.0274,520.2160999997432,6437.603299998955,False,False,True,False,False,education,causal_reasoning,1,3,C:/Users/sp/Desktop/adaptive-multimodal-rag/datasets/unidoc/education/education/6453473.pdf,page-11-chunk-1,page-11-chunk-2,page-5-chunk-1,"error across all imitations of speech during transfer. These differ- ence scores are positive when participants exhibit a song advan- tage. No individual had a negative value for this variable, although there were substantial differences between individuals in the strength of this advantage. Overall mean absolute pitch error was significantly correlated with the magnitude of this difference score across participants, r(15) /H11005.747, p /H11021.001 (Figure 8A). The song advantage increased with increasing overall error; poor-pitch sing- ers thus exhibit a larger song advantage than accurate singers. The fact that this relationship varies across a continuum of singing accuracy (meaured by y-axis values) suggests that this effect cannot simply be based on a ceiling effect among accurate imita- tors. It is also worth mentioning that mean absolute pitch error scores in general were positively correlated across music and speech imitation trials during transfer trials, r(15) /H11005.928, p /H11021 .001, as has been found previously ( Mantell & Pfordresher, 2013 ; Pfordresher & Mantell, 2009 ). To see whether there was also a relationship between individ- uals’ pitch imitation ability and the observed Contour Change /H11003 Domain Change interaction for mean absolute error difference scores, correlations were calculated for individuals’ difference scores for the conditions shown in Figure 5 (D/H11001C/H11001,D /H11001C/H11002, D/H11002C/H11001, and D /H11002C/H11002). Only one of the four relationships was significant. Overall mean absolute error was significantly corre- lated with the difference scores for the D /H11001C/H11002condition, r(15) /H11005 /H11002.648, p /H11005.007 ( Figure 8B ). The direction of correlation was such that less accuracy in imitation ability meant a greater decre- ment in performance when contour was switched alone. These correlations suggest that worse imitators are affected more by changes to the stimulus, whereas good imitators tend to remain equally accurate from practice to transfer trials. Specifi- cally, when the domain or contour changes, the accuracy of imi- tations for poor singers is affected more than for accurate singers. To see whether individual imitation ability was related to the ability to deal with change to the target stimulus, we calculated correlations between mean absolute pitch error in transfer with absolute pitch errors relative to the target imitated during practice trials. This is the first term in the numerator of Eq. (1). We computed correlations using this term, rather than full normalized distinctiveness, for two reasons. First, because the X variable in correlations comes from the second term of the numerator (i.e., error in imitation), individual differences with respect to normal- ized distinctiveness scores are inherently confounded with indi- vidual differences in the X variable. Second, because this analysis averages across conditions, the concerns leading to the denomina- tor of Eq. (1) are not problematic. Note that error scores relative to practice targets should be interpreted as showing how distinct one’s imitation in transfer was from the previously practiced target, with lower scores indicating less change from the practiced target. Figure 9 shows the relationship between mean absolute pitch error during transfer (X) and error in transfer relative to the practice target (Y), along with the best fitting regression line (light diagonal line). In addition, the dark diagonal line shows unity; values on this line indicate performance that is no more distinct from transfer targets than to practice targets. Values to the left of this line suggest good transfer; that is, performances that are more similar to the transfer target than to the practice target. 5 Overall error scores during transfer (X) were positively corre- lated with errors relative to practice target, r(15) /H11005.72. However, this relationship is underadditive; the best-fitting regression line yielded a slope of b /H11005.48, which was significantly lower than a slope of 1.00, t(15) /H110052.67, p /H11021.05. The significance of this underadditivity is that poor-pitch singers (those with higher x-axis values) are influenced by a tendency to perseverate pitch patterns from practice trials, leading to a compressed relationship between overall accuracy and distinctiveness from practice targets. Discussion This study, to our knowledge, is the first to explore how imita- tion practice affects the ability to imitate the pitch of sequences that differ from practice sequences in regard to domain (speech or song). Transfer performance was best when both contour and domain changed or when neither","was significantly lower than a slope of 1.00, t(15) /H110052.67, p /H11021.05. The significance of this underadditivity is that poor-pitch singers (those with higher x-axis values) are influenced by a tendency to perseverate pitch patterns from practice trials, leading to a compressed relationship between overall accuracy and distinctiveness from practice targets. Discussion This study, to our knowledge, is the first to explore how imita- tion practice affects the ability to imitate the pitch of sequences that differ from practice sequences in regard to domain (speech or song). Transfer performance was best when both contour and domain changed or when neither changed in transfer trials. When only one factor changed performance during transfer suffered. This effect was mainly driven by contour perseveration from practiced song to speech imitation in transfer. It is also noteworthy that changes to the text of sequences (related to finer-grained frequency information) did not influence transfer. Analysis of individual differences showed that individuals who were poorest at imitating pitch had greater difficulty switching between practice and transfer. Worse imitators tended to show a larger difference in the ability to imitate speech and song. They also showed a greater detriment to performance when contour changed within a domain, and less deviation from the practiced target when the stimulus differed in any respect (domain, contour, or text) from what was practiced. Independence Versus Integration of Pitch Processing This study was designed to investigate independence versus integration of pitch processing with the assumptions that (1) if the mechanisms involved in imitating the pitch of speech and song were independent, we would find a large main effect of domain that does not interact with other factors; and (2) if such mecha- nisms were integrated, then the more dissimilar the transfer target relative to the practice target (the more variables that change) the less similar performance should be in transfer. In contrast to predictions based on independence, no difference score analyses yielded a main effect attributable to change of domain. This factor was associated with more complex interac- tions that are difficult to reconcile within an independent- mechanisms framework. At the same time, there were effects of domain that run against predictions based solely on integration. Like the prediction of independence, an integration view would predict additive effects based on the number of factors changing from practice to transfer, with a smaller role (effect size) related to change of domain. The interactions found here likewise are prob- lematic for a complete integration view. Instead, the current data suggest two factors at play: enhanced salience of sung pitch contour as opposed to spoken pitch contour, and a greater tendency to perseverate the contour of sung pitch during transfer. 5 The mean absolute difference between F0 vectors of targets during transfer and targets during practice was 282 cents. This value represents the error relative to the practice target that would occur, on average, if one imitated transfer targets perfectly. This document is copyrighted by the American Psychological Association or one of its allied publishers. This article is intended solely for the personal use of the individual user and is not to be disseminated broadly. 92 WISNIEWSKI, MANTELL, AND PFORDRESHER","Data Analysis Praat (Boersma & Weenink, 2009 ) was used to extract samples of vocal frequency over entire sequences to create F0 vectors from recordings of each stimulus target and production. An analysis- by-synthesis algorithm facilitated with Praat scripts ( Boersma & Weenink, 2009 ) was used to convert the pitch-time trajectories in the raw recordings into numerical vectors. This technique allowed the experimenter to review aurally each vocalization and the corresponding pitch-time vector to determine the accuracy of the pitch extraction and correct the pitch-time vector if necessary. Importantly, this procedure afforded the experimenter an opportu- nity to fix pitch extraction errors from Praat. All of the errors corrected by the experimenter were errors that resulted from con- verting the original recording to a set of F0 values. These correc- tions did not involve judging accuracy of imitations relative to targets (which were conducted using automated scripts, described next). Experimenter bias was not a concern, as little could be done in analysis to alter results. After an appropriate pitch vector was selected, it was written as a text file and saved for future use. The F0 vectors of imitations were compared with the F0 vectors of the targets to assess accuracy. In contrast to other research that has used the transfer paradigm, we focused on the accuracy and precision of pitch imitation rather than the rate at which sequences were produced. Our focus is based on the goal of the task, which was to imitate pitch accurately rather than to reproduce the sequence as rapidly as possible. Custom MAT- LAB (The MathWorks, Inc., Natick, MA) scripts were used to temporally align the beginning of production within each imitation–target trial pair so that our sequence-length pitch accuracy measures could be applied (detailed below). The scripts also equated the imitation–target pair durations by resa- mpling the imitation duration to match the target stimulus. After temporally aligning the pairs, we adjusted pitch outliers (de- fined as sampled F0 values that fall into different octave bands than the samples adjacent to them), by shifting the octave of the sampled F0 the octave nearest to adjacent values (linear inter- polation was used when necessary). Outliers were identified on fewer than 3% of all sampled F0 values. Pitch outliers of this sort typically reflect artifacts in extracted F0 (often based on difficulty assigning F0 to consonants) and can thus have an unwarranted influence on data analyses. For pitch accuracy, we used mean absolute pitch error: the mean absolute value of difference scores between sampled F0 for target and imitation across the entire sequence. Analyzing mean absolute pitch error allowed for both sharp and flat productions within the same imitation to contribute to the overall error. We also analyzed pitch correlations: the correlation between the pitch contour of the stimulus target and the imitation. Pitch correlations measure how well the imitation tracks the pattern of change in pitch over time with respect to relative pitch. For instance, it is theoretically possible for an imitator to be consistently flat, but have a perfect correlation with the stimulus target’s contour. Both measures are sensitive to the accuracy and precision with which pitch is imitated (cf. Pfordresher et al., 2010), although for the sake of brevity, we will refer to these analyses as measuring accuracy in the rest of this article. It is important to note that our pitch analyses measure accuracy across the entire production sequence, rather than converting dynamic F0 within each syllable to a single point estimate (e.g., the mean pitch of a syllable). Our measures of imitation accuracy are therefore sensitive to fine-grained fluctua- tions in F0 that may be important for the imitation of speech in particular. Results Transfer Effects We first consider the evolution of accuracy across practice and transfer trials, to gain a descriptive understanding of per- formance within each type of block. Figure 3 contains plots of mean absolute pitch error and pitch correlation results for practice and transfer trials, and for participants that practiced either sung ( Figure 3A and 3C) or spoken ( Figure 3B and 3D) targets. Transfer trials (blocks 9 –12) are plotted according to whether or not participants switched domain and/or contour. The factor text is","The candidate answer correctly identifies the correlation and its implications for poor-pitch singers showing a larger song advantage. It accurately describes the relationship between transfer pitch errors and the disparity in performance. However, it does not explicitly mention the idea that pitch processing may be more robust for songs compared to speech or the enhancement of pitch representations in music, which are key points in the reference. The answer is grounded in the reference but lacks a key interpretive conclusion.","The candidate answer partially aligns with the reference, correctly identifying that higher pitch errors are associated with a larger song advantage. However, it introduces unsupported claims about perseveration and compressed relationships, and it does not clearly state the positive correlation or the implication about tonal encoding in music enhancing pitch representations. It covers the main idea but misses key points and includes some inaccuracies.","The candidate answer partially aligns with the reference, correctly identifying that higher pitch errors are associated with a larger song advantage. However, it introduces unsupported claims about perseveration and compressed relationships, and it does not clearly state the positive correlation or the implication about tonal encoding in music enhancing pitch representations. It covers the main idea but misses key points and includes some inaccuracies.",results/unidoc_full_cache/f118f7a3199899fc8e8504ecf5f9cb82935932c4b366b213b1a7c42183eacd86.npz,"[11, 5]",[],1,NO,JUDGE_ERROR,,,NO,UNCLEAR,HIGH,The response is consistent with the Figure 8 relationship and the paper's interpretation that poorer-pitch imitators exhibit a stronger song advantage. Treat as evaluation/judge error rather than a clean system failure.,,,,,[12],"[11, 11, 5]","[""page-11-chunk-1"", ""page-11-chunk-2"", ""page-5-chunk-1""]",MISS_AT_3_DEPTH_UNMEASURED,False,BLOCKED_INITIAL_TOP_K_3
HR019,V_GT_ABSENT_TOP3,7,unidoc_energy_0016,2319886,energy/energy/2319886.pdf,"In the case of the Fukushima nuclear event, what does the sequence of changes in radiation monitoring readings over time indicate about the arrival, movement, and settling of radioactive material at a site?","The pattern starts with a sharp increase indicating plume detection (arrival of radioactive material), followed by a decrease as the plume moves away (movement of radioactive material), and finally a slower decline corresponding to dose rate from deposition (settling of radioactive material at the site). This sequence, as shown by monitoring station readings and described in the context and figure, allows inference of the timing and dynamics of the radioactive material's arrival, movement, and eventual settling after the Fukushima nuclear event.",image_plus_text_as_answer,VISUAL_REQUIRED,"[3, 4]","The sequence of changes in radiation monitoring readings over time indicates the arrival, movement, and settling of radioactive material at a site. For example, in the case of the Fukushima nuclear event, radioactive plumes were detected during two periods: the first between 15 and 16 March and the second between 20 and 23 March. These readings show that the simulations properly reproduce the signal's temporal evolution, validating the estimated temporal evolution of the release for the observed episodes. The simulations confirm the results obtained by comparing the simulations with the dose rate measurements, indicating that the radioactive material was detected and moved over monitoring stations in distinct time intervals. The measured activity concentrations and the simulated activity concentrations show that the main peak on 15 March was correctly reproduced, and the simulations are fairly consistent with the measurements for the caesiums, although some overestimations and underestimations were observed for specific radionuclides.",2,False,"The sequence of changes in radiation monitoring readings over time indicates the arrival, movement, and settling of radioactive material at a site through the temporal evolution of the dose rate signal. The text explains that the temporal evolution of the signal due to radioactive decay of the deposit contains indirect information on the isotopic composition of the emissions. By analyzing the slope in the dose rate signal and identifying peaks corresponding to the detection of plume passage, potential release periods can be identified. The simulations of activity concentrations and dose rates, when compared with actual measurements, validate the estimated temporal evolution of the release, confirming the results obtained from monitoring stations. This suggests that the changes in radiation readings over time can be used to infer the timing and magnitude of radioactive material release, as well as its transport and deposition patterns.",2,False,"The sequence of changes in radiation monitoring readings over time indicates the arrival, movement, and settling of radioactive material at a site through the temporal evolution of the dose rate signal. The text explains that the temporal evolution of the signal due to radioactive decay of the deposit contains indirect information on the isotopic composition of the emissions. By analyzing the slope in the dose rate signal and identifying peaks corresponding to the detection of plume passage, potential release periods can be identified. The simulations of activity concentrations and dose rates, when compared with actual measurements, validate the estimated temporal evolution of the release, confirming the results obtained from monitoring stations. This suggests that the changes in radiation readings over time can be used to infer the timing and magnitude of radioactive material release, as well as its transport and deposition patterns.",2,False,VISUAL_REQUIRED,True,18,18,14,5,False,False,False,11207.4904,480.78370000075665,4571.484199999759,False,False,True,True,False,energy,causal_reasoning,2,3,C:/Users/sp/Desktop/adaptive-multimodal-rag/datasets/unidoc/energy/energy/2319886.pdf,page-18-chunk-2,page-14-chunk-1,page-5-chunk-1,"137Cs accidentally discharged from the Fukushima Daiichi Nuclear power plant into atmosphere, J. Nucl. Sci. Technol., 48, 1129–1134, 2011. Davoine, X. and Bocquet, M.: Inverse modelling-based reconstruc- tion of the Chernobyl source term available for long-range trans- port, Atmos. Chem. Phys., 7, 1549–1564, doi:10.5194/acp-7- 1549-2007, 2007. Devell, L., Güntay, S., and Powers, D. A.: The Chernobyl Reac- tor Accident Source Term: Development of a Consensus View, CSNI Report, Organisation for Economic Co-Operation and De- velopment (OECD), OCDE/GD(96)12, 1995. Drews, M., Lauritzen, B., Madsen, H., and Smith, J. Q.: Kalman ﬁl- tration of radiation monitoring data from atmospheric dispersion of radioactive materials, Radiation Protection Dosimetry, 111, 257–269, 2004. Duranova, T., Bohunova, J., Bohun, L., Duran, J. and Stubna M.: Source term estimation based on gamma dose rates measured by on-line on-site monitoring network, RODOS report RODOS(WG5)-TN(98)-01, http://www.rodos.fzk.de/Documents/Public/CD1/WG5_CD1_ General/WG5_TN98_01.pdf,1999. Enting, I. G.: Inverse Problems in Atmospheric Constituent Trans- port, Cambridge Univ. Press, Cambridge, UK, 392 pp., 2002. Fukushima Prefecture: http://www.pref.fukushima.jp/j/ 7houbu0311-0331.pdf (in Japanese, last access: 2 Decem- ber 2011), 2011a. Fukushima Prefecture: http://www.pref.fukushima.jp/j/ 20-50km0315-0331.pdf (last access: 21 July 2011), 2011b. Furuta, S., Sumiya, S., Watanabe, H., Nakano, M., Imaizumi, K., Takeyasu, M., Nakada, A., Fujita, H., Mizutani, T., Mori- sawa, M., Kokubun, Y ., Kono, T., Nagaoka, M., Yokoyama, H., Hokama, T., Isozaki, T., Nemoto, M., Hiyama, Y ., Onuma, T., Kato, C., and Kurachi, T.: Results of the Environmental Radia- tion Monitoring Following the Accident at the Fukushima Dai- ichi Nuclear Power Plant – Interim Report (Ambient Radiation Dose Rate, Radioactivity Concentration in the Air and Radioac- tivity Concentration in the Fallout), Radiation Protection Depart- ment, Nuclear Fuel Cycle Engineering Laboratories, Tokai Re- search and Development Center, Japan Atomic Energy Agency, JAEA-Review 2011-035, 2011. www.atmos-chem-phys.net/13/11403/2013/ Atmos. Chem. Phys., 13, 11403–11421, 2013","O. Saunier et al.: Fukushima Nuclear Power Plant accident 11415 Fig. 7. Measured activity concentrations (white blocks), and activity concentrations simulated with the retrieved ST (red circle) and the Mathieu et al. (2012) ST (blue circle) in Tokai, for 137Cs (a), 136Cs (b), 131I (c), and 132Te (d). Circles are centered on the respective time interval measurements. Tokai measurements in the Ibaraki prefecture, a town located 110 km south of the FD-NPP (Furuta et al., 2011). The Tokai example is representative of the results obtained from all of the available monitoring stations. Radioactive plumes are de- tected during two periods: the ﬁrst between 15 and 16 March (events # 5 and # 6), and the second between 20 and 23 March (event # 11). The simulations properly reproduce the signal’s temporal evolution, validating the estimated temporal evolu- tion of the release for the observed episodes and conﬁrming the results obtained by comparing the simulations with the dose rate measurements (Ishikawa monitoring station). As regards the released quantities and the emissions’ iso- topic composition, the degree to which the modeled value is consistent with the measurements is quite encouraging. For the main episode on 15 and 16 March, the Tokai monitor- ing station detected the main peak over a longer period in the simulations than in the actual measurements. The simu- lation reproduces correctly the main peak on 15 March. For the rest of the episode, the simulation results are fairly con- sistent with the measurements in the case of the caesiums. The 136Cs activity concentrations are slightly overestimated by a factor of 2 to 3, and the simulation results are most con- sistent with the measurements in the case of 137Cs. The 131I activity concentrations are overestimated but remain within a factor of 2 of the observations. The results are less conclu- sive in the case of the 132Te, as the activity concentrations are underestimated by a factor 3 to 4 in the simulations. The 132Te/132I pair has a relatively short half-life of 3.26 days. If several plumes are detected above the same monitoring station for a short period, the dose rate due to deposition be- tween two successive plume passes is not measured for a long enough period to enable the inverse method to accurately es- timate the releases’ isotopic composition. In this context, the radioactive elements with relatively short half-lives, such as those of the 132Te/132I pair, are considered as noble gases by the inversion process and the method will tend to emphasize the 133Xe in the release rather than the 132Te/132I pair. Two plumes are detected above the Tokai monitoring station on 15 and 16 March. The underestimated 132Te value should there- fore be compensated for by overestimating the 133Xe value. This hypothesis cannot be checked, as we do not have si- multaneous noble gas and 132Te measurements, but all of the comparisons tend to support it. The simulation made using the Mathieu et al. (2012) ST tends to overestimate the activity concentrations, resulting in the simulated dose rate being overestimated after 15 March due to deposition during the event. www.atmos-chem-phys.net/13/11403/2013/ Atmos. Chem. Phys., 13, 11403–11421, 2013","11406 O. Saunier et al.: Fukushima Nuclear Power Plant accident – the second step is to identify the potential release peri- ods; – the third step is to estimate the release rates during the periods identiﬁed during the second step. 2.2.1 Step 1: deﬁning the a priori information For an accident involving a nuclear power plant, the main part of the dose rate signal is due to few radionuclides. The relevant radionuclides can be identiﬁed by using other types of measurements made in the environment or by using the core inventory of the damaged facility. The number of un- known parameters is decreased by reducing the composition of the source term to this list of radionuclides. To solve the inverse problem, the respective contributions of the principal radionuclides must be distinguished using only information contained in the dose rate measurements. The temporal evolution of signal due to the radioactive de- cay of the deposit contains indirect information on the iso- topic composition of the emissions. However, it is necessary that the half-lives of the selected radionuclides be sufﬁciently different so that the inversion process can distinguish their respective contribution to the dose rate signal. On a physical point of view, the various radionuclides are released simulta- neously in proportions that depend on their physicochemical properties and the core inventory, among other things. The inverse problem can be constrained by imposing that the ra- dionuclides be released in realistic proportions. For example, the release rates of radionuclides i in relation with radionu- clide 1 can be made to respect at each time stept, the follow- ing proportions: 1 bi ≤ σ1 (t) σi (t) ≤ ai, (4) with ai and bi the limit values of the isotopic relationships. ai and bi can be estimated using the core inventory of the damaged reactor and the measurements of activity concen- tration and surface activity. The constraints may be more or less ﬂexible depending on the emissions knowledge. 2.2.2 Step 2: identiﬁcation of potential release periods The purpose of this second step is to determine when the radionuclides responsible for the increase of dose rate dur- ing the passage of a plume over the monitoring stations were emitted. Inverse modeling techniques can be used to solve this problem following the subsequent process. It is assumed that the release is composed of a single ra- dionuclide which acts like a passive tracer. The vector of measurements, µ plume, is built with dose rate measurements as follows. An algorithm is used to analyze the slope in the dose rate signal and the peaks corresponding to the detection of the passage of plume are extracted. An example is given in Fig. 2. The dose rate measured at the Tsukuriya location during the Fukushima accident is shown in black and “the Fig. 2. Extraction of plume component from the dose rate signal in Tsukuriya. The station is located in the Ibaraki prefecture, 139 km south of the facility. Japan Standard Time (JST) is 9 h ahead of Co- ordinated Universal Time (UTC). extraction of the plume component” is in red. Extraction pro- cess is performed on data from all the monitoring locations and the “plume component extraction” constitutes the vector of measurements, µ plume. A speciﬁc ﬁrst guess is not required and σ b = 0.The cost function of Eq. (3) becomes the following: J1 (σ 1) = ( µ plume − H1σ 1 ) T R−1 1 ( µ plume − H1σ 1 ) + σ T 1 B−1 1 σ 1. (5) Minimization of J1 provides an estimate of vector σ 1. The potential release periods are encapsulated in vector σ plume based on vector σ 1 according to the following rules: { σ plume(t) = 0 if σ1(t) = 0 σ plume(t) = 1 if σ1(t) > 0 , (6) with t ∈ [0; Nt], Nt is the number of time steps and σ plume ∈ RNt . The second step of the proposed method brings the number of unknown parameters to the number of time steps corre- sponding to potential release periods multiplied by the num- ber of radionuclides selected. It remains to estimate the re- lease rates during the potential emission periods. 2.2.3","The candidate answer correctly identifies the sequence of changes in radiation readings as indicating arrival, movement, and settling of radioactive material. It also provides specific time periods for plume detection in Fukushima. However, it goes beyond the reference by emphasizing simulations and comparisons with measurements, which are not central to the question. It misses the reference's key point about the pattern of increase, decrease, and slower decline as a general indicator of the material's behavior. The grounding is partially supported by the reference but includes some details (e.g., simulations) that are not in the reference.","The candidate answer partially captures the correct idea that changes in radiation readings over time indicate the arrival, movement, and settling of radioactive material. However, it introduces unsupported claims about isotopic composition and simulations not mentioned in the reference. It misses the specific sequence described in the reference (sharp increase, decrease, slower decline) and instead focuses on more general analysis methods. The answer is grounded in the general topic but includes minor unsupported claims.","The candidate answer partially captures the correct idea that changes in radiation readings over time indicate the arrival, movement, and settling of radioactive material. However, it introduces unsupported claims about isotopic composition and simulations not mentioned in the reference. It misses the specific sequence described in the reference (sharp increase, decrease, slower decline) and instead focuses on more general analysis methods. The answer is grounded in the general topic but includes claims not supported by the reference.",results/unidoc_full_cache/a128c1fe01da4667b3252f6a3db64d93ba50e401ff66b301d5f72a54e737b017.npz,"[18, 14, 5]",[],1,YES,RETRIEVAL,,YES,NO,RETRIEVE_MORE,HIGH,"Page 4 explicitly describes the dose-rate sequence: rise to a peak during plume passage, decrease as the plume moves away, then a slower decay due to deposited radionuclides. Page 4 was absent from the retrieved top-3.",,,,4,"[3, 4]","[18, 14, 5]","[""page-18-chunk-2"", ""page-14-chunk-1"", ""page-5-chunk-1""]",MISS_AT_3_DEPTH_UNMEASURED,False,BLOCKED_INITIAL_TOP_K_3
HR020,V_GT_ABSENT_TOP3,8,unidoc_energy_0060,4416334,energy/energy/4416334.pdf,"Which filings did FE and DP&L make on February 21, 2019, seeking to continue the DMR for two additional years, and what adjustment to the collection sum was proposed by DP&L?","On February 21, 2019, FE filed an application for a two-year extension of the DMR after it expires in December 2019. DP&L filed an application for a two-year extension of the DMR after it expires at the end of October 2020 and proposed increasing the collection amount from $105 million to $199 million.",text_only,TEXT_ONLY,[8],"The provided text does not contain information about any filings made by FE and DP&L on February 21, 2019, or any proposed adjustment to the collection sum by DP&L.",0,False,"The information regarding the filings made by FE and DP&L on February 21, 2019, seeking to continue the DMR for two additional years, and the adjustment to the collection sum proposed by DP&L is not supported by the currently retrieved evidence.",0,False,"The information regarding the filings made by FE and DP&L on February 21, 2019, seeking to continue the DMR for two additional years, and the adjustment to the collection sum proposed by DP&L is not supported by the currently retrieved evidence.",0,False,VISUAL_REQUIRED,True,7,7,6,3,False,False,False,10145.2329,262.2855999998137,5342.373299999963,False,False,True,False,False,energy,summarization,1,3,C:/Users/sp/Desktop/adaptive-multimodal-rag/datasets/unidoc/energy/energy/4416334.pdf,page-7-chunk-1,page-6-chunk-1,page-3-chunk-1,"7 The subsidy scorecard relates to how we use budget funds, in part, to advocate for lower electric rates based on power plant competition – n ot subsidies or bailouts – under Ohio’s 1999 deregulation law. Since 2000, Ohioans have paid billions of dollars in subsidies to Ohio electric utilities, above the market price of electricity. In conclusion, I appreciate the Administration’s budget proposal and the General Assembly’s consideration of the budget, for our services to millions of Ohioans. Thank you for this opportunity to discuss these issues affecting Ohioans. I look forward to working with you and your colleagues on issues affecting Ohio utility consumers.","6 Operations Department: The Operations Department provides fiscal and administrative support for the Agency. These functions include Human Resources, Fiscal Processing and IT. Public Affairs Department: The Public Affairs Department provides education for consumers, responds to media requests and contacts from Ohio consumers, and provides constituent assistance to legislators. Public Affairs maintains our educational publications and website for assisting consumers. The website link is www.occ.ohio.gov . Our Twitter handle is @OhioUtilityUser. Consumer Rate Information The Consumers’ Counsel Board encourages me to share consumer data with legislators. I have attached one chart to my testimony, which is a “sub sidy scorecard” that we use to show what Ohioans pay above the market price of electricity. Similarly, I’ve provided a graph from a November 28, 2017 Fiscal Note by the Legislative Service Commission, presented below. The LSC graph shows how retail electric prices in Ohio since 2008 did not follow declines in wholesale electric prices. The web link to LSC’s Fi scal Note is: https://www.legislature.ohio.gov/download?key=8111&format=pdf .","3 During our 40 years of service, the Consumers’ Counsel has helped Ohioans save a lot of money on their utility bills. And those savings far outweigh the cost of our budget. Funding The source of the Consumers’ Counsel’s funding is n ot from taxes or Ohio’s General Revenue Fund. Instead, the General Assembly decided the Agency would be funded through a fee on the intrastate gross earnings of utilities and other entities regulated by the PUCO. That process is similar to how the PUCO is funded in part. If all regulated entities charged their customers for the cost of the Consumers’ Counsel’s budget, this charge would cost consumers a few cents for every $100 in utility bills. This amount is equivalent to less than a dollar a year for a typical residential consumer. We typically are able to save consumers much more money than this cost, either individually or by working with other stakeholders. Cost Reductions and Efficiencies For background, in Fiscal Year 2012 (beginning July 1, 2011), the Agency’s annual operating budget was reduced by nearly $3 million, from $8.5 million to $5.64 million. This led to a reduction of about half of the Agency’s staff. The Consumers’ Counsel has continued to serve Ohioans, consistent with this reduced budget. Cost reductions that were developed at that time are continuing, as are our efforts for more efficiencies. The continuing cost reductions from the decreased budget include: the earlier workforce reductions (several dozen positions); closing the consumer call center; and reducing floor space from the rent. I am grateful to the Consumers’ Counsel’s staff for their dedication and productivity in our services to Ohioans.","The candidate answer incorrectly claims that the text does not contain the requested information, when in fact the reference answer clearly provides the required details. The candidate answer fails to address the question and contradicts the reference.","The candidate answer does not provide any correct or relevant information and fails to address the question. It claims the information is not supported, which is incorrect as the reference answer provides clear evidence.","The candidate answer does not provide any correct or relevant information and fails to address the question. It incorrectly claims the information is not supported, when the reference clearly provides the necessary details.",results/unidoc_full_cache/804a07efe9978cf4a6b02cf018024fe2c7db3a5d45a20425ce0311feb38df232.npz,"[7, 6, 3]",[],1,YES,RETRIEVAL,,YES,NO,RETRIEVE_MORE,HIGH,"The requested FirstEnergy and DP&L distribution-modernization rider information is in the page-8 subsidy scorecard, but page 8 was absent from the retrieved top-3.",,,,8,[8],"[7, 6, 3]","[""page-7-chunk-1"", ""page-6-chunk-1"", ""page-3-chunk-1""]",MISS_AT_3_DEPTH_UNMEASURED,False,BLOCKED_INITIAL_TOP_K_3
HR021,V_GT_ABSENT_TOP3,9,unidoc_finance_0021,0310269,finance/finance/0310269.pdf,"According to the EXPRESSCREDIT SIA financial statements, how did the value of 1 EUR change between the end of 2017 and the end of 2018?","As of December 31, 2018, the exchange rate for 1 EUR was 1.14500, compared to 1.19930 on December 31, 2017. This indicates a decrease in value.",table_required,VISUAL_REQUIRED,[13],"The provided document does not include information about the value of 1 EUR or its change between the end of 2017 and the end of 2018. Therefore, the information is not supported by the currently retrieved evidence.",1,False,The provided document does not include information on how the value of 1 EUR changed between the end of 2017 and the end of 2018. The financial statements focus on equity changes and other financial metrics in EUR but do not provide exchange rate data or currency valuation details.,1,False,The provided document does not include information on how the value of 1 EUR changed between the end of 2017 and the end of 2018. The financial statements focus on equity changes and other financial metrics in EUR but do not provide exchange rate data or currency valuation details.,1,False,VISUAL_REQUIRED,True,10,10,7,2,False,False,False,10422.4356,480.6687000000238,4099.325999999564,False,False,True,False,False,finance,comparison,1,3,C:/Users/sp/Desktop/adaptive-multimodal-rag/datasets/unidoc/finance/finance/0310269.pdf,page-10-chunk-1,page-7-chunk-1,page-2-chunk-1,"EXPRESSCREDIT SIA ANNUAL ACCOUNTS AND CONSOLIDATED ANNUAL ACCOUNTS FOR THE YEAR ENDED 31 DECEMBER 2018 (TRANSLATION FROM LATVIAN) 10 Statement of changes in equity of the Parent Company’s for the year ended 31 December 2018 Share capital Retained earnings Profit for the reporting year Total EUR EUR EUR EUR As at 31 December 2016 1 500 000 78 216 995 258 2 573 474 Dividends paid - (1 073 474) (996 526) (2 070 000) Profit transfer - 995 258 (995 258) - Profit for the reporting year - - 2 736 240 2 736 240 As at 31 December 2017 1 500 000 - 1 739 714 3 239 714 Dividends paid - (1 739 714) (490 000) (2 229 714) Profit transfer - 1 739 714 (1 739 714) - Decrease in retaind earnings - (12 206) - (12 206) Profit for the reporting year - - 4 782 448 4 782 448 As at 31 December 2018 1 500 000 (12 206) 4 292 448 5 780 242 Statement of changes in equity of the Group for the year ended 31 December 2018 Share capital Retained earnings Profit for the reporting year Total EUR EUR EUR EUR As at 31 December 2016 1 500 000 345 348 960 717 2 806 065 Dividends paid - (1 073 474) (996 526) (2 070 000) Prior years’ retained earnings of subsidiary sold - - 117 117 Profit transfer - 960 834 (960 834) - Profit for the reporting year - - 2 953 296 2 953 296 As at 31 December 2017 1 500 000 232 708 1 956 770 3 689 478 Dividends paid - (2 229 714) - (2 229 714) Prior years’ retained earnings of subsidiary sold - - (3 343) (3 343) Profit transfer - 1 953 427 (1 953 427) - Decrease in retained earnings - (48 587) - (48 587) Profit for the reporting year - - 4 552 180 4 552 180 As at 31 December 2017 1 500 000 (92 166) 4 552 180 5 960 014 Notes on pages from 12 to 26 are integral part of these financial statements. Agris Evertovskis Chairman of the Board Didzis Ādmīdiņš Board Member Kristaps Bergmanis Board Member Ivars Lamberts Board Member Inta Pudāne Chief Accountant Riga, 25 February 2019","EXPRESSCREDIT SIA ANNUAL ACCOUNTS AND CONSOLIDATED ANNUAL ACCOUNTS FOR THE YEAR ENDED 31 DECEMBER 2018 (TRANSLATION FROM LATVIAN) 7 Profit or loss account for the year ended 31 December 2018 Parent company Group Parent company Group 2018 2018 2017 2017 EUR EUR EUR EUR Net sales 4 186 422 4 186 422 4 164 444 4 164 444 Cost of sales (2 658 754) (2 658 754) 2 750 464) (2 750 464) Interest income and similar income 13 793 021 14 663 755 12 878 502 13 863 118 Interest expenses and similar expenses (2 238 818) (2 298 310) (1 818 486) (1 822 527) Gross profit 13 081 871 13 893 113 12 473 996 13 454 571 Selling expenses (5 499 500) (5 873 095) (5 161 222) (5 666 679) Administrative expenses (2 659 968) (2 770 859) (2 227 476) (2 289 942) Other operating income 93 244 80 184 59 187 44 476 Other operating expenses (591 636) (645 589) (1 750 160) (1 889 216) Income from investments: 490 000 - - - a) related companies 490 000 - - - Profit before corporate income tax 4 914 011 4 683 754 3 394 325 3 653 210 Income tax expense (131 563) (131 574) (512 833) (554 662) Profit after corporate income tax 4 782 448 4 552 180 2 881 492 3 098 548 Expense from changes in deferred tax assets or deferred tax liabilities - - (145 252) (145 252) Extraordinary dividends (490 000) (490 000) (996 526) (996 526) Profit for the reporting year 4 292 448 4 062 180 1 739 714 1 956 770 Earnings per share 3.19 3.03 1.82 1.97 Diluted earnings per share 3.19 3.03 1.82 1.97 Comprehensive income statement for 2018 2018 2018 2017 2017 EUR EUR EUR EUR Profit for the reporting year 4 782 448 4 552 180 2 736 240 2 953 296 Other comprehensive income - - - Total comprehensive income 4 782 448 4 552 180 2 736 240 2 953 296 Notes on pages from 12 to 26 are integral part of these financial statements. Agris Evertovskis Chairman of the Board Didzis Ādmīdiņš Board Member Kristaps Bergmanis Board Member Ivars Lamberts Board Member Inta Pudāne Chief Accountant Riga, 25 February 2019",EXPRESSCREDIT SIA ANNUAL ACCOUNTS AND CONSOLIDATED ANNUAL ACCOUNTS FOR THE YEAR ENDED 31 DECEMBER 2018 (TRANSLATION FROM LATVIAN) 2 TABLE OF CONTENTS Information on the Group 3 - 4 Statement of management’s responsibility 5 Management report 6 Profit or loss account 7 Comprehensive income statement 7 Balance sheet 8 -9 Statement of changes in equity 10 Cash flow statement 11 Notes 12 – 26,"The candidate answer is mostly incorrect because it claims the document does not include the relevant information, while the reference answer shows that it does. However, it correctly states that the information is not supported by the currently retrieved evidence, which aligns with the assumption that the candidate did not have access to the document. It fails to answer the question and misses the main point.","The candidate answer is mostly incorrect because it claims the document does not include exchange rate data, which contradicts the reference answer that provides specific exchange rates. The answer fails to address the actual change in the value of 1 EUR and does not satisfy the task.","The candidate answer is mostly incorrect because it claims the document does not include exchange rate data, which contradicts the reference answer that provides specific exchange rates. The answer fails to address the actual change in the value of 1 EUR and does not satisfy the task.",results/unidoc_full_cache/3e9352276275877c6c075d38774f4f696091ab92778c38e01498391b2e614910.npz,"[10, 7, 2]",[],1,YES,RETRIEVAL,,YES,NO,RETRIEVE_MORE,HIGH,"The required EUR exchange-rate values are on page 13, which was absent from the retrieved top-3.",,,,13,[13],"[10, 7, 2]","[""page-10-chunk-1"", ""page-7-chunk-1"", ""page-2-chunk-1""]",MISS_AT_3_DEPTH_UNMEASURED,False,BLOCKED_INITIAL_TOP_K_3
HR022,V_GT_ABSENT_TOP3,10,unidoc_finance_0183,0458505,finance/finance/0458505.pdf,What are the main financial insights from inventory and bank balances for the six months ending June 2018?,"The key financial insights for the six months ending June 2018 include: a decrease in raw material and components from Rs. 11,785,859,000 in 2017 to Rs. 10,628,823,000 in 2018; a reduction in finished goods from Rs. 8,499,570,000 to Rs. 5,871,287,000; a decline in cash at banks from Rs. 7,925,758,000 to Rs. 6,807,686,000; an increase in trade deposits and short-term prepayments from Rs. 965,722,000 to Rs. 2,215,163,000; and a decrease in trading stocks from Rs. 3,687,259,000 to Rs. 2,750,381,000.",table_required,VISUAL_REQUIRED,"[17, 18]","The provided document does not include specific financial insights related to inventory and bank balances for the six months ending June 2018. Therefore, the information is not supported by the currently retrieved evidence.",0,False,"The provided document does not include specific information about inventory or bank balances for the six months ending June 2018. Therefore, no financial insights regarding inventory or bank balances can be derived from the given evidence.",0,False,"The provided document does not include specific information about inventory or bank balances for the six months ending June 2018. Therefore, no financial insights regarding inventory or bank balances can be derived from the given evidence.",0,False,VISUAL_REQUIRED,True,9,9,1,11,False,False,False,8006.5135,384.83540000015637,2852.8074999994715,False,False,True,True,False,finance,summarization,2,3,C:/Users/sp/Desktop/adaptive-multimodal-rag/datasets/unidoc/finance/finance/0458505.pdf,page-9-chunk-1,page-1-chunk-1,page-11-chunk-1,"FINANCIAL Accounts Condensed Interim Profit and Loss Account (Unaudited) For the half year and quarter ended 30 June 2018 Chairman Half Yearly Report 2018 7 Note ------------- (Rupees in ‘000’) ------------- Half year ended Quarter ended 30 June 2018 30 June 2017 30 June 2018 30 June 2017 Sales 62,391,543 46,828,895 30,880,756 22,938,055 Cost of sales (58,026,114) (42,003,672) (29,132,122) (21,017,079) Gross profit 4,365,429 4,825,223 1,748,634 1,920,976 Distribution costs (1,445,925) (1,381,903) (642,098) (675,065) Administrative expenses (1,015,733) (736,482) (517,434) (415,635) Other expenses (151,760) (214,644) (53,992) (74,298) Other income 13 389,399 445,184 213,287 259,751 Finance costs 14 (92,864) (41,236) (19,520) (13,244) (2,316,883) (1,929,081) (1,019,757) (918,491) Share of loss of equity accounted investee (885) - (383) - Profit before taxation 2,047,661 2,896,142 728,494 1,002,485 Taxation 15 (750,010) (904,093) (334,986) (317,059) Profit after taxation 1,297,651 1,992,049 393,508 685,426 Earnings per share - basic and diluted 15.77 24.20 4.78 8.32 The annexed notes from 1 to 20 form an integral part of this condensed interim financial information.",Half Yearly Report June 2018,"Half Yearly Report 2018 FINANCIAL Accounts Chairman Chairman 9 CASH FLOWS FROM OPERATING ACTIVITIES Cash generated from operations 16 4,908,396 9,696,214 Finance costs paid (92,864) (41,236) Taxes paid (598,790) (1,681,123) Long term loans - net 1,738 (285) Long-term deposits, prepayments and other receivables (84,688) (37,246) Long-term installment sales receivables 30,337 529 Net cash generated from operating activities 4,164,129 7,936,853 CASH FLOWS FROM INVESTING ACTIVITIES Purchase of property, plant and equipment including capital work in progress (5,330,751) (1,712,962) Purchase of intangible assets (4,537) (190,783) Investment in associate (124,400) (120,000) Proceeds from disposal of property, plant and equipment 12,103 11,308 Profit received on bank deposits 300,768 349,464 Net cash used in investing activities (5,146,817) (1,662,973) CASH FLOWS FROM FINANCING ACTIVITIES Dividend paid (1,379,611) (450,985) Net (decrease) / increase in cash and cash equivalents (2,362,299) 5,822,895 Cash and cash equivalents at beginning of the period 9,189,552 8,548,293 Cash and cash equivalents at end of the period 6,827,253 14,371,188 The annexed notes from 1 to 20 form an integral part of this condensed interim financial information. 30 June 2018 Unaudited 30 June 2017 Unaudited Note ------- (Rupees in ‘000’) ------- Condensed Interim Cash Flow Statement (Unaudited) For the half year ended 30 June 2018","The candidate answer is incorrect and fails to address the question. The reference answer clearly provides specific financial insights, but the candidate claims the information is not supported by the document.","The candidate answer is incorrect and fails to address the question. The reference answer clearly provides specific financial insights from inventory and bank balances, but the candidate claims there is no such information available.","The candidate answer is incorrect and fails to address the question. The reference answer clearly provides specific financial insights from inventory and bank balances, but the candidate claims there is no such information available.",results/unidoc_full_cache/dd5ff9699ee8984febd6b9ca18d37d910efb1e3424ef8330a31b2e6e17b8d0fc.npz,"[9, 1, 11]",[],1,YES,RETRIEVAL,,NO,YES,RETRIEVE_MORE,HIGH,"This is a confirmed multi-page-required case. Inventory details needed for the answer are on page 17, while the relevant cash/bank balance information is on page 18. The complete answer requires combining evidence across both pages, and the required evidence was not available in the retrieved top-3.",,,,"17,18","[17, 18]","[9, 1, 11]","[""page-9-chunk-1"", ""page-1-chunk-1"", ""page-11-chunk-1""]",MISS_AT_3_DEPTH_UNMEASURED,False,BLOCKED_INITIAL_TOP_K_3
HR023,V_GT_ABSENT_TOP3,11,unidoc_healthcare_0147,1015704,healthcare/healthcare/1015704.pdf,What impact did the administration of αCD25 and αCD4 have on the secretion levels of IFN-γ in B6 WT compared to langDTR mice in the context of DC subset analysis?,"The administration of αCD25 and αCD4 in B6 WT mice led to significant changes in IFN-γ secretion levels, as indicated by the increase in IFN-γ SFU/10^6 cells upon treatment. Specifically, αCD25 treatment resulted in a significant increase in IFN-γ levels in B6 WT mice (*p < 0.05), and αCD4 treatment resulted in an even more pronounced increase (***p < 0.001). In contrast, in langDTR mice, there were no significant differences in IFN-γ secretion levels with either αCD25 or αCD4 treatment, indicating that the impact was specific to the B6 WT mice.",image_only,VISUAL_REQUIRED,[13],"The administration of αCD25 and αCD4 had a significant impact on IFN-γ secretion levels in B6 WT mice compared to langDTR mice in the context of DC subset analysis. In B6 WT mice treated with anti-CD25 Ab during vaccination, the frequency of T cells secreting IFN-γ increased 8-fold, approaching the levels observed in LC-depleted mice. However, IFN-γ secretion and cytotoxic activity in CD25-depleted B6 WT mice did not fully reach the levels observed in LC-deficient mice, suggesting the involvement of additional suppressive mechanisms. When CD4+ T cells were depleted in B6 WT mice, CTL activity reached a maximum and matched the levels achieved with LC depletion. In contrast, in langDTR (LC-deficient) mice, neither αCD25 nor αCD4 treatment further increased the immune response. This indicates that the presence of both LC and CD4+ T cells is necessary for the suppression of OVA-specific CTL activation.",2,False,"The administration of αCD25 and αCD4 had distinct impacts on IFN-γ secretion levels in B6 WT compared to langDTR mice. In B6 WT mice, treatment with αCD25 during vaccination increased IFN-γ secretion by 8-fold, approaching the levels observed in LC-depleted mice. However, in langDTR mice, αCD25 treatment did not further elevate IFN-γ secretion beyond the already high baseline. Similarly, αCD4 treatment in B6 WT mice led to maximum CTL activity, equivalent to that seen with LC depletion, but in langDTR mice, αCD4 treatment had no additional effect. These findings indicate that in B6 WT mice, both CD25+ and CD4+ T cells contribute to suppression of IFN-γ secretion, while in langDTR mice, this suppression is already absent.",1,False,"The administration of αCD25 and αCD4 had distinct impacts on IFN-γ secretion levels in B6 WT compared to langDTR mice. In B6 WT mice, treatment with αCD25 during GG vaccination increased IFN-γ secretion by 8-fold, approaching the levels observed in LC-depleted mice. However, in langDTR mice, αCD25 treatment did not further increase IFN-γ secretion beyond the already elevated baseline. Similarly, αCD4 treatment in B6 WT mice led to maximum CTL activity, equivalent to that achieved with LC depletion, but in langDTR mice, αCD4 treatment did not further enhance the response. This indicates that in B6 WT mice, both CD25+ Treg cells and CD4+ T cells contribute to suppression of CTL activation, and their depletion enhances IFN-γ secretion, whereas in langDTR mice, this suppression is already absent, so further depletion has no effect.",2,False,VISUAL_REQUIRED,True,11,11,16,7,False,False,False,13016.5838,449.07009999951697,5902.49650000078,False,False,True,False,False,healthcare,comparison,1,3,C:/Users/sp/Desktop/adaptive-multimodal-rag/datasets/unidoc/healthcare/healthcare/1015704.pdf,page-11-chunk-1,page-16-chunk-1,page-7-chunk-1,"elevate T cell responses to levels of LC-depleted mice but not further amplify the yet strong re- sponses in the latter. When we treated WT mice with anti-CD25 Ab during GG vaccination (S2 Fig) the frequency of T cells that secreted IFN γ upon restimulation with OVA protein in- creased 8-fold (Fig 6A, left panel), close to that in LC-depleted mice. IFN γ secretion by CD8+ T cells and cytotoxic activity were also enhanced in CD25-depleted WT mice ( Fig 6A and 6C left panels). However, they did not fully reach the level observed in LC-deficient mice (Fig 6A and 6C right panels) suggesting, either, collateral depletion of CD25 + Th effector cells or the exis- tence of additional suppressors, e.g. CD25 neg/low Treg cells [31, 32]. To investigate this, we re- peated the above experiments with anti-CD4 Ab treatment during vaccination ( S2 Fig). We hypothesized that, if Th cells were important, this treatment should result in a collapse of CTL. Alternatively, if CD25neg/low Treg cells were important CTL would increase beyond the levels observed with anti-CD25 treatment. After depletion of CD4 + T cells, CTL activity in WT mice reached a maximum and was now identical to that achieved with LC depletion ( Fig 6B and 6D left panels). Importantly, in LC-deficient mice neither Ab could further increase the response (Fig 6A– 6D, right panels). Thus, OVA-specific CTL activation was solely impaired when both cell types, LC and CD4+ T cells, were intact during GG vaccination. These data suggest that LC can induce both, CD25+ as well as CD4+CD25neg/low T cells with the capacity to suppress CTL activation. To further investigate the effect of LC-deficiency on T regs we analyzed trunk skin of langDTR or WT control mice. Three weeks after DT injection, the frequency of CD4 +FoxP3+ T cells was decreased in LC-depleted mice, both, within the CD45 + leukocyte population as well as among CD4+ T cells. Moreover, Tregs in LC-depleted mice were significantly lower for CTLA-4 and ICOS surface expression as compared to WT controls ( Fig 7). Thus, the presence of LC seemed to promote, both, the frequency as well as the activation status of T regs in the skin. Discussion The various DC subsets in the skin are functionally diverse and influence downstream immune effector functions in different ways. Much of this diversity originates from differential sensitivi- ty to, and subset-specific orchestration of endogenous or pathogen-associated danger signals. In contrast, protein antigens and their role in shaping immune reactions has been largely left unnoticed. Here, we show that different skin-borne protein antigens may be handled differen- tially by distinct DC subsets and, in this way, contribute to the modulation of immune reac- tions by virtue of their intrinsic molecular features. To study skin DC it is imperative to deliver the antigen in a way that restricts antigen locali- zation to the skin. Therefore, we employed gene gun immunization with DNA vaccines. Im- portantly, with this method the administered substance is always plasmid DNA, irrespective of the antigen, thus, allowing for the investigation of different protein antigens under otherwise identical conditions. We compared the immune response to βGal with that to OVA and inves- tigated their requirement for various DC subsets. In langerin + DC-deficient mice CTL and IgG1 against βGal were impaired, whereas these functions were strongly enhanced in OVA-im- munized animals. These findings impose three major implications: First, the strong CTL response in the absence of langerin + DC, which was also observed with a keratinocyte-restricted DNA vaccine, pK14-OVA, indicated that a langerin neg DC subset syngeneic target cells injected into GG-immunized langDTR and WT mice. Splenocytes were in vitro restimulated with (C) DAPIYTNV, (D), SIINFEKL, (E) βGal protein or (F) OVA protein and analyzed for IFN γ secretion by ELISPOT technique. Data represent means ± SD of groups of 5 mice and are representative of two experiments. doi:10.1371/journal.pone.0128722.g004 Antigens Control Immunity by Differential DC Usage PLOS ONE | DOI:10.1371/journal.pone.0128722 June 1, 2015 11 / 19","S1 Fig. Langerin+ DC enhance or suppress CD8+ T cell responses against keratinocyte-de- rived antigens. WT or langDTR mice were given DT 5x at 3d intervals, starting 1 d before im- munization. Mice were GG-immunized twice at a 1wk interval with K14- βGal or K14-OVA. One week after the boost, splenocytes were restimulated in vitro with CTL peptides (A) DAPIYTNV for βGal or (C) SIINFEKL for OVA and analyzed for IFN γsecretion by ELISPOT. Specific lysis of CTL peptide-pulsed target cells injected into (B) βGal- or (D) OVA-immunized mice 1 wk after the boost. WT mice without DT served as naïve controls. Data are means ± SD of 4– 5 mice. (TIF) S2 Fig. Depletion of CD25+ or CD4+ cells by i.p. injection of mAbs. LC-depleted LangDTR and DT-treated B6 WT mice shown in Fig 6 were injected three times with (A) anti-CD25 Ab or with (B), anti-CD4 Ab (250 μg /injection i.p.) at 5d intervals, or left untreated. Success of cell depletion was analyzed by flow cytometry of spleen cells on the day of terminal analysis. (TIF) S3 Fig. Selective Langerhans cell depletion in hu-langDTR mice enhances anti-OVA but not anti-βGal CTL responses. Groups of hu-langDTR mice were injected once with 1 μgD T or were left untreated. One wk later, mice were GG-immunized with, either pCI-OVA or pCI- βGal twice at a one wk interval. One wk after the boost, splenocytes were restimulated in vitro with CTL peptides (A) SIINFEKL for OVA or DAPIYTNV for βGal and analyzed for IFN γ se- cretion by ELISPOT. (B) Specific lysis of CTL peptide-pulsed target cells injected into pCI-OVA or pCI-βGal-immunized mice. Data are means ± SD of 4 – 5 mice. (TIF) S4 Fig. Immune modulation is not due to the size of the antigen. LangDTR or B6 WT mice were injected once with 1μg DT and GG-immunized 1wk later with a pCI- βGalOVA fusion plasmid that was generated by inserting the open reading frame of OVA right behind the last coding triplet of βGal. Mice were boosted 1 wk after the first immunization and analyzed 1wk later. (A) Splenocytes were in vitro restimulated with SIINFEKL or medium and analyzed for IFNγ secretion by ELISPOT. (B) Specific lysis of SIINFEKL-pulsed syngeneic target cells in- jected into GG-immunized langDTR and WT mice. Data represent means ± SD of groups of 5 mice and are representative of two experiments. (TIF) S5 Fig. Differential immune responses were not caused by differences in antigen expres- sion. (A) Western Blot of Pam212 keratinocytes transfected with the indicated doses of pCI- βGal or pCI-cherryOVA and cultured for two days. Blots were incubated with polyclonal anti- βGal or anti-OVA antisera, respectively, followed by peroxidase-labeled secondary antibody and subsequent luminogenic development. Luminescence was recorded on ChemiDoc MP im- aging system (BioRad). The uppermost band in the right panel corresponds to the full length fusion product with an expected MW of 74 kDa. The second-largest band could result from premature translation stop or degradation of the gene product; lower bands are probably un- specific signals that are equally intense in non-transfected cells. Lower Panel: SDS-gel stained with Coomassie Blue after blotting is shown as a loading control. ( B) LangDTR or B6 WT mice were injected once with 1 μg DT and GG-immunized 1wk later with different doses of pCI-OVA (100, 300,1000ng plasmid/GG shot). Mice were boosted with the same doses after 1 wk and analyzed 1wk later. Specific lysis of SIINFEKL-pulsed syngeneic target cells injected into GG-immunized langDTR and WT mice. Data represent means ± SD of groups of 5 mice and are representative of two experiments. (TIF) Antigens Control Immunity by Differential DC Usage PLOS ONE | DOI:10.1371/journal.pone.0128722 June 1, 2015 16 / 19","Fig 2. Depending on the antigen, langerin + DC enhance or suppress antibody production. LangDTR or WT mice were treated 5x with DT at 3d intervals, starting 1 d before GG immunization. Mice received two GG immunizations with pCI- βGal or pCI-OVA at a 1-wk interval. Na ïve WT mice without DT treatment served as controls. (A, B) serum IgG1 or IgG2c was analyzed by ELISA 1wk after the boost. IFN γ (C, D) and IL4 (E, F) ELISPOT assays of spleen cells of the same mice, restimulated with βGal or OVA protein, or medium. Means ± SD of cumulative data of two independent experiments with 4 – 5 mice, each. doi:10.1371/journal.pone.0128722.g002 Antigens Control Immunity by Differential DC Usage PLOS ONE | DOI:10.1371/journal.pone.0128722 June 1, 2015 7/1 9","The candidate answer correctly identifies that αCD25 and αCD4 had a significant impact on IFN-γ secretion in B6 WT mice but not in langDTR mice. However, it introduces unsupported details (e.g., 8-fold increase, comparison to LC-depleted mice) and discusses cytotoxic activity and suppression mechanisms not mentioned in the reference. It partially addresses the question but includes minor unsupported claims and omits the specific statistical significance from the reference.","The candidate answer contains a small correct element (acknowledging that αCD25 and αCD4 had different effects in B6 WT vs. langDTR mice), but it is mostly incorrect. It introduces unsupported claims (e.g., 8-fold increase, equivalence to LC-depleted mice, maximum CTL activity) and misinterprets the role of CD25+ and CD4+ T cells as suppressing IFN-γ, which is not supported by the reference. It also fails to mention the statistical significance of the results in B6 WT mice and omits the key point that langDTR mice showed no significant changes in IFN-γ levels with either treatment.","The candidate answer correctly identifies that αCD25 and αCD4 treatments had different effects on IFN-γ secretion in B6 WT versus langDTR mice. It notes that B6 WT mice showed increased IFN-γ with treatment, while langDTR mice did not, which aligns with the reference. However, it introduces unsupported claims (e.g., 8-fold increase, comparison to LC-depleted mice, and mention of CTL activity) that are not present in the reference. It also fails to mention the statistical significance of the results in B6 WT mice. The answer partially satisfies the task by addressing the impact on IFN-γ but includes unsupported details.",results/unidoc_full_cache/a69a764d336fd74662f3b03eee9596ea0ed6bf38e8615dda7710ca496cb06fe6.npz,"[11, 16, 7]",[],1,NO,JUDGE_ERROR,,,NO,UNCLEAR,HIGH,"The judge criticized the 8-fold increase as unsupported, but the source explicitly states that IFN-gamma-secreting T cells increased 8-fold after anti-CD25 treatment. Treat as judge error.",,,,,[13],"[11, 16, 7]","[""page-11-chunk-1"", ""page-16-chunk-1"", ""page-7-chunk-1""]",MISS_AT_3_DEPTH_UNMEASURED,False,BLOCKED_INITIAL_TOP_K_3
HR024,V_GT_ABSENT_TOP3,12,unidoc_legal_0160,1202569,legal/legal/1202569.pdf,When did the enactment of the Religious Freedom Restoration Act by the U.S. President take place?,"The Religious Freedom Restoration Act was signed by President Clinton on November 16, 1993.",text_only,TEXT_ONLY,"[2, 3]",The provided text does not mention the enactment date of the Religious Freedom Restoration Act by the U.S. President.,0,False,The information regarding the enactment date of the Religious Freedom Restoration Act by the U.S. President is not supported by the currently retrieved evidence.,0,False,The information regarding the enactment date of the Religious Freedom Restoration Act by the U.S. President is not supported by the currently retrieved evidence.,0,False,VISUAL_REQUIRED,True,6,6,1,5,False,False,False,10756.1885,459.7188999996433,5946.223599999939,False,False,True,True,False,legal,factual_retrieval,2,3,C:/Users/sp/Desktop/adaptive-multimodal-rag/datasets/unidoc/legal/legal/1202569.pdf,page-6-chunk-1,page-1-chunk-1,page-5-chunk-2,"END NOTES 1 On February 25, 2021, the United States House of Representatives passed the Equality Act, H.R. 5, by a vote of 224-206. All Democrats and three Republicans voted in favor of the Act, while all opposing votes were cast by Republicans. The House-passed version of H.R. 5, as placed on the Senate calendar, is at https://www.congress. gov/117/bills/hr5/BILLS-117hr5pcs.pdf. At present, a Senate version, S. 393, has 49 co-sponsors, all the Democratic senators save one, and no Republican co-sponsors. The EQA is not expected to pass the Senate if the filibuster remains in place, but that is a huge “if. ” 2 140 S. Ct. 1731 (2020). 3 H.R. 5, § 9(2)(b)(3) (“Sec. 1107.Claims”). 4 For an explanation as to why the Religious Freedom Restoration Act offers stronger protection than the First Amendment, see Kim Colby, “The Religious Freedom Restoration Act: A Complicated Legacy for Justice Antonin Scalia” , Outcomes, Summer 2016, 32-33, https://www.clsreligiousfreedom.org/sites/default/files/site_files/ Center%20Other/Outcomes%20-%20Summer%202016%20 Colby%20feature%20(002).pdf. See also, Kim Colby, Symposium: Free Exercise, RFRA, and the Need for a Constitutional Safety Net, (Aug. 10, 2020), https://www.scotusblog.com/2020/08/sympo- sium-free-exercise-rfra-and-the-need-for-a-constitutional-safety-net/. 5 H.R. 5, § 9(2)(a)(4)(B); § 9(2)(b)(1) & (b)(3)(a)(1). 6 Id. § 9(2)(b)(1). 7 For a detailed discussion of the Equality Act and abortion, see Richard Doerflinger, The “Equality Act”: Threatening Life and Equality, ( Jan. 14, 2021), https://lozierinstitute.org/the-equali- ty-act-threatening-life-and-equality/. See also, U.S. Conference of Catholic Bishops, The Equality Act: Its Impact on Government Funding of Abortion, (Feb. 2021), https://www.usccb.org/about/ pro-life-activities/upload/Equality-Act-PL-Hyde.pdf. 8 42 U.S.C. § 2000e(k); 20 U.S.C. § 1688. 9 Doe v. C.A.R.S. Protection Plus, 527 F.3d 358, 364 (3d Cir. 2008); 29 C.F.R. § 1604.10, App. 10 H.R. 5, § 9(2)(a)(2). 11 H.R. 5, § 2(a)(22) (emphasis added). 12 T ranscript of Oral Argument at 38, Obergefell v. Hodges, 576 U.S. 644 (2015) (“JUSTICE ALITO: Well, in the Bob Jones case, the Court held that a college was not entitled to tax-exempt status if it opposed interracial marriage or interracial dating. So would the same apply to a university or a college if it opposed same-sex marriage? GENERAL VERRILLI: Y ou know, I don’t think I can answer that question without knowing more specifics, but it’s certainly going to be an issue. I don’t deny that. I don’t deny that, Justice Alito. It is going to be an issue. ”) (cleaned up). 13 461 U.S. 574 (1983). 14 Title II is found at 42 U.S.C. §§ 2000a-2000a-6. 15 H.R. 5, § 3(a)(2)(C). 16 H.R. 5, § 3(c). 17 Id. 18 H.R. 5, § 3(a)(2)(A). 19 H.R. 5, § 3(a)(2)(C). 20 494 U.S. 872 (1990). 21 For example, in Hosanna-T abor Evangelical Church & School v. EEOC, 565 U.S. 171 (2012), the Solicitor General, the federal government’s second highest lawyer, argued that the Free Exercise Clause did not protect the right of a religious congregation to fire ministers if the minister asserted a claim under federal nondiscrimi- nation laws. That argument lost 9-0 when the Supreme Court ruled that the First Amendment included the “ministerial exception,” the right of churches or religious schools to determine the leaders who would carry out their mission. But some federal judges continue to limit this First Amendment protection as much as possible. 22 See supra notes 3 and 4 and accompanying text. 23 Title VI is found at 42 U.S.C. §§ 2000d-2000d-7. 24 20 U.S.C. §§ 1681-1688. 25 Id. § 1681(a)(3) (protecting religious institutions of higher edu- cation when Title IX’s requirements conflict with an institution’s religious tenets); 34 C.F.R. § 106.12 (same). 26 Title VII is at 42 U.S.C. §§ 2000e-2000e-17. 27 40 S. Ct. 1731 (2020). 28 Id. at 1753-54. In a dissent joined by Justice Thomas, Justice Alito examines the troubling religious freedom consequences of the major- ity’s addition of sexual orientation and gender identity to Title VII. Id. at 1754, 1780-82 (Alito, J., dissenting). 29 42 U.S.C. § 2000e-1(a). 30 Id. § 2000e-2(e)(2). 31 Id. § 2000e-(b). 32 Id. § 2000e-2(e)(1). 33 H.R. 5, § 7(b)(3). 34 The Fair Housing Act is at 42 U.S.C. §§ 3601-3619. 35 42 U.S.C.A. § 3607(a). THE CHRISTIAN LAWYER | SPRING 2021 © 2021 Christian Legal Society Readers are granted permission to share this article among personal contacts, but may not republish the article on social","XXXXXXXXXXXX CENTER FOR LAW & RELIGIOUS FREEDOM The Equality Act’s Direct Assault on All Americans’ Religious Freedom BY KIM COLBY The Equality Act (EQA) 1 is an unqualified disaster for all Americans’ religious freedom, as well as for their individual free- dom. The proponents of the EQA deny that it harms religious freedom, but a plain reading of its text shows that the denials simply are not true. The EQA opens up the Civil Rights Act of 1964 to insert “sex, sexual orientation, and gender identity” as protected classes throughout its provisions. Recall that the Civil Rights Act is composed of “titles,” each title addressing discrimination in different contexts (e.g., public accommodations (Title II), ed- ucation (Title IV), federal financial assistance (Title VI), em - ployment (Title VII), and housing (Title VIII)). All of the titles prohibit discrimination on the basis of three protected classes: race, color, and national origin. Some titles also add “sex” or “religion” as protected classes. The titles that add sex or religion may also include a religious exemp- tion. For example, Title VII prohibits employment discrimina- tion on the basis of race, color, national origin, sex, and religion; and it has a strong exemption for religious employers as to dis- crimination based on religion. It also only applies to employers with fifteen or more employees. On the other hand, Title II pro- hibits discrimination on the basis of race, color, national origin, and religion in public accommodations, but it does not have a religious exemption or other limitations. Should the Equality Act pass, the courts will have an important role in interpreting its terms and determining its scope. But I be- lieve the following concerns are a legitimate interpretation of its current text, particularly in light of recent decisions, such as the Supreme Court’s 2020 decision in Bostock v. Clayton County. 2 WWW. CHRISTIANLAWYER.ORG","not a comprehensive discussion of the EQA; however, this examination of the EQA should be enough to alert religious Americans to the dangers posed by the EQA to all Americans’ religious freedom. Because of the obvious danger that the EQA poses to religious freedom, some members of Congress have spoken of the need for a compromise measure that would offer some protections for religious freedom while amending the Civil Rights Act to in- clude sexual orientation and gender identity. There is great debate among religious advocacy groups as to whether compromise legislation is possible or desirable, but stopping the EQA must be the first priority for all religious free- dom supporters. Kim Colby is Director of CLS’ Center for Law & Religious Freedom. She is a grad - uate of Harvard Law School. Kim has represented religious groups in numer - ous appellate cases, including two cas - es heard by the United States Supreme Court. She has filed dozens of amicus briefs in both federal and state courts. In 1984, Kim was heavily involved in congressional passage of the Equal Access Act. WWW. CHRISTIANLAWYER.ORG","The candidate answer is incorrect and fails to answer the question. It falsely claims the text does not mention the enactment date, when the reference clearly provides the date and president. The answer is unsupported and contradicts the reference.","The candidate answer fails to provide the correct information and does not address the question. It incorrectly claims the information is unsupported, while the reference clearly states the enactment date.","The candidate answer fails to provide the correct information and does not address the question. It incorrectly claims the information is unsupported, while the reference clearly states the enactment date.",results/unidoc_full_cache/7eb70d22554fa2dbb5e130bb035f999c52d232a35f3c0dd4c1ff3e3586bd1eb8.npz,"[6, 1, 5]",[],1,YES,RETRIEVAL,,YES,NO,RETRIEVE_MORE,HIGH,"The exact signing date, November 16, 1993, is given in the page-3 caption, but page 3 was absent from the retrieved top-3.",,,,3,"[2, 3]","[6, 1, 5]","[""page-6-chunk-1"", ""page-1-chunk-1"", ""page-5-chunk-2""]",MISS_AT_3_DEPTH_UNMEASURED,False,BLOCKED_INITIAL_TOP_K_3
HR025,V_GT_IN_TOP3_WRONG_PAGE,1,unidoc_commerce_manufacturing_0016,5663148,commerce_manufacturing/commerce_manufacturing/5663148.pdf,What is the general trend of the loss function value during the training iterations?,The loss function value decreases as the iterations increase.,image_only,VISUAL_REQUIRED,[20],"The general trend of the loss function value during the training iterations is not explicitly described in the provided text. However, it is mentioned that Figure 4 plots the loss function value across iterations, and the log loss was used, with higher values indicating that the predicted probability is farther from the actual label. To determine the trend, one would need to refer to the figure itself.",1,False,The information is not supported by the currently retrieved evidence.,0,False,"The general trend of the loss function value during the training iterations cannot be determined from the provided evidence. While the text mentions that Figure 4 plots the loss function value across iterations, the figure itself is not included in the visual context, and no specific description of the trend is given in the text.",0,False,VISUAL_REQUIRED,True,19,19,20,1,False,True,False,8371.2227,261.6436000007525,3545.22039999938,False,True,False,False,False,commerce_manufacturing,summarization,1,3,C:/Users/sp/Desktop/adaptive-multimodal-rag/datasets/unidoc/commerce_manufacturing/commerce_manufacturing/5663148.pdf,page-19-chunk-1,page-20-chunk-1,page-1-chunk-1,"4.1.1. Optimization Algorithm: LightGBM We implemented LightGBM, a gradient boosting tree-based algorithm (Ke et al. 2017). Importantly, LightGBM can handle categorical features (e.g., weekly fixed effect, product category, color). See Web Appendix Section S3.1 for a detailed description of LightGBM. The model’s objective function was to minimize the prediction errors in the training set. We tuned the model’s hyperparameters with a Bayesian optimization method (Snoek et al. 2012). We also fine-tuned the hyperparameters to address the overfitting concern inherent to a tree classifier (Section S3.2 of the Appendix). 4.2. Model Evaluation We randomly split each day’s observations into a training set (85%) and a test set (15%, i.e., a hold-out set for the evaluation of the trained model). Figure 4 plots the loss function value across iterations. We used the log loss, so a higher value indicates that the predicted probability is farther from the actual label. The trained model classified customers into the three groups with a prediction accuracy of 83.9% on the hold-out set (note that a random guess would be 33% accurate). Table 5 reports the confusion matrix. As discussed in Section 3.2.4, Social-Signalers cannot be differentiated from Self-Protectors based on the customer profiles alone. With the sales data, however, we made this important distinction with an accuracy of 81.5%.",Figure 4 Plot of Customer Classification in the Training and Test Sets Table 5 Confusion Matrix of Customer Classification,Risk Sensitivity or Social Signaling? Unmasking Behaviors with Video Analytics Shunyuan Zhang Kaiquan Xu Kannan Srinivasan Working Paper 21-143,"The candidate answer correctly notes that the text does not explicitly describe the trend and refers to a figure for the information. However, it fails to answer the question directly (the trend is that the loss decreases, as stated in the reference), and it does not provide the main idea. It is grounded in the reference but does not satisfy the task.",The candidate answer fails to address the question and does not provide any relevant information about the trend of the loss function. It is incorrect and does not answer the task.,"The candidate answer incorrectly claims the trend cannot be determined, while the reference answer clearly states that the loss function value decreases as iterations increase. The candidate answer contradicts the reference and fails to address the question directly.",results/unidoc_full_cache/729d03756a238f6f4a600b9af2db2e1a0ed329ab4d1de84e9adf9628423a4f7e.npz,"[19, 20, 1]",[20],1,YES,VISUAL_PAGE_SELECTION,,,,INSPECT_OTHER_RETRIEVED_PAGE,HIGH,"Question asks for loss trend across iterations. The relevant graph is on page 20, which was already retrieved at rank 2, but Vision inspected page 19.",,,,,[20],"[19, 20, 1]","[""page-19-chunk-1"", ""page-20-chunk-1"", ""page-1-chunk-1""]",HIT_AT_3,True,BLOCKED_INITIAL_TOP_K_3
HR026,V_GT_IN_TOP3_WRONG_PAGE,2,unidoc_commerce_manufacturing_0018,3274043,commerce_manufacturing/commerce_manufacturing/3274043.pdf,How has the regional distribution of 3M supplier spending changed between 2016 and 2020?,"The regional distribution shows a consistent pattern with Asia Pacific maintaining the highest percentage throughout the years, followed by Europe, Middle East, Africa, and much smaller percentages for Latin America and United States, Canada.",image_only,VISUAL_REQUIRED,[6],The information is not supported by the currently retrieved evidence.,0,False,"The information provided in the retrieved document does not include specific data on the regional distribution of 3M supplier spending for 2016 or 2020, nor does it describe any changes in this distribution between those years. Therefore, the question cannot be answered based on the currently retrieved evidence.",4,True,The information on how the regional distribution of 3M supplier spending has changed between 2016 and 2020 is not supported by the currently retrieved evidence. The provided text and visual context do not include specific data or analysis on supplier spending distribution for these years.,0,False,VISUAL_REQUIRED,True,5,5,6,11,False,True,False,7674.6019,350.6844000003184,2682.1645999989414,False,True,False,False,False,commerce_manufacturing,comparison,1,3,C:/Users/sp/Desktop/adaptive-multimodal-rag/datasets/unidoc/commerce_manufacturing/commerce_manufacturing/3274043.pdf,page-5-chunk-1,page-6-chunk-1,page-11-chunk-1,"5 © 2021 3M . All rights reserved. 2021 Modern Slavery Statement Updated June 202 1 3M Corporate Headquarters 3M at a glance Global capabilities Our supply chains 3M works with broad, complex supply chain s , consisting of over 72,300 suppliers in over 324 subcategories in 113 countries around the world. We procure from large multinational companies like our own, and from small and medium - sized businesses. Our material suppliers can have suppliers of their own. 3M is typically three to six tiers away from the original source of the components of our purchased materials, which emphasizes the importance of our suppliers having due diligence programs in place to also monitor supply chain risks.","6 © 2021 3M . All rights reserved. 2021 Modern Slavery Statement Updated June 202 1 3M Corporate Headquarters At 3M, we set a high bar for our company regarding environmental and social governance, and we expect the same from our suppliers. 3M follows the Organization for Economic Co - operation and Development Due Diligence framework for all our responsible sourcing activities. The 3M Supplier Responsibility Code is based on 3M’s corporate values for sustainable and responsible operations and aligns with the 10 Principles of the United Nations Global Compact, of which 3M is a participant . 3M supply chains at a glance Supplier locations Supplier spend by region Percentage of global total","11 © 2021 3M . All rights reserved. 2021 Modern Slavery Statement Updated June 202 1 3M Corporate Headquarters The concern can be reported anonymously if desired. who has a concern involving 3M can use the 3MEthics.com site as an alternative way to report a concern. The Supplier Responsibility Code outlines supplier expectations relating to grievance mechanisms. Anyone determined with a cross-functional business team to elevate and resolve the situation. on the identified gaps or is unable to close the issues within a reasonable timeframe, alternative actions are appropriate resolution and conformance with 3M’s requirements. If a supplier is unwilling to work with 3M from 3M teams in sourcing, area manufacturing, supply chain, and/or business personnel. This assures process will escalate to a corporate Supplier Corrective Action Request that would involve engagement If the assessment identifies gaps or findings, and if a supplier is not able or willing to resolve them, the forced and compulsory labor and coercion to induce a commercial sex act or to procure the same — all of (Federal Acquisitions Regulation 52.222-50) prohibiting human trafficking, including slavery, servitude, flow-down requirements for suppliers. In the United States, the government has adopted a regulation Human trafficking and forced labor-related provisions are also included in 3M’s U.S. government contract counsel. employees must consult 3M’s Government Contract Compliance Department or their assigned legal Before entering into any government contract or any agreement related to a government customer, 3M world. state/provincial and national governments and with their prime contractors and subcontractors around the 3M is committed to being a responsible company with unwavering integrity in all dealings with local, Government contracting in late 2019. oversight by the 3M Board Science, Technology & Sustainability Committee, which our Board established a robust governance framework that guides our sustainability and EHS activities, with primary Board-level Strategic Sourcing, Human Resources, Ethics and Compliance, Legal, EHS and Sustainability. We also have Chain Executive Committee. This committee consists of executive leaders from 3M Supply Chain, Solutions organization, with oversight from the strategic sourcing leadership as well as the 3M Supply 3M’s supplier assessment and auditing program is implemented by 3M’s Strategic Sourcing and Packaging higher-risk countries, such as in Asia Pacific, Latin America, or parts of Europe, Middle East, and Africa. use of timber-based products and other plant materials (pulp and paper), and all new suppliers in the our use of certain minerals with the potential to be sourced from conflict-affected and high-risk areas, our additional and specific formal expectations to drive more sustainable, responsible practices. This includes In addition to the global Supplier Responsibility Code expectations for all suppliers, certain areas warrant expectations. suppliers by proactively conducting Supplier Responsibility Code assessments to conformance with 3M’s corrective action in a timely manner may be subject to termination by 3M. 3M has disqualified new very quickly to address any 3M findings. Those suppliers unwilling or unable to take the necessary qualification assessment after completing the necessary steps to retain 3M business. Most suppliers work identified gaps and prevent reoccurrence of the issue. Suppliers with corrective action must pass a 3M re- expectations. Those requiring improvement are to provide information on what they will do to correct the The self-assessments and on-site audits of suppliers have revealed that most suppliers are meeting 3M’s comprehensive Responsible Business Alliance framework, which covered every region of the world. comprehensive. In 2020, 3M completed more than 468 assessments in 35 countries, which included the prioritized countries. Along the way, our assessment process has become more evolved and more In the past 12 years, we have conducted over 7,400 self-assessments or on-site audits of suppliers in",The candidate answer does not provide any information about the regional distribution of 3M supplier spending or its change between 2016 and 2020. It fails to address the question and contradicts the reference answer by claiming the information is unsupported.,"The candidate answer correctly states that the retrieved document does not contain the necessary data to answer the question. It is fully correct, complete, grounded in the absence of relevant data, and directly addresses the task by explaining the lack of information.","The candidate answer fails to address the question and contradicts the reference by claiming the information is not supported, when the reference clearly provides a consistent pattern of regional distribution.",results/unidoc_full_cache/2341f11d850dcf057ee0977bb0e94908fe0d91a2f217631aa60dd814f9386770.npz,"[5, 6, 11]",[6],1,UNCLEAR,UNCLEAR,,,,UNCLEAR,LOW,Source content appears inconsistent with the benchmark answer while the system behavior may also contain an error. Exclude from clean causal counts pending separate review.,,,,,[6],"[5, 6, 11]","[""page-5-chunk-1"", ""page-6-chunk-1"", ""page-11-chunk-1""]",HIT_AT_3,True,BLOCKED_INITIAL_TOP_K_3
HR027,V_GT_IN_TOP3_WRONG_PAGE,3,unidoc_construction_0025,4481874,construction/construction/4481874.pdf,What is the pollution index value for the emissions-compliant engine from Poulan?,The pollution index value for the emissions-compliant engine from Poulan is 3.,image_only,VISUAL_REQUIRED,[21],The information is not supported by the currently retrieved evidence.,0,False,The information is not supported by the currently retrieved evidence.,0,False,The information is not supported by the currently retrieved evidence.,0,False,VISUAL_REQUIRED,True,20,20,21,20,False,True,False,8316.0891,455.2879999992001,3743.4577999993053,False,True,False,False,False,construction,factual_retrieval,1,3,C:/Users/sp/Desktop/adaptive-multimodal-rag/datasets/unidoc/construction/construction/4481874.pdf,page-20-chunk-1,page-21-chunk-1,page-20-chunk-2,"20 LIMITED WARRANTY Poulan, a division of Husqvarna Consumer Outdoor Products N.A., Inc., warrants to the original consumer purchaser that each new Poulan brand gasoline chain saw is free from defects in material and workmanship and agrees to repair or replace under this warranty any defective gasoline chain saw as follows from the original date of purchase. 1 YEAR - - Parts and Labor, when used for household purposes. 60 DAYS - -Parts and Labor, when used for commercial, professional, or income pro- ducing purposes. 30 DAYS - -Parts and Labor, if used for rental purposes. This warranty is not transferable and does not cover damage or liability caused by improper handling, improper maintenance or alteration, or the use of accessories and/or attachments not specifically recommended byPoulan for this chain saw. This warranty does not cover tune- -up, spark plugs, filters, starter ropes, chain sharpening, bars, chains, and other parts which wear and require replacement with rea- sonable use during the warranty period. This warranty does not cover predelivery setup, installation of guide bar and chain, and normal adjustments explained in the instruction manu- al such as chain tension adjustments. This warranty does not cover transportation costs. In the event you have a claim under this war- ranty, you must return the product to an au- thorized service dealer. Should you have any unanswered questions concerning this warranty, please contact: Poulan, a division of Husqvarna Consumer Outdoor Products N.A., Inc. 1030 Stevens Creek Road Augusta, GA 30907 1- -800- -554- -6723 In Canada, contact: Poulan 850 Matheson Blvd. West Mississauga, Ontario L5V 0B4 Giving the model number, serial number and date of purchase of your product and the name and address of the authorized dealer from whom it was purchased. THIS WARRANTY GIVES YOU SPECIFIC LEGAL RIGHTS, AND YOU MAY HAVE OTHER RIGHTS WHICH VARY FROM STATE TO STATE. NO CLAIMS FOR CONSEQUENTIAL OR OTHER DAMAGES WILL BE ALLOWED, AND THERE ARE NO OTHER EXPRESS WARRANTIES EXCEPT THOSE EX- PRESSLY STIPULATED HEREIN. SOME STATES DO NOT ALLOW LIMITA- TIONS ON HOW LONG AN IMPLIED WAR- RANTY LASTS OR THE EXCLUSION OR LIMITATIONS OF INCIDENTAL OR CON- SEQUENTIAL DAMAGES, SO THE ABOVE LIMITATIONS OR EXCLUSION MAY NOT APPLY TO YOU. This is a limited warranty within the meaning of that term as defined in the Magnuson- - Moss Act of 1975. The policy of Poulan is to continuously im- prove its products. Therefore, Poulan re- serves the right to change, modify, or discon- tinue models, designs, specifications, and accessories of all products at any time with- out notice or obligation to any purchaser. U.S. EPA/CALIFORNIA/ENVIRONMENT CANADA EMISSION CONTROL WARRANTY STATEMENT YOUR WARRANTY RIGHTS AND OB- LIGATIONS: The U.S. Environmental Protection Agency, California Air Resources Board, Environment Canada and Poulan are pleased to explain the emissions control sys- tem warranty on your year 2009 and later small off- -road engine. In California, all small off- -road engines must be designed, built, and equipped to meet the State’s stringent anti- -smog stan- dards. Poulan must warrant the emission control system on your small off- -road engine for the periods of time listed below provided there has been no abuse, neglect, or improp- er maintenance of your small off- -road en- gine. Y our emission control system includes parts such as the carburetor, the ignition sys- tem and the fuel tank. Where a warrantable condition exists, Poulan will repair your small off- -road engine at no cost to you. Expenses covered under warranty include diagnosis, parts and labor.MANUFACTURER’S WAR- RANTY COVERAGE: If any emissions re- lated part on your engine (as listed under Emissions Control Warranty Parts List) is de- fective or a defect in the materials or workman- ship of the engine causes the failure of such an emission related part, the part will be repaired or replaced by Poulan. OWNER’S WAR- RANTY RESPONSIBILITIES: As the small off- -road engine owner, you are responsible for the performance of the required mainte- nance listed in your instruction manual. Pou- lan recommends that you retain all receipts covering maintenance on your small off- - road engine, but Poulan cannot deny war- ranty solely for the lack of receipts or for your failure to ensure the","21 should be completed in a reasonable amount of time, not to exceed 30 days. If you have any questions regarding your warranty rights and responsibilities, you should contact your nearest authorized service center, call Poulan at 1- -800- -554- -6723, or send e-mail corre- spondence to emission.warranty@HCOP- - emission.com. WARRANTY COMMENCE- MENT DATE: The warranty period begins on the date the small off- -road engine is pur- chased. LENGTH OF COVERAGE: This warranty shall be for a period of two years from the initial date of purchase. WHAT IS COVERED: REPAIR OR REPLACEMENT OF PARTS. Repair or replacement of any warranted part will be performed at no charge to the owner at an approved Poulan servicing center. If you have any questions regarding your warranty rights and responsi- bilities, you should contact your nearest au- thorized service center, call Poulan at 1- -800- -554- -6723, or send e-mail corre- spondence to emission.warranty@ HCOP- - emission.com. WARRANTY PERIOD: Any warranted part which is not scheduled for re- placement as required maintenance, or which is scheduled only for regular inspec- tion to the effect of “repair or replace as nec- essary” shall be warranted for 2 years. Any warranted part which is scheduled for re- placement as required maintenance shall be warranted for the period of time up to the first scheduled replacement point for that part. DIAGNOSIS: The owner shall not be charged for diagnostic labor which leads to the determination that a warranted part is de- fective if the diagnostic work is performed at an approved Poulan servicing center. CONSEQUENTIAL DAMAGES: Poulan may be liable for damages to other engine components caused by the failure of a war- ranted part still under warranty. WHAT IS NOT COVERED : All failures caused by abuse, neglect, or improper maintenance are not covered. ADD- -ON OR MODIFIED PARTS:The use of add- -on or modified parts can be grounds for disallowing a warranty claim. Poulan is not liable to cover failures of warranted parts caused by the use of add- - on or modified parts. HOW TO FILE A CLAIM: If you have any questions regarding your warranty rights and responsibilities, you should contact your nearest authorized service center, call Poulan at 1- -800- -554- -6723, or send e-mail corre- spondence to emission.warranty@HCOP- - emission.com. WHERE TO GET WARRAN- TY SERVICE: Warranty services or repairs shall be provided at all Poulan service centers. Call: 1- -800- -554- -6723 or send e-mail corre- spondence to emission.warranty@ HCOP -- emission.com. MAINTENANCE, REPLACE- MENT AND REPAIR OF EMISSION RELATED PARTS : Any Poulan approved replacement part used in the performance of any warranty maintenance or repair on emis- sion related parts will be provided without charge to the owner if the part is under war- ranty. EMISSION CONTROL WARRANTY PARTS LIST:Carburetor, air filter (covered up to maintenance schedule), ignition system: spark plug (covered up to maintenance sched- ule), ignition module, muffler including catalyst (if equipped), fuel tank. MAINTENANCE STATEMENT :The owner is responsible for the performance of all required maintenance as defined in the instruction manual. The information on the product label indicates which standard your engine is certified. Example: (Year) EPA and/or CALIFORNIA. This engine is certified to be emissions compliant for the following use: Moderate (50 hours) Intermediate (125 hours) Extended (300 hours)","Control Warranty Parts List) is de- fective or a defect in the materials or workman- ship of the engine causes the failure of such an emission related part, the part will be repaired or replaced by Poulan. OWNER’S WAR- RANTY RESPONSIBILITIES: As the small off- -road engine owner, you are responsible for the performance of the required mainte- nance listed in your instruction manual. Pou- lan recommends that you retain all receipts covering maintenance on your small off- - road engine, but Poulan cannot deny war- ranty solely for the lack of receipts or for your failure to ensure the performance of all scheduled maintenance. As the small off- - road engine owner, you should be aware that Poulan may deny you warranty coverage if your small off- -road engine or a part of it has failed due to abuse, neglect, improper main- tenance, unapproved modifications, or the use of parts not made or approved by the original equipment manufacturer. You are re- sponsible for presenting your small off- -road engine to an Poulan authorized repair center as soon as a problem exists. Warranty repairs",The candidate answer fails to provide the correct pollution index value and does not address the question based on the reference information.,The candidate answer fails to provide the correct pollution index value and does not address the question based on the reference information.,The candidate answer fails to provide the correct pollution index value and does not address the question based on the reference information.,results/unidoc_full_cache/c432df6c1a6b1986ed16b62bcf8f42951f1b01621792c166eb920643cc57fbed.npz,"[20, 21]",[21],1,YES,VISUAL_PAGE_SELECTION,,,,INSPECT_OTHER_RETRIEVED_PAGE,HIGH,"The required Air Index value is on page 21. Page 21 was retrieved at rank 2, but Vision inspected page 20.",,,,,[21],"[20, 21, 20]","[""page-20-chunk-1"", ""page-21-chunk-1"", ""page-20-chunk-2""]",HIT_AT_3,True,BLOCKED_INITIAL_TOP_K_3
HR028,V_GT_IN_TOP3_WRONG_PAGE,4,unidoc_construction_0108,1844363,construction/construction/1844363.pdf,What impact does differing permeability in the dam's abutments have on seepage at the Peygham-Chay site?,"The low permeability in the left abutment results in insignificant seepage rates. In contrast, the high permeability in the right abutment leads to substantial seepage, especially in sections 11 and 12. This requires sealing measures to prevent excessive water loss and ensure the dam's stability.",text_only,TEXT_ONLY,"[7, 9, 10, 11]","The differing permeability in the dam's abutments at the Peygham-Chay site significantly impacts seepage. The left abutment, composed of heterogeneous alluvium, exhibits a wide range of permeability values, from 2.48e-8 to 1.16e-2 cm/s, due to the presence of fine-grained elements and clay compositions. In contrast, the right abutment has a much lower alluvial coverage and higher permeability values in the bedrock. These permeability differences result in varying seepage conditions, necessitating the consideration of 15 sections for water seepage analysis. The left abutment's lower permeability in some areas and higher permeability in others contributes to non-uniform seepage, while the right abutment's higher permeability in the bedrock may lead to increased seepage potential.",2,False,"The differing permeability in the dam's abutments at the Peygham-Chay site significantly impacts seepage. The left abutment, characterized by alluvium heterogeneity, exhibits a broad permeability range from 2.48e-8 cm/s to 1.16e-2 cm/s. In contrast, the right abutment shows a permeability domain influenced by a bed river high. These variations in permeability, along with differences in the thickness of bedrock and alluvial materials, necessitate 15 sections for water seepage analysis. The permeability and thickness diversities are key factors influencing seepage behavior at the site.",2,False,"The differing permeability in the dam's abutments at the Peygham-Chay site significantly impacts seepage. The left abutment, characterized by alluvium heterogeneity, exhibits a broad permeability range from 2.48e-8 cm/s to 1.16e-2 cm/s. In contrast, the right abutment shows a permeability domain influenced by a bed river high. These variations in permeability, along with differences in the thickness of bedrock and alluvial materials, necessitate 15 sections for water seepage analysis. The permeability and thickness diversities are key factors influencing seepage behavior at the site.",2,False,VISUAL_REQUIRED,True,6,6,7,9,False,True,False,10559.1125,404.08729999944626,4360.93019999862,False,True,False,True,False,construction,causal_reasoning,4,3,C:/Users/sp/Desktop/adaptive-multimodal-rag/datasets/unidoc/construction/construction/1844363.pdf,page-6-chunk-1,page-7-chunk-1,page-9-chunk-1,"H. Farhadian, Z. Maleki, S. A. Eslaminezhad WINTER 2021, Vol 7, No 1, JOURNAL OF HYDRAULIC STRUCTURES Shahid Chamran University of Ahvaz 64 Figure 2: Location and the geological setting of Peygham-Chay dam 3.2. Site description A big part of Azerbaijan province is located in a zone termed, “Azerbaijan -Alborz”. This area is limited in the north by Alborz’s fault, in the west by Tabriz -Urumiyeh fault, and in the south by Semnan fault [60]. Various sedimentary facies are created based on faulting and fragmentation in Azerbaijan through a structural event in Early Devonian [61]. According to this circu mstance, the Tabriz fault was composed and extended from Zanjan depression to the Mishu and Morou mountains in Tabriz and northwest of Caucasus and Azerbaijan in an NW –SE direction [62]. This episode separated Azerbaijan into two blocks, one block is relat ed to the northeast with subsidence and sedimentation in Early Devonian, and the other is placed in the southwest, which remained high until Late Carboniferous [63]. The axis of the Peygham-Chay dam is located in a relatively narrow valley that has an asym metric shape in this area. The bedrock outcrop causes a steep slope of 28º in the right abutment while the left abutment of the dam has a mild slope of 5º due to the presence of alluvium. The width of the alluvium covers at most 60 m in left abutment, but in the right abutment and riverbed, the thickness is between 5 and 20 m. The stratigraphic rock of the study area is composed of volcanic rocks, clastic rocks (gray sandstone and shale), and intrusive igneous rocks covered by alluvial deposits. Based on th e exploratory drillings over the region, water table measurements, data of Lugeon and Lufran tests, and field observations, the hydrogeological setting was investigated. Scrutinizes show that the permeabilities domain is broad in left abutment due to alluv ium heterogeneity. The minimum and maximum permeabilities are 2.48e -8 and 1.16e -2 cm/s, respectively. Also, surveys show the permeabilities domain in the right abutment with the presence of a bed river high toward the left abutment. Since the Peygham-Chay Dam site is located on two different types of bedrock and alluvial material, and also due to permeability and thickness diversities of these materials along the dam, 15 sections were considered for water seepage analyses shown in Figure 3. Table 1 presents the geometric characteristics of the dam site and other information that predominantly required for water seepage estimation.","Assessment of the Optimum Depth of Sealing Cutof … WINTER 2021, Vol 7, No 1, JOURNAL OF HYDRAULIC STRUCTURES Shahid Chamran University of Ahvaz 65 Figure 3: Position of sections in the dam axis Table 1: Technical characterization of Peygham-Chay dam Crown length Crown width Max. water height Max. Crown height Core permeability Shell permeability Drainage permeability Filter permeability 771 m 10 m 45 m 46 m 4e-7 cm/s 1e-3 cm/s 6.25e-5 cm/s 2.5e-6 cm/s 3.3. Hydrogeological conditions In this research, to examine permeability conditions at the Peygamchai Kleiber dam site some hydrogeological studies were conducted using 17 boreholes drilled in the region's alluvial and bedrock foundations. - Alluvial foundation The permeability in the left abutment of Peygham -Chay dam is not uniform due to heterogeneity and non-uniformity in the alluvial base of this area. As a result, the conditions in various boreholes vary from highly permeable to impermeable. The p ermeability of the BH7 borehole (2.48e -8 cm/s) is the lowest in this range, while the permeability of the BK9 borehole is the highest (1.16e-2 cm/s). The abundance of fine-grained elements in these alluviums and clay compositions in some areas explains this condition. In the case of falling head, the alluvial base in the left abutment has a permeability of 9.71e-4 cm/s and in the case of Constant -head, it has a permeability of 2.27e -3 cm/s. The average permeability in boreholes located in the alluvium of Pe ygham-Chay dam's left axis is shown in Table 2. Because of the low alluvial coverage (about 0.5 to a few meters), investigation of the permeability of the alluvial segment in the right abutment can be overlooked. As a result, only the Lugean test has been carried out in this portion.","Assessment of the Optimum Depth of Sealing Cutof … WINTER 2021, Vol 7, No 1, JOURNAL OF HYDRAULIC STRUCTURES Shahid Chamran University of Ahvaz 67 Table 3: The permeability in boreholes drilled into the bedrock on the left side of the Peyghamchai dam site Description The average permeability (Lugean) Depth of alluvium (m) boreholes depth(m) boreholes One experiment 0.36 60.5 70 BH1 Two experiments 0.18 53 65 BH2 One experiment 0.062 20.9 45 BH7 Two experiments 2.5 16 40 BK6 One experiment 0 7.2 31 BK7 - - 20 40 BK8 Eleven experiments 2 7.5 32 BK9 One experiment 2 48 60 BK10 - 1 - - average Table 4: The permeability in boreholes drilled into riverbed alluviums at the Peyghamchai dam site The average permeability (Constant - head) The average permeability (falling head) Depth of alluvium (m) boreholes depth(m) borehole s 1.55e-4 1.7e-4 11.5 40 BH3 1.17e-4 1.81e-4 11 45 BH4 2.21e-2 815e-3 11.8 30 BH5 1.96e-3 1.02e-3 12 35 BH13 4.17e-2 1.62e-2 6.6 30 BH15 5.25e-2 2.71e-3 8 30 BH17 3.02e-3 5.77e-3 11 25 BK4 3.02e-3 3.86e-3 9.5 25 BK5 3.02e-2 4.76e-3 - - average Table 5: The permeability in boreholes drilled into the bedrock on the right side of the Peygham Chai dam site The average permeability (Lugean) Depth of alluvium (m) boreholes depth (m) boreholes 11 0.5 40 BH6 2.5 4.9 20 BH10 173 0.3 25 BH11 7 2.2 30 BH12 2 1 60 BK1 17 0 20 BK2 63 8.75 20 BK3 41 3 BK12-1 40 - - average","The candidate answer correctly identifies that differing permeability in the abutments affects seepage and mentions the left and right abutments. However, it incorrectly states that the left abutment has a wide range of permeability and higher permeability in some areas, while the reference indicates the left abutment has low permeability. The right abutment is correctly described as having higher permeability, but the candidate omits the key point about sections 11 and 12 and the need for sealing measures. The mention of 15 sections is not supported by the reference. The answer is partially correct but lacks essential details and includes some inaccuracies.","The candidate answer mentions differing permeability and its general impact on seepage, but it does not correctly identify the specific effects of low permeability in the left abutment (insignificant seepage) and high permeability in the right abutment (substantial seepage). It also fails to mention the need for sealing measures. The reference answer is not supported by the candidate's claims, and the candidate introduces unsupported details about alluvium heterogeneity and 15 sections for analysis.","The candidate answer correctly identifies that differing permeability impacts seepage and mentions the left and right abutments. However, it lacks the specific information from the reference about low vs. high permeability and the resulting seepage rates (insignificant vs. substantial). It also mentions 15 sections, which is not in the reference, and includes unsupported details about alluvium heterogeneity and bed river influence. The answer is partially correct and grounded but misses key points and includes minor unsupported claims.",results/unidoc_full_cache/b2c11795357adbf67afe0ae46c73228f63d79f8384d3ab87d737fdbcfe212165.npz,"[6, 7, 9]","[7, 9]",1,YES,RETRIEVAL,,,,RETRIEVE_MORE,HIGH,"The decisive seepage comparison is stated on page 11, but the retrieved top-3 pages were 6, 7, and 9. Benchmark page annotations may not fully reflect the most sufficient evidence page.",,,,,"[7, 9, 10, 11]","[6, 7, 9]","[""page-6-chunk-1"", ""page-7-chunk-1"", ""page-9-chunk-1""]",HIT_AT_3,True,BLOCKED_INITIAL_TOP_K_3
HR029,V_GT_IN_TOP3_WRONG_PAGE,5,unidoc_crm_0127,6696676,crm/crm/6696676.pdf,In what way does the modified network display the impact of reciprocation and message reading likelihoods in maximizing influence?,"The graph transformation demonstrates the impact of reciprocation and message reading likelihoods by adding nodes and dashed arcs. In 'reciprocation' (a), new nodes (in red) illustrate how reciprocation probabilities influence connections. In 'readers' (b), new nodes (in blue) show how reading probabilities affect message spread. These transformations highlight how both factors collectively contribute to maximizing influence in the network, with the greedy algorithm approximating this influence maximization effectively.",image_plus_text_as_answer,VISUAL_REQUIRED,"[8, 9]","The modified network accounts for the impact of reciprocation and message reading likelihoods by introducing additional nodes and arcs to the original graph. Specifically, for reciprocation, an additional node $ u' $ is added for each reciprocating node $ u $, and the probabilities are updated accordingly. This allows the network to model the dynamic selection of followings, where users who do not reciprocate by a given time $ T $ are removed, and new users can be followed. 

For message reading likelihoods, the network is further modified by introducing a new node $ u'' $ for each user $ u $, along with directed arcs $ (u, u'') $ and $ (v, u'') $ for each node $ v $ such that $ (v, u) \in E $. This allows the network to separately account for the roles of a user as a retweeter and as a reader. The activation success probabilities are adjusted such that the probability of a user reading a message is modeled independently, with weights assigned to reflect the distinction between retweeters and readers. 

These modifications enable the network to quantify influence not only by the number of retweets but also by the number of users who read the message, thereby capturing the impact of reciprocation and message reading likelihoods in maximizing influence.",3,True,"The modified network models the impact of reciprocation and message reading likelihoods by introducing a new node $u''$ for each original user $u$, creating a doubled graph structure. Directed arcs $(u, u'')$ and $(v, u'')$ are added for each edge $(v, u) \in E$, enabling the separate modeling of retweeting and reading behaviors. Activation success probabilities are adjusted such that original nodes $v \in V$ retain their probabilities $\hat{p}_v(t,S) = p_v(t,S)$, while duplicated nodes $v'' \in V''$ have $\hat{p}_{v''}(t,S) = 1$, indicating certainty in reading once retweeted. Node weights are assigned as $w_v = 0$ for original nodes and $w_{v''} = 1$ for duplicated nodes, so the total influence $\psi(B) = \sum_{v \in \tilde{V}} w_v X_v$ counts only users who read the tweet (i.e., active duplicated nodes). This structure allows the cascade model to separately account for retweeting (activation of $u$) and reading (activation of $u''$), thereby modeling the impact of reciprocation and message reading likelihoods on influence maximization.",2,False,"The modified network models the impact of reciprocation and message reading likelihoods by introducing a new node $u''$ for each original user $u$, creating a doubled graph structure. Directed arcs $(u, u'')$ and $(v, u'')$ are added for each edge $(v, u) \in E$, enabling the separate modeling of retweeting and reading behaviors. Activation success probabilities are adjusted such that original nodes $v \in V$ retain their probabilities $\hat{p}_v(t,S) = p_v(t,S)$, while duplicated nodes $v'' \in V''$ have $\hat{p}_{v''}(t,S) = 1$, indicating certainty in reading once retweeted. Node weights are assigned as $w_v = 0$ for original nodes and $w_{v''} = 1$ for duplicated nodes, so the total influence $\psi(B) = \sum_{v \in \tilde{V}} w_v X_v$ counts only users who read the tweet (i.e., active duplicated nodes). This structure allows the cascade model to separately account for retweeting (activation of $u$) and reading (activation of $u''$), thereby modeling the impact of reciprocation and message reading likelihoods on influence maximization.",2,False,VISUAL_REQUIRED,True,10,10,4,9,False,True,False,14461.0019,445.15880000017205,6451.021500000024,False,True,False,True,False,crm,causal_reasoning,2,3,C:/Users/sp/Desktop/adaptive-multimodal-rag/datasets/unidoc/crm/crm/6696676.pdf,page-10-chunk-1,page-4-chunk-1,page-9-chunk-1,"How to Network in Online Social Networks 7 Proof. The proof is analogous to that of Proposition 1. In this case an additional node u′ is added only for each reciprocating node u, i.e. for each u ∈ V such that Ru = 1 and the probabilities can be updated as follows: ˆpv(t,S ) = pv(t,S ) for t ⁄= v′ and v′ /∈ S , ˆpv(v′,S ) = pv(u0,S ) and ˆpv(t,S ) = pv(t,S ) ifv′ ∈S, where only the nodes v′ such that Rv = 1 need to be considered. While Problem 2 requires to know a priori which users are willing to reciprocate u0, the greedy algorithm can be implemented online without such knowledge. This practical greedy algorithm operates in steps, where each step has a duration at most equal to T time units. At each step the user follows the node v that brings the largest marginal increase in comparison to the already selected nodes assuming that v reciprocates. If node v reciprocates by time T , node u0 maintains user v in its list of followings, otherwise it removes it. The algorithm stops when K users reciprocate or when there are no more users to select in the network. It is easy to check that the practical greedy algorithm selects exactly the same users that the greedy algorithm with a priori knowledge of the reciprocating nodes would, but it requires in general a longer time to execute. The reasoning above leads us to conclude that: Proposition 3. The greedy algorithm for Problem 2 can be implemented without a priori knowl- edge of which users reciprocate, and its expected number of retweets is at least (1−1/e) of the value obtained by any online algorithm where each node can be selected at most once and reciprocation delays of at most T time units are tolerated. Finally, we move to consider the case where user’s inﬂuence is quantiﬁed through the number of users who read its tweet (or better that have the tweet in their stream). This problem can be mapped to a variant of the previous case (where we consider the number of retweets) introducing opportune nodes’ weights. We need to change the original graph (V,E ) as follows. For each user u ∈V , we introduce a new node u′′ and the directed arcs (u,u ′′) and (v,u ′′), for each node v such that (v,u ) ∈E (see Fig. 1 (b)). We denote V ′′ andE′′ respectively the set of new nodes and arcs and ( ˜V, ˜E) the new graph. By doubling each node, we can separately account for the two roles of a user as retweeter and as reader. Going back to the cascade model terminology, at a given time step if node u is active, the corresponding user has retweeted the tweet, and if node u′′ is active the corresponding user has read the tweet. In order to correctly model the process, we introduce activation success probabilities as follows: ˜pv(t,S ) = pv(t,S ) for v ∈ V and ˜pv′′ (t,S ) = 1 for v′′ ∈ V ′′. We also introduce nodes’ weights wv = 0 for v ∈ V wv′′ = 1 for v′′ ∈ V ′′. Let Xv be the Bernoulli random variable that indicates if node v is active when the cascade terminates. The number of users that see the tweet is given by ψ(B) = ∑ v∈ ˜V wvXv whereB ⊆V is the set of followings selected by node u0. Two diﬀerent problems can then be deﬁned depending if the set B has to be selected at the begin or can be changed dynamically, similarly to what is done above. The only diﬀerence is the fact that the weighted objective function E [ψ(B)] is considered instead of the unweighted one E [ϕ(B)]. Obviously the function E [ψ(B)] is non-negative and non-decreasing, we can also prove that Proposition 4. The function E [ψ(B)] is submodular. Proof. We adapt some results in [6] relative to the size of the diﬀerent sets to the case where we consider a weighted sum of the set elements. We need to prove that ψ(B1 ∪ {z}) −ψ(B1) ≥ ψ(B2 ∪ {z}) −ψ(B2)","RESEARCH CENTRE SOPHIA ANTIPOLIS – MÉDITERRANÉE 2004 route des Lucioles - BP 93 06902 Sophia Antipolis Cedex How to Network in Online Social Networks Giovanni Neglia∗, Xiuhui Ye †, Maksym Gabielkov ‡, Arnaud Legout‡ Project-Teams MAESTRO, DIANA Research Report n° 8423 — December 2013 — 13 pages Abstract: In this paper, we consider how to maximize users’ inﬂuence in Online Social Networks (OSNs). More speciﬁcally, we study how social relationships impact inﬂuence in both directed OSNs (such as Twitter or Google+) and undirected ones (such as Facebook). Our problem introduces some new twists in comparison to the classic inﬂuence maximization problem originally deﬁned in [5], where K inﬂuential individuals have to be selected. First, even if the user follows or proposes its friendship to the most inﬂuential individuals, there is no guarantee that they will follow back or accept the friendship request, i.e. they may not reciprocate. Second, following or proposing friendship is a quite cheap operation in OSNs so that the user can easily change dynamically its set of connections. A third diﬀerence in comparison to the classic formulation is that we quantify the inﬂuence not only by the number of individuals who actively replicate the information but also who can see the information. We show that, despite these three diﬀerences, greedy algorithms have the same theoretical guarantees than in the standard inﬂuence maximization problem, i.e. they reach a (1 − 1/e) approximation ratio. These greedy algorithms require the knowledge of the whole topology and are computationally expensive because of the inherent cost of evaluating the eﬀect of a cascade. We show by simulations on the complete Twitter graph that much more practical heuristics are almost as eﬀective. For example, exploiting simply the knowledge of degree and reciprocation probability of each node i (respectively di and ri), the strategy that selects the nodes with the largest product ridi performs at most 2% worse than the above mentioned greedy algorithm. Moreover, the even simpler random selection strategy requires only to know the set of users and achieves similar performance when the information replication probability of the cascade process is as large as 1%. Key-words: Twitter, social network, inﬂuence ∗ Inria Sophia-Antipolis Méditerrané, MAESTRO project-team. † Politecnico di Torino, Dipartimento di Elettronica e Telecomunicazioni. ‡ Inria Sophia-Antipolis Méditerrané, DIANA project-team.","6 Neglia & Ye & others u1 u2u3 u4 pp p p u′ 1 u′ 2u′ 3 u′ 4 rp rp rp rp (a) reciprocation u1 wu1 = 0 u2 wu2 = 0u3wu3 = 0 u4wu4 = 0 pp p p u′′ 1wu′′ 1 = 1 u′′ 2wu′′ 2 = 1u′′ 3 wu′′ 3 = 1 u′′ 4 wu′′ 4 = 1 1 1 1 1 1 1 1 1 (b) readers Figure 1: Graph transformations. The original nodes are green. The added nodes are red/blue, added arcs are dashed. We have speciﬁed the new success probability functions for the simple case when pv(.) and r(.) are constant and respectively equal to p and r. to the fact that the initial set of active nodes is counted by φ(.) (A ⊆ φ(A)). It follows that σ(h(B)) = E [ϕ(B)]+K and Problem 1 is equivalent to solve the inﬂuence maximization problem on ( ˆV, ˆE) with the additional constraint that the nodes can only be selected in V ′. This does not change the property of the function σ(.), that is non negative, monotone and sub-modular, then the results in [5, 6] still hold. In particular the greedy algorithm is a (1 − 1/e) approximation algorithm for the inﬂuence maximization problem deﬁned on ( ˆV, ˆE) and then for Problem 1. 2 We now consider a variation of problem 1 where node u0 is not required to select all the K followings at once, but it can apply more complex dynamic strategies. For example node u0 can stop following nodes that do not reciprocate by a given time T and start following new users. In this way u0 can follow during a given time window more than K users (but at most K at the same time) and reach in general a larger number of followers (the number can approach K if there are at least K nodes in the network willing to reciprocate u0). This improvement in comparison to the original problem is obtained at the price of a longer time required to select the best followings. The best possible result achievable by u0 is obtained if we assume u0 to know a priori which nodes would reciprocate. For each node v, let Rv be the Bernoulli random variable indicating if node v reciprocates node u0 by time T after u0 starts following v. Clearly it holds r(v) = E [Rv]. We introduce then the following ideal optimization problem: Argmax B E [|ϕ(B)|] subject to |B| ≤ K and Rv = 1 ∀v ∈B. (2) The greedy algorithm for this problem orderly selects K reciprocating nodes. At each step the reciprocating node that maximizes the marginal improvement of ϕ(B) is added to the current set and the success probability functions are left Proposition 2. The greedy algorithm is a (1 − 1/e) approximation algorithm for problem 2. 2 Also the results for the case when the greedy algorithm selects at each step a (1 − ǫ) approximation of the best node can be extended to our case, but for the sake of conciseness we only refer to the simpler case. Inria","The candidate answer is mostly correct and semantically aligned with the reference. It accurately describes the addition of nodes and arcs for reciprocation and message reading likelihoods, and explains how these modifications model influence. It is complete in covering the essential points and is fully grounded in the reference. The only minor issue is that it provides more detailed technical descriptions (e.g., node naming and edge definitions) than the reference, but these are consistent and do not contradict the reference.","The candidate answer is partially correct, as it describes a modified network structure with duplicated nodes and adjusted probabilities, which is a plausible modeling approach. However, it does not directly mention the use of red and blue nodes or the specific terms 'reciprocation' and 'readers' as in the reference. It also lacks the explicit connection to how these factors collectively contribute to maximizing influence. The answer is grounded in a reasonable interpretation but includes some unsupported modeling details not present in the reference.","The candidate answer is partially correct, as it describes a modified network structure with duplicated nodes and adjusted probabilities, which is a plausible modeling approach. However, it does not directly mention the use of red and blue nodes or the specific terms 'reciprocation' and 'readers' as in the reference. It also lacks the explicit connection to how these factors collectively contribute to maximizing influence. The answer is grounded in a reasonable interpretation but includes some unsupported modeling details not present in the reference.",results/unidoc_full_cache/970dbb2918e93aec15a894d41045712e4b01060674417517339844e35f8431d2.npz,"[10, 4, 9]",[9],1,YES,VISUAL_PAGE_SELECTION,,,,INSPECT_OTHER_RETRIEVED_PAGE,HIGH,"The graph transformation with red/blue nodes and dashed arcs is on page 9, which was already in the retrieved candidates, but Vision inspected page 10.",,,,,"[8, 9]","[10, 4, 9]","[""page-10-chunk-1"", ""page-4-chunk-1"", ""page-9-chunk-1""]",HIT_AT_3,True,BLOCKED_INITIAL_TOP_K_3
HR030,V_GT_IN_TOP3_WRONG_PAGE,6,unidoc_education_0029,6388101,education/education/6388101.pdf,What differences are seen in average scores from pre-test to post-test between the PV and VP sequences when evaluating force comprehension?,The VP sequence shows higher average scores from pre-test to post-test compared to the PV sequence for force comprehension. The VP sequence consistently had a higher performance across all test phases.,image_plus_text_as_answer,VISUAL_REQUIRED,"[6, 7]","The information provided does not specify the differences in average scores from pre-test to post-test between the PV and VP sequences when evaluating force comprehension. It only states that the interaction of force subscore with manipulative was not significant, indicating that students' scores did not change differently based on the manipulative used.",0,False,The information is not supported by the currently retrieved evidence.,0,False,The information is not supported by the currently retrieved evidence.,0,False,VISUAL_REQUIRED,True,8,8,9,7,False,True,False,10602.4364,515.4103999993822,5917.819299999792,False,True,False,True,False,education,comparison,2,3,C:/Users/sp/Desktop/adaptive-multimodal-rag/datasets/unidoc/education/education/6388101.pdf,page-8-chunk-1,page-9-chunk-1,page-7-chunk-1,"using the second type of manipulative. Overall, the two sequences seem to be equivalent since students’ total scores changed similarly from pre-test to post-test in both sequences. B. Force subscore The force subscore changed signiﬁcantly across the tests, Fð2:6; 310:4Þ¼ 154:1, p< 0:001. The planned con- trasts revealed the force subscore changed signiﬁcantly between each test, as shown in Table III. The average force subscore followed the same trend as the total score, in- creasing signiﬁcantly after the ﬁrst activity, decreasing signiﬁcantly during the week off, and increasing signiﬁ- cantly again after the second activity. The interaction of force subscore with manipulative was not signiﬁcant, Fð2:6; 310:4Þ¼ 1:9, p ¼ 0:131. Thus, students’ scores did not change differently based on the manipulative used. C. Work-energy subscore The work-energy subscore changed signiﬁcantly across the tests, Fð2:7; 322:8Þ¼ 26:4, p< 0:001. The planned contrasts reveal that the change was signiﬁcant between each test, as shown in Table IV, and the evolution of the average work-energy subscore shown in Fig. 5 shows that the scores followed the same trend as the total score and force subscore. The interaction of work-energy subscore with manipu- lative was also signiﬁcant, Fð2:7; 322:8Þ¼ 7:4, p< 0:001. The interaction was signiﬁcant between the pre-test and mid-test1 as well as pre-test and mid-test2; Fig. 5 indicates that the virtual manipulative appears to better support students’ understanding of work and energy in the context of pulleys than the physical manipulative both immediately and one week later. The interaction was not signiﬁcant between mid-test1 and mid-test2, which indicates that students retained the same amount of information during the week off, regardless of the manipulative used in week 1. The interaction effect is again signiﬁcant between mid-test2 and post-test. Again, the virtual manipulative appears to offer better support for students’ understanding of work and energy since now the scores in the PV se- quence are improved more than the scores in the VP sequence (although the VP post-test score is higher than TABLE III. Repeated measure analysis of variance: force subscore. * indicates that the planned contrasts could not be examined. Effect Main: Fð2:6; 310:4Þ¼ 154:1, p< 0:001 Interaction: Fð2:6; 310:4Þ¼ 1:9, p ¼ 0:131 Fð1; 119Þ p r F ð1; 119Þ pr Pre vs mid1 248.1 <0:001 0.82 * * * Pre vs mid2 180.3 <0:001 0.78 * * * Mid1 vs mid2 9.3 0.003 0.27 * * * Mid2 vs post 32.3 <0:001 0.46 * * * Pre vs post 280.9 <0:001 0.84 * * * TABLE IV . Repeated measure analysis of variance: work-energy subscore. Effect Main: Fð2:7; 322:8Þ¼ 26:4, p< 0:001 Interaction: Fð2:7; 322:8Þ¼ 7:4, p< 0:001 Fð1; 119Þ p r F ð1; 119Þ pr Pre vs mid1 38.2 <0:001 0.49 14.7 <0:001 0.33 Pre vs mid2 22.0 <0:001 0.40 8.6 0.004 0.26 Mid1 vs mid2 4.1 0.045 0.18 1.5 0.219 0.11 Mid2 vs post 16.2 <0:001 0.35 6.3 0.013 0.22 Pre vs post 58.7 <0:001 0.57 1.0 0.315 0.09 TABLE V . Repeated measure analysis of variance: mechanical advantage score. * indicates that the planned contrasts could not be examined. Effect Main: Fð2:7; 320:2Þ¼ 172:0, p< 0:001 Interaction: Fð2:7; 320:2Þ¼ 0:7, p ¼ 0:568 Fð1; 119Þ p r F ð1; 119Þ pr Pre vs mid1 223.5 <0:001 0.81 * * * Pre vs mid2 233.2 <0:001 0.81 * * * Mid1 vs mid2 1.2 0.285 0.11 * * * Mid2 vs post 26.1 <0:001 0.42 * * * Pre vs post 382.9 <0:001 0.87 * * * CHINI et al. PHYS. REV . ST PHYS. EDUC. RES. 8, 010113 (2012) 010113-8","the PV post-test score, the change between mid-test2 and post-test is greater in the PV sequence). The interaction is not signiﬁcant from pre-test to post-test, which indicates that overall the two sequences equally support students’ understanding of work and energy. D. Mechanical advantage subscore The mechanical advantage subscore changed signiﬁ- cantly across the tests, Fð2:7; 320:2Þ¼ 172:0, p< 0:001. The planned contrasts revealed the change was signiﬁcant between all tests except mid-test1 and mid-test2, as shown in Table V. Comparing these results with Fig. 5, students’ mechanical advantage subscores appear to improve signi- ﬁcantly from interaction with the manipulative in both week 1 and week 2, and do not decrease signiﬁcantly in the off week. The interaction of mechanical advan- tage subscore with manipulative was not signiﬁcant, Fð2:7; 320:2Þ¼ 0:7, p ¼ 0:568. Thus, both manipulatives appear to support students’ understanding of mechanical advantage equally. VI. DISCUSSION Below, we discuss how the results address each research question. First, we discuss our ﬁndings about the comparison of the physical and virtual manipulatives. Next, we discuss the overall physical-virtual and virtual-physical sequences. A. Physical manipulative versus virtual manipulative When we compare how the individual manipulatives supported students’ understanding of various concepts throughout the two week intervention, we observe differ- ences in the comparison based on both the timing of the post-test and the concept studied. 1. Timing of post-test The experimental design allows us to isolate the effect of each manipulative by looking at the pre-test, mid-test1, and mid-test2 comparisons for the interaction of test and ma- nipulative. In this case, we can consider mid-test1 as an immediate post-test and mid-test2 as a delayed post-test. When we analyzed the total score, the pre-test and mid- test1 comparison indicated that the virtual manipulative better supported students’ understanding than the physical manipulative. However, the pre-test and mid-test2 comparison indicated that the physical and virtual manip- ulatives offered equal support. Thus, the timing of the post- test appears to affect the results [ 20,21], suggesting that students may have initially learned more from their experi- ments with the virtual manipulative, but that material may have had low salience and was forgotten in the time between mid-test1 and mid-test2. This result contrasts those of other researchers who have found that students who learned with a virtual manipulative continued to outperform students who learned with a physical manipu- lative on delayed measurements of understanding [ 6]. 2. Effect of concept In addition to analyzing results for total score, we also looked at subsets of questions that pertained to force, work and/or energy, and mechanical advantage. The physical and virtual manipulatives appear to differently support these concepts. For the force subscore and mechanical advantage subscore, both manipulatives appear to equally support students’ understanding. On the other hand, the virtual manipulative appears to offer better support for the work-energy subscore than does the physical manipulative. In both the PV and VP sequences, students’ scores made their largest increase after their experience with the virtual manipulative. It is perhaps surprising that the virtual manipulative is equally effective as the physical manipulative at supporting students’ understanding of force since force is something you can feel in the physical experiment. Zacharia, Olympiou, and Papaevripidou [ 7] propose that physical manipulation is likely to be more important in domains that involve tactile sensation. In other words, one might suspect that an affordance of the physical manipulatives is that they allow the user to feel the difference in input force needed for different pulley systems. In the domain of pulleys, our results suggest that haptic feedback is not important for students’ understanding, even about force, which is a very ‘‘tactile’’ concept. It is important to note that our students are young adults and are typically familiar with working with technology. In our collaborators’ work with younger students, we have found that some students do beneﬁt more from the physical experiment than the virtual experiment or from completing the physical experi- ment before the virtual experiment [ 22]. Thus, students’ familiarity with the concept and technology appears to mediate their ability to learn from the virtual manipulative. Another potential reason that the physical and virtual manipulatives equally supported students’ understanding of force is the reduced","subscore, and mechanical advantage subscore). The aver- age score for each test by concept is displayed in Fig. 5.A repeated measures analysis of variance test was used to compare students’ scores across the tests. Mauchly’s test was used to determine if sphericity could be assumed, and the Greenhouse-Geisser correction was used in cases where sphericity could not be assumed [ 19]. We examined both the main effect of score and the interaction of ma- nipulative with score. When an effect was signiﬁcant at the level p< 0:05, planned contrasts were examined to determine between which levels of test the effect was signiﬁcant. A. Total score The total score changed signiﬁcantly across the tests, Fð2:7; 317:4Þ¼ 200:1, p< 0:001. Planned contrasts revealed the scores changed signiﬁcantly between each test, as shown in Table II. Combining these results with the evolution of the average total score displayed in Fig. 5, we ﬁnd that students’ scores increased signiﬁcantly from pre-test to mid-test1 while they used the ﬁrst manipulative type, decreased signiﬁcantly from mid-test1 to mid-test2 in the week between the labs, and increased signiﬁcantly again from mid-test2 to post-test. The interaction of total score with manipulative was also signiﬁcant. The planned contrasts revealed the interaction was only signiﬁcant from pre-test to mid-test1 and mid- test1 to mid-test2. Thus, while students who used the virtual manipulative ﬁrst learned signiﬁcantly more than students who used the physical manipulative in week 1, they also forgot signiﬁcantly more between mid-test1 and mid-test2. Both groups’ scores increased similarly after FIG. 5 (color online). Mean score by concept. Error bars represent standard error. TABLE II. Repeated measure analysis of variance: total score. Effect Main: Fð2:7; 317:4Þ¼ 200:1, p< 0:001 Interaction: Fð2:67; 317:4Þ¼ 4:7, p ¼ 0:005 Fð1; 119Þ p r F ð1; 119Þ Pr Pre vs mid1 312.7 <0:001 0.85 11.4 0.001 0.30 Pre vs mid2 245.3 <0:001 0.82 1.5 0.225 0.11 Mid1 vs mid2 13.4 <0:001 0.32 7.7 0.006 0.25 Mid2 vs post 44.1 <0:001 0.52 0.0 0.936 0.07 Pre vs post 367.7 <0:001 0.87 2.0 0.160 0.13 EXPLORA TION OF FACTORS THA T AFFECT. . . PHYS. REV . ST PHYS. EDUC. RES. 8, 010113 (2012) 010113-7","The candidate answer is incorrect and fails to address the question. It claims the information is not specified, but the reference clearly states that the VP sequence had higher average scores than the PV sequence. The candidate answer contradicts the reference and does not answer the question.",The candidate answer fails to address the question and does not provide any relevant information about the differences in average scores between the PV and VP sequences for force comprehension.,The candidate answer fails to address the question and does not provide any relevant information about the differences in average scores between the PV and VP sequences for force comprehension.,results/unidoc_full_cache/16ce35a78831630c37a704eb281a684cb816a87dcbcd67d4c76d53b5b20484ea.npz,"[8, 9, 7]",[7],1,YES,VISUAL_PAGE_SELECTION,,,,INSPECT_OTHER_RETRIEVED_PAGE,HIGH,"The requested PV/VP score comparison is shown in Figure 5 on page 7, but Vision inspected page 8.",,,,,"[6, 7]","[8, 9, 7]","[""page-8-chunk-1"", ""page-9-chunk-1"", ""page-7-chunk-1""]",HIT_AT_3,True,BLOCKED_INITIAL_TOP_K_3
HR031,V_GT_IN_TOP3_WRONG_PAGE,7,unidoc_education_0155,5847064,education/education/5847064.pdf,"In the 2021 study published in the Borno Medical Journal, what fraction of participants expressed indecision regarding the preventative extraction of wisdom teeth?",The fraction of participants who expressed indecision regarding the preventative extraction of wisdom teeth is 60%.,image_only,VISUAL_REQUIRED,[3],"In the 2021 study published in the Borno Medical Journal, 58% of the preclinical students did not know if the prophylactic removal of wisdom teeth was necessary, indicating indecision regarding the preventative extraction of wisdom teeth.",2,False,"In the 2021 study published in the Borno Medical Journal, 58% of participants expressed indecision regarding the preventative extraction of wisdom teeth.",1,False,"In the 2021 study published in the Borno Medical Journal, 58% of participants expressed indecision regarding the preventative extraction of wisdom teeth.",1,False,VISUAL_REQUIRED,True,2,2,3,1,False,True,False,10239.1821,559.1626000004908,3957.4083000006794,False,True,False,False,False,education,factual_retrieval,1,3,C:/Users/sp/Desktop/adaptive-multimodal-rag/datasets/unidoc/education/education/5847064.pdf,page-2-chunk-1,page-3-chunk-1,page-1-chunk-1,"Borno Medical Journal January - June 2021 Vol. 18 Issue 1 Page 2 This work is licensed under a Creative Commons Attribution 4.0 International L icense study was done between March 2020 to October 2020. Results Demographics The gender distribution was 53% (53) male and 47% (47) female among the respondents. Knowledge and awareness of wisdom teeth When asked if the students were aware that wisdom teeth can be impacted, a majority of 97% responded that they were aware, 1% of the students were not aware and the remaining 2% were unsure. 23% of the preclinical students thought that the wisdom teeth erupted below 18 years of age, a majority of them, 67%, responded that wisdom teeth erupt between 18 -25 years of age, while 10% responded that wisdom teeth erupted after 25 years of age. Wisdom teeth always erupt into occlusion was thought by 45% of the respondents, 34% did not agree while 21% of the preclinical students did not know. The name wisdom teeth are appropriate for third molars was felt 67% of the preclinical students, 23% disagreed while 10% did not know. Only 3% of the preclinical students responded that all their wisdom teeth had erupted, for a majority, 89%, all their wisdom teeth did not erupt w hile 8% of the respondents were not aware of the eruption status of their wisdom teeth. Eruption of wisdom teeth is complicated was agreed upon by 74%, negated by 23% while a 3% of the respondents did not know. 56% of the preclinical students experienced p ain during eruption of wisdom teeth, 31% did not feel any pain during eruption and 13% of the students were not aware of the pain during eruption of their wisdom teeth. A majority of the preclinical students, 89% knew the term impaction, while 11% of the r espondents were not aware of the above term. Third molars are the most commonly impacted tooth was felt by 69%, while 3% of the respondents felt it was the premolars and the remaining 28% responded that the canines were the most commonly impacted tooth. Only 24% of the respondents were aware of the technique involved in removal of wisdom teeth while a majority, 76% were not aware of the techniques involved. Removal of symptomatic wisdom teeth is a necessary was felt by 41% of the respondents, 32% disagreed while 27% of the students did not know if removal of the teeth was necessary. However, in contrast to the previous question only 20% of the students felt that prophylactic removal of the teeth was necessary, 22% of the respondents disagreed and a majority 58% of the students did not know. When questioned about the most effective diagnostic tool, 26% felt IOPA was a better, 31% chose OPG, 18% responded that CBCT was most effective while 25% responded with the option all the above. 37% of the respondents agre ed that there were risks involved in removal of wisdom teeth, 18% disagreed while the remaining 55% of the students were not aware of the risks involved in removal of wisdom teeth. Removal of wisdom teeth was recommended by 30% when patients experienced p ain, 21% during swelling, 6% during acute swelling, 17% during restricted mouth opening, 19% during associated pathology while 7% recommended removal of wisdom teeth for orthodontic purposes (Figure 4). Figure 1: wisdom teeth and eruption into occlusion Gowri B et al","Borno Medical Journal January - June 2021 Vol. 18 Issue 1 Page 3 This work is licensed under a Creative Commons Attribution 4.0 International L icense Figure 2: Removal of symptomatic wisdom teeth Figure 3: Prophylactic removal of wisdom teeth Figure 4: Reason for removal of wisdom teeth Discussion While the nomenclature of wisdom teeth was aware by majority, there was variability with the respondents on the indications and management of impacted wisdom teeth. A majority of the students recognized third molars as the most commonly impacted teeth foll owed by canines and at last premolars. There was only a minimum percentage difference among students agreeing and disagreeing those third molars can erupt into occlusion. There was a contrast among the students’ recommendation of removal of third molars fo r symptomatic and prophylactic purposes. A majority of the preclinical students were not aware of the techniques involved in the management of impacted third molar removal. OPG was chosen as the most effective tool for diagnosis followed by IOPA and a comb ination of OPG, IOPA and CBCT. The outcome of the results could be due to lack of proper awareness, understanding and clinical experience. Appropriate wisdom teeth education should be provided so as to gain knowledge and experience before they enter the cl inical phase of dentistry. The limitation of this study is the interviewer bias that could have affected the interviewee’s answers. Convenience sampling is also a limitation to this study. The data for the purpose of the study was collected from respondents in Chennai only. Conclusion Although students possess the basic knowledge about nomenclature and diagnosis, there were difference of opinion among the preclinical students regarding the indications for wisdom teeth removal and its management. A change in the curriculum can be initiated among preclinical students to impart the knowledge about diagnosis and management of wisdom teeth. References 1. James RH, Edward E, Myron RT. Principles of management of impacted teeth. Contemporary oral and maxillofacial surgery. Mosby: Elsevier; 2008. pp. 143–167 2. Patel S, Mansuri S, Shaikh F, Shah T. Impacted Mandibular Third Molars: A Retrospective Study of 1198 Cases to Assess Indications for Surgical Removal, and Correlation with Age, Sex and Type of Impaction -A Single Institutional Experience. J Maxillofac Oral Surg. 2017;16(1):79-84. 3. Dodson TB, Susarla SM. Impacted wisdom teeth. BMJ Clin Evid. 2010; 2010:1302. 4. Hounsome J, Pilkington G, Mahon J, et al. Prophylactic removal of impacted mandibular third molars: a systematic review and economic evaluation. Health Technol Assess. 2020;24(30):1-116. Knowledge and Awareness About Wisdom Teeth","Borno Medical Journal January - June 2021 Vol. 18 Issue 1 Page 1 This work is licensed under a Creative Commons Attribution 4.0 International License Knowledge and Awareness About Wisdom Teeth Among Preclinical Dental Students in Chennai, India Gowri Balakrishnana1, Janani Anand Kumar2, Jaganbabu Palaniappan3, Karthik Shunmugavelu1 ABSTRACT The diagnosis and management of wisdom teeth impaction and its associated pathologies are unique. Impacted wisdom teeth occur because of a lack of space, obstruction, or abnormal position. This study focuses on the knowledge and awareness on wisdom teeth among preclinical dental students in Che nnai. A cross-sectional study was performed using questionnaire. A majority of the preclinical students were not aware of the techniques involved in the management of impacted third molar removal. A greater effort into making the preclinical students aware about the knowledge about wisdom teeth must be imparted. Knowledge regarding the indications of removal and diagnosis imparts a significant difference in the quality of management of these patients Keywords: Wisdom teeth, impaction, awareness 1Mercy Multispeciality Dental Centre, 8/27, Parvathipuram 1st Street, Thiruneermalai Main Road, Chrompet, Chennai – 600034, Tamilnadu, India. 2Department of Oral and Maxillofacial Surgery, Faculty of Dental Sciences, Institute of Medical Sciences, Banaras Hindu University, Varanasi 3Department of Dentistry, Government Vellore Medical College. Corresponding Author: Dr.Karthik S, Mercy multispecialty dental centre 8/27 Parvathiupuram 1st street, Thiruneermalaimain road, Chrompet Chennai -600044 Tamilnadu India. Email: drkarthiks1981@gmail.com Mobile 0091-9789885622/9840023697 Introduction An impacted tooth can be defined as one that is prevented from erupting up to occlusal level because of malposition, physical barrier or lack of space in the arch 1,2. Impacted third molar can be due to lack of space, obstruction, or abnormal position, and can cause inflammatory dental disease which can cause pain and swelling of infected teeth and may cause destruction of adjacent teeth and bone 3. The management of impacted third molars are either removal or retention with standard care4. Extraction of the third molars have been a topic of debate and sometimes are considered as “Waste Bin” in dental practice as they are regarded as functionally nonessential5. Awareness of diagnosis and the indications for remova l of impacted lower third molars will help in the management of third molars. Pre-clinical students are at a transitional phase where integration of theory and practice is important so as to become a professional dentist who is responsible for the patient’s oral health. During the preclinical phase, the students observe the diagnosis and management of wisdom teeth. Thus, it is important to know the status of knowledge, attitude and awareness of wisdom teeth among the preclinical students. The main objective of this study was to assess the knowledge and awareness of wisdom teeth among preclinical dental students in Chennai, India. Materials and Methods A cross -sectional study was performed among preclinical dental students in Chennai. A questionnaire (Table 1) was designed that comprised of fifteen questions pertaining to the knowledge and awareness of wisdom teeth. The questionnaire was divided into th ree parts, fist part involving the perception of wisdom teeth, second part involving diagnosis and the last part involving the management of wisdom teeth. The questionnaire was then distributed among 100 preclinical dental students in Chennai. Respondents were asked to indicate any one of the options given. The results were collected and analyzed using Statistical Package for Social Sciences (SPSS). The Access this article online Quick Response Code website: www.bornomedicaljournal.com DOI: 10.31173/bomj.bomj_2112_18 ORIGINAL ARTICLE","The candidate answer is partially correct, as it provides a figure (58%) that is close but not exactly the reference answer (60%). It captures the main idea of indecision regarding preventative extraction but misses the exact fraction. The answer is grounded in the reference context but includes a minor imprecision.",The candidate answer is mostly incorrect (1/4 correctness) because it states 58% instead of the correct 60% from the reference. It is complete (2/2) as it directly addresses the question with a specific percentage. It fails grounding (0/2) because it contradicts the reference. It satisfies the task (2/2) by providing a clear numerical answer to the question.,The candidate answer is mostly incorrect (1/4 correctness) because it states 58% instead of the correct 60% from the reference. It is complete (2/2) as it directly addresses the question with a specific percentage. It fails grounding (0/2) because it contradicts the reference. It satisfies the task (2/2) by providing a clear numerical answer to the question.,results/unidoc_full_cache/06563390805830a812538ce32736445b11d7a14ffc4c3e506fd9b44f442fb512.npz,"[2, 3, 1]",[3],1,NO,JUDGE_ERROR,,,,UNCLEAR,HIGH,"The source states that 58% of students did not know whether prophylactic removal was necessary, while the benchmark gold answer is 60%. Treat as benchmark/gold error, not a model failure.",,,,,[3],"[2, 3, 1]","[""page-2-chunk-1"", ""page-3-chunk-1"", ""page-1-chunk-1""]",HIT_AT_3,True,BLOCKED_INITIAL_TOP_K_3
HR032,V_GT_IN_TOP3_WRONG_PAGE,8,unidoc_energy_0078,5066075,energy/energy/5066075.pdf,"By how much did the UK natural gas benchmark value denominated in US dollars per MMBtu differ from July 20 to July 21, 2021?","The UK natural gas benchmark (NBP) value denominated in US dollars per MMBtu increased by 0.35 from July 20, 2021 (11.93 USD/MMBtu), to July 21, 2021 (12.28 USD/MMBtu).",table_required,VISUAL_REQUIRED,"[4, 5, 6, 7]",The information is not supported by the currently retrieved evidence.,0,False,The information is not supported by the currently retrieved evidence.,0,False,The information is not supported by the currently retrieved evidence.,0,False,VISUAL_REQUIRED,True,2,2,6,7,False,True,False,8454.1413,253.5385999999562,4321.071000000302,False,True,False,True,False,energy,comparison,4,3,C:/Users/sp/Desktop/adaptive-multimodal-rag/datasets/unidoc/energy/energy/5066075.pdf,page-2-chunk-1,page-6-chunk-1,page-7-chunk-1,Contents Pricewatch | 22 Jul 2021 | Gas Matters Today Publication date: 22 July 2021 Gas Strategies Group 10 Saint Bride Street London UK EC4A 4AD ISSN: 0964-8496 T: +44(0) 20 7332 9900 W: www.gasstrategies.com Twitter @GasStrategies Editorials +44(0) 20 7332 9957 editor@gasstrategies.com Subscriptions +44(0) 20 7332 9976 subscriptions@gasstrategies.com,"[2] Time references based on London GMT. Brent, WTI, NBP, TTF and EU CO2 data from ICE. Henry Hub, JKM and API2 data from CME. Prices in USD/MMBtu based on exchange rates at last market close. All monetary values rounded to nearest whole cent/penny. Text and graphic copyright © Gas Strategies, all rights. Page: 6 Copyright © 2021 Gas Strategies Group Ltd. All rights reserved. No part of this publication may be reproduced, distributed, or transmitted in any form or by any means, including photocopying, recording, or other electronic or mechanical methods, without the prior written permission of the publisher. If you would like to distribute this content please contact the Editorial team at Gas Strategies.","Copyright © 2021 Gas StrategiesGroup Ltd. Gas Strategies Group Limited is a company registered in England and Wales under company number 2225820. Gas Strategies is the trading name of Gas Strategies Group Limited. Registered company address: 10 St Bride Street, London, EC4A 4AD Consulting +44 (0) 20 7332 9900 consult@gasstrategies.com Alphatania Training +44 (0) 20 7332 9910 training@gasstrategies.com Information Services +44 (0) 20 7332 9976 subscriptions@gasstrategies.com","The candidate answer fails to provide the correct information and does not address the question. It incorrectly claims the information is unsupported, while the reference answer clearly provides the necessary data.","The candidate answer fails to provide the correct information and does not address the question. It incorrectly claims the information is unsupported, while the reference answer clearly provides the necessary data.","The candidate answer fails to provide the correct information and does not address the question. It incorrectly claims the information is unsupported, while the reference answer clearly provides the necessary data.",results/unidoc_full_cache/40663593a3eae68c151b2253df713b02869b452bd718145c87e55bc77efd0b4e.npz,"[2, 6, 7]","[6, 7]",1,YES,RETRIEVAL,,,,RETRIEVE_MORE,HIGH,"The required numerical comparison is in the page-5 market table, but page 5 was not present in the retrieved top-3 evidence.",,,,,"[4, 5, 6, 7]","[2, 6, 7]","[""page-2-chunk-1"", ""page-6-chunk-1"", ""page-7-chunk-1""]",HIT_AT_3,True,BLOCKED_INITIAL_TOP_K_3
HR033,V_GT_IN_TOP3_WRONG_PAGE,9,unidoc_finance_0059,0184489,finance/finance/0184489.pdf,"According to the PNC's 2016 stress evaluation, how did nonfarm employment levels change between mid-2015 and the third quarter of 2018 in their severe case?","The total nonfarm employment decreased from 144,000 in 2015 Q2 to around 136,000 in 2017 Q1 and then started to recover, reaching approximately 137,000 by 2018 Q3.",image_plus_text_as_answer,VISUAL_REQUIRED,"[2, 3]",The provided text does not specify how nonfarm employment levels changed between mid-2015 and the third quarter of 2018 in the severe case of the PNC's 2016 stress evaluation.,0,False,"The retrieved evidence does not provide specific data on nonfarm employment levels between mid-2015 and the third quarter of 2018 in the PNC 2016 stress evaluation. The document only outlines the severely adverse macroeconomic scenario for the stress test period (July 1, 2016, to September 30, 2018), focusing on the unemployment rate and other economic indicators during that time. It does not include nonfarm employment levels for the requested timeframe.",0,False,"The provided evidence does not specify how nonfarm employment levels changed between mid-2015 and the third quarter of 2018 in the severe case of PNC's 2016 stress evaluation. While the document discusses the unemployment rate and general economic conditions during the stress period (July 1, 2016, to September 30, 2018), it does not provide specific data on nonfarm employment levels for the requested time frame.",0,False,VISUAL_REQUIRED,True,1,1,2,6,False,True,False,11216.0396,397.18100000027334,5101.875599999403,False,True,False,True,False,finance,temporal_comparison,2,3,C:/Users/sp/Desktop/adaptive-multimodal-rag/datasets/unidoc/finance/finance/0184489.pdf,page-1-chunk-1,page-2-chunk-1,page-6-chunk-1,"THE PNC FINANCIAL SERVICES GROUP, INC. (“PNC”) DODD-FRANK ACT COMPANY-RUN STRESS TEST DISCLOSURES October 12, 2016 Pursuant to regulations issued by the Board of Governors of the Federal Reserve System (“Federal Reserve”) under the Dodd-Frank Wall Street Reform and Consumer Protection Act (“Dodd-Frank Act”), PNC (NYSE: PNC) is required to conduct a mid-cycle company-run stress test in 2016 based on balance sheet information as of June 30, 2016 (the “mid-cycle stress test”) and disclose certain results of the test. Background The mid-cycle stress test is a forward-looking exercise under which PNC must estimate the impact of an internally developed, hypothetical severely adverse macroeconomic scenario on its financial condition and regulatory capital ratios over a nine-quarter period (the “stress period”). For the 2016 mid-cycle stress test, the stress period covers the period of July 1, 2016, through September 30, 2018. The test is designed to help PNC assess whether it has sufficient capital to absorb losses and support operations during hypothetical severely adverse economic conditions. 2016 Mid-Cycle Severely Adverse Scenario The severely adverse scenario developed by PNC for use in the 2016 mid-cycle stress test is a hypothetical scenario that involves economic conditions that are significantly more adverse than currently expected by PNC. Accordingly, the scenario is not a forecast of anticipated economic conditions, and the estimates produced under the mid-cycle stress test are not forecasts of expected losses, revenues, net income before taxes, or capital ratios. Rather, the hypothetical severely adverse scenario is designed to help PNC assess its strength, resilience, and ability to continue to meet the needs of consumers and businesses should severe economic and financial conditions develop in the future. The severely adverse scenario developed by PNC for the 2016 mid-cycle stress test assumes a severe U.S. economic downturn beginning in the third quarter of 2016 and lasting through the third quarter of 2017. Real gross domestic product (“GDP”) falls by 5.3% from its peak in the second quarter of 2016 to the trough in the third quarter of 2017, with a weak real GDP recovery beginning in the first quarter of 2018. The unemployment rate increases from 4.9% in the second quarter of 2016 to a peak of 10.2% in the second quarter of 2018, and then gradually declines starting in the third quarter of 2018. Asset prices drop sharply, with housing prices (as measured by the S&P/Case-Shiller National U.S. Home Price Index) falling through the first quarter of 2018 – declining 23.2% from their peak in the second quarter of 2016 – before rebounding 5.3% from the trough by the third quarter of 2018. The S&P 500 drops by 50.1% from its forecasted level at the end of the second quarter of 2016 (2,072) to a low of 1,034 in the second quarter of 2017 and then recovers rapidly, reaching 1,545 by the end of the third quarter of 2018. Interest rates are forecast to fall in concert with the economic downturn, with the 30-year primary mortgage rate declining to a low of 2.8% in the fourth quarter of 2016, and then increasing to 3.1% by the third quarter of 2018. The following graphs depict the path of these macroeconomic variables in the PNC severely adverse scenario through the stress period. With the exception of the interest rate projections which are less severe, the","PNC 2016 Mid-Cycle Stress Test Disclosures - 2 Unemployment rate: Total, (%, SA) Employment: Total nonfarm, (Ths., SA) Real Gross Domestic Product (Bil. Chained 2009 $, SAAR) S&P/Case-Shiller National U.S. Home Price Index (Jan 2000=100) PNC severely adverse scenario for the 2016 mid-cycle stress test features a level of macroeconomic stress that is generally consistent with the supervisory severely adverse scenario used in PNC’s 2016 annual company-run stress test. Data for 2015 through the first quarter of 2016 are actual.","PNC 2016 Mid-Cycle Stress Test Disclosures - 6 In the hypothetical severely adverse scenario, depressed earnings and losses (which in large part are due to increased credit losses and provisions), in combination with the required capital action assumptions, result in a reduction in projected regulatory capital. Credit losses are primarily concentrated in three asset classes. Specifically, of the $7.5 billion in cumulative loan losses projected for the stress period under the hypothetical severely adverse scenario, approximately 73% were losses attributable to C&I loans, CRE loans, and domestic junior lien mortgages and home equity lines of credit (“HELOCs”). C&I loans together with CRE loans and domestic junior lien mortgages and HELOCs comprise the majority of PNC’s loan portfolio (averaging 61% of all loans over the stress period). Estimated loss rates in the CRE (6.1%) and junior lien mortgage and HELOC (5.8%) categories are above the estimated aggregate loss rate for all PNC loan portfolios (3.8%). Projected total provision expense is $9.7 billion over the stress period, which provides for both the cumulative net charge-offs during the period of $7.5 billion as well as an increase in the allowance for loan and lease losses of $2.2 billion for expected future losses. Pre-provision net revenue of $6.4 billion over the stress period, which reflects, among other things, a projected decline in loan balances and net interest income resulting from the economic stress in the hypothetical scenario, as well as projected losses from operational risk events, is insufficient to cover provision expense. PNC’s Transitional Basel III Common Equity Tier 1 Capital ratio declines from 10.6% (actual) as of the second quarter of 2016 to a minimum of 7.4% by the end of the stress period. This level of decline is primarily due to losses and depressed earnings, the required assumption that historical common dividends continue, as well as the phase-in of adjustments to and deductions from Basel III capital, including those related to accumulated other comprehensive income (“AOCI”), net operating loss carry forwards, and the threshold deductions for mortgage servicing rights, deferred tax assets, and significant common stock investments in unconsolidated financial institutions. As described earlier, such adjustments and deductions are phased in at 60% in 2016, 80% in 2017, and 100% in 2018.","The candidate answer incorrectly claims that the text does not specify the change in nonfarm employment levels, when the reference answer clearly provides the relevant data. The candidate answer is incorrect and fails to address the question.","The candidate answer incorrectly claims that the data on nonfarm employment levels is not available in the reference, when the reference clearly provides specific employment levels. The answer is factually incorrect, incomplete, and fails to address the question.","The candidate answer incorrectly claims that the document does not provide data on nonfarm employment levels, while the reference answer clearly states specific figures. The candidate answer fails to address the question and contradicts the reference.",results/unidoc_full_cache/412960e3ef10cc65142067351e088010a07123f3e10898a7bad41a04e005c42c.npz,"[1, 2, 6]",[2],1,UNCLEAR,UNCLEAR,,,,UNCLEAR,LOW,Potential benchmark/source inconsistency overlaps with system behavior. Exclude from clean causal counts pending separate review.,,,,,"[2, 3]","[1, 2, 6]","[""page-1-chunk-1"", ""page-2-chunk-1"", ""page-6-chunk-1""]",HIT_AT_3,True,BLOCKED_INITIAL_TOP_K_3
HR034,V_GT_IN_TOP3_WRONG_PAGE,10,unidoc_finance_0061,2579258,finance/finance/2579258.pdf,What was the pattern of the root mean squared interest rate differential for prospective EMU nations from early 2000 to late 2003 as described in Figure 20?,"The root mean squared interest rate gap for prospective EMU nations displayed a fluctuating pattern from early 2000 to late 2003 as shown in Figure 20. It started around 3.5% in Q1 2000, remained relatively stable with slight fluctuations around 4% until early 2001, then began a gradual decline until it reached approximately 2% by Q4 2003.",image_plus_text_as_answer,VISUAL_REQUIRED,"[23, 24, 25, 26]","The root mean squared interest rate differential for prospective EMU nations, as described in Figure 20, shows a pattern from early 2000 to late 2003. Initially, until the fourth quarter of 2001, the root mean squared interest rate gap for the potential new EMU members was higher than for the euro area. However, the difference declined until the first quarter of 2001, at which point the root mean squared interest rate gap became lower for the potential new entrants than for the euro area. This lower level persisted until the last quarter of 2003, where the root mean squared interest rate gap declined for the euro area but increased slightly for the newcomers.",1,False,"The root mean squared interest rate differential for prospective EMU nations, as described in the text and visual context, showed a specific pattern from early 2000 to late 2003. Initially, until the fourth quarter of 2001, the root mean squared interest rate gap for potential new EMU members was higher than for the euro area. In the first quarter of 2001, the root mean squared interest rate gap for the potential new entrants became lower than that of the euro area. This lower level persisted until the last quarter of 2003. In the last quarter of 2003, the root mean squared interest rate gap for the euro area declined, while it increased slightly for the newcomers.",1,False,"The root mean squared interest rate differential for prospective EMU nations, as described in the text and visual context, showed a specific pattern from early 2000 to late 2003. Initially, until the fourth quarter of 2001, the root mean squared interest rate gap for potential new EMU members was higher than for the euro area. In the first quarter of 2001, the root mean squared interest rate gap for the potential new entrants became lower than that of the euro area. This lower level persisted until the last quarter of 2003. In the last quarter of 2003, the root mean squared interest rate gap for the euro area declined, while it increased slightly for the newcomers.",1,False,VISUAL_REQUIRED,True,18,18,24,22,False,True,False,10812.4013,411.3961000002746,4068.361999999979,False,True,False,True,False,finance,summarization,4,3,C:/Users/sp/Desktop/adaptive-multimodal-rag/datasets/unidoc/finance/finance/2579258.pdf,page-18-chunk-1,page-24-chunk-1,page-22-chunk-1,"For Peer Review 16 Figure 9: Mean interest rate gap for potential new EMU members (insert figure 9 here) Finally we look at the evolution ove r time of the RMSIG of the potential EMU members. In other words we compute: () k rr RMSIG k j textEMUtj newcomersEMU ∑= − − − = 1 2 * , * , (9) with j the country index for the new entrants and k the number of accession countries. This is done in figure 9. Comparing this figure with figure 5 we can observe a striking difference. Until the fourth quarter of 2001 the r oot mean squared interest rate gap for the potential new EMU members was higher than for the euro area, but the difference declined until the first quart er of 2001 where the root mean square interest rate gap became lower for the poten tial new entrants than for the euro area. It stayed lower until the last quarter of 2003 where th e root mean squared interest rate gap declined for the euro area but increased slightly for the newcomers. Page 16 of 24 Editorial Office, Dept of Economics, Warwick University, Coventry CV4 7AL, UK Submitted Manuscript 1 2 3 4 5 6 7 8 9 10 11 12 13 14 15 16 17 18 19 20 21 22 23 24 25 26 27 28 29 30 31 32 33 34 35 36 37 38 39 40 41 42 43 44 45 46 47 48 49 50 51 52 53 54 55 56 57 58 59 60","For Peer Review 22 Figure 18: Root mean squared interest rate gap for potential new members 0 2 4 6 8 10 ESTONIA MALTACY PRUS CZ ECH REP LATVIA SLO VENIA LITHUANIA SLOV AK REP HUNG ARY POL AND % Figure 19: Mean interest rate gap for potential new EMU members -4 -2 0 2 4 6 8 10 LITHUAN IA LATVI A CZECH REP MA LTA CYPRUS ESTON IA SLOV ENIA SLOVAK R EP HUN GARY POLAND % Figure 20: Root mean squared interest rate gap for potential EMU members 0 0,5 1 1,5 2 2,5 3 3,5 4 Q 1/20 00 Q 2/20 00 Q 3/20 00 Q 4/2000Q 1/2001Q 2/2001Q 3/2001Q 4/2001Q 1/2002Q 2/2002Q 3/2002 Q 4/2002 Q 1/2003 Q 2/2003 Q 3/2003 Q 4/2003 % Page 22 of 24 Editorial Office, Dept of Economics, Warwick University, Coventry CV4 7AL, UK Submitted Manuscript 1 2 3 4 5 6 7 8 9 10 11 12 13 14 15 16 17 18 19 20 21 22 23 24 25 26 27 28 29 30 31 32 33 34 35 36 37 38 39 40 41 42 43 44 45 46 47 48 49 50 51 52 53 54 55 56 57 58 59 60","For Peer Review 20 Figure 13: Mean interest rate gap for the current EMU -2 0 2 4 6 8 10 Ge rma ny AustriaFranceBelgium Italy Finland Sp ain Greece Po rtugal Ne therlands Ireland % Figure 14: Interest rate gap over time for current EMU members 0 10 20 30 40 50 60 70 80 Q 1/1999 Q 2/1999 Q 3/1999 Q 4/1999 Q 1/2000 Q 2/2000 Q 3/2000 Q 4/2000 Q 1/2001 Q 2/2001 Q 3/2001 Q 4/2001 Q 1/2002 Q 2/2002 Q 3/2002 Q 4/2002 Q 1/2003 Q 2/2003 Q 3/2003 Q 4/2003 % Netherlands Ireland Spain Portugal Greece Figure 15: Root mean squared interest rate gap for the current EMU area 0 0.5 1 1.5 2 2.5 3 3.5 Q 1/199 9 Q 2/199 9 Q 3/1999Q 4/1999 Q 1/20 00 Q 2/2000Q 3/2000Q 4/2 000 Q 1/2001 Q 2/2001Q 3/200 1 Q 4/200 1 Q 1/20 02 Q 2/2002Q 3/2002 Q 4/2002 Q 1/2003Q 2/20 03 Q 3/200 3 Q 4/2003 Page 20 of 24 Editorial Office, Dept of Economics, Warwick University, Coventry CV4 7AL, UK Submitted Manuscript 1 2 3 4 5 6 7 8 9 10 11 12 13 14 15 16 17 18 19 20 21 22 23 24 25 26 27 28 29 30 31 32 33 34 35 36 37 38 39 40 41 42 43 44 45 46 47 48 49 50 51 52 53 54 55 56 57 58 59 60","The candidate answer is mostly incorrect and does not align with the reference. It introduces a comparison between EMU nations and the euro area, which is not mentioned in the reference. It also misrepresents the timeline and pattern of the interest rate differential. The reference describes a fluctuating pattern with specific values and a gradual decline, while the candidate answer provides an unsupported and conflicting narrative.","The candidate answer is mostly incorrect and does not align with the reference. It introduces a comparison between the EMU nations and the euro area, which is not mentioned in the reference. It also misrepresents the pattern of the root mean squared interest rate differential, failing to capture the initial value (~3.5%), the gradual decline, and the final value (~2%). The answer is not grounded in the reference and does not satisfy the task.","The candidate answer is mostly incorrect and does not align with the reference. It introduces a comparison between the EMU nations and the euro area, which is not mentioned in the reference. It also misrepresents the pattern of the root mean squared interest rate differential, failing to capture the initial value (~3.5%), the gradual decline, and the final value (~2%). The answer is not grounded in the reference and does not satisfy the task.",results/unidoc_full_cache/21ad9852c30590dd5eee73a579dbcb2085371909372ad2dcea6f602237156772.npz,"[18, 24, 22]",[24],1,YES,VISUAL_PAGE_SELECTION,,,,INSPECT_OTHER_RETRIEVED_PAGE,HIGH,"The question explicitly refers to Figure 20 on page 24. Page 24 was already retrieved at rank 2, but Vision inspected page 18.",,,,,"[23, 24, 25, 26]","[18, 24, 22]","[""page-18-chunk-1"", ""page-24-chunk-1"", ""page-22-chunk-1""]",HIT_AT_3,True,BLOCKED_INITIAL_TOP_K_3
HR035,V_GT_IN_TOP3_WRONG_PAGE,11,unidoc_healthcare_0157,4641123,healthcare/healthcare/4641123.pdf,In what way did the absence of NS1 protein in delNS1 virus result in greater cell death in Vero cells and chicken embryos than in WT virus?,"The absence of NS1 protein in the delNS1 virus led to greater cell death in Vero cells and chicken embryos compared to the WT virus by enhancing apoptosis. This was evidenced by more rapid DNA fragmentation and increased conversion of NP to aNP. The delNS1 virus caused earlier and more pronounced apoptosis, as seen by cell shrinkage and detachment, and significant DNA laddering, indicating a higher degree of cell death.",image_plus_text_as_answer,VISUAL_REQUIRED,"[3, 5, 6]","The absence of the NS1 protein in the delNS1 virus resulted in greater cell death in Vero cells and chicken embryos compared to the wild-type (WT) virus due to its stronger induction of apoptosis. The delNS1 virus caused earlier and more intensive apoptosis in IFN-competent cells (MDCK and chicken fibroblasts) than the WT virus. This was evident through cell morphology changes, DNA fragmentation, and the cleavage of the nucleocapsid protein NP into aNP by host caspases, which occurred earlier in delNS1-infected cells. However, in IFN-deficient Vero cells, there was no significant difference in apoptosis between the WT and delNS1 viruses. This suggests that the antiapoptotic effect of NS1 is IFN-dependent. In Vero cells, delNS1 virus caused apoptosis at a significantly lower rate than in MDCK and chicken fibroblast cells, with intensive cell rounding, detachment, and DNA laddering occurring at later stages of infection (35 to 40 h post-infection). The data indicate that the NS1 protein has an antiapoptotic potential that is dependent on the IFN system.",3,True,"The absence of the NS1 protein in the delNS1 virus resulted in greater cell death in Vero cells and chicken embryos compared to the WT virus due to the IFN-dependent antiapoptotic potential of NS1. In IFN-competent systems, such as MDCK cells, chicken fibroblasts, and 7-day-old chicken embryos, the delNS1 virus induced earlier and more intensive apoptosis than the WT virus. This was evident through increased cell shrinkage, detachment, DNA laddering, and earlier cleavage of the nucleocapsid protein NP by host caspases. However, in IFN-deficient Vero cells, there was no significant difference in apoptosis between the delNS1 and WT viruses, as both caused delayed and less intense cell death. This indicates that the antiapoptotic effect of NS1 is dependent on the presence of a functional IFN system, and its absence in delNS1 leads to greater apoptosis only in IFN-competent hosts.",2,False,"The absence of the NS1 protein in the delNS1 virus resulted in greater cell death in Vero cells and chicken embryos compared to the WT virus due to the IFN-dependent antiapoptotic potential of NS1. In IFN-competent systems, such as MDCK cells, chicken fibroblasts, and 7-day-old chicken embryos, the delNS1 virus induced earlier and more intensive apoptosis than the WT virus. This was evident through increased cell shrinkage, detachment, DNA laddering, and earlier cleavage of the nucleocapsid protein NP by host caspases. In contrast, in IFN-deficient Vero cells, there was no significant difference in apoptosis between the WT and delNS1 viruses, as both caused delayed and less intense cell death. These findings indicate that the antiapoptotic effect of NS1 is dependent on the presence of a functional IFN system, and its absence in delNS1 leads to increased apoptosis only in IFN-competent hosts.",2,False,VISUAL_REQUIRED,True,1,1,3,4,False,True,False,12877.7974,487.83389999880455,5616.93269999887,False,True,False,True,False,healthcare,causal_reasoning,3,3,C:/Users/sp/Desktop/adaptive-multimodal-rag/datasets/unidoc/healthcare/healthcare/4641123.pdf,page-1-chunk-2,page-3-chunk-1,page-4-chunk-1,"to test this hypothesis the wild type (WT) of inﬂu- enza A/PR/8/34 virus and its variant lacking the NS1 gene (delNS1) were compared for the ability to mediate apoptosis in cultured cells and chicken embryos. We show here that delNS1 virus is a stronger inducer of apoptosis in IFN-competent MDCK and chicken ﬁbroblasts (CF) than WT virus. Likewise, in 7-day-old chicken embryos that also contain a normal IFN system characterized only by its reduced inducibility to exoge- nous stimuli (39), delNS1 virus replicated effectively and caused more-intensive apoptosis and higher lethality than WT virus. However, when IFN-deﬁcient Vero cells (10) were in- fected with these viruses, there was no signiﬁcant difference in apoptosis. Taken together, these data indicate that NS1 has IFN-dependent antiapoptotic potential and down-regulates the apoptotic response in inﬂuenza virus-infected cells. MATERIALS AND METHODS Viruses and cells. Inﬂuenza A/PR/8/34 (H1N1) WT virus and the mutant lacking the NS1 gene (12, 17) were propagated in 9- and 7-day-old embryonated chicken eggs, respectively. Eggs were infected with about 1,000 PFU and incu- bated for 50 h at 37°C. Appropriate dilutions of virus-containing allantoic ﬂuid were used for the infection of cultured cells. MDCK cells, primary cultures of CF prepared from 10-day-old embryos (60), and Vero cells were grown as mono- layers in Dulbecco’s minimal essential medium supplemented with 10% fetal calf serum (GIBCO-BRL, Karlsruhe, Germany). For infection, 2-day-old conﬂuent cell monolayers were incubated with egg-grown inﬂuenza virus (multiplicity of infection [MOI], 1 to 4 PFU/cell) for1ha t37°C. After infection, cells were washed and incubated with Dulbecco’s minimal essential medium without serum. Infected cells were incubated at 37°C for different periods of time and were then prepared either for light microscope examination, protein gel electrophoresis, or DNA fragmentation analysis. Polyacrylamide gel electrophoresis (PAGE). Polypeptide electrophoresis in polyacrylamide gels with Tris-glycine buffer containing sodium dodecyl sulfate (SDS) were described earlier (61). Analyzed samples were dissolved in buffer containing 10% glycerol, 1% SDS, and 10 mM dithiothreitol and boiled for 4 min at 96°C. Running gels (10% polyacrylamide) were used to separate NP and aNP. To distinguish between the 14- and the 12-kDa forms of M2, 14% polyacrylamide gels were used. Under these conditions, the NP and aNP bands overlapped when * Corresponding author. Mailing address: Institut fu ¨r Virologie, Postfach 2360, 35011 Marburg, Germany. Phone: 49 6421/28 66253. Fax: 49 6421/28 68962. E-mail: klenk@mailer.uni-marburg.de. 1617 on March 2, 2021 by guesthttp://jvi.asm.org/ Downloaded from","support matrix as well as chromatin DNA fragmentation (DNA laddering). In addition, proteolysis of the nucleocapsid protein NP by host caspases has been used as a marker of apoptosis (62). Figure 1A shows the effects of virus infection on the morphology of MDCK cells monolayers. At 14 h after infection with WT virus, monolayers were still largely intact, whereas about 70% of the cells shrank and detached after 21 h. The same degree of apoptosis was seen already 14 h after infection with delNS1 virus, and only very few cells were still attached to the plastic dish after 21 h. Basically the same observations have been obtained with CF cells (not shown). Figure 1B shows the DNA fragmentation patterns obtained from infected MDCK cells. Low-molecular-weight host DNA was isolated at different times after infection from equal amounts of cells and analyzed by agarose electrophoresis. The typical ladder of 0.2- to 10-kb DNA fragments became visible 18 h after infection with WT virus and remained still relatively weak after 24 h. In contrast, after infection with delNS1 virus the ladder was already clearly seen after 14 h and later still increased in intensity. Similar differences were observed when the kinetics of the conversion of NP into aNP were compared in WT- and delNS1-infected cells (Fig. 1C). aNP appeared in cells infected with WT virus at 18 h postinfection (hpi) and was always present in smaller amounts than NP, whereas in delNS1-infected cells aNP was clearly visible already at 12 to 14 hpi and became the predominant form of the nucleocapsid protein at the late stages of infection (18 to 20 hpi). These data indicate that host caspases responsible for NP cleavage and formation of aNP are activated earlier in delNS1- than in WT-infected cells. Similar observations were made when cell morphology, DNA fragmentation, and aNP accumulation as depending on infection with WT and delNS1 virus were ana- lyzed in CF cells (not shown). Taken together, these data clearly indicate that delNS1 virus causes earlier and more intensive apoptosis in MDCK and CF cells than WT virus, suggesting that the NS1 protein has antiapoptotic potential. It was then of interest to analyze apoptosis in Vero cells, since these cells have deleted alpha and beta IFN1 genes (10) FIG. 2. Apoptosis in Vero cells infected with WT and delNS1 viruses. (A) Shrinkage and death of Vero cells after infection with WT and delNS1 viruses. Vero cells were infected with WT and delNS1 viruses at an MOI of 2 to 4 PFU per cell. At different times postinfection, cell cultures were examined by light microscopy. (B) DNA laddering in Vero cells infected with WT and delNS1 viruses. Vero cells were infected with WT and delNS1 viruses at an MOI of 2 to 4 PFU per cell. At different times postinfection, host cell chromatin DNA was isolated by SDS–high-salt extraction. Equivalent amounts of DNA were analyzed by electrophoresis on 1.6% agarose gels followed by ethidium bromide staining. (C) Con- version of NP to aNP. Vero cells were infected with WT and delNS1 viruses at an MOI of 2 to 4 PFU per cell. At different times postinfection, cellular proteins were analyzed by PAGE-WB. For better detection of the NP bands, the delNS1 samples contained twice as much material as the WT samples. NP and aNP polypeptides were identiﬁed with an anti-NP mouse monoclonal antibody (clone A3) and an anti-mouse HRP conjugate developed by ECL. WBs were scanned, and the NP/aNP ratios were calculated by the TINA program (version 2.09; Isotopenmessgeraete GmbH) (below the gel). VOL. 76, 2002 NS1 DOWN-REGULATES APOPTOSIS 1619 on March 2, 2021 by guesthttp://jvi.asm.org/ Downloaded from","and therefore allow replication of WT and delNS1 virus to similarly high titers (17). Unlike MDCK and CF cells, Vero cells did not show large differences in the extent of apoptosis after infection with both viruses. This was quite evident when cell shrinking, rounding, and detachment (Fig. 2A) and DNA laddering (Fig. 2B) were compared. Figures 2A and B show also that apoptosis developed in Vero cells at a signiﬁcantly lower rate than in MDCK and CF cells. Whereas delNS1 virus caused prominent apoptosis in MDCK cells already at 12 to 20 h after infection (hpi), intensive cell rounding and detach- ment, marked DNA laddering, and NP cleavage developed at 35 to 40 hpi in Vero cells. There were some differences be- tween delNS1 and WT virus, when cleavage of NP was ana- lyzed in Vero cells (Fig. 2C). First, the level of NP accumula- tion in Vero cells was comparable to the NP level in MDCK cells, indicating similar rates of virus replication in both host systems. Second, as indicated by the ratios of NP to aNP, cleavage rates were reduced at late stages of infection with delNS1 virus. The possible signiﬁcance of this observation will be discussed below. Taken together, however, the data shown in Fig. 2 clearly indicate that the rapid and intensive apoptosis mediated by NS1 in IFN-competent MDCK cells and CF does not occur in IFN-deﬁcient Vero cells. Thus, it is possible that the antiapoptotic effect of NS1 is IFN dependent. We then compared synthesis of viral proteins in MDCK and Vero cells infected with WT and delNS1 viruses using PAGE. As expected NS1 was detected after staining with Coomassie blue only in WT-, but not in delNS1- infected cells (not shown). NP, M1, and M2 were monitored by WB analysis using speciﬁc monoclonal antibodies (Fig. 3). NP was reduced in delNS1- infected cells by about 50% when compared to WT-infected cells. The lower amounts of NP in delNS1-infected MDCK cells can be explained by the observation that translation fac- tors eIF2 and 4G1 are not activated when the IFN machinery is not inhibited by NS1 (2). A dramatic reduction was observed with M1 and M2. delNS1-infected MDCK and Vero cells con- tained less than 5% of the amounts of M1 and M2 found in cells infected with WT virus (Fig. 3A and B). These data support earlier observations stressing the necessity of NS1 for efﬁcient expression of late viral genes (28, 55). The observation FIG. 3. Accumulation of NP, M1, M2, and aM2 in MDCK and Vero cells infected with WT and delNS1 viruses. MDCK cells (A) and Vero cells (B) were infected with WT and delNS1 viruses at an MOI of 2 to 4 PFU per cell. At different times postinfection, cellular proteins were analyzed by PAGE-WB (14% polyacrylamide gels). The membrane was cut into three pieces, and the strips containing NP, M1, and M2 were incubated separately with mouse monoclonal anti-NP antibody (clone A3), monospeciﬁc goat anti-M1 antibody (Virostat), and monospeciﬁc goat anti-M2 antibody (G-74), respectively, as ﬁrst antibodies and anti-mouse HRP (Dako) and anti-goat HRP (Sigma) conjugates developed as secondary antibodies. (C) Treatment with caspase inhibitor. MDCK cells were infected with WT and delNS1 viruses at an MOI of 2 to 4 PFU per cell. At 10 hpi, caspase 2 inhibitor (VDVAD-CMK) was added to the culture medium, and cells were incubated up to 20 hpi. Cellular polypeptides were analyzed by PAGE-WB and developed with goat anti-M2 antibody (G-74) and anti-goat HRP (Sigma) conjugate by ECL. (D) Potential caspase cleavage sites in M2 and CM2. The 97-aa sequence of the inﬂuenza A virus M2 (31) and the 139-aa sequence of inﬂuenza C virus CM2 (26) are shown. The predicted caspase proteolytic sites are shown by arrows. 1620 ZHIRNOV ET AL. J. VIROL. on March 2, 2021 by guesthttp://jvi.asm.org/ Downloaded from","The candidate answer correctly identifies that the absence of NS1 leads to greater apoptosis and cell death, and it supports this with evidence such as DNA fragmentation and NP cleavage. However, it introduces the idea of IFN dependence and contrasts Vero cells with MDCK and chicken fibroblasts, which are not mentioned in the reference. This adds information not present in the reference, slightly reducing correctness. It covers the main idea but misses the specific emphasis on Vero cells and chicken embryos as the focus of the question, and it includes some extraneous details about IFN-competent cells not in the reference.","The candidate answer correctly identifies that the absence of NS1 leads to greater apoptosis and cell death in IFN-competent systems, and it mentions key indicators like cell shrinkage, detachment, and DNA laddering. However, it introduces the concept of IFN dependency, which is not mentioned in the reference answer. This is a minor unsupported claim. The reference answer does not address IFN-competent vs. IFN-deficient systems, so the candidate answer goes beyond the reference. It partially covers the main idea but misses the specific emphasis on the comparison between delNS1 and WT in the reference context. The task is addressed but with some extraneous information.","The candidate answer correctly identifies that the absence of NS1 leads to increased apoptosis and mentions cell shrinkage, detachment, and DNA laddering, which aligns with the reference. However, it introduces the concept of IFN dependency, which is not mentioned in the reference answer. This is a minor unsupported claim. The reference does not discuss IFN-competent vs. IFN-deficient systems, so the candidate answer goes beyond the provided information. It partially covers the main idea but misses the specific emphasis on the comparison between delNS1 and WT in the reference. The task is addressed but not fully aligned with the reference.",results/unidoc_full_cache/b7b5cd54a37a78a3c751492f586d99754160e800069136b302f4a736a63e8cf0.npz,"[1, 3, 4]",[3],1,NO,JUDGE_ERROR,,,,UNCLEAR,HIGH,The benchmark premise/gold conflicts with the source. The paper states that Vero cells did not show large differences in apoptosis between WT and delNS1 infection. Treat as benchmark error.,,,,,"[3, 5, 6]","[1, 3, 4]","[""page-1-chunk-2"", ""page-3-chunk-1"", ""page-4-chunk-1""]",HIT_AT_3,True,BLOCKED_INITIAL_TOP_K_3
HR036,V_GT_IN_TOP3_WRONG_PAGE,12,unidoc_legal_0032,0028652,legal/legal/0028652.pdf,"In Arizona's right of way, what infrastructure, associated with the Small Cell Act of 2018, is utilized for telecommunication purposes?","A small cell tower installation with accompanying equipment is utilized for telecommunication purposes in Arizona's right of way, associated with the Small Cell Act of 2018.",image_only,VISUAL_REQUIRED,[5],"In Arizona's right of way, the infrastructure associated with the Small Cell Act of 2018 and utilized for telecommunication purposes includes ""small cell wireless facilities."" These facilities are defined as having antennas not more than 6 cubic feet in volume and other wireless equipment not more than 25 cubic feet in volume. Additional components such as electric meters, concealment elements, telecommunications demarcation boxes, grounding equipment, power transfer switches, cut-off switches, and vertical cable runs for the connection of power and other services are also included. The total volume per pole and per provider is 31+ cubic feet.",3,True,"The information provided does not specify what infrastructure, associated with the Small Cell Act of 2018, is utilized for telecommunication purposes in Arizona's right of way. The document evidence is not sufficient to answer the question about Arizona's right of way.",0,False,"The information provided does not specify what infrastructure, associated with the Small Cell Act of 2018, is utilized for telecommunication purposes in Arizona's right of way. The document evidence is not sufficient to answer the question about Arizona's right of way.",0,False,VISUAL_REQUIRED,True,4,4,5,6,False,True,False,9211.2203,243.81069999981264,4460.932999998477,False,True,False,False,False,legal,factual_retrieval,1,3,C:/Users/sp/Desktop/adaptive-multimodal-rag/datasets/unidoc/legal/legal/0028652.pdf,page-4-chunk-1,page-5-chunk-1,page-6-chunk-1,"4 Over Macro Cell Tower expansion. PROTEC worked to advise MML on issues in the legislation, but AT&T received most of what they asked for. See 2012, Act 143, Imd. Eff. May 24, 2012 as amended by 2018, Act 366, Eff. Mar. 12, 2019 This too may be an issue to reconsider as our State government hopefully becomes Muni friendlier.  TELECOM DEREGULATION OF LANDLINE PHONE SERVICE o In 2016 PROTEC opposed the telecom industry effort to deregulate landline phone service and convert it to unregulated Internet Protocol. PROTEC supported the work of one of several of our partners and managed to save essential elements of the 911 sections of the Act.  TELECOM & CABLE AND THE “not so”– SMALL CELL ACT OF 2018 o State Law: While most of our efforts on state legislation are in partnership with other local associations, PROTEC ended up fighting singlehandedly to keep “not so” small cell towers out of our ROW for free and unregulated. Despite pulling off a near win and 30+ votes, (30 more than some predicted), the wireless industry prevailed with one of the worst small cell laws in the country. PROTEC has fought on behalf of many communities to minimize the damage and has supplied numerous forms and advisories to assist our members and beyond. See our website under “RESOURCES”. https://www.protec- mi.org/resources.php o FCC SMALL CELL RULES: A few months before passage of the State law, the FCC Ordered very similar small cell rules allowing these cell towers in our ROW essentially for free and unregulated. PROTEC had been fighting that effort going back to 2014. In 2016/17 we fought and defeated Sprint and Mobilitie’s efforts to install 120-foot Cell towers in our ROW. See one of these errant monstrosities in the City of Flint among the picture below. But the FCC regrouped and issued its orders nonetheless, though limiting height to 50 feet.  APPEAL WIN!! Once issued, PROTEC and a consortium of Cities from across the country filed an appeal. By Order dated August, 2020, the US 9th Cir Ct of Appeals delivered us a WIN on the aesthetics portion of the Appeal. The balance has gone to the US Supreme Court. PROTEC has reserved its right to rejoin support of that appeal if appropriate.","5 AND IN CASE YOU FORGOT HOW BIG, “SMALL CELLS ARE FLINT 120’ “SMALL CELL” ARIZONA ROW SMALL CELL","6  “SMALL” CELL DIMENSIONS: 2018 PA 365 Sec 7 (j) “’Small cell wireless facility’ means … the following requirements: i) Each antenna is … not more than 6 cubic feet in volume … (ii) All other wireless equipment … not more than 25 cubic feet in volume … not included in the calculation … [plus] electric meters, concealment elements, telecommunications demarcation boxes, grounding equipment, power transfer switches, cut-off switches, and vertical cable runs for the connection of power and other services.” Total equals 6 cu ft + 25 cu ft + ? = 31+ Cubic Feet per pole and per provider  PROTEC OPPOSES FCC 2018 SEC 621 CABLE FRANCHISE FEES ORDER o The FCC 2018 Sec 621 Order seeks to reduce Franchise FeeS by the value of all “in kind” benefits authorized, but not mandated by","The candidate answer is mostly correct and semantically consistent with the reference. It identifies 'small cell wireless facilities' as the infrastructure, which is equivalent to 'small cell tower installation with accompanying equipment' in the reference. It also provides additional, accurate details about the components and volume limits, which are not in the reference but are consistent with the Small Cell Act. The only minor issue is that it adds specific technical details not in the reference, but these do not contradict the reference.","The candidate answer fails to provide the correct information and instead claims the document evidence is insufficient, which is incorrect given the reference answer.","The candidate answer fails to provide the correct information and instead claims the document evidence is insufficient, which is incorrect given the reference answer.",results/unidoc_full_cache/1c737a34d53c24e8df484ad3b6300fc380015886ae9e0347b6c246f779e7dc30.npz,"[4, 5, 6]",[5],1,YES,ROUTING,,,,ANSWER_CURRENT_EVIDENCE,HIGH,,VISUAL_PAGE_SELECTION,,,,[5],"[4, 5, 6]","[""page-4-chunk-1"", ""page-5-chunk-1"", ""page-6-chunk-1""]",HIT_AT_3,True,BLOCKED_INITIAL_TOP_K_3
HR037,T_GT_TOP1_WRONG,1,unidoc_commerce_manufacturing_0053,2463121,commerce_manufacturing/commerce_manufacturing/2463121.pdf,What are the supported data rates for the V.29 fax modulation compared to V.34?,"V.29 supports 2.4, 4.8, 7.2, and 9.6 kbps, while V.34 supports data rates from 2.4 kbps to 33.6 kbps.",table_required,VISUAL_REQUIRED,"[1, 2, 3]","The V.29 fax modulation supports data rates of 2.4 kbps, 4.8 kbps, 7.2 kbps, 9.6 kbps, 12 kbps, 14.4 kbps, 16.8 kbps, 19.2 kbps, and 21.6 kbps. In comparison, the V.34 fax modulation supports a broader range of data rates, including 2.4 kbps, 4.8 kbps, 7.2 kbps, 9.6 kbps, 12 kbps, 14.4 kbps, 16.8 kbps, 19.2 kbps, 21.6 kbps, 24 kbps, 26.4 kbps, 28.8 kbps, 31.2 kbps, and 33.6 kbps.",1,False,"V.29 supports data rates of 2.4 kbps, 4.8 kbps, 7.2 kbps, and 9.6 kbps. In comparison, V.34 supports a broader range of data rates, from 2.4 kbps up to 33.6 kbps. This means V.34 supports all the data rates of V.29 and additional higher rates ranging from 12 kbps to 33.6 kbps.",3,True,"The V.29 fax modulation supports data rates of 2.4 kbps, 4.8 kbps, 7.2 kbps, 9.6 kbps, 12 kbps, 14.4 kbps, 16.8 kbps, 19.2 kbps, and 21.6 kbps. In comparison, the V.34 fax modulation supports a broader range of data rates, including 2.4 kbps, 4.8 kbps, 7.2 kbps, 9.6 kbps, 12 kbps, 14.4 kbps, 16.8 kbps, 19.2 kbps, 21.6 kbps, 24 kbps, 26.4 kbps, 28.8 kbps, 31.2 kbps, and 33.6 kbps.",1,False,TEXT_ONLY,False,,2,1,3,True,True,,6863.4059,312.982399998873,0.0,True,False,False,True,False,commerce_manufacturing,comparison,3,3,C:/Users/sp/Desktop/adaptive-multimodal-rag/datasets/unidoc/commerce_manufacturing/commerce_manufacturing/2463121.pdf,page-2-chunk-1,page-1-chunk-1,page-3-chunk-1,"V.34 High-Speed Fax www.GAOResearch.com Page 2 of 9 Product Overview V.34 High -Speed Fax The V.34 Fax Connection and Session In order to understand the benefits of the V.34 fax standard, it is first n ecessary to understand how a fax transmission works. V.34 session management and setup were designed with a similar mechanism to legacy handshaking procedures. The first step of a fax session is to establish a 'handshake' between the sending and the receiv ing devices. During handshaking, the sending and receiving devices negotiate key parameters for how the fax call should be set up such as determining what is the highest transmission speed supported by both devices. The handshaking process itself is perfor med at 300bps in legacy devices. In V.34 fax capable devices, handshaking is performed at a much faster data rate of 1.2 kbps. The result is a handshake time that is reduced from approximately 16 seconds of legacy systems to 9 seconds for V.34. Data Rates Supported (kbps) ITU Standard V.27 V.29 V.17 V.34 2.4 X X 4.8 X X 7.2 X X X 9.6 X X X 12 X X 14.4 X X 16.8 X 19.2 X 21.6 X 24 X 26.4 X 28.8 X 31.2 X 33.6 X Figure 1 – Comparison between Fax Modulation Speeds","V.34 High-Speed Fax www.GAOResearch.com Page 1 of 9 Product Overview V.34 High -Speed Fax Product Description This white paper discusses the unique features of the V.34 facsimile standard, which delivers higher performance and reliability, and how the rapid adoption of high -speed fax results in increased economy and efficiency for businesses. With advancement in facsimile technology, enterprises face the decision to upgrade their fax solutions to high -speed fax, namely V.34. Dubbed ""V.Fast"", the V.34 fax standard is a significant enhancement in fax technology with many advantages over legacy fax solutions. The adoption of the V.34 standard allows:  Data rate of up to 33.6 kbps, more than twice the speed of its predecessor, V.17 (14.4 kbps)  Support for fast handshaking, which cuts session setup and management time significantly over legacy solutions  High-speed transmission enables transport of color fax data In addition, fax devices supporting V.34 offer more robust and reliable fax transmissions for varied line conditions as a result of the mandatory ECM protocol and the more sophisticated modulation/demodulation scheme. These improvements result in cost savings from reduced fax phone bills especially for long-distance scenarios. The ITU-T V.34 Fax Standard The V.34 fax standard was derived from the V.34 data modem standard established by the International Telecommunications Union (ITU). The V.34 data modem standard is a full -duplex implementation for sending and receiving data across telephone lines with a maximum data rate of 33.6 kbps. Certain elements of the V.34 data modem standard were eli minated for V.34 fax while new features, such as a control channel and mandatory ECM, were added to enable fast and reliable fax transmission.","V.34 High-Speed Fax www.GAOResearch.com Page 3 of 9 Product Overview V.34 High -Speed Fax The V.34 Fax Connection and Session In order to understand the benefits of the V.34 fax standard, it is first necessary to understand how a fax transmission works. V.34 session management and setup were designed with a similar mechanism to legacy handshaking procedur es. The first step of a fax session is to establish a ""handshake"" between the sending and the receiving devices. During handshaking, the sending and receiving devices negotiate key parameters for how the fax call should be set up such as determining what i s the highest transmission speed supported by both devices. The handshaking process itself is performed at 300bps in legacy devices. In V.34 fax capable devices, handshaking is performed at a much faster data rate of 1.2 kbps. The result is a handshake tim e that is reduced from approximately 16 seconds of legacy systems to 9 seconds for V.34. Figure 2 – Time-wise Comparison Between V.34 and V.17 Fax After handshaking is complete, the next stage of a fax session is the transmission of the actual fax page data. The retraining and re-synchronization process takes place after each page is transmitted in legacy schemes, where capabilities such as support ed modulation and transfer are renegotiated. In case of error in the transmission, entire pages may need to be retransmitted. This cycle of page data retrain and retransmit repeats until the fax call is completed, and account for significant inefficiency of legacy fax machines. V.34 provides the most extensive range of supported data transmission rates, allowing it to optimize both speed and reliability over a wide range of line conditions. With V.34, fax page data is transmitted at 33.6 kbps, twice the spe ed of V.17. In addition, V.34 uses ECM (Error Correction Mode) as a mandatory feature that handles page transmission error in a much more efficient way.","The candidate answer includes many incorrect data rates for V.29 (e.g., 12 kbps, 14.4 kbps, etc.) that are not supported by the reference. It also adds unsupported data rates for V.34. The answer is mostly incorrect and does not align with the reference.","The candidate answer is mostly correct and covers all essential points. It accurately lists the V.29 data rates and the V.34 range. However, the statement that V.34 supports 'additional higher rates ranging from 12 kbps to 33.6 kbps' is a minor imprecision, as V.34 includes all rates from 2.4 kbps to 33.6 kbps, not just those above 12 kbps.","The candidate answer includes many incorrect data rates for V.29 (e.g., 12 kbps, 14.4 kbps, etc.) that are not supported by the reference. It also adds unsupported data rates for V.34. The answer is mostly incorrect and does not align with the reference.",results/unidoc_full_cache/62b00abb49da779b4eb8deb1e10254b2fd102f3dc281f47a6556cdbffa1bd78a.npz,"[2, 1, 3]","[2, 1, 3]",,YES,ROUTING,,YES,NO,INSPECT_CURRENT_PAGE_VISUALLY,HIGH,"The correct page was already ranked first, but the extracted text loses the table's column structure for V.29/V.17/V.34 transmission rates. Visual inspection of the current page is required to read the table correctly.",,,,2,"[1, 2, 3]","[2, 1, 3]","[""page-2-chunk-1"", ""page-1-chunk-1"", ""page-3-chunk-1""]",HIT_AT_3,False,BLOCKED_INITIAL_TOP_K_3
HR038,T_GT_TOP1_WRONG,2,unidoc_commerce_manufacturing_0131,0314440,commerce_manufacturing/commerce_manufacturing/0314440.pdf,How does the average deviation from the best known solution change over time in large randomly generated instances of Henke et al. (2015)?,The average deviation decreases sharply from 0.45% to near 0% over 360 minutes.,image_plus_text_as_answer,VISUAL_REQUIRED,[22],"The average deviation from the best known solution in large randomly generated instances of Henke et al. (2015) decreases over time. Initially, after 10 minutes of computing time, the average deviation is 0.4%. The largest changes occur between the first and second 10-minute interval, where the average deviation decreases by 0.18%. As the computation progresses, the average deviation continues to decrease, reaching 0.01% by 300 minutes. The results indicate that the solutions converge relatively quickly to the best known solution, with the average deviation decreasing steadily as computing time increases.",2,False,"The average deviation from the best known solution in large randomly generated instances of Henke et al. (2015) starts at 0.4% after 10 minutes of computing time. The largest changes occur between the first and second 10-minute interval, where the average deviation decreases by 0.18%. As computing time increases, the average deviation decreases further, with the deviation reaching near 0.00% by 360 minutes. The convergence is rapid initially, followed by a gradual decrease in deviation as the search progresses.",3,True,"The average deviation from the best known solution in large randomly generated instances of Henke et al. (2015) decreases over time. Initially, after 10 minutes of computing time, the average deviation is 0.4%. The largest changes occur between the first and second 10-minute interval, where the average deviation decreases by 0.18%. As the computation progresses, the average deviation continues to decrease, reaching 0.01% by 300 minutes. The results indicate that the solutions converge relatively quickly to the best known solution, with the average deviation decreasing steadily as computing time increases.",2,False,TEXT_ONLY,False,,22,20,23,True,True,,6676.4018,716.3404999992053,0.0,True,False,False,False,False,commerce_manufacturing,temporal_comparison,1,3,C:/Users/sp/Desktop/adaptive-multimodal-rag/datasets/unidoc/commerce_manufacturing/commerce_manufacturing/0314440.pdf,page-22-chunk-1,page-20-chunk-1,page-23-chunk-1,"20 5.5 Experiments with large, randomly-generated instances The last part of the experiments has been conducted with the large, randomly generated instances of Henke et al. (2015). In these instances, 50 customer locations are considered, while the remaining parameters are the same as in the small instances. For each problem class, one instance was randomly generated, i.e. there are 27 instances. Since it was not possible to obtain optimal results for these instances within reasonable computing time, we adopted the same approach as Henke et al. (2015) to evaluate the GA. Each instance was solved for 360 minutes and the best solutions obtained after 10, 20, 30, 40, 50, 60, 120, 180, 240, 300, and 360 minutes were recorded. Finally, these solutions were compared to the best solutions found after 360 minutes. Table 5 shows the development of the deviations from the best known solutions during the computation for each instance. The results indicate that the solutions found by the algorithm converge relatively quickly to the best known solution. After ten minutes of computing time the average deviation from the best known solutions amounts to 0.4 % only, where the largest gaps with respect to the best known solutions occur for the instances with nine product types and a large number of supplies. These instances consider up to 450 demands which results in very large chromosomes, longer computing times per iteration, and, thus, fewer iterations overall. Furthermore, the largest changes can be observed between the first and the second 10-minute interval in which the average deviation from the best known solution decreases by 0.18 %. As illustrated in Figure 5, these differences decrease as the search progresses. Therefore, it can be cautiously concluded that the objective function values converge. Figure 5: Average deviation from the best known solution plotted against computing time. 0.00% 0.05% 0.10% 0.15% 0.20% 0.25% 0.30% 0.35% 0.40% 0.45% 0 50 100 150 200 250 300 350 Average deviation from the best known solution Computing time in minutes","18 Parameters CPLEX GA Error |P| m/g3549 s/g1191 #opt z #opt aver.opt z CPU CPU max aver.error max.error 3 2 1 (small) 50 363.80 50 4.92 363.83 3.45 7.24 0.01% 0.54% 2 (medium) 50 464.68 43 3.76 465.72 3.63 9.61 0.21% 6.54% 3 (large) 50 596.16 49 4.66 596.42 4.53 16.30 0.07% 3.29% 3 1 (small) 50 343.32 50 4.96 343.32 2.88 4.46 0.00% 0.00% 2 (medium) 50 332.33 50 4.92 332.35 2.72 4.12 0.03% 7.52% 3 (large) 50 332.94 50 4.78 333.40 3.61 5.04 0.05% 3.07% 6 2 1 (small) 50 549.98 50 5.00 549.98 4.10 5.54 0.00% 0.00% 2 (medium) 50 767.49 50 4.92 767.67 6.00 8.39 0.01% 1.07% 3 (large) 50 919.78 50 4.96 920.22 8.28 11.58 0.01% 0.92% 4 1 (small) 50 361.67 50 4.64 361.98 3.25 8.42 0.15% 6.95% 2 (medium) 50 491.39 39 2.84 495.82 5.63 15.73 0.96% 10.02% 3 (large) 50 583.18 50 4.82 583.41 9.00 36.55 0.02% 1.09% 6 1 (small) 50 334.50 50 4.94 334.59 2.57 4.04 0.01% 0.96% 2 (medium) 50 334.96 50 4.42 335.64 4.49 6.79 0.37% 12.04% 3 (large) 50 335.21 50 4.54 336.55 8.20 11.36 0.28% 18.33% 9 2 1 (small) 50 724.17 39 2.62 731.48 4.75 7.01 0.93% 12.00% 2 (medium) 50 1,114.25 28 0.90 1,134.59 6.88 9.03 1.68% 10.23% 3 (large) 50 1,419.09 39 2.70 1,421.28 14.99 22.76 0.14% 1.73% 4 1 (small) 50 461.78 49 3.20 466.79 3.55 4.70 1.04% 12.39% 2 (medium) 50 646.41 38 2.44 653.11 10.06 22.15 0.92% 6.62% 3 (large) 50 815.27 42 2.74 819.09 14.61 29.39 0.42% 5.24% 7 1 (small) 50 341.17 50 4.62 342.03 3.17 4.65 0.23% 8.77% 2 (medium) 50 449.27 31 1.40 465.17 7.52 10.59 3.63% 27.42% 3 (large) 50 556.35 35 2.12 563.33 15.97 45.01 1.24% 13.66% 9 1 (small) 50 321.28 50 4.84 321.47 3.11 5.21 0.10% 7.44% 2 (medium) 50 345.78 50 4.40 346.57 7.29 9.44 0.28% 11.67% 3 (large) 50 328.28 50 4.20 329.91 22.73 50.81 0.28% 15.24% Minimum 50 321.28 28 0.90 321.61 2.57 4.04 0.00% 0.00% Average 50 542.02 45.63 3.90 544.86 6.92 13.92 0.48% 7.58% Maximum 50 1,419.09 50 5.00 1421.19 22.73 50.81 3.63% 27.42% Table 3: Results for the problem instances of Henke et al. (2015)","21 Parameters Ga p between the best solution and the best solution found after Cost of the best solution after 360 minutes|P|m /g3549 s/g1191 10 Minutes 20 Minutes 30 Minutes 40 Minutes 50 Minutes 60 Minutes 120 Minutes 180 Minutes 240 Minutes 300 Minutes 3 2 1 (small) 0.01% 0.00% 0.00% 0.00% 0.00% 0.00% 0.00% 0.00% 0.00% 0.00% 1,021.80 2 (medium) 0.08% 0.03% 0.00% 0.00% 0.00% 0.00% 0.00% 0.00% 0.00% 0.00% 1,131.76 3 (large) 0.06% 0.05% 0.05% 0.05% 0.05% 0.05% 0.05% 0.05% 0.02% 0.00% 1,557.13 3 1 (small) 0.00% 0.00% 0.00% 0.00% 0.00% 0.00% 0.00% 0.00% 0.00% 0.00% 1,150.61 2 (medium) 0.02% 0.00% 0.00% 0.00% 0.00% 0.00% 0.00% 0.00% 0.00% 0.00% 1,154.71 3 (large) 0.06% 0.03% 0.01% 0.00% 0.00% 0.00% 0.00% 0.00% 0.00% 0.00% 1,091.80 6 2 1 (small) 0.13% 0.03% 0.03% 0.03% 0.03% 0.00% 0.00% 0.00% 0.00% 0.00% 1,393.70 2 (medium) 0.21% 0.15% 0.14% 0.14% 0.14% 0.14% 0.14% 0.00% 0.00% 0.00% 2,051.36 3 (large) 0.51% 0.40% 0.39% 0.36% 0.21% 0.19% 0.15% 0.15% 0.15% 0.11% 2,391.80 4 1 (small) 0.13% 0.13% 0.13% 0.00% 0.00% 0.00% 0.00% 0.00% 0.00% 0.00% 957.04 2 (medium) 0.33% 0.04% 0.04% 0.03% 0.03% 0.03% 0.03% 0.02% 0.00% 0.00% 1,622.87 3 (large) 0.64% 0.25% 0.11% 0.10% 0.06% 0.01% 0.01% 0.01% 0.00% 0.00% 1,790.39 6 1 (small) 0.02% 0.00% 0.00% 0.00% 0.00% 0.00% 0.00% 0.00% 0.00% 0.00% 1,053.79 2 (medium) 0.18% 0.01% 0.01% 0.00% 0.00% 0.00% 0.00% 0.00% 0.00% 0.00% 1,033.70 3 (large) 0.51% 0.14% 0.04% 0.00% 0.00% 0.00% 0.00% 0.00% 0.00% 0.00% 1,081.50 9 2 1 (small) 0.11% 0.10% 0.10% 0.10% 0.10% 0.10% 0.10% 0.00% 0.00% 0.00% 1,671.82 2 (medium) 0.33% 0.18% 0.15% 0.15% 0.15% 0.15% 0.15% 0.14% 0.00% 0.00% 3,014.97 3 (large) 1.29% 0.74% 0.52% 0.41% 0.33% 0.29% 0.05% 0.03% 0.02% 0.02% 3,841.84 4 1 (small) 0.07% 0.06% 0.06% 0.06% 0.06% 0.06% 0.06% 0.00% 0.00% 0.00% 1,320.10 2 (medium) 0.45% 0.29% 0.16% 0.15% 0.15% 0.15% 0.06% 0.06% 0.00% 0.00% 1,749.34 3 (large) 1.40% 1.00% 0.77% 0.57% 0.41% 0.33% 0.15% 0.02% 0.00% 0.00% 2,232.78 7 1 (small) 0.11% 0.10% 0.10% 0.10% 0.10% 0.10% 0.10% 0.10% 0.10% 0.10% 1,290.30 2 (medium) 0.47% 0.30% 0.18% 0.07% 0.07% 0.06% 0.06% 0.00% 0.00% 0.00% 1,251.43 3 (large) 1.69% 1.12% 0.88% 0.51% 0.29% 0.17% 0.03% 0.03% 0.00% 0.00% 1,730.29 9 1 (small) 0.11% 0.02% 0.01% 0.00% 0.00% 0.00% 0.00% 0.00% 0.00% 0.00% 1,068.93 2 (medium) 0.44% 0.15% 0.08% 0.04% 0.04% 0.04% 0.04% 0.00% 0.00% 0.00% 1,151.05 3 (large) 1.54% 0.78% 0.50% 0.27% 0.18% 0.09% 0.01% 0.01% 0.01% 0.01% 1,199.80 Minimum 0.00% 0.00% 0.00% 0.00% 0.00% 0.00% 0.00% 0.00% 0.00% 0.00% Average 0.40% 0.23% 0.17% 0.12% 0.09% 0.07% 0.04% 0.02% 0.01% 0.01% Maximum 1.69% 1.12% 0.88% 0.57% 0.41% 0.33% 0.15% 0.15% 0.15% 0.11% Table 5: Results for large instances","The candidate answer correctly states that the average deviation decreases over time and provides specific values and time intervals. However, it introduces unsupported details (e.g., 0.4% at 10 minutes, 0.01% at 300 minutes) not present in the reference. The reference only mentions a sharp decrease from 0.45% to near 0% over 360 minutes. The main idea is captured, but the additional details reduce grounding and correctness.","The candidate answer is mostly correct and aligns with the reference, describing a sharp initial decrease in deviation followed by a gradual decrease to near 0% by 360 minutes. It provides additional detail about the rate of change in the first 20 minutes, which is not in the reference but is consistent with the overall trend. The only minor issue is the specific value of 0.4% at 10 minutes, which is not in the reference (which states 0.45% overall), but this is a minor imprecision rather than a factual error.","The candidate answer correctly states that the average deviation decreases over time and provides specific values and time intervals. However, it includes some details (e.g., 0.4% at 10 minutes, 0.18% decrease in the first 20 minutes, 0.01% at 300 minutes) that are not present in the reference answer, which only mentions a sharp decrease from 0.45% to near 0% over 360 minutes. These additional details are not supported by the reference, reducing grounding. The main idea is captured, but important reference-specific information is missing.",results/unidoc_full_cache/0b44863f58594b360b539f16cdb284734f17dcc5d9d438223b2857bab324472a.npz,"[22, 20, 23]",[22],,NO,JUDGE_ERROR,,YES,NO,UNCLEAR,HIGH,"The source explicitly states that after ten minutes the average deviation from the best known solutions is 0.4%. The response is consistent with the document, while the benchmark reference uses 0.45%. Treat as benchmark/gold error.",,,,22,[22],"[22, 20, 23]","[""page-22-chunk-1"", ""page-20-chunk-1"", ""page-23-chunk-1""]",HIT_AT_3,False,BLOCKED_INITIAL_TOP_K_3
HR039,T_GT_TOP1_WRONG,3,unidoc_construction_0005,4913473,construction/construction/4913473.pdf,Between which values do the signed vertical differences lie in the overlapping section of the pre-aligned DSM from 1977 and the DTM from 2001?,-20.92890 to 11.45086,image_only,VISUAL_REQUIRED,[5],The signed vertical differences in the overlapping section of the pre-aligned DSM from 1977 and the DTM from 2001 lie between a minimum of -35.03 m and a maximum of 63.29 m.,0,False,The signed vertical differences in the overlapping section of the pre-aligned 1977 DSM and 2001 DTM lie between -35.03 meters and 63.29 meters.,1,False,The signed vertical differences in the overlapping section of the pre-aligned DSM from 1977 and the DTM from 2001 lie between a minimum of -35.03 m and a maximum of 63.29 m.,0,False,TEXT_ONLY,False,,5,3,6,True,True,,5467.7455,634.9668999991991,0.0,False,False,False,False,False,construction,factual_retrieval,1,3,C:/Users/sp/Desktop/adaptive-multimodal-rag/datasets/unidoc/construction/construction/4913473.pdf,page-5-chunk-1,page-3-chunk-1,page-6-chunk-1,"leading to a disperse residuals histogram with an excessively high systematic vertical error (see Table 4). Afterwards using the shaded-relie f image algorithm, the initial CEM position has been notably corrected and the matching results have been clearly improved (Fig. 7). Because the algorithm checks different solar position previously selected by the user, it is possible to obtain different solutions and later checking which the best is. In this sense, the 135º solar azimuth would be preferred despite the slightly poorer results estimated during the adjustment process (Table 1). Indeed some signed statistical results are shown in Table 4. Notice that the standard deviation of the 135º solar azimuth case is quite near the RMSE estimated for the reference DTM (1.34 m). So the final matching may be considered as reasonably acceptable. Figure 6. Map of signed vertical residuals (pre-oriented DSM 1977 – DTM 2001 within the overlap area) and corresponding histogram after applying the computed 3D Helmert parameters. Figure 7. Map of signed vertical residuals (oriented DSM 1977 – DTM 2001 within the overlap area) and corresponding histogram after applying the computed 3D Helmert parameters. Case: 270º solar azimuth and 45º solar elevation shaded-relief. Then, and judging numerical data and qualitative maps depicted in Table 4 and Figure 8, shaded-relief image matching could be use to coarsely co-register multi-temporal CEMs automatically without ground control points. It is needed to take into account that some of the gross errors detected in Figure 9 (green to red areas) may be actually no errors but landscape changes due to earthworks (cut and fills) projects. In this way the proposed methodology seems to be very robust b ecause localized shaded- relief features used to compute the adjustment are usually geomorphological features that remain relatively stable along time. 1977 DSM - 2001 DTM comparison Signed residuals statistics Mean (m) Maximum (m) Minimum (m) Standard deviation (m) Pre-oriented 1977 DSM – 2001 DTM 16.12 63.29 -35.03 22.15 1977 DSM (240º-45º) – 2001 DTM -1.03 11.45 -20.92 2.70 1977 DSM (135º-45º) – 2001 DTM -0.31 7.79 -15.18 1.89 Table 4. Signed residuals statistics for the overlap area corresponding to the comparison between 1977 shaded-relief oriented DSMs and 2001 reference DTM. Figure 8. Map of signed vertical residuals (oriented DSM 1977 – DTM 2001 overlap area) and corresponding histogram after applying the computed 3D Helmert parameters. Case: 135º solar azimuth and 45º solar elevation shaded-relief. Figure 9. Map of absolute vertical residuals (oriented DSM 1977 – DTM 2001 overlap area). Case: 135º solar azimuth and 45º solar elevation shaded-relief. The most important problem when registering multi-temporal DEMs is the intensity of tem poral deformation or change occurred between the period of the study. In most surface matching algorithms the deformation area is restricted to not International Archives of the Photogrammetry, Remote Sensing and Spatial Information Science, Volume XXXVIII, Part 8, Kyoto Japan 2010 1006","3. STUDY SITE AND DATASETS 3.1 Study Site The previously described shaded-relief image matching method was tested on one stereo-pair belonging to a historical photogrammetric flight which will be later described. The study area comprises a heavily developed coastal area of Almería (Mediterranean Sea, South Spain). The working area was concretely situated between the harbour of Garrucha and Antas dry-ravine mouth (Fig. 2). This is currently a high risk inundation zone joined to an urban area of high cultural density. /g39/;#23#23#23#23/g90/g90/g104/;#23#23#23#23#23#23#23#23#23#23#23#23#23#23#23#23#23#23/g44/;#23#23#23#23 /g115/g47/g62/g62/;#23#23#23#23/g90/g47/;#23#23#23#23#23#23#23#23#23#23#23#23#23#23#23#23#23#23/g75/g94 /;#23#23#23#23/g374/g410/g258/g400/;#23#23#23/g282/g396/g455/g882/g396/g258/g448/g349/g374/g286/g373/g381/g437/g410/g346 /;#23#23#23#23/g367/g373/g258/g374/g460/g381/g396/g258/;#23#23#23/g396/g349/g448/g286/g396/g373/g381/g437/g410/g346 Figure 2. Coastal image showing the study site. 3.2 Datasets 3.2.1. Data corresponding to 1977: Come from an analogic W&B stereo-pair belonging to the so-called Agriculture photogrammetric flight. This flight presented an approximated scale of 1:18000 and focal distance around 152.77 mm. It was taken in 1977. A 10 m grid-spacing DSM was carried out by means of stereo matching techniques (ISAE 4.0® from Z/I Imaging) ranking over previously digitized images (15 microns per pixel /g167 30 cm ground sample distance) with a spectral resolution of 8 bits. ISDM 4.0®, from Z/I Imaging, was used to carry out the preliminary coarse orientation by means of automatic relative orientation (see section 2). Just for comparison purposes, a classical photogrammetric project was carried out to obtain the best possible absolute orientation of the 1977 tested stereo-pair. For it, Leica Photogrammetry Suite 9.1® (LPS) was utilised. Because our historical flight lacks of camera calibration certificate, which is very usual by the way, the corner coordinates for each photograph (fiducial marks) were established using precise manual measurements made on the positives. The principal point coordinates were fixed at zero, i.e. no offset existed between the principal point and the fiducial centre. Focal length was included because it usually appears as marginal data in aerial photographs. LPS allows applying different Additional Parameters (APs) models in the aerial triangulation process. The APs are the terms of a polynomial expression incorporated to the collinearity equations which allow the modelling of systematic errors coming from the absence of camera calibration certificate. This process is known as self-calibration adjustment. In this case the Brown’s physical model (14 parameters) was used, which compensates for most of the linear and nonlinear forms of film and lens distortions (Aguilar et al., 2010b). However, it is necessary a high number and accurate ground control points to cope with this bundle adjustment. In this case we counted on 45 ground control points measured by means of DGPS technology. Furthermore, 44 independent check points (ICPs), not employed during the triangulation adjustment, were used to check the process accuracy. In this way, the root mean square error (RMSE) was calculated over the ICPs yielding the following results: RMSEx = 17.6 cm; RMSYy = 17.1 cm; RMSEz = 33.3 cm. That is a very good result which assures a theoretically well-oriented DSM by using LPS stereo-matching. In fact, this final 1977 DSM may be considered as the best of all possible ones, but it also was very time-consuming and costly to obtain. Figure 3. Photogrammetrically-derived CEMs corresponding to 1977 (left) and 2001 (right). Reference system UTM-ETRS89. 3.2.2. Data corresponding to 2001: The reference CEM corresponding to 2001 was a 10 m grid-spacing DTM produced by the Andalusia Regional Government (Spain) throughout a photogrammetric flight taken in 2001 at an approximated scale of 1:20000. This original DTM was transformed from UTM European Datum 1950 and orthometric heights to the new Spanish official geodetic system called the European Terrestrial Reference System (ETRS89) and elipsoidic heights above GRS80 ellipsoid. The corresponding DTM accuracy was estimated upon 62 DGPS check points located at open terrain, yielding a vertical RMSE value around 1.34 m. The historical CEM to geo-reference (1977) and the reference CEM (2001) are depicted in Figure 3 as 3D surface maps. 4. RESULTS AND DISCUSSION 4.1 Automatic Shaded-Relief Image Matching It is important to point out that the matching results may be very variable depending on the solar position. In fact, automated GCP location in two images consis ts of two steps. The first one extracts spatial features from each image. Then, the features are paired by correspondence matching. The su ccess of the process depends, in part, on the similarity of the features in","much more than 50% by introducing the so-called differential model and improving the classic least Z-difference or LZD algorithm, but it is rather complex and needs a previous rough co-registration or knowing about the approximated transformation to carry out (Zhang and Cen, 2008). Our approach could be used as a first step headed up to later apply a LZD-based surface matching algorithm to refine the initial matching as much as possible. This second step should include weight functions based on M-estimators to make the computation more robust and resisting to the presence of outliers (Miller et al., 2008). 4.4 Comparison between the 1977 Photogrammetrically Oriented DSM and the Shaded-relief Matching Oriented DSM As it was described in section 3.2.1, we previously made up “the best possible photogrammetric absolute orientation” for 1977 CEM by using a lot of GCPs and the self-calibration potential of LPS system to overcome the problem due to the absence of the camera calibration parameters. In Table 5 can be observed some residuals statistic s from which it is possible to state that the performance of shaded-relief matching method may be considered as quite suitable. The fact is that the standard deviation is reasonably low, taking into account the flight scale and the corresponding CEM uncertainty (around 1.10 m). It is necessary to add that different stereo-matching methods to produce the 1977 CEM were utilised (that is ISAE Z/I and LPS systems). Hence there is an error from the get-go between both automatically generated CEMs that was estimated about 0.74 m (standard deviation) by means of a GCP-based surface matching approach. DSM/DTM comparison Maximum (m) Minimum (m) Standard deviation (m) DSM (135º/45º) – PhotoDSM (1977) 6.40 -6.05 1.57 DSM (240º/45º) – PhotoDSM (1977) 5.28 -6.76 2.56 2001 DTM – 1977 PhotoDSM 8.34 -7.28 1.60 Table 5. Residuals statistics for the overlap area corresponding to the comparison between 1977 shaded-relief oriented DSMs and photogrammetrically oriented DSM (Photo DSM). It has been also added the comparison for 2001 DTM. 5. CONCLUSIONS The results obtained from this work may be deemed as very promising, showing a good co-registration between reference and historical CEMs in heavily developed coastal areas. The point is the high efficiency and robustness demonstrated for historical CEM 3D geo-referencing when it was compared to costly and time-consuming traditional methods such as photogrammetric absolute orientation based on surveyed ground control points and self-calibrating bundle adjustment techniques. This preliminary approach could be used as a previous course matching to be subsequently refined by 3D robust surface matching. 6. ACKNOWLEDGEMENTS The authors are very grateful to Andalusia Regional Government, Spain, for financing this work through the Excellence Research Project RNM-3575 “Multisource geospatial data integration and mining for the monitoring and modelling of coastal areas evolution and vulnerability. Application to a pilot area located at Levante de Almería, Spain”. 7. REFERENCES Aguilar, F.J., Carvajal, F., Aguilar, M.A., Agüera, F., 2007. Developing digital cartography in rural planning applications. Computers and Electronics in Agriculture, 55, pp. 89-106. Aguilar, F.J., Mills, J.P., Delgado, J., Aguilar, M.A., Negreiros, J.G., Pérez, J.L., 2010a. Modelling vertical error in LiDAR- derived digital elevation models. ISPRS Journal of Photogrammetry and Remote Sensing, 65(1), pp. 103-110. Aguilar, M.A., Aguilar, F.J., Negreiros, J.G., 2010b. Self- calibration methods for using historical aerial photographs with photogrammetric purposes. Anales de Ingeniería Gráfica, 21, pp. 33-40. Andalusian Government, 2005. Modelo digital del Terreno de Andalucía. Relieve y orografía. Junta de Andalucía, Sevilla, Spain (on DVD). Brock, J.C., Purkis, S.J., 2009. The emerging role of Lidar remote sensing in coastal research and resource management. Journal of Coastal Research, 53, pp. 1-5. Cowell, P.J., Zeng, T.Q., 2003. Integrating uncertainty theories with GIS for modelling coastal hazards of climate change. Marine Geodesy, 26, pp. 5-18. James, T.D., Murray, T., Barrand, N.E., Barr, S.L., 2006. Extracting photogrammetric ground control from LiDAR DEMs for change detection. The Photogrammetric Record , 21(116), pp. 312-328. Lowe, D.G., 2004. Distinctive image features from scale- invariant keypoints. International Journal of Computer Vision, 60(2), pp. 91-110. Miller, P., Mills, J.P., Edwards, S., Bryan, P., Marsh, S., Mitchell, H., Hobbs, P., 2008. A robust surf ace matching technique for coastal geohazard assessment and management. ISPRS Journal of Photogrammetry and Remote Sensing, 63(5), pp. 529-542. Titus, J.G.,","The candidate answer provides values (-35.03 m to 63.29 m) that are substantially different from the reference answer (-20.92890 to 11.45086), indicating a factual error and lack of grounding in the reference.","The candidate answer addresses the question and provides a range, but the values (-35.03 to 63.29) are substantially different from the reference answer (-20.92890 to 11.45086), indicating a factual inaccuracy. It covers the main idea but is not grounded in the reference.",The candidate answer provides values (-35.03 m to 63.29 m) that are completely inconsistent with the reference answer (-20.92890 to 11.45086). The answer is factually incorrect and does not address the correct range.,results/unidoc_full_cache/d84a6329214ca1dacb92cd808e26b222bfec081994fc7c376879bf03af6f3bf1.npz,"[5, 3, 6]",[5],,NO,JUDGE_ERROR,,YES,NO,UNCLEAR,HIGH,"The benchmark reference confuses two rows of Table 4. The pre-oriented 1977 DSM versus 2001 DTM has minimum -35.03 and maximum 63.29, while -20.92 and 11.45 belong to the 240-degree oriented DSM result. Treat as gold error.",,,,5,[5],"[5, 3, 6]","[""page-5-chunk-1"", ""page-3-chunk-1"", ""page-6-chunk-1""]",HIT_AT_3,False,BLOCKED_INITIAL_TOP_K_3
HR040,T_GT_TOP1_WRONG,4,unidoc_construction_0128,6837658,construction/construction/6837658.pdf,"What conclusions were drawn from the panel's February 27, 2018, inspection and discussions on the proposed lot division at 2 Inverary Drive, Kurmond?","The panel conducted a site inspection on February 27, 2018, attended by all panel members and DPE staff. They held a briefing meeting with the proponent and council representatives, and another meeting with the Department of Planning and Environment staff. The proposal seeks to amend the Hawkesbury Local Environmental Plan 2012 by altering the minimum lot size to allow subdivision into 41 residential lots, with lot sizes ranging from 1000sqm to 2 hectares.",table_required,VISUAL_REQUIRED,"[4, 5, 6]","The panel's February 27, 2018, inspection and discussions on the proposed lot division at 2 Inverary Drive, Kurmond, concluded that the proposal demonstrated strategic merit in alignment with the Plan for Growing Sydney, the draft Greater Sydney Regional Plan, and the Draft Western District Plan. The panel unanimously agreed that the proposal would advance the Liveability Planning Priority W5 by providing additional housing supply and Priority W6 by complementing the rural lifestyle qualities of Kurmond village. 

Regarding site-specific merit, the majority of the panel was satisfied that the proposal was suitable for referral to the Department for a Gateway determination under the Environmental Planning and Assessment Act 1979. They acknowledged significant local planning, ecological, and bushfire issues but believed reasonable measures could be adopted to manage these through the planning proposal process and subsequent assessments. 

The minority of the panel expressed concerns about the proposed minimum lot sizes, particularly the 1,000m² lots, and suggested that the Council's ongoing investigations in the Kurmond and Kurrajong Investigation Area should be completed before considering such smaller lots. The panel agreed that increasing lot sizes with distance from the Kurmond town centre had substantial merit. The majority concluded that the Gateway process was appropriate to determine the final lot sizes for the exhibition draft.",0,False,"The conclusions drawn from the panel's February 27, 2018, inspection and discussions on the proposed lot division at 2 Inverary Drive, Kurmond, were that the proposal demonstrated strategic merit and should be submitted for a Gateway determination. The panel determined this because the proposal was considered fundamentally consistent with the Plan for Growing Sydney, the draft Greater Sydney Regional Plan, and the Draft Western District Plan, and it would advance specific planning priorities. The majority of the panel also found that the proposal had sufficient site-specific merit, despite the site presenting significant local planning, ecological, and bushfire issues, as reasonable measures could be adopted to manage these matters. However, a minority of the panel opposed the referral, citing concerns about the appropriateness of the proposed minimum lot sizes and the need for the Council's investigations to be completed before smaller lots could be considered.",0,False,"The panel's February 27, 2018, inspection and discussions on the proposed lot division at 2 Inverary Drive, Kurmond, concluded that the proposal demonstrated strategic merit and site-specific merit, according to the majority of the panel. The majority (Justin Doyle, Bruce McDonald, and Lindsay Fletcher) supported the referral of the proposal to the Minister for a Gateway determination, while a minority (Matt Owens and Jeff Organ) opposed the referral. The strategic merit was based on the proposal's consistency with the Plan for Growing Sydney, the draft Greater Sydney Regional Plan, and the Draft Western District Plan, as well as its contribution to housing supply and rural lifestyle qualities in the area. The site-specific merit was determined after considering environmental impacts and the potential for managing these through the planning proposal process and subsequent assessments. The minority expressed concerns about the appropriateness of the proposed minimum lot sizes and the need to complete the Council's investigations before proceeding.",0,False,TEXT_ONLY,False,,5,1,2,True,True,,6621.9358,294.907499999681,0.0,False,False,False,True,False,construction,summarization,3,3,C:/Users/sp/Desktop/adaptive-multimodal-rag/datasets/unidoc/construction/construction/6837658.pdf,page-5-chunk-1,page-1-chunk-1,page-2-chunk-1,"Lindsay Fletcher Matt Owens Jeff Organ SCHEDULE 1 1 PANEL REF – LGA – DEPARTMENT REF - ADDRESS 2018SWT002 – LGA – Hawkesbury – PGR_2017_HAWKE_001_00 – at 2 Inverary Drive, Kurmond to be subdivided into 41 residential lots 2 LEP TO BE AMENDED Hawkesbury Local Environmental Plan 2012 3 PROPOSED INSTRUMENT The proposal seeks to amend Hawkesbury Local Environmental Plan 2012, by altering the minimum lot size to part 1000sqm, part 2000sqm, part 6000sqm and part 2 hectares to allow land at 2 Inverary Drive, Kurmond, to be subdivided into 41 residential lots. 4 MATERIAL CONSIDERED BY THE PANEL • Rezoning review request documentation • Briefing report from Department of Planning and Environment 5 MEETINGS AND SITE INSPECTIONS BY THE PANEL • Site inspection: 27 February 2018 o Panel members in attendance: Justin Doyle (Chair), Bruce McDonald, Lindsay Fletcher, Matt Owens and Jeff Organ o Department of Planning and Environment (DPE) staff in attendance: Terry Doran and Alicia Hall • Briefing meeting with Proponent & Council: 27 February 2018, from 11.50 am to 1.15pm o Panel members in attendance: Justin Doyle (Chair), Bruce McDonald, Lindsay Fletcher, Matt Owens and Jeff Organ o DPE staff in attendance: Terry Doran and Alicia Hall o Proponent representatives in attendance: Robert Montgomery, Mike Carris and Ken Hardaker o Council representatives in attendance: Colleen Haron and Andrew Kearns o DPE staff in attendance: Terry Doran and Alicia Hall • Briefing meeting with Department of Planning and Environment (DPE): 27 February 2018, from 1.20pm to 2.40pm","REZONING REVIEW RECORD OF DECISION SYDNEY WESTERN CITY PLANNING PANEL REZONING REVIEW 2018SWT002 – LGA – Hawkesbury – PGR_2017_HAWKE_001_00 – at 2 Inverary Drive, Kurmond to be subdivided into 41 residential lots (AS DESCRIBED IN SCHEDULE 1) Reason for Review: The council has notified the proponent that the request to prepare a planning proposal has not been supported The council has failed to indicate its support 90 days after the proponent submitted a request to prepare a planning proposal or took too long to submit the proposal after indicating its support PANEL CONSIDERATION AND DECISION The Panel considered: the material listed at item 4 and the matters raised and/or observed at meetings and site inspections listed at item 5 in Schedule 1. Based on this review, the Panel determined that the proposed instrument: should be submitted for a Gateway determination because the proposal has demonstrated strategic and site-specific merit should not be submitted for a Gateway determination because the proposal has not demonstrated strategic merit has demonstrated strategic merit but not site-specific merit The decision was divided. 3 members (Justin Doyle, Bruce McDonald and Lindsay Fletcher) supported referral of the proposal to the Minister. A minority of 2 Panel members (Matt Owens and Jeff Organ) opposed referral. REASONS FOR THE DECISION Relevant policies Policies of relevance to the assessment of this proposal include: • Plan for Growing Sydney and the draft Greater Sydney Regional Plan DATE OF DECISION 27 February 2018 PANEL MEMBERS Justin Doyle (Chair), Bruce McDonald, Lindsay Fletcher, Matt Owens and Jeff Organ APOLOGIES Nicole Gurran DECLARATIONS OF INTEREST Clr Mary Lyons-Buckett withdrew from the Panel due to the possibility of a perceived conflict and advised that Planning proposals in this specific area have been the subject of a series of Council resolutions in which she has been involved. Therefore, she has decided this is the correct path of action to take regarding this specific application.","• The Draft Western District Plan which is the central strategic policy against which the proposal is to be assessed. • The Kurmond Kurrajong Investigation Area (Structure) Plan and associated Interim Policy adopted by Council adopted 28 July 2015. Strategic Merit The Panel unanimously considered that the proposal is fundamentally consistent with the Plan for Growing Sydney, the draft Greater Sydney Regional Plan the Draft Western District Plan and will advance the Liveability Planning Priority W5 by providing further housing supply and Priority W6 by complementing and reinforcing the rural lifestyle qualities and attractions of Kurmond village. The Panel also unanimously saw that the advantages of providing additional lifestyle rural housing very much in demand in the Hawkesbury area in a locality which is no longer well suited to significant agriculture demonstrates adequate strategic locational merit for the proposal to be advanced. Site Specific Merit After considering the likely environmental impacts of the proposal including those arising under the Department’s Gateways Sustainability Priorities W12 and W14, the majority of the Panel was satisfied that it is suitable for being referred to the Department for a Gateway determination under s.56 of the Environmental Planning and Assessment Act 1979 (the Act). While the site presents significant local planning, ecological and bushfire issues, the majority determined that there seemed to be reasonable measures that could be adopted through the planning proposal process, and the subsequent assessment of individual DAs for any future subdivisions if the planning proposal is adopted, for those matters to be managed. The minority was of the view that the proposed minimum areas proposed for part of the site which would permit lots as small as 1,000m2 was inappropriate, and would be potentially inconsistent with the Council’s incomplete Kurmond and Kurrajong Investigation Area, and that work on that investigation ought to be completed before lots that small could be considered. Importantly, all the Panel agreed that there was likely to be substantial merit in graduating an increase in lot sizes as distance from the Kurmond town centre increases. However, the majority determined that as the Council’s investigations were continuing there was at least a minor potential for smaller lots somewhere on the site to be appropriate although that may well prove not to be the case. The majority saw the Gateway processes as an appropriate means to consider the appropriate lot sizes to ultimately be included in the exhibition draft. It may be that ultimately the exhibited proposal will not include 1,000m2 lots, and indeed may incorporate additional lots greater than 2,000m2 on the southwestern boundary to allow for a buffer with adjoining large lot rural land. COMMENTS The Panel considers that site specific matters warranting attention prior to exhibition of a draft instrument include:",The candidate answer contains no factual information from the reference answer and instead fabricates conclusions and discussions that are not mentioned in the reference. It does not answer the question based on the provided reference and is entirely unsupported.,The candidate answer contains no factual information from the reference answer and instead fabricates conclusions and details not present in the reference. It does not answer the question based on the provided reference and is entirely unsupported.,"The candidate answer contains no information that is present in the reference answer. It fabricates details about the panel's conclusions, members, and their positions, which are not mentioned in the reference. The reference answer only provides factual background on the inspection and the proposal, while the candidate answer introduces unsupported and potentially false claims.",results/unidoc_full_cache/6638ac96e0a96d42144f1044350bfaf6e1473c813bf8221c17fa63cb23afd3df.npz,"[5, 1, 2]",[5],,NO,JUDGE_ERROR,,,NO,UNCLEAR,HIGH,The response correctly summarizes the Panel's decision to submit the proposal for Gateway determination based on strategic and site-specific merit and the divided vote. The benchmark reference focuses on meeting and lot-size details rather than the decision asked by the question.,,,,,"[4, 5, 6]","[5, 1, 2]","[""page-5-chunk-1"", ""page-1-chunk-1"", ""page-2-chunk-1""]",HIT_AT_3,False,BLOCKED_INITIAL_TOP_K_3
HR041,T_GT_TOP1_WRONG,5,unidoc_crm_0003,1314343,crm/crm/1314343.pdf,"In the ACM study on emoji recommendations, what variations exist in emoji rank selection across the baseline, sentence-focused, and dialogue-based models?","The conversation model leads to a higher concentration of emojis selected at lower ranks compared to the baseline and current-sentence models. In the baseline model, emojis are distributed more evenly across ranks, while in the current-sentence model, emojis are chosen at slightly lower ranks than the baseline, but not as low as in the conversation model.",image_plus_text_as_answer,VISUAL_REQUIRED,"[16, 17]","In the ACM study on emoji recommendations, the variations in emoji rank selection across the baseline, sentence-focused, and dialogue-based models are as follows:

- The **baseline** model had a median rank of 32 for emoji selection (i.e., 50% of emoji selections were made for emojis ranked from 1 to 32 out of 111).
- The **sentence-focused (current-sentence)** model improved this to a median rank of 13.
- The **dialogue-based (conversation mode, Reeboc)** model further improved the median rank to 7.

For **emoji-only sentences**, the differences were more pronounced:
- The **baseline** had a median rank of 44.
- The **sentence-focused** model improved this to a median rank of 34.
- The **dialogue-based** model achieved a median rank of 13.

These results indicate that the dialogue-based model (Reeboc) provided the most effective emoji recommendations, particularly for emoji-only sentences, compared to the baseline and the sentence-focused model.",2,False,"In the ACM study on emoji recommendations, the variations in emoji rank selection across the baseline, sentence-focused, and dialogue-based models are as follows:

- The **baseline** model had a median rank of 32 for emoji selection, meaning 50% of selections were made from emojis ranked 1 to 32 out of 111.
- The **sentence-focused (current-sentence)** model improved this to a median rank of 13.
- The **dialogue-based (conversation)** model further improved the median rank to 7, indicating that participants selected emojis presented much earlier in the keyboard layout.

For **emoji-only sentences**, the differences were even more pronounced:
- The **baseline** had a median rank of 44.
- The **sentence-focused** model improved this to a median rank of 34.
- The **dialogue-based** model achieved a median rank of 13, showing a significant improvement over the sentence-focused model.

These results suggest that the dialogue-based model (conversation mode) provided more effective and contextually relevant emoji recommendations compared to the other models.",3,True,"In the ACM study on emoji recommendations, the variations in emoji rank selection across the baseline, sentence-focused, and dialogue-based models are as follows:

- The **baseline** model had a median rank of 32 for emoji selection (i.e., 50% of emoji selections were made for emojis ranked from 1 to 32 out of 111).
- The **sentence-focused (current-sentence)** model improved this to a median rank of 13.
- The **dialogue-based (conversation mode, Reeboc)** model further improved the median rank to 7.

For **emoji-only sentences**, the differences were more pronounced:
- The **baseline** had a median rank of 44.
- The **sentence-focused** model improved this to a median rank of 34.
- The **dialogue-based** model achieved a median rank of 13.

These results indicate that the dialogue-based model (Reeboc) provided the most effective emoji recommendations, particularly for emoji-only sentences, compared to the baseline and the sentence-focused model.",2,False,TEXT_ONLY,False,,17,18,19,True,True,,7120.5406,359.0313000004244,0.0,True,False,False,True,False,crm,comparison,2,3,C:/Users/sp/Desktop/adaptive-multimodal-rag/datasets/unidoc/crm/crm/1314343.pdf,page-17-chunk-1,page-18-chunk-1,page-19-chunk-1,"No More One Liners: Bringing Context into Emoji Recommendations 9:17 Fig. 8. CDF of used emoji “ranks.” Thex-axis represents the presentation order of the 111 emojis on the keyboard. Fig. 9. Average emoji selection “ranks” for each participant in the user study. The error bars represent stan- dard deviations. better emoji recommendations, participants are likely to choose emojis that are presented on the top left of the emoji keyboard (as opposed to the bottom right). To measure this effect, we use the emoji selection rank, which is the order in which the chosen emoji is presented on the emoji keyboard. For example, an emoji with rank= 10 means that it is the 10th presented emoji in the recommendation conditions (or the 10th emoji on the baseline emoji keyboard). The closer the selection rank is to 1, the higher the emoji recommendation. We compared the emoji selection rank of the three emoji modes used in the user study. Figure8 plots the cumulative distribution function (CDF) of emoji selection rank comparisons for the baseline, the current-sentence mode, and the conversation mode (i.e.,Reeboc). Thex-axis represents the rank of suggested emojis. The medianrank(50%ofCDF)is32forthebaseline(i.e.,50%ofemojiselectionsweremadeforemojis ranked from 1 to 32 (out of 111)), 13 for the current-sentence mode, and 7 for the conversation mode. Overall, the two recommendation modes showed a considerably better selection rank than the baseline.InFigure 9,allparticipantsshowedimprovedaverageselectionrankusingthetwoemoji recommendation modes when compared to the baseline. Comparing among the recommendation m o d e s ,t h em e d i a nr a n ko ft h eC D Fi si m p r o v e df r o m1 3t o7i nt h ec o n v e r s a t i o nm o d eo v e rt h e current-sentence mode (see Figure8). The average emoji selection rank for 12 of 17 participants was better with the conversation mode than the current-sentence mode (see Figure9). This sug- geststhattheconversationmodepresentedmoreeffectiveemojirecommendationstoparticipants than the baseline and the current-sentence mode. Participants’commentsinthepost-studyinterviewechoedtheemojiselectionrankdifferences amongthethreemodes.Ofthe17participants,15saidthetworecommendation-basedmodeswere muchbetterthanthebaselineforemojiselection.P7said,“Appropriateemojiswererecommended, ACM Transactions on Social Computing, Vol. 3, No. 2, Article 9. Publication date: April 2020.","9:18 J. Kim et al. Fig. 10. The ratio of emoji-only sentence among chat sentences containing emojis for each user. Fig. 11. CDF that displays the ranks of selected emojis, specifically for emoji-only sentences. so I could choose my emoji from the top results and reduce the time to find the emoji I wanted to use.” Some expressed inconvenience with emoji recommendations because the constantly changing orderofemojisdisplaywasconfusing.Theseparticipantsnotedthattheyknowbyheartthestatic default layout of the baseline and can quickly select the desired emoji. P10 responded, “I use only certain emojis. My muscle memory remembers the locations of the emoji I use the most, so I can choose quickly. Emoji use was more inconvenient in the recommendation modes because there were no same emoji in the remembered position.” 5.2.2 Emoji-Only Messages. In our user study, 36.2% of the sentences containing emojis were emoji-onlysentences.Thelikelihoodofusingemoji-onlysentencesvariedwidelybetweenpartic- ipants,withamean of0.35(standarddeviation =0.27)fortheparticipants,asshowninFigure 10. The participant who had the highest ratio of emoji-only sentences among all emoji-containing sentences was 88%. Theconversationmodeshowedclearbenefitswhenparticipantsusedonlyemojiswithouttyp- ing any text (i.e., emoji-only sentences). The model considering only the current sentence cannot recommend emojis for emoji-only messages, as there is no text to seed the recommendation en- gine.Ourresultssuggestthatemoji-onlysentenceswereusedfrequentlyandparticipantsreported thattheyprimarilyuseemoji-onlysentencestoquicklyreacttoaconversationpartner’sprevious sentenceortoimmediatelyappendemotiontotheirprevioussentence.Thesemotivationsofusing emoji-onlysentencesbodewellfor Reeboc,asitusesconversations(i.e.,afewprevioussentences) torecommendemojis.Figure 11plotstheCDFofemojiselectionrankcomparisonsofthebaseline, current-sentence mode, and conversation mode only for emoji-only sentences. The median rank (50% of CDF) was 44 for the baseline, 34 for the current-sentence mode, and 13 for the conver- sation mode. Intuitively, the baseline and current-sentence modes should show similar results, as ACM Transactions on Social Computing, Vol. 3, No. 2, Article 9. Publication date: April 2020.","No More One Liners: Bringing Context into Emoji Recommendations 9:19 Table 2. Average Emoji Selection Latency Baseline Current-Sentence Model Conversation Model All Emoji-Used Sentences 4,601 ms 3,262 ms 2,723 ms Fig. 12. The average emoji selection time for each participant in the user study. The error bars represent standard deviations. they literally show the same layout in such cases. Nevertheless, given that the participants have builtsomeleveloftrustonthesuggestionofthecurrent-sentencemodecomparedtothebaseline (from previous chats), they tend to select the lower-rank emojis in this case. Compared to Figure8, the median emoji selection rank difference between the conversation modeandthecurrent-sentencemodeislarger.Thedifferenceforallemojiusewas6medianrank difference, whereas for emoji-only sentences, it was 21 median rank difference; Figure11 shows the median rank (50% of CDF) of 34 for the current-sentence mode and 13 of the conversation mode. This result suggests that the conversation mode presents stronger recommendations for an emoji-only sentence, as it suggests emojis based on analyzing previous sentences. P10 mentioned thattheemoji-onlysentencerecommendationwasgoodforreactingtotheemojiusedbythecon- versation partner: “I respond with emojis when others use emojis. In this case, I want to use a similar emoji to what others are using, but not the same emoji. I like the emoji suggestion result.” Tosummarize,mostparticipantseffectivelyselectedemojisintheemojirecommendationmodes overthebaselineemojilayout.Theconversationmode(i.e., Reeboc)generallyshowedbetteremoji recommendations than the current-sentence mode. Figure8shows the median rank (50% of CDF) of13forthecurrent-sentencemodeand7fortheconversationmode.Especiallyfortheemoji-only messages, the conversation mode showed a much better recommendation, with the median emoji selection rank being 34 for the sentence mode and 13 for the conversation mode. 5.2.3 EmojiSelectionLatency. Withemojirecommendations,participantsselectedemojisfaster than when using the baseline. Table2 presents the average time taken to select an emoji for each mode.Theemojiselectionlatencyintheconversationmodewas2.73secondswith1.83secondsof standard deviation, whereas the baseline was 4.6 seconds with 4.4 seconds of standard deviation and the current-sentence mode was 3.26 seconds with 2.64 seconds of standard deviation. This suggests that the conversation model improves the latency compared to the baseline by 38% and 14% compared to the current-sentence mode. Figure12showstheaverageemojiselectiondelayforthethreeemojimodesforeachparticipant. The conversation model showed the best performance for 13 of 17 participants. Among the four participants whose best latency mode was not the conversation model, only one participant (P10) ACM Transactions on Social Computing, Vol. 3, No. 2, Article 9. Publication date: April 2020.","The candidate answer provides specific median rank values not present in the reference, which introduces some unsupported detail. However, it correctly captures the relative performance trend: the dialogue-based model selects emojis at lower ranks than the sentence-focused model, which in turn performs better than the baseline. It also adds context about 'emoji-only sentences,' which is not in the reference, making it partially complete and introducing a minor unsupported claim.","The candidate answer is mostly correct and aligns with the reference, providing specific median ranks for each model and highlighting the trend that the dialogue-based model leads to lower rank selections. It also includes additional context about 'emoji-only sentences,' which is not in the reference but is plausible and does not contradict it. The only minor issue is the inclusion of the 'emoji-only sentences' part, which is not in the reference and slightly extends beyond the question's scope, but it does not introduce factual errors.","The candidate answer provides specific median rank values not present in the reference, which introduces some unsupported detail. However, it correctly captures the relative performance trend: the dialogue-based model selects emojis at lower ranks than the sentence-focused model, which in turn performs better than the baseline. It also adds context about 'emoji-only sentences,' which is not in the reference, making it partially complete and introducing a minor unsupported claim.",results/unidoc_full_cache/bb2ce0a69834bed0aa74a9b0ce8d28de19676eaa6aaccf2983e331d973276c2f.npz,"[17, 18, 19]",[17],,NO,JUDGE_ERROR,,YES,NO,UNCLEAR,HIGH,"The response gives the correct median emoji selection ranks: 32 for baseline, 13 for current-sentence, and 7 for conversation mode. Nearly equivalent evidence is accepted elsewhere, indicating judge inconsistency.",,,,17,"[16, 17]","[17, 18, 19]","[""page-17-chunk-1"", ""page-18-chunk-1"", ""page-19-chunk-1""]",HIT_AT_3,False,BLOCKED_INITIAL_TOP_K_3
HR042,T_GT_TOP1_WRONG,6,unidoc_crm_0045,0539778,crm/crm/0539778.pdf,Which specific reporting schedules concerning missed calls are supported by the myReports functionality in OpenScape Business?,"The myReports functionality in OpenScape Business supports reporting schedules for 'Abandoned Calls Per Hour' with options for output format and recurrence settings, which can include hourly, daily, weekly, monthly, and yearly recurrence.",image_plus_text_as_answer,VISUAL_REQUIRED,"[5, 6]",The document does not specify the particular reporting schedules related to missed calls that are supported by the myReports functionality in OpenScape Business.,0,False,"The myReports functionality in OpenScape Business supports the following specific reporting schedules concerning missed calls: ""Missed Calls Per Hour"" and ""Missed Calls Per Day."" These reports can be scheduled for automated generation using the scheduling options available in the myReports interface.",1,False,The document does not specify the particular reporting schedules related to missed calls that are supported by the myReports functionality in OpenScape Business.,0,False,TEXT_ONLY,False,,5,6,10,True,True,,4626.9069,419.28200000074867,0.0,False,False,False,True,False,crm,factual_retrieval,2,3,C:/Users/sp/Desktop/adaptive-multimodal-rag/datasets/unidoc/crm/crm/0539778.pdf,page-5-chunk-1,page-6-chunk-1,page-10-chunk-1,"VIP support VIP customers can be transferred direct- ly to free agents without having to wait a long time in a queuing mechanism. This ensures that your VIP customers are al- ways served quickly and no important order is lost. Call number-dependent voice guidance OpenScape Business can play individ- ual announcements in response to the phone number of the caller. If you have international customers, for instance, the caller can always be addressed in his national language making him feel he has the best possible support. Wrap-up OpenScape Business gives your em- ployees time to take care of wrapping up their customer calls. The wrap-up time is individually configurable. Ex- tended options can be recorded and subsequently evaluated, for instance what the caller wanted: Order, infor- mation, complaint, etc. Authorization level Various authorizations can be assigned for the role of an agent (employee), su- pervisor (team leader) or administra- tor depending on the structure of your Contact Center. Administration of the Contact Center Depending on the assigned role (au- thorization level), the user has the ca- pability of customizing various options individually and easily:  Queuing mechanisms  Schedules  Breaks  Wrap-up codes  Announcements  External directory Contact Center clients myAgent myAgent Client is the interface with which employees (agents) accept cus- tomer calls according to qualifications. Thanks to the integrated presence dis- play, agents can quickly consult fur- ther experts because the agent can im- mediately see which expert is free at the moment and can therefore give him support. myAgent ensures that your agents al- ways identify how many callers are still in the queuing mechanism, and they can then react appropriately. Depending on the assigned roles (au- thorization level), over 20 predefined reports can be produced, for instance to see how many calls each agent ac- cepted. Reporting with myReports myReports enables production of sta- tistics on the utilization of your Con- tact Center, sorted according to differ- ent criteria, and provides more than 100 other report templates. Of course, reports can also be individually pro- duced and customized. Attendants and Company AutoAttendant Depending on the selected UC solution (UC Smart or UC Suite), different atten- dant clients are available to you (as an attendant console). Business Attendant is the attendant client for UC Smart. The client recommended for UC Suite is myAttendant. Business Attendant can also be used for this as an option. Business Attendant Business Attendant is the classic atten- dant console and is ideally integrated on a PC: waiting calls, active, held, and parked calls are always in view. Addi- tionally, it provides information on the busy state of extensions as well as the presence state of subscribers. The sta- tus of subscribers can be changed in Business Attendant. All functions can be performed using either the PC key- board or mouse buttons. The busy fields for subscribers can be individual- ly customized for optimization of work- flows. myReports myAgent","myAttendant myAttendant is a user-friendly atten- dant console and optimally combines telephone functions with OpenScape Business UC functions. In addition to the classic call handling functions, an additional focus is on the management of UC Suite. The presence state of sub- scribers is displayed and can be man- aged. All UC functions are united in the Mes- sage Center and round off centralized accesses to voice, fax, and immediate messages (of course only with approv- al of the individual subscriber). Company AutoAttendant Automatically transfer incoming calls that arrive at the central enterprise number. Utilize the capabilities of in- formation announcements combined with automatic call handling after key input by the caller. AutoAttendant enables individual cus- tomization to the workflow in your en- terprise, whether an advertising an- nouncement or individual announcement tree (Press 1 for Sales or 2 for Service…). The available sched- ules extend the deployment options as workflows can be automatically switched over depending on the week- day and time, e.g. incoming calls can be automatically forwarded to the night position. An announcement can be played that is customized for the incoming phone number, for instance in the language of the caller. Existing announcement texts or pro- fessionally recorded announcements in WAV format can of course be im- ported. Client requirements Supported Windows operating sys- tems for myPortal Smart, myPortal for Desktop, Business Attendant, myAttendant, myAgent, myReports  Microsoft Windows 8 Basic, Pro and Enterprise (32/64-bit)  Microsoft Windows 7 SP1 (32/64-bit)  Microsoft Windows Vista SP2 (32/64-bit)  Microsoft Windows XP SP3 (32/64-bit) Supported Apple operating systems for myPortal Smart, myPortal for Desktop  Apple Mac OS X (Lion/10.7)  Apple Mac OS X (Mountain Lion/10.8) Microsoft Outlook for myPortal for Outlook  Microsoft Office 365  Microsoft Outlook 2013 (32/64-bit)  Microsoft Outlook 2010 SP1 (32/64-bit)  Microsoft Outlook 2007 SP2 (32-bit) Exchange server environments  Microsoft Office 365  Microsoft Exchange 2013  Microsoft Exchange 2010 SP2 Additional software  Java 1.6 (32-bit) or later  Microsoft .NET Framework 3.5 for Outlook 2007 or later  Microsoft .NET Framework 4.0 for Outlook 2010/2013 and myAgent, or later Use in terminal server environments  Microsoft Windows 2012 Server as Microsoft Terminal Server  Microsoft Windows 2008 R2 Server SP1 (64-bit) with Citrix XenApp 6.0 Server  Microsoft Windows 2008 R2 Server SP1 (64-bit) as Microsoft Terminal Server Mobility clients For myPortal for Mobile/Tablet, a Smartphone/tablet PC must meet the following requirements:  Touch screen for comfortable opera- tion  Web browser  Simultaneous use of voice and data connections is provider-dependent but must be possible.  A 3G data connection (for example, EDGE, UMTS, HSPDA) is recom- mended for connection to Open- Scape Business. GPRS data connec- tions can lead to lengthy load times of myPortal for Mobile/Tablet screen pages.  Depending on user behavior, a data volume of more than 100 MB per month can accrue for myPortal for Mobile/Tablet. For this reason, a data flat rate is recommended. Operating systems and reference de- vices can be found at: http://wiki.unify.com Mobility solutions The business world along with the work processes of enterprises and their employees have fundamentally changed. In addition to being at their office workstation, employees are of- ten on the road from where they must also have access to your enterprise communications. OpenScape Business gives your enterprise flexible integrat- ed mobility choices suitable for mobile communication at all sites. These in- clude, for instance, integration of smartphones and tablet PCs, use of cordless/DECT and WLAN telephones right up to full integration of home of- fice employees with continuous access to your business communications.","Interfaces for integration in business applications Numerous interfaces and applications are available for integration with OpenScape Business in existing IT in- frastructures and business applica- tions:  Application Launcher for an active interaction with CRM/ERP applica- tions  Accounting software for charge evaluation. The system stores up to 20,000 datasets.  Directory Services for information on callers, delivered from internal and external directories/databases  Connection of internal presence management and IM (Instant Mes- saging) with business partners or so- cial networks via XMPP CTI middleware  First- and third-party TAPI Service Provider for call control from CTI or CRM/ERP applications Interfaces and protocols  CSTA for monitoring and control of telephones by a wide range of appli- cations  SIP for connection to voice-based applications  LDAP for connection to external di- rectories or of external LDAP clients for delivery of information on call- ers or quick dialing of contacts  HTTP and HTTPS for external appli- cation access to OpenScape Busi- ness UC functions  TCP/IP as the basic protocol for all Ethernet connections  SQL connector for connecting to SQL databases to search for contact details: Microsoft SQL server, mySQL, PostgreSQL, Sybase SQL server  LDAP connectors for external LDAP servers such as Active Directory OpenStage Gate View OpenStage Gate View brings the video image from cameras on to the display of an OpenStage telephone, e.g. from door intercoms or other surveillance cameras on the enterprise site. OpenStage Gate View functionality is fully integrated in OpenScape Busi- ness. Only one IP-based camera and one OpenStage 60 (IP/HFA) are re- quired. You can find information on cameras tested for OpenStage Gate View at: http://wiki.unify.com Maintenance and administration Web-based management with numer- ous intuitively operated wizards are available for administration of Open- Scape Business. This is also comple- mented by the capability of adminis- tration with Manager E. Web-based management lets the ad- ministrator centrally administer the detailed settings for user UC clients. Definable subscriber profiles make it easier to set up standardized UC pro- files (same settings in the UC clients), e.g. for visibility of phone numbers, call forwarding, or the personal Au- toAttendant for groups or all users. The system includes integrated servic- es management. Self-running test and diagnostic programs monitor the dif- ferent system components and enter occurring events and system messages in log files. Evaluation can be carried out locally or over a secured remote service access. This can be comple- mented by also reporting important events to a remote service center. The remote service platform provided by Unify permits secured remote access over the internet. New system software versions can be loaded automatically over the internet. This minimizes ser- vice times and increases solution avail- ability at the customer. OpenScape Business EMC classes  Class B (EN 55022) for the interna- tional market  Class A (EN 55022) for USA and Can- ada OpenScape Business demonstration If you would like to know more, visit our website or ask your channel part- ner for a demonstration of OpenScape Business today.","The candidate answer is incorrect and fails to address the question. The reference clearly states that 'Abandoned Calls Per Hour' is a supported reporting schedule, but the candidate answer claims the document does not specify this information.","The candidate answer mentions 'Missed Calls Per Hour' and 'Missed Calls Per Day,' which are not the correct report names as per the reference. The correct report is 'Abandoned Calls Per Hour.' The answer also fails to mention the full range of recurrence options (hourly, daily, weekly, monthly, yearly) and the output format options. It partially addresses the task but is factually incorrect and incomplete.","The candidate answer is incorrect and fails to address the question. The reference clearly states that 'Abandoned Calls Per Hour' is a supported reporting schedule, but the candidate answer claims the document does not specify this information.",results/unidoc_full_cache/3d78a6c323c3b084a61610545f844ee7bb461817c0ee3da557c3c9a6f932ea67.npz,"[5, 6, 10]","[5, 6]",,YES,ROUTING,,YES,NO,INSPECT_CURRENT_PAGE_VISUALLY,HIGH,"The correct page was already ranked first, but the specific report scheduling information is contained in the myReports visual/UI rather than sufficiently represented in the extracted prose. The system should have visually inspected the current page.",,,,5,"[5, 6]","[5, 6, 10]","[""page-5-chunk-1"", ""page-6-chunk-1"", ""page-10-chunk-1""]",HIT_AT_3,False,BLOCKED_INITIAL_TOP_K_3
HR043,T_GT_TOP1_WRONG,7,unidoc_education_0035,6636406,education/education/6636406.pdf,What elements define the concepts of cultural relevance and cultural responsiveness in the CECE model from the University of Indiana's institute?,"The key components of cultural relevance in the CECE model include Cultural Familiarity, Culturally Relevant Knowledge, Cultural Community Service, Meaningful Cross-Cultural Engagement, and Cultural Validation. For cultural responsiveness, the components are Collectivist Cultural Orientations, Humanized Educational Environments, Proactive Philosophies, and Holistic Support.",text_only,TEXT_ONLY,[15],"In the CECE model from the University of Indiana's institute, ""cultural relevance"" and ""cultural responsiveness"" are defined by specific elements. Cultural relevance is characterized by the campus atmosphere reflecting students' backgrounds and providing opportunities for students to connect with others who understand their cultural identities. It also includes opportunities for students to learn about their cultural communities and to engage in meaningful cross-cultural interactions aimed at solving real social and political problems. Additionally, it involves a culture that validates the cultural backgrounds and identities of diverse students and emphasizes collectivist cultural orientations.

Cultural responsiveness, on the other hand, is defined by the institutional support systems that respond to the needs of diverse students. This includes humanized educational environments where students can develop meaningful relationships with faculty and staff who are committed to their success. It also involves proactive philosophies where faculty, administrators, and staff proactively bring important information and support services to students. Lastly, it includes holistic support where students have access to at least one faculty or staff member who can provide the necessary information, help, or connections regardless of the problem or issue they face.",2,False,"In the CECE model from the University of Indiana's National Institute for Transformation and Equity, **cultural relevance** is defined by five elements: Cultural Familiarity, Culturally Relevant Knowledge, Cultural Community Service, Meaningful Cross-Cultural Engagement, and Cultural Validation. **Cultural responsiveness** is defined by four elements: Collectivist Cultural Orientations, Humanized Educational Environments, Proactive Philosophies, and Holistic Support. These elements are described as indicators that reflect how well a college campus atmosphere and institutional support systems align with the backgrounds and needs of diverse students.",4,True,"In the CECE model from the University of Indiana's institute, ""cultural relevance"" and ""cultural responsiveness"" are defined by specific elements. Cultural relevance is characterized by the campus atmosphere reflecting students' backgrounds and providing opportunities for students to connect with others who understand their cultural identities. It also includes opportunities for students to learn about their cultural communities and to engage in meaningful cross-cultural interactions aimed at solving real social and political problems. Additionally, it involves a culture that validates the cultural backgrounds and identities of diverse students and emphasizes collectivist cultural orientations.

Cultural responsiveness, on the other hand, is defined by the institutional support systems that respond to the needs of diverse students. This includes humanized educational environments where students can develop meaningful relationships with faculty and staff who are committed to their success. It also involves proactive philosophies where faculty, administrators, and staff proactively bring important information and support services to students. Lastly, it includes holistic support where students have access to at least one faculty or staff member who can provide the necessary information, help, or connections regardless of the problem or issue they face.",2,False,TEXT_ONLY,False,,15,5,10,True,True,,7065.8207,347.34759999992093,0.0,True,False,False,False,False,education,summarization,1,3,C:/Users/sp/Desktop/adaptive-multimodal-rag/datasets/unidoc/education/education/6636406.pdf,page-15-chunk-1,page-5-chunk-1,page-10-chunk-1,"Hanover Research | February 2018 © 2018 Hanover Research 15 categories, “cultural relevance” and “cultural responsivenes s” (Figure 1.5). 39 The first category of questions gauges how well the atmosphere of a college campus reflects student’s background. Meanwhile, questions on “cultural responsiveness” gauge how different institutional support systems on college campuses respond to the needs of diverse students.40 Currently, this survey is a vailable in several forms for different institutions to purchase and use on their campuses , including a survey for community colleges, four -year colleges, graduate schools, and a faculty survey .41 As of 2016, institutions could pay between $2,100 and $8,000 for the survey, depending on enrollment size.42 Figure 2.2: Nine Indicators of the CECE Survey Model Source: The National Institute for Transformation and Equity at University of Indiana43 39 Wexler, E. “Measuring Inclusivity.” Inside Higher Education, June 9, 2016. https://www.insidehighered.com/news/2016/06/09/survey-aims-measure-inclusivity-campus 40 Ibid. 41 “The CECE Surveys Are Open for 2017-2018 Registration!” University of Indiana: National Institute for Transformation and Equity. National Institute for Transformation and Equity, April 27, 2017. https://www.indiana.edu/~cece/wordpress/2017/04/26/registrationopen1718/ 42 Wexler, Op. cit. 43 “The CECE Model.” University of Indiana: National Institute for Transformation and Equity, February 7, 2017. https://www.indiana.edu/~cece/wordpress/cece-model/ •Cultural Familiarity: The campus has spaces for students to connect with faculty, staff, and peers who understand their cultural backgrounds, identities, and experiences. •Culturally Relevant Knowledge: There are opportunities for studiens to learn about their own cultural communities via culturally relevant curricular and co-curricular opportunities. •Cultural Community Service: There are opportunities for students to give back and positively transform their home communities. •Meaningful Cross-Cultural Engagement: There are programs and practices that facilitate educationally meaningful cros-cultural interactions among their students that focus on solving real social and political problems •Cultural Validation: The campus has a culture that validate the cultural backgrounds, knowledge, and identities of diverse students. CULTURAL RELEVANCE •Collectivist Cultural Orientations: The campus has a culture that emphaizes a collectivisit, rather than individualistic cultural orientation that is characterized by teamwork and pursuit of mutual success. •Humanized Educational Environments: There is an availability of opportunities for students to develop meaningful relationships with faculty and staff members who care about and are committed to their success. •Proactive Philosophies: There are philosophies that lead faculty, administrators, and staff to proactively bring important information, opportunities, and support services to students, rather than waiting for students to seek them out or hunt them down on their own. •Holistic Support: Students have access to at least one faculty or staff member that they are confident will provide the infromation they need, offer the help they seek, or connect them with the information or support they require, regardless of the problem or issue they face. CULTURAL RESPONSIVENESS","Hanover Research | February 2018 © 2018 Hanover Research 5 SECTION I: METHODS FOR TEACHING DIVERSITY AND SUPPORTING ON-CAMPUS EQUITY This section analyzes different curricular and co-curricular methods for supporting on-campus diversity and equity. First, this section survey three different methods for teaching diversity in higher education: the Multicultural Education Model (James Banks), the Diversity Inclusivity Framework (Thomas Nelson Laird), and the Inclusive Excellence Model. Second, since many of these models emphasize the importance of using a multi-pronged approach to addressing diversity on campuses, this section evaluates three types of co -curricular auxiliary programs which may further enhance equitable outcomes for diverse students. THREE MODELS FOR TEACHING DIVERSITY AND EQUITY MULTICULTURAL EDUCATION MODEL According to James Banks, “multicultural education” is a process by which academic institutions consider how race, class, and gender impact education, and mak e a concerted effort to support the educational equality of students with diverse backgrounds and identities. For schools to achieve this goal, Banks identifies five dimensions that institutions must consider to comprehensively implement multicultural educ ation practices: content integration, knowledge construction, equity pedagogy, prejudice reduction, and empowering school cultural and social structure (Figure 1.1). Figure 1.1: The Five Dimensions of Multicultural Education DIMENSION DESCRIPTION Content Integration The extent to which instructors use examples and information from a variety of cultures and groups to illustrate key concepts and principles in their academic discipline. Knowledge Construction The procedures used to create knolwedge and how implicit cultural assumptions, frames of references, perspectives, and biases influence the ways knowledge in constructed in each academic discipline. Equity Pedagogy A pedogogy in which teachers use techniques and methods that support the academic achievement of students from diverse (racial, ethic, religious, and economic) groups. Prejudice Reduction The strategies that can be used to help students develop more democratic attitudes and values. Empowering School Culture and Social Structure The process of restructuring the culture and organization of an academic institution, so that students from diverse groups experience educational equality and cultural empowerment. This includes grouping practices, labeling practices, the social climate of the school, and staff expectations of student achievement. Source: James A. Banks7 7 Banks, Op. cit., pp. 5–7.","Hanover Research | February 2018 © 2018 Hanover Research 10 Source: AACU21 At the most superficial level, institutions acknowledge the individual diversity of students, including their physical, personality, learning, and social differences. At the next level, institutions become inclusive by building awareness and developing knowledge of these individual differences. Finally, th is process culminates with the development of “equity - minded practitioners” who are aware of and willing to address equity issues at their institutions. “Equity-mindedness” in education is a concept was developed by the University of Southern California’s Center for Urban Education (USC CUE), which regularly engages with the AACU’s framework. Equity-minded practitioners are “willing to engage in the necessary, and sometimes difficult conversations and decision-making that can lead to transformational change” for students – including closing the achievement gap between majority and underrepresented student populations. 22 Like the instructors in Banks’ and Nelson Laird’s models, thes e individuals deconstruct their own perspectives and recognize harmful stereotypes and biases. This framework is regularly adopted as a core component of AACU member institutions’ individual diversity and equity initiatives. The general nature of this mod el provides institutions with some degree of flexibility in interpretation. Individual institutions may emphasize curricular changes, auxiliary programming, changes in institutional operation or structure, or some combination thereof. However, institutions subscribing to this framework emphasize the importance of looking beyond diversity and inclusivity, and towards adopting initiatives which achieve students’ equitable achievement over equal treatment. 21 “Making Excellence Inclusive.” Association of American Colleges and Universities. https://www.aacu.org/making- excellence-inclusive 22 Ibid. DIVERSITY Acknowledgement of individual differences in personality, learning styles, experiences, class, gender, sexuaity, nationality, and other cultural, political, and religious affiliations. INCLUSION Active and intentional engagement with diversity that increases awareness, content knowledge, and an empathic understanding of the ways individuals interact within systems and institutions. EQUITY The creation of educational programs and opportunities for underrepresented populations to help close the achievement gap in student success and completion. Figure 1.4: Core Principles of the Inclusive Excellence Framework","The candidate answer partially captures the elements of cultural relevance and cultural responsiveness from the CECE model but omits several key components listed in the reference answer. It includes some accurate elements (e.g., cross-cultural engagement, humanized educational environments, proactive philosophies, holistic support) but misses others (e.g., Cultural Familiarity, Culturally Relevant Knowledge, Cultural Community Service, Cultural Validation, Collectivist Cultural Orientations). The answer is grounded in the general framework but includes some unsupported elaboration.","The candidate answer is fully correct, covering all the elements of cultural relevance and cultural responsiveness as defined in the reference. It is semantically consistent with the reference and directly answers the question by listing all the key components. The additional explanation about the purpose of the elements is not contradictory and adds context without introducing errors.","The candidate answer partially captures the elements of cultural relevance and cultural responsiveness from the CECE model but omits several key components listed in the reference answer. It includes some accurate elements (e.g., cross-cultural engagement, humanized educational environments, proactive philosophies, holistic support) but misses others (e.g., Cultural Familiarity, Culturally Relevant Knowledge, Cultural Community Service, Cultural Validation, Collectivist Cultural Orientations). The answer is grounded in the general framework but includes some unsupported elaboration.",results/unidoc_full_cache/89294e63ec9411b4182a2eb66005790ee9dbd9756be16ff1dda9bed76bcd7902.npz,"[15, 5, 10]",[15],,YES,REASONING_GENERATION,,YES,NO,REASON_OR_GENERATE_BETTER,HIGH,"The CECE page already contains the five Cultural Relevance indicators and four Cultural Responsiveness indicators in textual evidence. The failure is in structured extraction and answer completeness, not retrieval or visual necessity.",,,,15,[15],"[15, 5, 10]","[""page-15-chunk-1"", ""page-5-chunk-1"", ""page-10-chunk-1""]",HIT_AT_3,False,BLOCKED_INITIAL_TOP_K_3
HR044,T_GT_TOP1_WRONG,8,unidoc_energy_0095,0901042,energy/energy/0901042.pdf,"To what extent do emissions differ from the 1990 benchmark across the four modeled pathways for the electricity, natural gas, and transportation categories?","Scenario 1: Electricity emissions are 23.4% below 1990 levels, Natural Gas emissions are 18.5% above (i.e., -18.5% below) 1990 levels, and Transportation emissions are 19% above (i.e., -19% below) 1990 levels. Scenario 2: Electricity is 57.4% below 1990, Natural Gas is 18.5% above (i.e., -18.5% below) 1990, Transportation is 19% above (i.e., -19% below) 1990. Scenario 3: Electricity is 57.4% below 1990, Natural Gas is 26.8% below 1990, Transportation is 19% above (i.e., -19% below) 1990. Scenario 4: Electricity is 57.4% below 1990, Natural Gas is 26.8% below 1990, Transportation is 12% below 1990. These values are directly from Table 10 and represent the percent difference from 1990 benchmark emissions for each sector under each scenario.",table_required,VISUAL_REQUIRED,"[11, 12]","The emissions differences from the 1990 benchmark across the four modeled pathways for the electricity, natural gas, and transportation categories are as follows:

**Electricity:**
- **Scenario 1 (Residential and Commercial electricity end-use efficiency programs only):** 5.5% below 1990 levels.
- **Scenario 2 (Residential and Commercial electricity end-use efficiency and renewable grid fuel mix):** 23.4% below 1990 levels.
- **Scenario 3 (All of the above plus required transportation OFI):** 57.4% below 1990 levels.
- **Scenario 4 (All of the above plus additional transportation measures):** 57.4% below 1990 levels.

**Natural Gas:**
- **Scenario 1 (Residential and Commercial electricity end-use efficiency programs only):** -18.5% below 1990 levels (no change from BAU).
- **Scenario 2 (Residential and Commercial electricity end-use efficiency and renewable grid fuel mix):** -18.5% below 1990 levels (no change from BAU).
- **Scenario 3 (All of the above plus required transportation OFI):** 26.8% below 1990 levels.
- **Scenario 4 (All of the above plus additional transportation measures):** 26.8% below 1990 levels.

**Transportation:**
- **Scenario 1 (Residential and Commercial electricity end-use efficiency programs only):** -19% below 1990 levels (no change from BAU).
- **Scenario 2 (Residential and Commercial electricity end-use efficiency and renewable grid fuel mix):** -19% below 1990 levels (no change from BAU).
- **Scenario 3 (All of the above plus required transportation OFI):** -19% below 1990 levels (no change from BAU).
- **Scenario 4 (All of the above plus additional transportation measures):** 12% below 1990 levels.",2,False,"Across the four modeled pathways, emissions differ from the 1990 benchmark as follows for the electricity, natural gas, and transportation categories:

- **Electricity sector**:
  - Scenario 1: 23.4% below 1990 levels.
  - Scenario 2: 57.4% below 1990 levels.
  - Scenario 3: 57.4% below 1990 levels.
  - Scenario 4: 57.4% below 1990 levels.

- **Natural Gas sector**:
  - Scenario 1: 18.5% below 1990 levels.
  - Scenario 2: 18.5% below 1990 levels.
  - Scenario 3: 26.8% below 1990 levels.
  - Scenario 4: 26.8% below 1990 levels.

- **Transportation sector**:
  - Scenario 1: 19% below 1990 levels.
  - Scenario 2: 19% below 1990 levels.
  - Scenario 3: 19% below 1990 levels.
  - Scenario 4: 12% below 1990 levels.",4,True,"The emissions for the four modeled pathways across the electricity, natural gas, and transportation categories differ from the 1990 benchmark as follows:

**Electricity:**
- **Scenario 1 (Residential and Commercial electricity end-use efficiency programs only):** 5.5% below 1990 levels.
- **Scenario 2 (Residential and Commercial electricity end-use efficiency and renewable grid fuel mix):** 23.4% below 1990 levels.
- **Scenario 3 (All of the above plus required transportation OFI):** 57.4% below 1990 levels.
- **Scenario 4 (All of the above plus additional transportation measures):** 57.4% below 1990 levels.

**Natural Gas:**
- **Scenario 1:** -18.5% below 1990 levels (no change from BAU).
- **Scenario 2:** -18.5% below 1990 levels (no change from BAU).
- **Scenario 3:** 26.8% below 1990 levels.
- **Scenario 4:** 26.8% below 1990 levels.

**Transportation:**
- **Scenario 1:** -19% below 1990 levels (no change from BAU).
- **Scenario 2:** -19% below 1990 levels (no change from BAU).
- **Scenario 3:** -19% below 1990 levels (no change from BAU).
- **Scenario 4:** 12% below 1990 levels.",2,False,TEXT_ONLY,False,,11,10,9,True,True,,9095.664,431.12920000021404,0.0,True,False,False,True,False,energy,comparison,2,3,C:/Users/sp/Desktop/adaptive-multimodal-rag/datasets/unidoc/energy/energy/0901042.pdf,page-11-chunk-1,page-10-chunk-1,page-9-chunk-1,"Carbon Model 11 3. Residential and commercial electricity efficiency, renewables and natural gas re- placement 4. All of the above plus required transportation OFI Table 10 Sector BAU below 1990 Scenario 1 below 1990 Scenario 2 below 1990 Scenario 3 below 1990 Scenario 4 below 1990 Electricity 584,630 5.5% 474,031 23.4% 263,476 57.4% 263,476 57.4% 263,476 57.4% Natural Gas 793,350 -18.5% 793,350 -18.5% 793,350 -18.5% 490,019 26.8% 490,019 26.8% Transportation 2,788,992 -19% 2,788,992 -19% 2,788,992 -19% 2,788,992 -19% 2,049,542 12% Total 4,166,972 -15% 4,056,373 -12% 3,845,818 -6% 3,542,487 2% 2,803,037 23% 1990 Total 3,628,880 Target Total 2,721,660 Example Outputs The model is implemented as an Excel spreadsheet. As such, the output of the model can be represented in either tabular or graphic form, using the capabilities of Excel. The mod- el enables us to project the effects of efficiency programs and different renewable genera- tion portfolios on emissions in the electricity and natural gas sectors. For the transporta- tion sector, we can project the effects of programs designed to shift mode share, reduce the number of trips, or reduce average trip length. We can also project the effects of using “non-emitting” vehicles such as EVs. Figure 2 shows the effect on emissions in the residential electricity sector from the rollout of six different levels of energy efficiency improvement programs. Each curve in the fig- ure corresponds to a particular uptake rate, from 70% adoption to 95% adoption. The X axis is the overall percentage improvement in efficiency, from 20% to 80%. For example, the top blue line shows the change in GHG emissions if a program is implemented where the adoption rate is 95%, and the level of efficiency improvement is varied between 20% and 80%. This graph assumes a package of end use electricity upgrades that include the top eight residential electricity using appliances: 1. Refrigerator 2. Air conditioner 3. Space heater 4. Water heater 5. Lighting 6. Clothes dryer 7. Freezer 8. Dishwasher Note: The fuel mix used for these results was assumed to be the same as the 2006 PG&E mix.","Carbon Model 10 efficiency results in a reduction of 54 percent below 1990 levels. For comparison, the business as usual reference results in a 5 percent reduction below 1990 levels. Table 8 below shows example output from the natural gas model. As in the electricity model, the rows in blue show the business as usual projection for natural gas use in 2015. The rows in orange show the results of two scenarios: 1. The effects of residential an commercial natural gas efficiency programs; 2. The results of a natural gas replacement program in which natural gas space heat- ing is replaced with heat pumps and natural gas water heaters are replaced with solar water heaters. Table 8 Year Residential Commercial Industrial Agriculture & Water Pumping Total GHG (tons) 2015 projected (million therms) 81.8 39.1 7.0 1.1 129.0 Natural Gas BAU (tons) 478,561 228,599 40,775 6,716 793,350 CCAP Efficiency Rollout 312,105 208,291 40,775 6,716 567,886 CCAP Geothermal Rollout 334,865 107,664 40,775 6,716 490,019 Table 9 shows the output from the transportation model. The Transportation Scenario line shows the aggregated reduction of all measures in the Transportation OFI table. A nega- tive “percentage below” means “percentage above.” In the table below, the 2015 pro- jected level is 19.2 percent above 1990. Table 9 Transportation Annual VMT tons eCO2 % below 1990 1990 Level 3,007,965,000 2,340,667 0.0 % Target Level (25% below 1990) 1,755,500 25.0% 2015 Projected Level 4,440,902,008 2,788,992 -19.2% CCAP Transportation Scenario 2,049,542 12.4% Table 10 below shows the total model output summation. There are four scenarios that have been defined showing the aggregate effects of actions in each sector. The first two columns show the “Business as Usual” scenario. This is the scenario in which there is no action taken in any sector at the local level. The projected emissions for each scenario are shown in the first column and the percentage below 1990 levels in the next column for each sector. The scenarios are as follows: 1. Residential and Commercial electricity end-use efficiency programs only 2. Residential and Commercial electricity end-use efficiency and renewable grid fuel mix","Carbon Model 9 Table 5 Year Residential Commercial Industrial Agriculture & Water Pumping Total GHG (tons) Electricity 1990 (million kWh) 98 8 743 29 8 8 6 2,18 6 Tons ghg (1990 PGE mix) 279,509 210,239 84,411 24,198 618,535 Target GHG Electricity 209,632 157,679 63,308 18,148 - 463,901 Table 6 Year Residential Commercial Industrial Agriculture & Water Pumping Total GHG (tons) Natural Gas 1990 (million therms) 75.8 21.9 9.1 1.7 108.9 669,678 Target GHG Natural Gas (tons) 349,420 100,906 41,963 7,771 502,258 Table 7 below shows typical results from the electricity model. The blue rows show the projected consumption for 2015 in each subsector, along with the projected total emis- sions level based on the PG&E Long Term Procurement Plan9. This is also known as “the business as usual level”. The next rows in orange show three scenarios: 1. The resulting GHG emissions if just the emission factor from the Fuel Mix Model is used (CCAP Fuel Mix GHG); 2. The GHG emissions if only the effects of the Residential and Commercial effi- ciency models are considered, using the business as usual electricity emission fac- tor (CCAP Efficiency GHG); 3. The combined effect of both the fuel mix and the efficiency models. Residential and Commercial subsector efficiency improvements only are considered in the scenarios. The Industrial and Agriculture & Water Pumping subsectors are mod- ified by the fuel mix model (Fuel Mix GHG and Combined). Table 7 Year Residential Commercial Industrial Agriculture & Water Pumping Total GHG (tons) % below 1990 2015 (million kWh) 1,406 1,289 405 129 3,230 Electricity BAU (tons) 254,530 233,338 73,344 23,418 584,630 5% CCAP Fuel Mix GHG 140,273 128,594 40,420 12,906 322,193 322,193 48% CCAP Efficiency GHG 217,704 193,374 73,344 23,418 507,840 507,840 18% Combined Efficiency & Fuel Mix 121,816 106,569 40,420 12,906 281,711 281,711 54% The last two columns of the model show total GHG emissions and percentage reduction below 1990 levels. From this example output it can be seen that the modeled efficiency programs alone result in an 18 percent reduction below 1990 levels. The fuel mix alone results in a 47 percent reduction, while the combined effect of the modeled fuel mix and 9 Pacific Gas and Electric Company 2006 Long Term Procurement Plan, filed with the California Public Utilities Commission, March 2007","The candidate answer is partially correct, as it provides some accurate percentages for electricity and natural gas emissions across the four scenarios, but it incorrectly states that transportation emissions in Scenarios 1, 2, and 3 are -19% below 1990 levels (no change from BAU), when the reference answer indicates they are 19% above 1990 levels. The candidate also misrepresents the meaning of the -18.5% and -19% values as being below 1990, when in fact they are above. The answer covers the main idea but misses important details and includes inaccuracies.","The candidate answer is fully correct in terms of the numerical values and their alignment with the reference. It covers all four scenarios and the three sectors (electricity, natural gas, transportation) accurately. The phrasing is slightly different (e.g., using 'below' consistently instead of 'above' with a negative sign), but this is semantically equivalent and does not introduce errors. The answer is grounded in the reference and directly addresses the question.","The candidate answer is partially correct but contains significant inaccuracies. It misrepresents the values for the electricity category in Scenarios 1 and 2 (5.5% and 23.4% below 1990 instead of 23.4% and 57.4% below 1990). It also incorrectly labels the Natural Gas and Transportation values for Scenarios 1 and 2 as 'no change from BAU,' which is not supported by the reference. The answer covers the main idea but misses important details and includes unsupported claims.",results/unidoc_full_cache/135b3ce302165a9704752a96b05792a881b6c72d55c4482036c5dbd116281dd1.npz,"[11, 10, 9]",[11],,YES,REASONING_GENERATION,,YES,NO,REASON_OR_GENERATE_BETTER,HIGH,The required Table 10 values are already present in the textual evidence. The answer shifts the columns and interprets BAU values as Scenario 1 values. This is a table/column reasoning failure.,,,,11,"[11, 12]","[11, 10, 9]","[""page-11-chunk-1"", ""page-10-chunk-1"", ""page-9-chunk-1""]",HIT_AT_3,False,BLOCKED_INITIAL_TOP_K_3
HR045,T_GT_TOP1_WRONG,9,unidoc_finance_0150,0082969,finance/finance/0082969.pdf,What was the increase in the count of newly initiated direct lending funds in both the United States and European markets for 2017?,"In the US, the number of newly launched direct lending funds increased by 14, reaching 58 in 2017. In Europe, the count rose from 26 in 2016 to 30 in 2017, marking an increase of 4.",text_only,TEXT_ONLY,"[7, 8, 9, 10]","The retrieved document evidence provides information about the increase in the count of newly initiated direct lending funds in the European market for 2017. It states that while 26 new direct lending funds were registered in 2016, the number rose to 30 in 2017. However, the evidence does not provide specific data on the count of newly initiated direct lending funds in the United States for 2017. Therefore, the increase in the count of newly initiated direct lending funds in the United States for 2017 is not supported by the currently retrieved evidence.",1,False,"The increase in the count of newly initiated direct lending funds in the European market in 2017 was 4, rising from 26 in 2016 to 30 in 2017. No information is provided about the count of newly initiated direct lending funds in the United States for 2017.",2,False,"The retrieved document evidence provides information about the increase in the count of newly initiated direct lending funds in the European market for 2017. It states that while 26 new direct lending funds were registered in 2016, the number rose to 30 in 2017. However, the evidence does not provide specific data on the count of newly initiated direct lending funds in the United States for 2017. Therefore, the increase in the count of newly initiated direct lending funds in the United States for 2017 is not supported by the currently retrieved evidence.",1,False,TEXT_ONLY,False,,8,7,3,True,True,,6191.6758,434.6216000012646,0.0,False,False,False,True,False,finance,factual_retrieval,4,3,C:/Users/sp/Desktop/adaptive-multimodal-rag/datasets/unidoc/finance/finance/0082969.pdf,page-8-chunk-1,page-7-chunk-1,page-3-chunk-1,"Debt Funds – Financing Alternative in Times of Ample Monetary Accommodation www.creditreform-rating.de September 2018 6 the first time last year. Nevertheless, the medium- term growth trend in real estate and infrastructure funds still appears intact. Just five years ago, only five new infrastructure funds and eight real estate funds were counted. Meanwhile, the upward trend in the number of newly launched direct lending funds continued. While 26 new funds were registered on the mar- ket in 2016, the number rose to 30 in 2017, thus exceeding the previous high from 2013 (27 funds). As a result, the private debt segment plays a key role in the European market for debt funds, not only in terms of volume but also in terms of the number of funds placed and raising. The growing number of newly launched direct lending funds was accompanied by a further in- crease in fund volumes in 2017 (see Fig. 5). Start- ing from a cumulative volume of EUR 60.0 billion in 2016, the European direct lending market grew by a third to EUR 80.2 billion within a year. At EUR 20.2 billion, last year's increase was also stronger than in the previous year, when the cu- mulative volume in the private debt segment in- creased by EUR 17.2 billion. This enabled the di- rect lending segment to further extend its lead over real estate funds last year, although this asset class also continued to develop dynamically. Euro- pean real estate debt funds, for example, recorded the strongest capital inflow since 2014 (EUR +15.2 billion). As a result, the cumulative fund volume rose from 47.6 (2016) to EUR 59.1 billion (2017). Similarly, vivid growth was registered in the small- est debt fund segment in terms of volume. The cumulative volume of infrastructure debt funds placed and raising amounted to EUR 26.3 billion in 2017, EUR 8.6 billion higher than in the previous year. The sustained high growth in infrastructure funds is particularly remarkable against the back- ground of the strong growth of recent years. Since 2013 (EUR 4.3 billion), the European market for infrastructure funds has grown by a factor of five - and thus far more strongly than the direct lending and real estate segments. Fig. 5: Volumes of European debt funds in the v arious asset classes Total cumulative volume in EUR billions, placed and raising debt funds Source: Preqin, Creditreform Rating While debt funds did not begin to establish them- selves in Europe until 2007, this form of financing was already becoming much more important in the United States at that time. Significant volumes were recorded in the real estate debt fund seg- ment in particular. As an orientation: While the entire European market for debt funds in 2007 only reached a cumulative volume of EUR 1.3 billion, the volume of US real estate debt funds already amounted to EUR 49.5 billion. In subsequent years, this asset class recorded steady inflows of funds - a trend that also contin- ued at the current margin. Although the number of newly established funds declined slightly in 2017 (74) compared with the previous year (2016: 77) (see Fig. 6), a record value was reached last year in 0 10 20 30 40 50 60 70 80 90 2007 2009 2011 2013 2015 2017 Direct lending Real estate Infrastructure","Debt Funds – Financing Alternative in Times of Ample Monetary Accommodation www.creditreform-rating.de September 2018 5 2. Market developments in Europe and the US The European debt fund market again recorded brisk growth in 2017 and was able to retain the previous years’ momentum. After the EUR 100 billion threshold was exceeded for the first time in 2016 (EUR 125.3 billion), the cumulative volume of placed and raising funds once again reached a historic high of EUR 165.6 billion in 2017 (see Fig. 3). As a result of the sustained strong growth momentum, the market volume has almost quad- rupled within four years. By way of comparison, last year's growth of EUR 40.3 billion almost cor- responded to the total cumulative debt fund vol- ume of the European market in 2013 (EUR 41.5 billion). Fig. 3: Development of the total volume of European debt Total cumulative volume in EUR billions, including placed and raising debt funds Source: Preqin, Creditreform Rating It is also noteworthy that all asset classes again contributed to the expansion of the debt fund market in 2017. As in previous years, the direct lending segment proved to be the growth driver. European direct lending funds recorded an inflow of EUR 20.2 billion last year. This asset class alone thus contributed half to the growth of the overall market. In contrast to the cumulative volumes, the number of new debt funds recently stabilized at a high level. After a record number of 64 new debt funds had been registered in Europe in 2016, their num- ber was only slightly higher in 2017 at 65. Howev- er, the number of newly launched funds devel- oped unevenly in the individual market segments (see Fig. 4). Fig. 4: Number of European debt funds in the various Number of placed and raising debt funds Source: Preqin, Creditreform Rating Market activity in real estate and infrastructure debt funds weakened slightly last year. In both asset classes, the number of newly launched funds was slightly below the previous year's level. While 20 new real estate funds were counted in 2016, the number in 2017 was 18. Moreover, the infra- structure funds were not quite able to maintain the high pace of expansion of previous years. While 18 new infrastructure funds were registered in 2016, 17 funds became active on the market for 0 20 40 60 80 100 120 140 160 180 2007 2009 2011 2013 2015 2017 Direct lending Real estate Infrastructure 0 10 20 30 40 50 60 70 2007 2009 2011 2013 2015 2017 Direct lending Real estate Infrastructure","Debt Funds – Financing Alternative in Times of Ample Monetary Accommodation www.creditreform-rating.de September 2018 1 Contact Dr. Benjamin Mohr Chief Economist Creditreform Rating Hellersbergstrasse 11 41460 Neuss B.Mohr@creditreform-rating.de Management Summary 1. The European debt fund market again recorded brisk growth in 2017 and was able to retain the previous years’ momentum . After exceed- ing the EUR 100 billion threshold for the first tim e in 2016, the cumu- lative debt fund volume reached a new historic high of EUR 165.6 billion in 2017. This development was driven in particular by the direct lending funds, which alone contributed half to the growth of the over- all market. Starting from a cumulative volume of EU R 60.0 billion in 2016, the European direct lending market grew by a third to EUR 80.2 billion within a year. This enabled the direct lending segment to further extend its lead over real estate funds last year, although this asset class also continued to develop dynamically. Here, the cu mulative fund vol- ume rose from EUR 47.6 (2016) to 59.1 billion (2017 ). Equally buoy- ant was growth in infrastructure funds, whose marke t volume rose to EUR 26.3 billion. 2. The US market continues to be dominated by the asse t class of real estate funds. In this segment, cumulative volume climbed to EUR 286.8 billion (2017). Thus, last year the market was more than twice as large as five years ago and almost five times as large as its European coun- terpart. As in Europe, direct lending funds have be come significantly more relevant in recent years. After the cumulative volume of US direct lending funds had already doubled between 20 13 and 2016 from EUR 53.2 billion to EUR 102.7 billion, the market again recorded robust growth last year, reaching EUR 136.0 billion. 3. A comparison of the debt funds launched in Europe b etween 2007 and 2017 shows attractive returns for all three ass et classes consid- ered. With an average return of 9.4%, real estate d ebt funds are well above the 7.1% of direct lending funds, but they sh ow a more volatile return profile. The standard deviation for infrastructure loan funds is at a slightly higher level, but with a significantly h igher average return of 11.4%.","The candidate answer correctly identifies the European increase (from 26 to 30, an increase of 4) and is grounded in the reference. However, it incorrectly claims that the US data is not supported by the evidence, when the reference clearly provides the US increase (from 44 to 58, an increase of 14). This is a factual error, making the answer mostly incorrect. It also fails to fully address the question, which asked for both the US and European increases.","The candidate answer correctly states the European increase of 4 (from 26 to 30) but does not provide the US increase (14 from 44 to 58), which is a major missing part. The statement that 'no information is provided about the US' is incorrect and contradicts the reference, which does provide the US data. This leads to partial correctness and incompleteness.","The candidate answer correctly identifies the European increase (from 26 to 30, an increase of 4) and is grounded in the reference. However, it incorrectly claims that the US data is not supported by the evidence, when the reference clearly provides the US increase (from 44 to 58, an increase of 14). This is a factual error, making the answer mostly incorrect. It also fails to fully address the question, which asked for both the US and European increases.",results/unidoc_full_cache/50a4254bbd136700101980467abc241a02cfdb2390488356fc9cc58e47698f88.npz,"[8, 7, 3]","[8, 7]",,YES,RETRIEVAL,,NO,YES,RETRIEVE_MORE,HIGH,"This is a confirmed multi-page-required case. The European direct-lending fund count change is on page 8, while the US change is on page 9. The complete comparison requires both pages, and page 9 was absent from the retrieved top-3.",,,,"8,9","[7, 8, 9, 10]","[8, 7, 3]","[""page-8-chunk-1"", ""page-7-chunk-1"", ""page-3-chunk-1""]",HIT_AT_3,False,BLOCKED_INITIAL_TOP_K_3
HR046,T_GT_TOP1_WRONG,10,unidoc_healthcare_0120,0253313,healthcare/healthcare/0253313.pdf,"In the course of radiation treatment for prostate cancer, when did proctitis grade 2 start to dominate?",Proctitis grade 2 became predominant during weeks 6 to 8 of radiation therapy.,image_plus_text_as_answer,VISUAL_REQUIRED,"[10, 11]",Proctitis grade 2 started to dominate during the 5th week of radiation therapy.,2,False,Proctitis grade 2 started to dominate during the 5th week of radiation therapy.,2,False,Proctitis grade 2 started to dominate during the 5th week of radiation therapy.,2,False,TEXT_ONLY,False,,10,9,8,True,True,,4173.7606,235.6160000017553,0.0,False,False,False,True,False,healthcare,temporal_comparison,2,3,C:/Users/sp/Desktop/adaptive-multimodal-rag/datasets/unidoc/healthcare/healthcare/0253313.pdf,page-10-chunk-1,page-9-chunk-1,page-8-chunk-1,"M. A. Daoud et al. DOI: 10.4236/jct.2019.108054 663 Journal of Cancer Therapy Figure 4 the frequency increased in incidence and grade and became maximum (Grade 2) during th e 5th week and continued till 8 th week of radiation th erapy. Acute diarrhea reached its maximum prevalence during th e 5th week then de- creased after that due to the end of whole pelvic irradiatio n. When the Grade of toxicity ≤1, Grade 2 was compared in correlation with the different dose levels to the rectum, bladder and bowel bag (Table 4 ). There was no significant correl a- tion with any dose level and the grade of toxicity. 4. Discussion In patients wi th high-risk prostate cancer treatment volumes and even dose l e- vels are still controversial issue [22]. Some investigators showed no difference between PORT and WPRT [23]. However, a major limitation of th eir study was the relatively small dose delivered of 72 Gy. A large phase III trial (RTOG 0924) is ongoing to answer th e question of survival benefit of dose escalation WPRT combined with ADT in high risk patients [24]. Whole pelvic irradiation is often recommended in th is setting, raising concerns about an increase in radiation toxicity to th e organs at risk. Th e new technical developments such as SIB-IMRT, VMAT combined with IGRT have allowed radiation oncologists to achieve a better protection of risk organs while prov iding higher dose conform i- ty to target volumes. In our study, all patients received ADT and dose escalation was done through 2 phases while maintaining the standard dose fractionation rang (1.8 - 2 Gy) in order to obtain th e highest possible cell killing e ffects. Dose Figure 4 . Prevalence of Proctitis grade during weeks of radiation therapy.","M. A. Daoud et al. DOI: 10.4236/jct.2019.108054 662 Journal of Cancer Therapy grade 2 acute GUT toxicities and 30% developed Grade 2 GIT toxicities. Among the GUT toxicities frequency occurred in all treated patients wi th 51 (70%) pa- tients developed Grade 2 (Table 3 ). Also, all patients developed Proctitis and 15 (20.5%) of them developed Grade 2 Proctitis. Acute diarrhea was reported in 65 patients and 48% of patient developed grade 1 diarrhea. The grade of toxicities increased g radually wi th progress of radiation th erapy weeks. In Figure 3 and Table 3 . Acute toxicity profile and grades. Toxicity Grade 0 Grade 1 Grade 2 No. % No. % No. % GI 5% 65% 30% Proctitis 0 58 79.5 15 20.5 Diarrhea 8 11 35 48 30 41 GU 34% 36% 30% Frequency 0 22 30.1 51 69.9 Incontinency 37 50.7 28 38.4 8 11 Retention 59 80.8 14 19.2 0 Urinary tract pain 8 11 28 38.4 37 50.7 Urgency 22 30.1 36 49.3 15 20.5 GI: Gastrointestinal; GU: Genitourinary. Figure 3 . Prevalence of frequency grades during weeks of radiation therapy.","M. A. Daoud et al. DOI: 10.4236/jct.2019.108054 661 Journal of Cancer Therapy dosimetric parameters were satisfactory and acceptable. No grade 3 or 4 toxic i- ties were reported and the genitourinary tract toxicities were more frequent in the patient during radiation therapy. In Figure 2 , about 75% of patients developed Figure 2 . Incidence of acute gastrointestinal (GI) and genitourinary (GU) toxicity by grades.",The candidate answer is partially correct by identifying the general timeframe (week 5) but is imprecise compared to the reference (weeks 6 to 8). It captures the main idea but misses the full range. The claim is minorly unsupported as the reference specifies a broader window.,The candidate answer is partially correct by identifying the general timeframe (week 5) but is imprecise compared to the reference (weeks 6 to 8). It captures the main idea but misses the full range. The claim is minorly unsupported as the reference specifies a broader window.,The candidate answer is partially correct by identifying the general timeframe (week 5) but is imprecise compared to the reference (weeks 6 to 8). It captures the main idea but misses the full range. The claim is minorly unsupported as the reference specifies a broader window.,results/unidoc_full_cache/73210550f67d086f32ee1ceb604d842eb82e49807778157582cb6d6dae108393.npz,"[10, 9, 8]",[10],,YES,ROUTING,,YES,NO,INSPECT_CURRENT_PAGE_VISUALLY,HIGH,"The prose around Figure 4 is potentially ambiguous, while the visual chart on the already retrieved page directly shows the Grade 2 pattern across treatment weeks. Visual inspection of the current page was needed.",,,,10,"[10, 11]","[10, 9, 8]","[""page-10-chunk-1"", ""page-9-chunk-1"", ""page-8-chunk-1""]",HIT_AT_3,False,BLOCKED_INITIAL_TOP_K_3
HR047,T_GT_TOP1_WRONG,11,unidoc_healthcare_0139,1893899,healthcare/healthcare/1893899.pdf,In what way do Maff and Egr3 modify the control of Cyclin D and p18 in leukemia-affected hematopoietic stem cells?,"Maff and Egr3, when highly expressed in leukemia-affected hematopoietic stem cells, suppress p18, leading to an up-regulation of Cyclin D activity by breaking the negative feedback control. They also potentially activate transcription regulators like Blimp-1 and PF-4. This regulatory mechanism influences the cell cycle and supports the proliferation of leukemia cells.",image_plus_text_as_answer,VISUAL_REQUIRED,"[2, 3, 5, 6]","Maff and Egr3 modify the control of Cyclin D and p18 in leukemia-affected hematopoietic stem cells (HSCs) through distinct mechanisms. Maff accelerates the cell cycle by transcriptionally repressing p18, a cyclin-dependent kinase inhibitor (CKI), and by potentiating downstream regulators. This repression of p18 is achieved indirectly through the activation of Blimp1/Prdm1, which in turn represses p18. This mechanism allows Maff to eliminate the feedback inhibition of p18 on Cyclin D:Cdk4/6, thereby promoting cell cycle progression and enhancing proliferation and differentiation of hematopoietic cells.

In contrast, Egr3 suppresses the cell cycle by up-regulating p18 and p19, and by genetically suppressing Cyclin D:Cdk4/6 and Cyclin E:Cdk2. This suppression is supported by the activation of Anapc11, a core component of the anaphase-promoting complex/cyclosome (APC/C), which inhibits mitotic cyclins and suppresses the G0 → G1/G1 → S transition. The high expression of Egr3 in the leukemic environment is considered a ""harsh control"" measure, forcibly shutting down cell cycle progression when proliferation or resource demands exceed certain limits.",1,False,"Maff and Egr3 modify the control of Cyclin D and p18 in leukemia-affected hematopoietic stem cells (HSCs) through opposing regulatory mechanisms. Maff transcriptionally activates Cyclin D and represses p18, which accelerates the cell cycle by downregulating the cyclin-dependent kinase inhibitor (CKI) p18 and potentiating downstream regulators. In contrast, Egr3 transcriptionally represses Cyclin D and activates p18, which suppresses the cell cycle by upregulating p18 and inhibiting Cyclin D:Cdk4/6 and Cyclin E:Cdk2. These opposing effects suggest that Maff promotes cell proliferation, while Egr3 acts as a ""harsh control"" to suppress cell cycle progression when proliferation or resource demands exceed certain limits in the leukemic environment.",1,False,"Maff and Egr3 modify the control of Cyclin D and p18 in leukemia-affected hematopoietic stem cells (HSCs) through distinct mechanisms. Maff accelerates the cell cycle by transcriptionally repressing p18, a cyclin-dependent kinase inhibitor (CKI), and potentiating downstream regulators. This repression of p18 eliminates its inhibitory feedback on Cyclin D:Cdk4/6, thereby promoting cell cycle progression and enhancing proliferation. 

Egr3, on the other hand, suppresses the cell cycle by up-regulating p18 and p19, which are CKIs that inhibit Cyclin D:Cdk4/6 and Cyclin E:Cdk2. Additionally, Egr3 genetically suppresses Cyclin D:Cdk4/6 and Cyclin E:Cdk2 directly, contributing to a significant increase in the G0 phase ratio of HSCs. This suppression is considered a ""harsh control"" mechanism to forcibly shut down cell cycle activity when proliferation or resource demands exceed certain limits in the leukemic environment.",1,False,TEXT_ONLY,False,,6,8,1,True,True,,7354.2697,463.48609999949986,0.0,False,False,False,True,False,healthcare,causal_reasoning,4,3,C:/Users/sp/Desktop/adaptive-multimodal-rag/datasets/unidoc/healthcare/healthcare/1893899.pdf,page-6-chunk-1,page-8-chunk-1,page-1-chunk-1,"initiating regulator of cell cycle, thus high expression of Maff accelerates the overall cell cycle. Therefore, for sake of sufficiently accelerating cell proliferation, high expres- sion of Maff became necessary for both transcriptionally repressing the CKI and potentiating the downstream regu- lators, as a means of adapting to the malignant environment. The functional role of Egr3 was more clear. It had already been experimentally revealed that Egr3 up- regulated p18 and p19 expressions [7]. However, al- though the two CKIs biochemically inhibited the activity of Cyclin D(:Cdk4/6), we computationally discovered the inhibitions alone were not sufficient for potent suppres- sion of cell cycle (Additional file 4: Figure S4A-C). To realize the largely-increased G0 ratio of HSCs as experi- mentally observed (Fig. 3e), it was necessary that Egr3 genetically suppressed CyclinD:Cdk4/6 and Cycli- nE:Cdk2. Therefore, it could be fairly supposed that Egr3 was highly expressed to suppress cell cycle to fullfil the cellularity controlling principles when proliferations or demands for resources exceeded certain limits. Based on the above, we preliminarily explained why the two func- tionally opposite genes Maff and Egr3 were both highly expressed in the leukemic environment (especially at the late stage, i.e. ≥ day 14). Discussion In our previous study, we identified that Maff and Egr3 were two highly-expressed genes which were important to hematopoiesis and had opposite functional influences on (BM) HSC cell cycle. However, the molecular mecha- nisms of how they mediate the cell cycle alterations remain unrevealed. By utilizing bioinformatics resources and systems biology approaches, we summarized all database-registered molecular relationships and identi- fied the (minimal set of ) molecular actions that lead to the very experimentally-observed cell cycle kinetics and gene expressions, via testing all possible hypothese of molecular actions (i.e. model selection) in a curated mammalian cell cycle kinetic model [11– 13]. We have in silico demonstrated that the three regulatory relation- ships we identified are at least required, the experimen- tal observation cannot be reproduced without any one of them (Additional file 4: Figure S4). It is interesting to ponder why the two functionally opposite genes are both highly expressed in leukemia. Since Maff stimulates cell cycle by down-regulating p18, its high expression is possibly resulted from adaptation to the malignant environment (i.e. cancerization), in which leukemic cells rapidly proliferate. However, we sample the normal HSCs from a non-irradiated animal model, thus their normal physiological/biophysical prop- erties (i.e. controlling mechanisms of cellularity) are kept [7]. Therefore, although they have the ability of adapta- tion, these HSCs cannot become completely cancerous after all. Hence, it is fairly assumed that when prolifera- tions or demands for resources exceed certain limits, cells forcibly shut down functionalities to fullfil the cellularity controlling principles. Since overexpression of Egr3 potently suppresses cell cycle (Fig. 6), it is possibly a “harsh control ” measure that HSCs employ in leukemic environment. Furthermore, the relativity of Maff/Egr3 functions for HSC cell cycle can only be screened with a non- irradiated (i.e. un-manipulated) leukemia model, as intact HSCs without overt damages (e.g. immune system destruction) can be measured during leukemia progres- sion. On the contrary, given the typical pre-conditioned leukemia models utilized in most of previous studies, the physiology of native leukemogenesis is destroyed, i.e. non-leukemic cells in the leukemic host are no longer the “normal” cells because they are heavily damaged by the myeloablative manipulations and thus deviant far from the normal cellularity [7, 9, 27– 30]. Gene expres- sions in those study designs (other than ours) cannot represent in vivo functions; hence if in those cases, Maff/Egr3 regulations on HSC cell cycle could not have been inferred. In our previous research, we found that in leukemic BM, the HPC count increased and the rate that HSCs Fig. 5 Molecular regulatory system of cell cycle (G0→ G1/G1 → S). Since the HSCs in whichMaff and Egr3 are highly expressed (i.e. functional) are mainly G0-phase cells (over 90%), it implicates that if Maff and Egr3 have influence(s) on cell cycle, they must exert influence(s) in G0 → G1/G1 → S in the first place. Therefore, as a preliminary at- tempt, we summarized all key regulators in G0→ G1/G1 → S( i n c l u d i n g two cyclins, five","herein sets a preliminary model for the combined efforts. Such a practice is worthwhile to be generalized and extended for further utilities. Conclusion Previous studies have shown that functions of normal HSCs are altered in leukemic environment. Unexpect- edly, two genes Maff and Egr3 that are originally regarded as functioning mainly in somewhere else rather than HSCs, are important for the functional alteration. Moreover, the two genes oppositely function on cell cycle but they are both highly expressed under leukemia. Due to the interest to study the functional alteration of HSCs as well as the difficulty for in vivo experiments, we combine computational and experimental approaches to investigate the genes ’acting mechanisms on cell cycle. We have identified three potential molecu- lar regulations and the results indicate that HSCs tend Fig. 7 Validation of the molecular interactions by sequence analysis.a According to our survey of gene sequences, p18 does not harbor the direct recognition element (i.e. binding motif) of Maff in its transcription promoter region; therefore, we check if there is any intermediate that both contains that motif (in the promoter region) and can negatively regulate p18.W eh a v ef o u n dt h a tBlimp1/Prdm1, which is also a transcription factor in the regulation of hematopoietic differentiation, harbors the Maff binding motif in its promoter region; and the motif is 156 bp upstream the transcription start site (TSS). Meanwhile, Blimp1/Prdm1 can transcriptionally repressp18 in regulation of the cycling of hematopoietic cells. Thus the transcription regulatory relation “Maff ― → Blimp1 −⊣ p18” is indicated, and our computational inference “Maff −⊣ p18” is well supported. b Our survey has also identified that Anapc11, which is a core coding gene of the anaphase-promoting complex/cyclosome (APC/C) that inhibits mitotic cyclins and greatly suppresses G0 → G1/G1 → S, links to the cis element that Egr3 recognizes and exerts transcription activation (523 bp upstream the TSS). Therefore, it implies that “Egr3 ― → Anapc11” and “Anapc11 −⊣ Cyclin D/Cdk4/6, Cyclin E/Cdk2”; thus our computational inference that “Egr3 −⊣ CyclinD:Cdk4/6, CyclinE:Cdk2” is supported Fig. 8 Molecular regulations of cell cycle and hematopoiesis. GATA-1 (Gata-1) activates the cell cycle components as well as p45 NF-E2, the heterodimer partner of Maff. The Maff:p45 NF-E2 functional complex is self-regulated and it activates the transcriptions of various downstream regulators, e.g. Blimp-1 (Blimp1), β1-tubulin (Tubb1), and PF-4 (Pf4). Altogether with our prediction that“Maff −⊣ p18”, it can be concluded that high expression ofMaff eliminates the feedback inhibtion of p18 to Cyclin D:Cdk4/6, as well as up-regulating the downstream TFs. Hence, cell cycle will be accelerated and proliferation/ differentiation of hematopoietic cells are enhanced. This is why we hypothesize that high expression ofMaff adapts cells to a rapidly proliferative status, i.e. cancerization. On the other side,Egr3 suppresses the checkpoint controllers of G0→ G1/G1 → S and activates CKIs, thus its high expression greatly inhibits cell cycle. Thus it is fairly assumed that it may be a “harsh control” via which HSCs forcibly shut down functionalities when their behaviors exceed the limits of cellularity controlling principles, i.e. self-protection The Author(s) BMC Systems Biology 2017, 11(Suppl 5):91 Page 82 of 102","R E S E A R C H Open Access System modeling reveals the molecular mechanisms of HSC cell cycle alteration mediated by Maff and Egr3 under leukemia Rudong Li 1†, Yin Wang 2,4†, Hui Cheng 3, Gang Liu 4, Tao Cheng 3, Yunlong Liu 1 and Lei Liu 2,4* From The International Conference on Intelligent Biology and Medicine (ICIBM) 2016 Houston, TX, USA. 08-10 December 2016 Abstract Background: Molecular mechanisms of the functional alteration of hematopoietic stem cells (HSCs) in leukemic environment attract intensive research interests. As known in previous researches, Maff and Egr3 are two important genes having opposite functions on cell cycle; however, they are both highly expressed in HSCs under leukemia. Hence, exploring the molecular mechanisms of how the genes act on cell cycle will help revealing the functional alteration of HSCs. Results: We herein utilize the bioinformatic resources to computationally model the acting mechanisms of Maff and Egr3 on cell cycle. Using the data of functional experiments as reference, molecular acting mechanisms are optimally enumerated through model selection. The results are consolidated by evidences from gene sequence analysis, thus having enhanced the confidence of our pilot findings, which suggest that HSCs possibly undergo a “adaptation - suppression ” process in response to the malignant environment of leukemia. Conclusion: As a pilot research, our results may provide valuable insights for further experimental studies. Meanwhile, our research method combining computational modeling and data from functional experiments can be worthwhile for knowledge discovery; and it can be generalized and extended to other biological/biomedical studies. Keywords: System modeling, Hematopoietic stem cells, Maff and Egr3, Leukemia, Model selection Background Maff and Egr3 are two important regulatory factors in hematopoiesis development. Previous studies showed that Maff was mainly responsible for the transcription regulation of megakaryote differentiation (towards plate- let) [1 – 3]; and less was known for the functions of Egr3 in cell cycle [4]. Both Maff and Egr3 are able to recognize certain DNA elements, thus enhancing the transcriptions of their target genes [5, 6]. We had dem- onstrated via gene over-expression and in vitro cell cul- ture in our previous study that Maff stimulated cell cycle (i.e. pro-proliferation); and Egr3 potently suppressed cell cycle (i.e. counter-proliferation) [7, 8]. In addition, we found via molecular profiling that Egr3 up-regulated p18 and p19, two cyclin-dependent kinase inhibitors (CKIs), which might be how Egr3 suppressed cell cycle [7]. However, we also discovered that both Maff and Egr3 were highly expressed in hematopoietic stem cells (HSCs) under leukemia (especially at the late stage, i.e. ≥ day 14), in which the cell cycles of most HSCs were heavily suppressed [7 – 9]. Therefore, the molecular mechanisms of how Maff and Egr3 act on cell cycle and why the two functionally-opposite genes are both highly expressed under leukemia, remain to be revealed. Nonetheless, forthcoming experiments with respect to molecular regulations are preceded by a major concern that there are usually too many molecular interactions, outnumbering the experimental capacity. Hence direct * Correspondence: liulei@fudan.edu.cn †Equal contributors 2Shanghai Public Health Clinical Center and Institutes of Biomedical Sciences, Fudan University, Shanghai 200031, China 4Shanghai Center for Bioinformatics Technology, Shanghai 201203, China Full list of author information is available at the end of the article © The Author(s). 2017 Open Access This article is distributed under the terms of the Creative Commons Attribution 4.0 International License (http://creativecommons.org/licenses/by/4.0/), which permits unrestricted use, distribution, and reproduction in any medium, provided you give appropriate credit to the original author(s) and the source, provide a link to the Creative Commons license, and indicate if changes were made. The Creative Commons Public Domain Dedication waiver (http://creativecommons.org/publicdomain/zero/1.0/) applies to the data made available in this article, unless otherwise stated. The Author(s) BMC Systems Biology 2017, 11(Suppl 5):91 DOI 10.1186/s12918-017-0467-4","The candidate answer contradicts the reference by describing Egr3 as suppressing the cell cycle and up-regulating p18, whereas the reference states that both Maff and Egr3 suppress p18 and up-regulate Cyclin D. The candidate also introduces unsupported claims about Egr3's mechanisms (e.g., up-regulating p19, suppressing Cyclin D:Cdk4/6, and activating Anapc11). The answer fails to align with the reference and does not correctly address the question.","The candidate answer contradicts the reference by describing Maff and Egr3 as having opposing effects, whereas the reference states they both suppress p18 and up-regulate Cyclin D. The candidate also introduces unsupported claims about Egr3 repressing Cyclin D and activating p18, which is inconsistent with the reference. It fails to address the key mechanism of breaking the negative feedback control and the potential activation of Blimp-1 and PF-4.","The candidate answer contradicts the reference by stating that Egr3 up-regulates p18 and suppresses the cell cycle, whereas the reference states that Maff and Egr3 suppress p18 to up-regulate Cyclin D. The candidate also introduces unsupported claims about Egr3's effects on p19 and a 'harsh control' mechanism not mentioned in the reference. It fails to align with the reference and does not correctly answer the question.",results/unidoc_full_cache/c0acb06b4481e07dc95051f6a1cd786d831396ed97fc59afb8cc77d8fe9cc87c.npz,"[6, 8, 1]",[6],,NO,JUDGE_ERROR,,,NO,UNCLEAR,HIGH,The benchmark reference incorrectly conflates Maff and Egr3 regulation. The source distinguishes Maff-mediated p18 suppression from Egr3-mediated up-regulation of p18 and p19. The response follows the source more accurately than the gold.,,,,,"[2, 3, 5, 6]","[6, 8, 1]","[""page-6-chunk-1"", ""page-8-chunk-1"", ""page-1-chunk-1""]",HIT_AT_3,False,BLOCKED_INITIAL_TOP_K_3
HR048,T_GT_TOP1_WRONG,12,unidoc_legal_0040,0502795,legal/legal/0502795.pdf,What prevented KPMG from creating a report or engaging with Sterling tenants despite being funded by ASIC?,"KPMG has been extremely secretive and has never produced a report or spoken to any tenants or landlords, despite receiving $440,000 from ASIC to inquire into the Sterling matter. There is no clear reason provided in the context for why KPMG did not engage with the Sterling tenants.",text_only,TEXT_ONLY,"[1, 2, 3]","KPMG, despite being funded by ASIC, did not create a report or engage with Sterling tenants due to their secretive behavior and failure to produce any documentation or communicate with affected parties. The text indicates that KPMG was given $440,000 from ASIC to inquire into the Sterling matter but has never produced a report or spoken to any tenants or landlords. Additionally, KPMG's contact for Sterling queries, Rassoul Khomeini, initially assured Beryl and Ray that a benefactor could purchase their property, but later, when Beryl followed up, she received no response and was eventually told that Khomeini had left KPMG and the benefactor could not proceed with the purchase. KPMG also pressured the tenants to pay large utility bills and showed bizarre behavior, such as transferring ownership of the property to Greg Penn without informing the tenants.",2,False,"KPMG received $440,000 from ASIC to inquire into the Sterling matter but has never produced a report or spoken to any tenants or landlords. The text describes KPMG’s behavior as ""extremely secretive"" and ""bizarre."" A specific incident is mentioned where a benefactor offered to purchase Beryl and Ray’s property, and KPMG’s contact, Rassoul Khomeini, assured Beryl it would be fine, but KPMG did not respond to her follow-up emails or phone calls. Beryl was later told that Khomeini had left KPMG and could not help, and the benefactor could not buy the property because KPMG had given it to Greg Penn. Despite being funded and having a duty to investigate, KPMG remained unresponsive and secretive.",3,True,"KPMG, despite being funded by ASIC, did not create a report or engage with Sterling tenants due to their secretive behavior and failure to produce any documentation or communicate with affected parties. The text indicates that KPMG was given $440,000 from ASIC to inquire into the Sterling matter but has never produced a report or spoken to any tenants or landlords. Additionally, KPMG's contact for Sterling queries, Rassoul Khomeini, initially assured Beryl and Ray that a benefactor could purchase their property, but later, when Beryl followed up, she received no response and was eventually told that Khomeini had left KPMG and the benefactor could not proceed with the purchase. KPMG also pressured the tenants to pay large utility bills and showed bizarre behavior, such as transferring ownership of the property to Greg Penn without informing the tenants.",2,False,TEXT_ONLY,False,,2,1,4,True,True,,6688.692,421.0409000006621,0.0,True,False,False,True,False,legal,causal_reasoning,3,3,C:/Users/sp/Desktop/adaptive-multimodal-rag/datasets/unidoc/legal/legal/0502795.pdf,page-2-chunk-1,page-1-chunk-1,page-4-chunk-1,"Elderly Sterling First victims at a creditors’ meeting. A Sterling First advertisement spruiking the rent-for-life scheme alright with their Sterling rental, while, curiously, assuring the tenants that everything was fine. Beryl and Ray were not contacted by ASIC. Brailey has evidentiary documentation showing that one of ASIC’s doorknockers was Alex McVey, an ASIC lawyer/investigator who went to work for Big Four auditing firm KPMG in February 2019. In May 2019, Sterling collapsed and administrators Ferrier Hodgson were appointed. Shortly after, KPMG swooped in and acquired Ferrier Hodgson, taking over the role of Sterling’s liquidators. Eight months after Beryl and Ray moved in, Ryan Jones purportedly transferred ownership of the property to Taboref, a company owned by real estate agent Greg Penn, although there are questions over documentation and the validity of the alleged purchase. Beryl and Ray were unaware of the property transfer and had continued to pay rent to Acquest. Although Beryl and Ray’s rental agreement is a valid REIWA lease, Penn has commenced court proceedings against Beryl and Ray to evict them. Despite receiving $440,000 from ASIC to inquire into the Sterling matter, KPMG has never produced a report or spoken to any tenants or landlords, and has been extremely secretive. At times, KPMG’s behaviour has been truly bizarre. Early in 2021, a benefactor offered to purchase Beryl and Ray’s property and allow them to live there for the rest of their lives. KPMG’s contact for Sterling queries, Rassoul Khomeini, assured Beryl that this would be fine and told her to go ahead with organising the purchase. Beryl emailed KPMG twice to ask for more information, with no response. Two weeks later, Beryl called KPMG and angrily demanded to speak to a superior. She was transferred to someone who claimed to be the CEO of KPMG. Beryl was informed that Khomeini had left KPMG and could not help her, and that the benefactor could not buy the property as KPMG had given it to Greg Penn. Aftermath of Sterling a ‘living nightmare’ Beryl says the aftermath of the Sterling collapse has been a “living nightmare”. Not only are their life savings gone, but Beryl and Ray have been relentlessly harassed and threatened by lawyers and associates of Ray Jones. They have received threatening phone calls and hostile emails from various people claiming to be Greg Penn, who send Beryl and Ray documents which all have different signatures. Another man, who is an award-winning real estate agent and former REIWA board member, has been present at Sterling creditor meetings and has told Beryl that he sells houses for Ray Jones. This man has relentlessly harassed Beryl and Ray, claiming that he was the owner of the property, and demanded they hand over the house keys. A “For Sale” sign was put up outside their home and disappeared a few weeks later. The former REIWA board member then made threatening phone calls to Beryl and Ray, claiming they had stolen the sign. KPMG have also been pressuring the retirees to pay large utility bills that are in Acquest’s name. Beryl and Ray have had to increase security around their home: changing locks, installing security screens and cameras. Their cameras filmed associates of Ray Jones coming onto the property and searching around their home while Ray and Beryl were at a close family member’s funeral. Beryl has repeatedly contacted her political representatives about the distressing situation, including Assistant Defence Minister and Liberal MP Andrew Hastie. Although Hastie has publicly professed concern for his Sterling constituents, he has failed to show up to Sterling victims’ meetings and has refused to get involved in any meaningful way. Beryl says that there are often Sterling victims protesting outside Hastie’s office, but Hastie “hides” and refuses to speak with his elderly constituents. Beryl and several other Sterling victims “scrimped and saved” to buy tickets to Treasuer Josh","Defiant Sterling First victim Beryl at a public protest demanding the government pay compensation for ASIC’s failure to stop the serial offenders at the company from ripping off more people. Photo: Screenshot Tenants and landlords of Sterling scandal speak out The Sterling First rent-for-life scandal has all the hallmarks of a sophisticated white-collar crime operation involving the banks, a Big Four auditor, financial professionals, experienced Ponzi scheme artists, and the Australian Securities and Investments Commission (ASIC). As well as fleecing elderly tenants out of millions in life savings, Sterling conspirators roped unsuspecting landlords into an inflated mortgage debt scandal, with the complicity of all the major banks. Beryl and Ray: the tenants’ story Beryl and her husband Ray are retirees who first heard about Sterling through an advertisement in the January 2016 Sunday Times . They were looking to downsize their home and Sterling’s rent-for-life offer was a financially attractive option compared with the expense of a retirement village. As part of her due diligence, Beryl searched the registers of ASIC and called the regulator to ask if there were any red flags about Sterling, and was advised that ASIC had no concerns about the company. (Notably, founder of the Banking and Finance Consumers Support Association and advocate for Sterling victims, Denise Brailey, reports ASIC had acknowledged complaints about Sterling in 2015.) Beryl and Ray then sold their home and travelled Australia for a year, after which they signed up to Sterling. Like the other 140 elderly people targeted by Sterling for their $250,000-$300,000 in life savings, Beryl and Ray paid Sterling a lump sum as up-front rent for the rest of their lives. The home was in a new development in Ravenswood and was owned by Acquest, a Sterling Group subsidiary headed by Ryan Jones, the son of Sterling founder Ray Jones. Discharged from bankruptcy in 2015, Ray Jones had been involved in other financial scandals in which mum and dad investors lost millions. ( AAS , 11 June 2021 .) In February 2017, Beryl and Ray sat down with Ryan Jones to sign a forty-year REIWA (Real Estate Institute Western Australia) rental agreement split into five-year leases, which they were told could be cancelled at any time if they chose. As part of the agreement, the retirees would pay an additional $125 per week rent to Acquest for seven years, and after that be rent-free. Beryl and Ray were informed their money would be held in a trust, and that their children would be the beneficiaries of any unpaid rent money. Beryl recalls the lease document was ninety-eight pages long and the signing process took two and a half hours. At no time during the sign-up did Ryan Jones mention their rental agreement was actually part of a convoluted managed investment scheme. Beryl emphatically says she does not believe in investing and would never have agreed to the scheme. In previous employment, she had refused the offer to buy shares in the companies she worked for, and was vindicated when she later watched them “go down the gurgler”. Consumer advocate Denise Brailey describes the Sterling sign-up process as a cleverly orchestrated fraud. Sterling victims were told their money was going to be held in a trust, but this was false—the bank account had simply been named the “Sterling Income Trust”. Twenty-one days after signing, Beryl and Ray received a large bundle of paperwork. Sterling’s Product Disclosure Statement (PDS), a legally required document disclosing risks to investors, was cleverly concealed in the bottom of the pile as glossy promotional material. Brailey reports that ASIC’s lawyers were assisting Sterling Directors to develop their PDS in 2015-16. Sterling collapses In August 2018, neighbours in Beryl’s development, who were also Sterling sign-ups, told her that ASIC representatives had been knocking on doors asking if everything was","that are in place. PRG organised Matt’s purchase of the house and land package from Endeavour Properties, a company headed by the co-head of Gemmill, the property’s builder. Matt’s financial advisor also recommended his settlement agent, who a 2015 PRG social media post reveals was “PRG’s recommended Settlement Agent”. He also recommended the mortgage broker who arranged Matt’s mortgage with the Commonwealth Bank (CBA). CBA valued the property at $460,000. After Sterling collapsed, Matt engaged another company to re-value the property, and it came in at $360,000. This inflated property valuation was common to all Sterling landlords, even though their mortgages were with different Big Four banks. Brailey has condemned this “debt scandal”, and asks: “how did the Banks all manage to make the same ‘mistake’ that advantaged the banks re every payment made, and approve mortgages that were $100,000 more than the average value of similar mini homes and blocks of land?” Sterling landlords were scammed for extra interest payments on the $100,000, in a scheme apparently coordinated amongst the banks. Crucially, financial engineering designed by Sterling Director Simon Bell convinced the landlords to pay the banks’ inflated values —indicating coordination between Sterling ringleaders and the major banks. Brailey reports Bell was the actuary who designed Sterling’s complicated “investment formula”, which falsely manipulated data to convince landlords that Sterling’s promised rental returns would match their inflated mortgage commitments to the banks. The AAS has documented Bell’s involvement in numerous other financial schemes in which mum-and-dad investors lost hundreds of millions of dollars, including Bell’s key role in designing the investment products of the $680 million Westpoint Ponzi scheme, in which KPMG played a key role as auditor. ( AAS , 9 June 2021 .) Landlords and tenants kept in the dark Brailey reports that Sterling intentionally kept landlords and tenants in the dark, including by forging tenant signatures against the inflated rents. Landlords were unaware their tenants believed the rent cost was around $280 per week. According to Brailey, Sterling concealed the truth from both parties by splitting up the lease agreement. The tenants signed one section when handing over their life savings. Five days later, Simon Bell filled in another section with an inflated rent figure calculated to match the landlord’s mortgage commitment, which the landlord signed. Sterling’s collapse took the tenants’ life savings with it, but they still had valid REIWA leases. Landlords still had mortgages to pay, with tenants who could not afford to pay them rent. A 1 June 2021 Western Australian Supreme Court ruling on Sterling acknowledged that both parties were innocent victims, but ruled in favour of the landlords. Matt’s elderly tenant has not paid rent since April 2020, and as Matt’s partner has recently left work to look after their newborn baby, his family is under significant financial pressure. Matt has repeatedly tried to contact KPMG for information and to request essential documents, but has been ignored. Sterling was a sophisticated operation involving major banks, a Big Four auditor, numerous financial professionals, and Ponzi scheme artists well known to ASIC. ASIC not only turned a blind eye, but actually assisted the predatory scam. All Australians should back the Sterling victims’ demands for a Senate Inquiry into the Sterling Group and a Royal Commission into ASIC—we must expose the criminality and regulatory failings to clean up Australia’s financial system. Sterling advocate Denise Brailey, a trained criminologist, is currently putting the finishing touches on a report for the Western Australian fraud squad. By Melissa Harrison, Australian Alert Service, 14 July 2021 Footnote 1. Name changed for privacy. Printed from http://citizensparty.org.au/print/pdf/node/1043, on 02 Aug 2021 at 08:08 pm","The candidate answer correctly identifies KPMG's secretive behavior and failure to produce a report or communicate as the main issue, and it accurately mentions the $440,000 funding from ASIC. However, it adds unsupported details about Rassoul Khomeini, the benefactor, and Greg Penn, which are not mentioned in the reference. These details are not grounded in the provided context, reducing the accuracy and grounding score. The answer partially satisfies the task by addressing the main issue but includes unsupported claims.","The candidate answer is mostly correct and includes the key point that KPMG did not produce a report or engage with tenants despite being funded by ASIC. It also adds details about KPMG's secretive behavior and a specific incident involving Beryl and Rassoul Khomeini. However, it introduces a specific narrative (e.g., the benefactor, Khomeini's involvement, and the property transfer to Greg Penn) that is not addressed in the reference answer, which only states there is no clear reason provided. This introduces a minor unsupported claim, slightly reducing correctness and grounding.","The candidate answer correctly identifies KPMG's secretive behavior and failure to produce a report or communicate as the main issue, and it accurately mentions the $440,000 funding from ASIC. However, it adds unsupported details about Rassoul Khomeini, the benefactor, and Greg Penn, which are not mentioned in the reference. These details are not grounded in the provided context, reducing the accuracy and grounding score. The answer partially satisfies the task by addressing the main issue but includes unsupported claims.",results/unidoc_full_cache/983f3cc0fdfb463fcd501c56427efe3744e8765c3a592aae2d500a2df46d2a54.npz,"[2, 1, 4]","[2, 1]",,YES,REASONING_GENERATION,,YES,NO,REASON_OR_GENERATE_BETTER,HIGH,"The source states that KPMG received $440,000, did not produce a report or speak with tenants or landlords, and behaved secretively, but it does not explain a causal reason. The response incorrectly turns the observed secrecy into the reason itself.",,,,,"[1, 2, 3]","[2, 1, 4]","[""page-2-chunk-1"", ""page-1-chunk-1"", ""page-4-chunk-1""]",HIT_AT_3,False,BLOCKED_INITIAL_TOP_K_3
HR049,T_GT_ABSENT_TOP3,1,unidoc_commerce_manufacturing_0032,4061604,commerce_manufacturing/commerce_manufacturing/4061604.pdf,What is the expected weekly production volume for MALS A/Cs in the assembly process model?,32,image_only,VISUAL_REQUIRED,[7],The expected weekly production volume for MALS A/Cs in the assembly process model is not explicitly mentioned in the provided text.,0,False,"The expected weekly production volume for ""Mostly assemble large A/Cs"" in the assembly process model is 485 units.",0,False,The expected weekly production volume for MALS A/Cs in the assembly process model is not explicitly mentioned in the provided text.,0,False,TEXT_ONLY,False,,8,6,9,False,False,,4533.3247,349.9444000008225,0.0,False,False,True,False,False,commerce_manufacturing,factual_retrieval,1,3,C:/Users/sp/Desktop/adaptive-multimodal-rag/datasets/unidoc/commerce_manufacturing/commerce_manufacturing/4061604.pdf,page-8-chunk-1,page-6-chunk-1,page-9-chunk-1,"Figure 3: Top level dynamic cost and value stream model Table 1: Sample result for as-is air conditioners’ manufacturing BP No. Top level BPs Total number of operators Average utilization BP6.1 Fabricate metal sheet (Metal sheet shop) 83 40% BP6.2.1 Make air cooled heat exchangers 40 42% BP6.2.2 Make water cooled heat exchangers 26 65% BP6.3 Assemble small sized A/Cs 66 80% BP6.4 Assemble large sized A/Cs 60 81% BP6.5 Store materials 5 40% Total 280 58% Actual throughput Expected throughput Actual value realized (RMB) Expected value (RMB) Mostly assemble water cool A/C 5 13 501,000.00 1,302,600.00 Mostly assemble air cool A/Cs 50 118 6,995,000.00 16,508,200.00 Mostly make small size A/Cs 12 42 1,778,400.00 6,224,400.00 Mostly make large size A/Cs 50 78 11,835,000.00 18,462,600.00 Mostly assemble large A/Cs 120 485 33,456,000.00 135,218,000.00 54,565,400.00 177,715,800.00","stations, airports, hospitals, in trains and special environments. The major challenges related to their assembly processes included: 1. The high cost of realising assembly processes 2. Improper planning of assembly processes because of the random nature of their production orders 4.1 Modelling the assembly processes for cost and value analysis Based on the modelling methodology presented in section 3 , enterprise models were created t o facilitate understanding and provide a basis for in -depth analysis of operations in AirCon China . Based on the Open Systems Architecture for Computer Integrated Manufacturing ( CIMOSA) template, several context, interaction, structure and activity dia grams were created to show how Domain P rocesses (DPs), Business Processes (BPs) and resources interacted. This was considered necessary because the interconnections of activities in the company need ed to be understood so that their causal impacts on the assembly proc ess could be adequately modelled. This was con- sidered novel becau se best literature understanding of process modelling, models in isolation and thus the implication of other activities on the segment of interest cannot be adequately visualised and controlled for ongoing management of businesses. To help reduce the compl exities impacting on the assembly processes and to conve n- iently model the processes, a product -based ‘Process-Oriented Configuration’ (POC) was used to classification the products. This was based on routing the different pro d- ucts through the different sets of assembly processes and calculating their work co n- tent. Based on this exercise, 5 main product types were observed: mostly assemble air cooled A/Cs , mostly assemble water cooled A/Cs , mostly make small sized A/Cs , mostly make large sized A/Cs , and mostly assemble large sized A/Cs. Based on this classification, an initial top level cost and value stream model was created for first -off cost and value analysis (see figure 2). This has been reported in [2]. At the next stage, systems dynamics models were created to capture all the various factors which i n- duced dynamics into the as sembly processes. The se models reported in [2] were achieved through the use of the causal loop and iThink simulation modelling tec h- niques. Further to this, a discrete event simulation model was created to perform var i-","The authors conducted a number of experiments with the verified model of figure 3 to observe which combination s of resources and organisation of processes best gene r- ate high values and low process cost. In principle, many parameters can be used as levers to manipulate the behaviour of virtual production model s, b ut the following were chosen as useful parameters in the context of the research: 1. The cost and values realised during the execution of as-is assembly processes 2. Changes related to product variance and their effects on cost and value genera- tion 3. Changes related to mechanical and human resources and their impacts on cost and values Through the experiments, i t was observed that when orders related to the produ c- tion of mostly assemble A/Cs was prioritised over the others, AirCon China achieved very high values. Another relevant observation was that when materi als were assumed to be readily available, assembly was h arnessed and overall throughput increase d as shown in figure 4. . Figure 4: Value indications of ‘to-be’ and ‘as-is’ models Also observed was that when production schedules were aligned with assembly shop models, inventories were mini mised and production cost reduced. These obse r- 0 20000000 40000000 60000000 80000000 100000000 120000000 140000000 Mostly assemble water cool A/C Mostly assemble air cool A/Cs Mostly make small size A/Cs Mostly make large size A/Cs Mostly assemble large A/Cs To-be As-is","The candidate answer is incorrect and fails to answer the question. The reference answer explicitly states the expected weekly production volume is 32, but the candidate claims it is not mentioned.",The candidate answer is incorrect and unsupported by the reference. It provides a completely different number (485) and misinterprets or misstates the reference term 'MALS A/Cs' as 'Mostly assemble large A/Cs'.,"The candidate answer is incorrect and fails to answer the question. The reference answer explicitly states the expected weekly production volume is 32, but the candidate claims it is not mentioned.",results/unidoc_full_cache/950e48bc9eac89f78eb02c4428cebdb40482c8caee869ca9cace51f1208ab623.npz,"[8, 6, 9]",[],,YES,RETRIEVAL,,YES,NO,RETRIEVE_MORE,HIGH,The expected weekly production volume for MALS A/Cs is explicitly given as 32 on page 7. Page 7 was absent from the retrieved top-3.,,,,7,[7],"[8, 6, 9]","[""page-8-chunk-1"", ""page-6-chunk-1"", ""page-9-chunk-1""]",MISS_AT_3_DEPTH_UNMEASURED,False,BLOCKED_INITIAL_TOP_K_3
HR050,T_GT_ABSENT_TOP3,2,unidoc_commerce_manufacturing_0051,2736831,commerce_manufacturing/commerce_manufacturing/2736831.pdf,How does the OSHA permissible exposure limit for Ethyl Benzene compare to that of Xylene?,"The permissible exposure limit for Ethyl Benzene is 435 mg/m3 or 100 ppm, while for Xylene it is also 435 mg/m3 or 100 ppm.",table_required,VISUAL_REQUIRED,[3],"The OSHA permissible exposure limit (PEL) for Ethyl Benzene is 125 ppm (TWA) and 545 mg/m³ (STEL), while for Xylene it is 100 ppm (TWA) and 150 ppm (STEL).",1,False,"The provided document does not include the OSHA Permissible Exposure Limits (PELs) for Ethyl Benzene or Xylene. Therefore, a direct comparison of OSHA PELs for these substances cannot be made based on the retrieved evidence.",0,False,"The OSHA permissible exposure limit (PEL) for Ethyl Benzene is 125 ppm (TWA) and 545 mg/m³ (STEL), while for Xylene it is 100 ppm (TWA) and 150 ppm (STEL).",1,False,TEXT_ONLY,False,,4,11,5,False,False,,5114.2603,416.03589999976975,0.0,False,False,True,False,False,commerce_manufacturing,comparison,1,3,C:/Users/sp/Desktop/adaptive-multimodal-rag/datasets/unidoc/commerce_manufacturing/commerce_manufacturing/2736831.pdf,page-4-chunk-1,page-11-chunk-1,page-5-chunk-1,US. ACGIH Threshold Limit Values Value Components Form Type STEL 500 ppm Acetone (CAS 67-64-1) TWA 250 ppm TWA 20 ppm Ethyl Benzene (CAS 100-41-4) STEL 1000 ppm Isobutane (CAS 75-28-5) STEL 300 ppm Methyl Ethyl Ketone (CAS 78-93-3) TWA 200 ppm TWA 100 ppm Mineral Spirits (CAS 8052-41-3) TWA 5 mg/m3 Respirable fraction. Red Iron Oxide Pigment (CAS 1309-37-1) TWA 20 ppm Toluene (CAS 108-88-3) STEL 150 ppm Xylene (CAS 1330-20-7) TWA 100 ppm US. NIOSH: Pocket Guide to Chemical Hazards Value Components Form Type TWA 590 mg/m3 Acetone (CAS 67-64-1) 250 ppm STEL 545 mg/m3 Ethyl Benzene (CAS 100-41-4) 125 ppm TWA 435 mg/m3 100 ppm TWA 1900 mg/m3 Isobutane (CAS 75-28-5) 800 ppm STEL 885 mg/m3 Methyl Ethyl Ketone (CAS 78-93-3) 300 ppm TWA 590 mg/m3 200 ppm Ceiling 1800 mg/m3 Mineral Spirits (CAS 8052-41-3) TWA 350 mg/m3 TWA 1800 mg/m3 Propane (CAS 74-98-6) 1000 ppm TWA 5 mg/m3 Dust and fume. Red Iron Oxide Pigment (CAS 1309-37-1) STEL 560 mg/m3 Toluene (CAS 108-88-3) 150 ppm TWA 375 mg/m3 100 ppm US. Workplace Environmental Exposure Level (WEEL) Guides Value Components Type TWA 50 ppm Propylene Glycol Monomethyl Ether Acetate (CAS 108-65-6) Biological limit values ACGIH Biological Exposure Indices Value Components Determinant Specimen Sampling Time 25 mg/l Acetone Urine *Acetone (CAS 67-64-1) 0.15 g/g Sum of mandelic acid and phenylglyoxylic acid Creatinine in urine *Ethyl Benzene (CAS 100-41-4) 2 mg/l MEK Urine *Methyl Ethyl Ketone (CAS 78-93-3) 4 / 13 Product name: 40-026 RED ELEC FINISH Product #: 1000019686 Version #: 03 Revision date: 07-27-2018 Issue date: 03-31-2017 SDS US,"DOT IATA; IMDG 15. Regulatory information This product is a ""Hazardous Chemical"" as defined b y the OSHA Hazard Communication Standard, 29 CFR 1910.1200. US federal regulations TSCA Section 12(b) Export Notification (40 CFR 707, Subpt. D) Not regulated. CERCLA Hazardous Substance List (40 CFR 302.4) Acetone (CAS 67-64-1) Listed. Ethyl Benzene (CAS 100-41-4) Listed. Methyl Ethyl Ketone (CAS 78-93-3) Listed. Toluene (CAS 108-88-3) Listed. Xylene (CAS 1330-20-7) Listed. SARA 304 Emergency release notification Not regulated. OSHA Specifically Regulated Substances (29 CFR 1910.1001-1050) Not regulated. Superfund Amendments and Reauthorization Act of 1986 (SARA) Immediate Hazard - Yes Delayed Hazard - Yes Fire Hazard - Yes Pressure Hazard - No Reactivity Hazard - No Hazard categories SARA 302 Extremely hazardous substance Not listed. No SARA 311/312 Hazardous chemical SARA 313 (TRI reporting) Chemical name CAS number % by wt. Xylene 1330-20-7 2.5 - 10 Ethyl Benzene 100-41-4 1 - 2.5 Toluene 108-88-3 0.1 - 1 Other federal regulations Clean Air Act (CAA) Section 112 Hazardous Air Pollutants (HAPs) List Ethyl Benzene (CAS 100-41-4) Toluene (CAS 108-88-3) Xylene (CAS 1330-20-7) Clean Air Act (CAA) Section 112(r) Accidental Release Prevention (40 CFR 68.130) Isobutane (CAS 75-28-5) Propane (CAS 74-98-6) 11 / 13 Product name: 40-026 RED ELEC FINISH Product #: 1000019686 Version #: 03 Revision date: 07-27-2018 Issue date: 03-31-2017 SDS US","ACGIH Biological Exposure Indices Value Components Determinant Specimen Sampling Time 0.3 mg/g o-Cresol, with hydrolysis Creatinine in urine *Toluene (CAS 108-88-3) 0.03 mg/l Toluene Urine * 0.02 mg/l Toluene Blood * 1.5 g/g Methylhippuric acids Creatinine in urine *Xylene (CAS 1330-20-7) * - For sampling details, please see the source doc ument. Exposure guidelines US - California OELs: Skin designation Propylene Glycol Monomethyl Ether Acetate (CAS 108-65-6) Can be absorbed through the skin. Toluene (CAS 108-88-3) Can be absorbed through the s kin. US - Minnesota Haz Subs: Skin designation applies Toluene (CAS 108-88-3) Skin designation applies. Good general ventilation (typically 10 air changes per hour) should be used. Ventilation rates should be matched to conditions. If applicable, use process enclosures, local exhaust ventilation, or other engineering controls to maintain airborne levels below recommended exposure limits. If exposure limits have not been established, maintain airborne levels to an acceptable level. Provide eyewash station. Appropriate engineering controls Individual protection measures, such as personal protective equipment Wear safety glasses with side shields (or goggles).Eye/face protection Skin protection Wear appropriate chemical resistant gloves. Suitabl e gloves can be recommended by the glove supplier. Hand protection Wear suitable protective clothing. Use of an imperv ious apron is recommended. Other If permissible levels are exceeded use NIOSH mechan ical filter / organic vapor cartridge or an air-supplied respirator. Respiratory protection Wear appropriate thermal protective clothing, when necessary. Thermal hazards Observe any medical surveillance requirements. When using do not smoke. Always observe good personal hygiene measures, such as washing after ha ndling the material and before eating, drinking, and/or smoking. Routinely wash work clothing and protective equipment to remove contaminants. General hygiene considerations 9. Physical and chemical properties Appearance Gas. Physical state Aerosol. Form Not available. Color Not available. Odor Odor threshold Not available. pH Not available. Melting point/freezing point Not available. Initial boiling point and boiling range 593.81 °F (312.12 °C) estimated Flash point -156.0 °F (-104.4 °C) Propellant estimated Evaporation rate Not available. Not available. Flammability (solid, gas) Upper/lower flammability or explosive limits Flammability limit - lower (%) 1.9 % estimated Flammability limit - upper (%) 10.3 % estimated 5 / 13 Product name: 40-026 RED ELEC FINISH Product #: 1000019686 Version #: 03 Revision date: 07-27-2018 Issue date: 03-31-2017 SDS US",The candidate answer provides incorrect values for both Ethyl Benzene and Xylene compared to the reference. It also introduces a STEL (short-term exposure limit) which is not mentioned in the reference. The answer fails to correctly compare the PELs as stated in the reference.,"The candidate answer incorrectly claims that the document does not include the OSHA PELs for Ethyl Benzene or Xylene, when the reference answer clearly provides these values. The answer fails to address the question and contradicts the reference information.",The candidate answer provides incorrect values for both Ethyl Benzene and Xylene compared to the reference. It also introduces a STEL (short-term exposure limit) which is not mentioned in the reference. The answer fails to correctly compare the PELs as stated in the reference.,results/unidoc_full_cache/8b05594bb17b7c7c62a8f4b1a34185c4c7d7cc958c0d1ad8d1e71f4fe210d1bc.npz,"[4, 11, 5]",[],,YES,RETRIEVAL,,YES,NO,RETRIEVE_MORE,HIGH,The OSHA PEL values for both ethyl benzene and xylene are 435 mg/m3 and 100 ppm on page 3. The retrieved evidence instead exposed values from other exposure standards.,,,,3,[3],"[4, 11, 5]","[""page-4-chunk-1"", ""page-11-chunk-1"", ""page-5-chunk-1""]",MISS_AT_3_DEPTH_UNMEASURED,False,BLOCKED_INITIAL_TOP_K_3
HR051,T_GT_ABSENT_TOP3,3,unidoc_construction_0015,2107998,construction/construction/2107998.pdf,What findings emerged from the Vision Derby 2040 planning session held in September 2019?,"The image shows attendees examining design materials and discussing plans for Vision Derby 2040. The findings from the planning session include promoting efficient use of urban services, diverse housing options, neighborhood reinvestment, community amenities, environmental protection, mobility choices, and balanced land use. Additionally, there were discussions about using public investments to stimulate private development and leading with transparency and collaboration. Special districts like Park2Park Cultural Corridor and the K-15 Area Plan were also part of the discussions.",image_only,VISUAL_REQUIRED,[2],"The Vision Derby 2040 planning session held in September 2019 focused on mixed-use development and active transportation, with special attention given to these issues in Chapter 3, Chapter 4, and Chapter 6 of the plan. The session emphasized the importance of a transportation system that supports all age groups, abilities, and mode choices, particularly walking and biking. The plan also highlighted the need to proactively manage growth, ensuring that development and redevelopment do not occur sporadically or at the expense of transportation connections, public space, environmental adaptation, or excessive public costs. Additionally, the session aimed to encourage variety in the community, including diverse housing types, public safety, recreation, and support for under-served communities. The plan also stressed the importance of balancing market needs with resource use, strengthening the city's character, and anticipating change through new ideas, policies, and projects.",2,False,"The retrieved evidence does not provide specific findings from a Vision Derby 2040 planning session held in September 2019. The text references a public input process that occurred from May 2019 through June 2020, but no details about a session in September 2019 are included.",0,False,"The Vision Derby 2040 planning session held in September 2019 focused on mixed-use development and active transportation, with special attention given to these issues in Chapter 3, Chapter 4, and Chapter 6 of the plan. The session emphasized the importance of a transportation system that supports all age groups, abilities, and mode choices, particularly walking and biking. The plan also highlighted the need to proactively manage growth, ensuring that development and redevelopment do not occur sporadically or at the expense of transportation connections, public space, environmental adaptation, or excessive public costs. Additionally, the session aimed to encourage variety in the community, including diverse housing types, public safety, recreation, and support for under-served communities. The plan also stressed the importance of balancing market needs with resource use, strengthening the city's character, and anticipating change through new ideas, policies, and projects.",2,False,TEXT_ONLY,False,,1,3,1,False,False,,6683.7246,361.2403000006452,0.0,False,False,True,False,False,construction,summarization,1,3,C:/Users/sp/Desktop/adaptive-multimodal-rag/datasets/unidoc/construction/construction/2107998.pdf,page-1-chunk-1,page-3-chunk-2,page-1-chunk-2,"DERBY COMPREHENSIVE PLAN 6 EXECUTIVE SUMMARY 6/1/20 DRAFT 7 6/1/20 DRAFT EXECUTIVE SUMMARY PLANNING FOR DERBY Historically, the City of Derby plans for the future. Planning and policy development helped create the Derby the people know today. The next chapter of Derby’s history should preserve the best of its physical history and generate progress that future generations will look back upon proudly. Vision Derby 2040 provides the next step for the Derby of the future. The citizens of Derby feel great pride in their community and their fellow Derbyites. Residents are vigilant in City decisions and advocating for continual improvement. Thus, Derby acts on its plans. Whether it’s the partnership that resulted in the creation of Warren Riverview Park (a general idea originally proposed in a comprehensive plan) or new facilities like the library, Derby is always looking for the “next big thing.” In preparation for Vision Derby 2040, two issues at the top of mind were mixed-use development and active transportation. This plan gives special attention to those two issues, particularly in Chapter 3, Chapter 4, and Chapter 6. Additionally, the recent West End Development Plan, K-15 Area Plan, and Walkable Development Plan are a part of implementing Vision 2040. These plans work in a complementary fashion to provide detailed guidance to achieve the community vision. The ideas in Vision 2040, summarized in the following section, provides strategies to maintain Derby’s high quality of life, and introduce a few big ideas to move Derby forward. Chapter 1: Vision 2040 Guiding Principles Community Vision. To grow as a community that retains high values, strong leadership, and residents that see Derby as a life-long community. Regional Vision. Derby will actively embrace growth in the Wichita metropolitan area, while seeking to be a unique community in the region, that offers local and regional amenities for Derby and non-Derby residents to enjoy. Guiding Principles. Common themes through the public input process emerged to frame the Guiding Principles. · Support Mobility for All: People of Derby want a transportation system that supports all age groups, abilities, and mode choice. Community focus includes walking and biking advancements for both real and perceived barriers. · Proactively Manage Growth: Derby welcomes and encourages growth. Development and redevelopment should not happen sporadically or at the expense of direct transportation connections, public space, environmental adaptation, or excessive public costs relative to the public benefits. WHAT VISION DERBY 2040 MEANS TO YOU: City Official: Developer: Visitor: Your guide for evaluating and developing projects, policy, ordinances, and programs. Your guide for Derby’s priorities and what you can expect around your property. Your guide to future growth priorities, market realities, projects, and inspiration. Your guide to all that Derby has to offer and destinations for the future. Property Owner: PURPOSE OF THE COMPREHENSIVE PLAN The comprehensive plan is the foundational document that guides City decisions. The plan considers the City’s challenges and opportunities for the next 20 years, through the year 2040. The plan serves three primary uses for the City: Vision. The plan articulates community values and priorities, based on a public input process from May 2019 through June 2020. Guidance. The plan is the guide for City staff, the Planning Commission, City Council, and other City boards and commissions, as they set policy, make public investments, and deliberate on land use and development decisions. Basis for Regulations. The plan provides the legal basis for land use regulations, such as zoning, per Kansas State Statutes. · Encourage Variety: Derby should be a place where everyone feels valued and part of the community, including diverse housing types, public safety, recreation, physical and mental health, and under-served communities. · Balance Markets & Resources: Derby should efficiently and equitably use resources to respond to market needs in a manner that respects the character and values of Vision 2040. · Strengthen the City’s Character: Derby should be a community with distinct character in its transportation corridors, neighborhoods, parks, and commercial business areas. The image of Derby applies to all elements of Vision 2040. · Anticipate Change: Derby should welcome changes that advance the intent of Vision 2040, particularly as they relate to new ideas, policies, and projects. Cities grow in increments, and so too should","include: 1. Focus on what makes Derby special relative to other area communities. 2. Entering Derby should be welcoming in areas like the K-15 corridor and West End. 3. Be open to new ideas, policies, and projects that advance Derby, recognizing what is best may take considerable time, resources, and partnerships. 4. Take innovative approaches to sustainability and being green. Be proactive rather than reactive. 5. Retain and expand Derby’s reputation of abundant “green” through the river, corridors, greenways, parks, and infrastructure. 6. Take action on long-standing vacant properties. Chapter 9: Moving Forward 2040 Table 9.1 in Chapter 9 summarizes the action items for Vision Derby 2040. The plan will be implemented over time through linkage to the City’s Capital Improvement Program and the creation of an annual action plan for implementation. Implementation will be led by City Staff, the City Council, and the Planning Commission. However, the implementation will also depend on the efforts of many other groups and individuals, including city advisory boards, private property owners, developers, the business community, and the general public. It will take many partners and resources to achieve actions incrementally over time until a new vision is needed.","mental health, and under-served communities. · Balance Markets & Resources: Derby should efficiently and equitably use resources to respond to market needs in a manner that respects the character and values of Vision 2040. · Strengthen the City’s Character: Derby should be a community with distinct character in its transportation corridors, neighborhoods, parks, and commercial business areas. The image of Derby applies to all elements of Vision 2040. · Anticipate Change: Derby should welcome changes that advance the intent of Vision 2040, particularly as they relate to new ideas, policies, and projects. Cities grow in increments, and so too should the elements of Vision 2040. MAIN IDEAS AT A GLANCE The chapters of Vision 2040 are not isolated. Like the function of the City, each chapter relates and relies on the goals and actions from other chapters. For example, quality neighborhoods are not possible without parks, sound transportation systems, and good urban design. Therefore, the reader and decision-makers must understand the full context of each action item, how it relates to the Future Land Use Map, and how it relates the context of each development proposal. The following chapters each play a role for Derby through 2040.","The candidate answer partially aligns with the reference, mentioning diverse housing, transportation, and community variety, but omits key findings like urban services, neighborhood reinvestment, environmental protection, and specific special districts (e.g., Park2Park Cultural Corridor). It introduces some unsupported claims (e.g., specific chapters) and lacks direct grounding in the reference.","The candidate answer incorrectly states that no findings are available for the September 2019 Vision Derby 2040 planning session, while the reference answer clearly provides specific findings from that session. The candidate answer fails to address the question and contradicts the reference.","The candidate answer partially aligns with the reference, mentioning diverse housing, transportation, and community variety, but omits key findings like urban services, neighborhood reinvestment, environmental protection, and specific special districts. It introduces unsupported claims about chapters and lacks direct grounding in the reference.",results/unidoc_full_cache/90d38c74524da4e9a40fbbe5f4bddbdd48213709ee44a850650c59b65e80c2ae.npz,"[1, 3]",[],,YES,RETRIEVAL,,YES,NO,RETRIEVE_MORE,HIGH,"The requested Vision Derby 2040 land-use principles and special districts are presented together on page 2, which was absent from the retrieved top-3.",,,,2,[2],"[1, 3, 1]","[""page-1-chunk-1"", ""page-3-chunk-2"", ""page-1-chunk-2""]",MISS_AT_3_DEPTH_UNMEASURED,False,BLOCKED_INITIAL_TOP_K_3
HR052,T_GT_ABSENT_TOP3,4,unidoc_construction_0075,6705773,construction/construction/6705773.pdf,"Which elements are evaluated for choosing sites based on materials in the Maiduguri, Nigeria case study?","The factors include population map, gravel factor, cement factor, concrete factor, rail road factors, flood risk factors, brick factor, steel factor, lumber factor, terminal port factors, airport proximity factors, ground road accessibility factors, and population density factor. These elements are evaluated to determine the suitability of sites for construction materials in Maiduguri, Nigeria.",image_plus_text_as_answer,VISUAL_REQUIRED,"[12, 13, 14]","The elements evaluated for choosing sites based on materials in the Maiduguri, Nigeria case study include local materials accessibility, quality and quantity, local transportation infrastructure, and population densities.",2,False,"The elements evaluated for choosing sites based on materials in the Maiduguri, Nigeria case study include local materials accessibility, quality and quantity, local transportation infrastructure, and population densities.",2,False,"The elements evaluated for choosing sites based on materials in the Maiduguri, Nigeria case study include local materials accessibility, quality and quantity, local transportation infrastructure, and population densities.",2,False,TEXT_ONLY,False,,16,1,5,False,False,,4932.6501,510.41860000077577,0.0,False,False,True,True,False,construction,summarization,3,3,C:/Users/sp/Desktop/adaptive-multimodal-rag/datasets/unidoc/construction/construction/6705773.pdf,page-16-chunk-1,page-1-chunk-1,page-5-chunk-1,"252 The Open Construction and Building Technology Journal, 2017, Volume 11 Al-Chaar et al. independently for each of the remaining factors. These centroids are then combined and the centroid of the centroids will be the ideal location for site placement (based on construction materials availability). CONCLUSION Construction of military facilities is one of the most important aspects of military missions, and this effort is designed to produce a methodology with a goal of developing a GIS-based decision support tool to assist in siting CBs in theater. Key factors included in the analysis and determination of materials and location are local materials accessibility, quality and quantity, local transportation infrastructure, and population densities. The case studies used to develop this methodology are unique due to Bangladesh’s high flood-risk level and dense population and Maiduguri’s relatively isolated high level of population and potential hostility in the region. Special care was taken into account for these factors in each of the case studies, and care should be taken to account for any unique factors to a particular region when applying this methodology to the particular region. The EPF also allowed the central locations of each construction resource within the respective regions to be determined and tied into each other. Overall, these case studies provide examples of the methodology and serve as tests for the methodology being applied to a megacity and a potentially hostile region. Every region will have a unique methodology; however, other regions can be adapted from this methodology by determining and analyzing a given region’s EPF, infrastructure, and centers of construction materials. ETHICS APPROVAL AND CONSENT TO PARTICIPATE Not applicable. CONSENT FOR PUBLICATION Not applicable. CONFLICT OF INTEREST The authors declare no conflict of interest, financial or otherwise. ACKNOWLEDGEMENTS This study was conducted at the Department of the Army under applied research program element T45, Project 45509, “Engineer Base Site Evaluations for Tactical Environment.” REFERENCES [1] G.K. Al-Chaar, G.W. Calfas, M.A. Weiss, M.K. Valentino, and P.J. Guertin, “Construction Material-Based Methodology for Military Contingency Base Construction: Case Study of Dhaka, Bangladesh”, U.S. Army Corps of Engineers Engineer Research Development Center/Construction Engineering Research Laboratory., ERDC/CERL TR: Champaign, IL, 2016, pp. 16-14. [2] P.J. Guertin, G.W. Calfas, M.K. Valentino, and G.K. Al-Chaar, “Construction Material-Based Methodology for Military Contingency Base Construction: Case Study of Maiduguri, Nigeria”, U.S. Army Corps of Engineers Engineer Research Development Center/Construction Engineering Research Laboratory., ERDC/CERL TR: Champaign, IL, 2016, pp. 16-19. [3] R.V. Seep, ""Military Construction Projects"", In: In: 10 United States Code., 2006 Edition United States Government Printing Office: Washington, DC, 2012, pp. 1413-1414. [4] M.K. Cohen, ""Force Provider Operations"", In: Army Techniques Publication ATP 4-45 (FM 4-20.07) , United States Publication (Department of the Army): Washington DC, 2014. [5] U.S. Training, Army, and Doctrine Command, “The United States Army Operating Concept: Win in a Complex World”, Pamphlet 525-3-1, Fort Eustis., US Army Training and Doctrine Command: VA, 2014. [6] U.S. Training, Army, and Doctrine Command, “The U.S. Army Functional Concept for Movement and Maneuver”, Pamphlet 525-3-6. , U.S. Army Training and Doctrine Command: Washington, DC, 2017. [7] G. Calfas, ""Contingency Base Site Identification for the Tactical Environment (CB SITE)"", Engineer Research and Development Center White Paper, Presented to Engineer Research Development Center Board of Directors: Vicksburg, MS, 2015. [8] Environmental Protection and Enhancement Department of Army Pamphlet 200-1, Headquarters. , Department of the Army: Washington, DC, 2002. [9] B. Camps, Army Techniques Publication No. 3-37.10, Headquarters, Department of the Army: Washington DC, 2017. [10] ""Real Property Acquisition"", Outgrant, and Disposal Transactions , U.S. Army Regulation 200-1, Section 15-6, Headquarters, Department of the Army: Washington DC, 2007.","Send Orders for Reprints to reprints@benthamscience.ae The Open Construction and Building Technology Journal, 2017, 11, 237-253 237 1874-8368/17 2017 Bentham Open The Open Construction and Building Technology Journal Content list available at: www.benthamopen.com/TOBCTJ/ DOI: 10.2174/1874836801711010237 RESEARCH ARTICLE Construction Material-Based Methodology for Contingency Base Selection Ghassan K. Al-Chaar 1,* , Patrick J. Guertin 1 , Michael K. Valentino 2 , Carey L. Baxter 1 and George W. Calfas 1 1 U.S. Army Corps of Engineers, Engineer Research Development Center, Construction Engineering Research Laboratory, Champaign IL, USA. 2 University of Illinois, Department of Civil and Environmental Engineering, Urbana-Champaign IL, USA. Received: April 26, 2017 Revised: June 29, 2017 Accepted: July 03, 2017 Abstract: Background: Military and nonmilitary organizations need the capability to support their expeditionary forces by selecting a temporary base of operations that projects a minimal footprint and reduces logistical burdens. For example, strategically sited temporary bases anticipate impacts on the local context and its population of siting and operating temporary bases. Objective: This paper describes a methodology to assess the practicality of incorporating local construction materials when planning for contingency operations in a given region. While the assessment methodology was originally developed for military planners, the principles and methods are applicable to any organization that is considering building and operating temporary locations in foreign nations. Method: The methodology assesses factors such as population densities, main building types, geographical regions, port locations, railroad locations, road networks, airport locations, flood-risk areas, and construction materials. The methodology optimizes all factors to yield the best material-based solution for site selection. To demonstrate the developed methodology, two hypothetical case studies are described–Dhaka in Bangladesh for its high-population density and Maiduguri in Nigeria for its low-population density and potential for disruption. Results: This methodology provides a contingency site selection process that does not currently exist and will assist in the reduction of materiel demand, minimize footprint, and reduce the risk to personnel. The methodology captures factors such as population densities, main building types, geographical regions, port locations, railroad locations, road networks, airport locations, flood-risk areas, and construction materials and optimizes all factors to yield the best material-based solution for site selection. Conclusion: This methodology provides a contingency site selection process that does not currently exist for mission planners. It is designed to produce a methodology with a goal of developing a GIS-based decision support tool to assist in siting bases of operations. Keywords: Contingency bases, Expeditionary mission, Logistics, Construction material availability, Local construction practices, Population density factor, Military Decision Making Process. * Address Correspondence to this author at U.S. Army Corps of Engineers, Engineer Research Development Center, Construction Engineering Research Laboratory, Champaign IL, USA; Tel: (217) 373-7247; E-mail: Ghassan.K.Al-Chaar@usace.army.mil","Construction Material-Based Methodology The Open Construction and Building Technology Journal, 2017, Volume 11 241 As previously mentioned, the major regions of Bangladesh are country-wide major divisions. The major regions of Nigeria were determined by analyzing the population densities of the region. Nigeria was divided so that there were two high-density regions (Region 2: Southwest and Region 4: Southcentral), one medium-density region (Region 3: Northcentral) and two low-density regions (Region 1: Northwest and Region 5: Eastern). For site selection in or near the vicinity of a region of interest, the first requirement is to determine the boundaries so that the effective area can be isolated with minimum effects from adjacent areas. The following effective areas in Table 1 wasconsidered for simplicity and accuracy of this analysis: Table 1. Effective areas for case study regions. Case study region Dhaka, Bangladesh Maiduguri, Nigeria City effective region Dhaka Maiduguri Country effective region Bangladesh Nigeria Cross-country effective region Bangladesh and adjacent parts of India Nigeria and adjacent parts of Cameroon and Chad Cross-countries effective regions Bangladesh and nonadjacent countries with heavy trade Nigeria and nonadjacent countries with heavy trades Each region has a special level of interaction that affects the flow of construction materials that can be delivered. The aforementioned definitions of effective areas will help determine a particular region’s methodology. It was determined that the country of Bangladesh can be further subdivided into three main regions by using the rivers within the country, whereas Nigeria is sufficiently subdivided with just the six main regions that would be considered in the analysis [1, 2]. The rivers were used to divide the country of Bangladesh into sections because water barriers limit much of the trade and business actions within the country. For purposes of this construction material case study, there are three other regions considered. The first is the main city under consideration, which in this case is Dhaka. The next region is an adjacent country’s largest nearby city, which is Agartala, India. Lastly, the final region to be considered is a nonadjacent country that is a heavy trade partner with the country or city under consideration for CB location. For the purposes of this case study, it was determined that there was no heavy trade partner [1]. The density of the region of Nigeria meant that Nigeria itself was divided into five sections, since people control the activity of a country. For the purposes of this case study, three additional regions were considered. The first additional region is the main city under consideration—Maiduguri. The next region is an adjacent country’s largest nearby city—N’Djamena, Chad. Lastly, the final region to be considered is a nonadjacent country that is a heavy trade partner with the country or city under consideration for base selection. For the purposes of this case study, it was determined there was no heavy trade partner [2]. Hence, the regions analyzed for the two case studies are classified per Table 2 as: Table 2. Regions analyzed for each case study. Case Study Region Dhaka, Bangladesh Maiduguri, Nigeria Region 1 Northwest Bangladesh Northwest Nigeria Region 2 Southwest Bangladesh Southwest Nigeria Region 3 Northeast and southeast Bangladesh Northcentral Nigeria Region 4 Dhaka, Bangladesh (subset of region 2) Southcentral Nigeria Region 5 Neighboring country’s largest nearby city – Agartala, India Eastern Nigeria Region 6 Heavy trade partner with nonadjacent region (not applicable for this case study) Neighboring country’s largest nearby city – N’Djamena, Chad Region 7 Not applicable Maiduguri, Nigeria (subset of Region 5) Region 8 Not applicable Heavy trade partner with nonadjacent region (not applicable for this case study) The major regions for the analysis for each case study are shown in Fig. (1) (Bangladesh) and Fig. (2) (Nigeria). 3.2. Building Types The Federal Emergency Management Agency (FEMA) classifies 15 different main types of buildings. These building types must be examined in order to properly evaluate a region’s construction material availability and","The candidate answer is partially correct but omits most of the specific elements listed in the reference answer (e.g., gravel, cement, concrete, rail road, flood risk, etc.). It introduces general terms like 'local materials accessibility' and 'quality and quantity' that are not explicitly mentioned in the reference. The answer is not grounded in the specific factors from the reference and misses major parts of the required information.","The candidate answer is partially correct but omits most of the specific elements listed in the reference answer (e.g., gravel, cement, concrete, rail road, flood risk, etc.). It introduces general terms like 'local materials accessibility' and 'quality and quantity' that are not explicitly mentioned in the reference. The answer is not grounded in the specific factors from the reference and misses major parts of the required information.","The candidate answer is partially correct but omits most of the specific elements listed in the reference answer (e.g., gravel, cement, concrete, rail road, flood risk, etc.). It also introduces unsupported terms like 'quality and quantity' and 'local materials accessibility' that are not explicitly mentioned in the reference. The answer is somewhat aligned with the task but lacks essential details and contradicts the reference in terms of specificity and grounding.",results/unidoc_full_cache/a1171d0adc89dc34989ab55c85925595f4db18ee0f519c741bd62db38eee4d25.npz,"[16, 1, 5]",[],,YES,RETRIEVAL,,YES,NO,RETRIEVE_MORE,HIGH,The relevant site-selection factors for Maiduguri are summarized by the overlay in Figure 7 on page 14. Page 14 was absent from the retrieved top-3.,,,,14,"[12, 13, 14]","[16, 1, 5]","[""page-16-chunk-1"", ""page-1-chunk-1"", ""page-5-chunk-1""]",MISS_AT_3_DEPTH_UNMEASURED,False,BLOCKED_INITIAL_TOP_K_3
HR053,T_GT_ABSENT_TOP3,5,unidoc_crm_0008,2209264,crm/crm/2209264.pdf,How does the study conducted at the Jakarta Nahdlatul Ulama Board describe the connection between perceived political behavior in organizations and commitment levels?,"The study at the Jakarta Nahdlatul Ulama Board shows that perceived organizational politics negatively influences organizational commitment (-0.174), while impersonal trust has a positive influence (0.685). Impersonal trust also moderates the influence of perceived organizational politics on organizational commitment, indicating that higher trust can mitigate the negative effects of perceived politics.",image_plus_text_as_answer,VISUAL_REQUIRED,"[5, 6]","The study conducted at the Jakarta Nahdlatul Ulama Board found that perceived organizational politics has no effect on organizational commitment. Additionally, it was found that impersonal trust positively affects organizational commitment, but it does not play a role in moderating the influence of perceived organizational politics on organizational commitment.",1,False,"The study conducted at the Jakarta Nahdlatul Ulama Board found that perceived political behavior in organizations has no effect on organizational commitment. The research involved administrators of Nahdlatul Ulama Jakarta, with a sample of 82 participants. Using structural equation modeling with partial least squares, the results showed that while impersonal trust positively affects organizational commitment, it does not moderate the influence of perceived organizational politics on commitment. The study concludes that there is no significant connection between perceived organizational politics and organizational commitment.",1,False,"The study conducted at the Jakarta Nahdlatul Ulama Board found that perceived organizational politics has no effect on organizational commitment. Additionally, it was found that impersonal trust positively affects organizational commitment, but it does not play a role in moderating the influence of perceived organizational politics on organizational commitment.",1,False,TEXT_ONLY,False,,1,11,3,False,False,,4900.9535,352.13389999989886,0.0,False,False,True,True,False,crm,causal_reasoning,2,3,C:/Users/sp/Desktop/adaptive-multimodal-rag/datasets/unidoc/crm/crm/2209264.pdf,page-1-chunk-1,page-11-chunk-1,page-3-chunk-1,"European Research Studies Journal Volume XXI, Issue 3, 2018 pp. 391-403 Impersonal Trust and Perceived Organizational Politics on Organizational Commitment M. Nurhayati1, A. Thoyib2, Noermijati3, D.W. Irawanto4 Abstract: This study aims to analyze the role of impersonal trust in moderating the influence of perceived organizational politics on organizational commitment. The subject of the study is the administrator of Nahdlatul Ulama Jakarta with population of 107 administrators, and the research sample consisting of 82 administrators. The m ethodology is the structural equation modeling or partial least square s in which the data processing uses the program Smart PLS version 3. The results found that perceived political organizat ion has no effect on organizational commitment. Impersonal trusts positively affect organizational commitment. Impersonal trust have no role in moderating the influence of perceived organizational politics on organizational commitment. Keywords: Perceived Organizational Politics, Organizational Commitment, Impersonal Trust, Nahdlatul Ulama. 1Doctoral Program of Management Sciences, Faculty of Economics, Brawijaya University, Indonesia mafizatun.nurhayati@mercubuana.ac.id 2Doctoral Program of Management Sciences, Faculty of Economics, Brawijaya University, armanu@ub.ac.id 3Doctoral Program of Management Sciences, Faculty of Economics, Brawijaya University, noermijati@ub.ac.id 4Doctoral Program of Management Sciences, Faculty of Economics, Brawijaya University, dodiwirawan@hotmail.com","M. Nurhayati, A. Thoyib, Noermijati, D.W. Irawanto 401 weaken the influence between perceived organizational politics on organizational commitment. NU residents believe that without any deception and as long as they are confident and devoted to NU, they believe that one day they will get a response to what is being done now. 7. Conclusions and recommendations Based on the results of the research, it can be concluded that perceived organizational politics has no effect on organizational commitment while impersonal trust has a positive effect on organizational commitment. Impersonal trust does not play a role in moderating the influence of perceived organizational politics towards organizational commitment. Based on this research, there are several suggestions which could be made as follows: ✓ When viewed from organizational practices and policies, it is relatively low perceived, which mean that NU organization does not indicate the existence of organizational poli tics while the behavior of colleagues and freedom of speech is relatively moderate. ✓ As a non -profit organization whose members are volunteers, there should be no high levels of organizational politics. There is only the potential that peer co-operation and freedom of speech increases relatively to a society being more democratic. ✓ Organizational politics will occur in NU because of dynamics outside the organization and if not vigilant, this condition can lead to intrigues and rifts between members. In its position as a non -profit organization, it will be very easy to cause divisions. ✓ As a non-profit organization, it requires sincere members from the community who work for the progress of the organization. This would be interesting to analyze in further research and look at sincere work or personality factors as variables. References: Baek, Y.M., Jung, C.S. 2014. Focusing the mediating role of institutional trust: How does interpersonal trust promote organizational commitment? The Social Science Journa l, http://dx.doi.org/10.1016/j.soscij.2014.10.005. Bernanthos, B. 2018. Employees' Performance in Islamic Banking. European Research Studies Journal, 21(1), 31-42. Boe, T.A. 2002. Gaining and/or maintaining Employee Trust within Service Organizations. Research Paper, The Graduate School University of Wisconsin-Stout. Bouckenooghe, D. 2012. The role of organizational politics, contextual resources, and formal communication on change recipients' commitment to change: A multilevel study, European Journal of Work and Organizational Psychology, 21(4), 575-602, DOI: 10.1080/1359432X.2011.591573. Butt, M.R., Imran, A., Shah, F.T., Jabbar, A. 2013. Perception of Organizational Politics and Job Outcomes in a Public Sector Organization: The Moderating Role of Teamwork.","M. Nurhayati, A. Thoyib, Noermijati, D.W. Irawanto 393 commitment, with the focus of the empirical study on Nahdlatul Ulama Branch Managers in DKI Jakarta. 2. Literature Review 2.1 Organizational Commitment According to Meyer and Allen (1991) organizational commitment is a behavior that shows the characteristics of relationships between members of the organization and their organization, whose implications will affect whether a member of the organization will survive in the organization or not. Organizational commitment is characterized by three things (Newstrom 2007), a strong sense of trust and acceptance of a person towards the goals and values of the organization, the desire of a person to make the real efforts for the organization, and a strong desire to maintain membership in the organization. There are three components of organizational commitment according to Meyer and Allen (1991) the se being: 1) effective commitment referring to the desire to remain in the organization because they support the goals of the organization and are willing to help to achieve those goal s because they want to; 2) continuance commitment referring to the desir e of employees to remain in the organization because of the perceived economic value of staying in an organization compared with leaving the organization, because they need to; 3) normative commitment referring to the feelings of employees in which they fe el obliged to remain in the organization because they personally feel they have a moral responsibility to the organization, because they feel ought to. 2.2 Impersonal Trust In the organizational context, the object of trust can be in organizations, group s or individuals (Korsgaard et al., 2008). Thus, as a concept, organizational trust is learned by focusing on two things; first, trust in a particular person - a co-worker, and a manager which is called personal belief or interpersonal trust, and second, trust in systems within organizations, called trust in systems or impersonal beliefs (Shockley-Zalabak et al., 2000; Maguire and Phillips, 2008). Trust in an organization in the sense of impersonal trust is an expectation of the employee in the way an org anization behaves, with certain credible behavior of the organization's leadership, based on the capability and the fairness of the organization (Vanhala et al., 2011). 2.3 Perceived Organizational Politics The pioneer of the concept of perceived organiz ational politics, Mintzberg (1983) defines perceived organizational politics as informal individual or group behavior, clustering, usually divisive, and above all, in technical terms, not legitimately elected, no accepted ideology, nor certified expertise (though it may exploit either of these). Kacmar and Ferris (1991) define perceived organizational politics as the","The candidate answer is mostly incorrect. It incorrectly states that perceived organizational politics has no effect on organizational commitment, when the reference shows a negative effect (-0.174). It also incorrectly claims that impersonal trust does not moderate the influence of perceived politics, while the reference states it does. The answer fails to cover the essential points and contradicts the reference.","The candidate answer is mostly incorrect. It claims that perceived political behavior has no effect on organizational commitment, which directly contradicts the reference answer that shows a negative influence (-0.174). Additionally, it incorrectly states that impersonal trust does not moderate the influence of politics, whereas the reference shows it does. The answer fails to address the key relationship described in the reference and includes unsupported or contradictory claims.","The candidate answer is mostly incorrect. It claims that perceived organizational politics has no effect on commitment, which contradicts the reference answer that shows a negative influence (-0.174). It also incorrectly states that impersonal trust does not moderate the influence of politics, whereas the reference shows it does. The answer fails to cover the essential points and contradicts the reference.",results/unidoc_full_cache/de5519f3c90d635b633bc2187451fdd4b0d3f979cc594aa0ac57f4a396422bf7.npz,"[1, 11, 3]",[],,NO,JUDGE_ERROR,,,NO,UNCLEAR,HIGH,"The benchmark/gold conflicts with the paper's reported findings. Perceived organizational politics has no significant effect on organizational commitment, impersonal trust has a positive significant effect, and impersonal trust does not significantly moderate the relationship. Treat as benchmark/gold error.",,,,,"[5, 6]","[1, 11, 3]","[""page-1-chunk-1"", ""page-11-chunk-1"", ""page-3-chunk-1""]",MISS_AT_3_DEPTH_UNMEASURED,False,BLOCKED_INITIAL_TOP_K_3
HR054,T_GT_ABSENT_TOP3,6,unidoc_education_0034,5427083,education/education/5427083.pdf,"In the S.I. and E.S. systems, what are the dimensions and units used to express mass?","Dimensions: M; S.I. units: kg; E.S. units: slug. The dimension of mass is denoted as M, with kilograms (kg) as the unit in the International System of Units (S.I.) and slugs in the English System (E.S.).",table_required,VISUAL_REQUIRED,[16],"In the S.I. system, mass is expressed in kilograms (kg). In the B.G. (British Gravitational) system, mass is expressed in slugs (slug = lb sec² / ft).",2,False,"In the S.I. system, mass is expressed in kilograms (kg). In the B.G. (British Gravitational) system, mass is expressed in slugs, which are defined as lb sec²/ft. The document does not mention an ""E.S."" system.",2,False,"In the S.I. system, mass is expressed in kilograms (kg). In the B.G. (British Gravitational) system, mass is expressed in slugs (slug = lb sec² / ft).",2,False,TEXT_ONLY,False,,8,9,10,False,False,,4823.968,422.7541000000201,0.0,False,False,True,False,False,education,factual_retrieval,1,3,C:/Users/sp/Desktop/adaptive-multimodal-rag/datasets/unidoc/education/education/5427083.pdf,page-8-chunk-1,page-9-chunk-1,page-10-chunk-1,"43 Real-world problem solving ● Many real-world problem are not like in the textbook ● Develop ability to recognize problems and to clearly define (or formulate) them, before analysis ● Experience helps in determining best method of solution among many available ● In real world problems: – Numerical results not the ultimate goal – Results need to be interpreted in terms of physical problem – Recommendations must be made for action 44 Dimensions and units (1) ● Units needed to properly express a physical quantity ● Systems to be used: – S.I. (Systeme Internationale d'Unites) ● Adopted in 1960 ● Used by nearly every major country, except the U.S. ● Likely to be adopted by the U.S. in the near future – B.G. (British Gravitational system) ● Used in the technical literature for years ● Preferred system in the U.S. 45 Dimensions and units (2) ● Basic dimensions used in fluid mechanics: – Length (L) – Mass (M) – Time (T) – Temperature (θ) ● Dimensions of acceleration: [a] = LT-2 ● Newton's 2nd law: F = [m][a] = MLT-2 ● Only 3 of the four basic units can be assigned arbitrarily, the fourth becoming a derived unit 46 Dimensions and units (3) Commonly used units in SI and BG See other dimensions and units in page 8 Dimension BG unit SI unit Length (L) foot (ft) meter, metre (m) Mass (M) kilogram (kg) Time (T) second (sec) second (s) Force (F) pound (lb) Absolute Kelvin (K) Ordinary slug (=lb sec2 /ft) newton (n) (=kg m/s2) Temperature (θ) Rankine (oR) Fahrenheit (oF) Celsius ( oC) 47 Dimensions and units (4) ● Weight, W = mg ● g = gravitational acceleration ● On the surface of Earth g = 32.2 ft/s2 = 9.81 m/s2 ● Weights of unit mass – BG units: W = mg = (1 slug)(32.2 ft/s2) = 32.2 lb – SI units: W = mg = (1 kg)(9.81 m/s2) = 9.81 N 48 Example P1.1 – Weight calculation Gravity on the surface of the moon (gm) is 1/6 that of Earth, i.e., gm = g/6. What is the weight, in newtons, of m = 2.5 kg of water on Earth, and on the surface of the moon? On Earth, W =mg = (2.5 kg)(9.81 m/s2) = 24.53 N On the moon, Wm =mgm = mg/6= (2.5 kg)(9.81 m/s2)/6 = 4.087 N","49 Dimensions and units (5) Other systems of units used: ● English Engineering (EE) - inconsistent – M (pound mass, lbm), F (pound force, lbf) ● MKS (m-kg-s) metric - inconsistent – M (kg mass, kgm), F (kg force, kgf) ● Cgs (cm-g-s) metric – consistent – M (g), F(dyne = g cm/s2) – 1 dyne = 10-5 N, a very small quantity 50 Dimensions and units (6) Popular usage in Europe and other countries ● A “kilo” of sugar or other produce, represents a mass of 1 kg ● A “kilo”, therefore, represents a weight of 9.81 N ● A pound of weight has a mass of about 0.4536 kg ● Thus, the conversion factor for popular usage is 1.00/0.4536 = 2.205 lb/kgf ● In engineering, reserve kg for mass only, and N for force only 51 Unit abbreviations (1) ● Abbreviations – kg = kilogram – lb = pound(s), not lbs – Time units: ● s, min, h, d, y (S.I.) ● Sec, min, hr, day, yr (B.G.) ● Non-standard abbreviations – fps = feet per second – gpm = gallons per minute – cfs, or cusecs = cubic feet per second – cumecs = cubic meters per second 52 Unit abbreviations (2) ● Abbreviations – Acres, tons, slugs abbreviated [Although, Ac = acres] – Units named after people: ● Upper case when abbreviated: N, J, Pa ● Lower case when spelled out: newton, joule, pascal – Use L for liter (to avoid confusing l with 1) – S.I. absolute temperature is in K (kelvin) not oK ● 1 British or imperial gallon = 1.2 U.S. Gallon (±0.1%) ● When not specified, assume U.S. gallons 53 Derived quantities (1) Basic dimensions: mass (M), length (L), time (T) ● Velocity = Length / Time ● Acceleration = Velocity / Time = Length / Time2 ● Discharge = Volume / Time ● Force = Mass × Acceleration ● Pressure = Force / Area (also Stress) ● Work = Force × Length (also Energy, Torque) ● Power = Work / Time = Force × Velocity ● Angular Velocity = Angle / Time ● Angular Acceleration = Angular Velocity / Time 54 Derived quantities (2) Basic dimensions: force (M), length (L), time (T) ● Velocity = Length / Time ● Acceleration = Velocity / Time = Length / Time2 ● Discharge = Volume / Time ● Mass = Force / Acceleration ● Pressure = Force / Area (also Stress) ● Work = Force × Length (also Energy, Torque) ● Power = Work / Time = Force × Velocity ● Angular Velocity = Angle / Time ● Angular Acceleration = Angular Velocity / Time","55 Basic units for derived quantities Derived quantity B.G. S.I. Velocity ft/sec = fps m/s Acceleration Discharge Mass kg Force lb Pressure Work lb ft J = N m Power lb ft/sec W = J/s Angular velocity rad/sec rad/s Angular acceleration ft/sec2 m/s2 ft3/s = cfs m 3/s slug = lb sec2 / ft N = kg m/s2 lb/ft2 = psf Pa = N/m 2 rad/sec2 rad/s2 56 Example P1.2 – Mass, force, pressure ● A mass m = 2.5 kg is subject to an acceleration of a = 4 m/s2. What is the force applied to the mass? F = ma = (2.5 kg)(4 m/s2) = 10 N ● A force F = 20 lb produces an acceleration of a = 2 ft/s2, determine the mass m? m = F/a = (20 lb)/(2 ft/s2) = 10 slugs ● Determine the pressure p produced by a force F = 10 lb on an area A = 5 ft2: P = F/A = (10 lb)/(5 ft2) = 2 psf 57 Example P1.3 – Pressure, Work, Power ● A force F = 40 N is applied on an area of A = 2 m2, what is the average pressure p on the area? p = F/A = (40 N)/(2 m2) = 80 Pa ● If the force F = 40 N moves a mass a distance x = 2 m in a time t = 10 s, what is the work developed and the corresponding power? W = F⋅ x = (40 N)(2 m) = 80 J P = W/t = (80 J)/(10 s) = 8 W 58 Unit prefixes in S.I. Factor Prefix Symbol giga G mega M kilo k centi c milli m micro μ nano n 109 106 103 10-2 10-3 10-6 10-9 59 Example P1.4 – Pressure, work, power ● A force F = 4000 N is applied on an area of A = 20 m2, what is the average pressure p on the area? p = F/A = (4000 N)/(20 m2) = 80000 Pa = 80 kPa ● If the force F = 4000 N moves a mass a distance x = 2000 m in a time t = 10 s, what is the work developed and the corresponding power? W = F⋅ x = (4000 N)(2000 m) = 8 000 000 J = 8 MJ P = W/t = (8 000 000 J)/(10 s) = 800 000 W = 800 kW = 0.8 MW 60 Other units (B.G.) ● Length: 1 in = 1/12 ft, 1 mi = 5280 ft, 1 yd = 3 ft ● Area: 1 Acre = 43 560.17 ft2 ● Volume: 1 gallon (U.S.) = 0.1337 ft 3 1 acre-ft = 43 560.17 ft3 ● Velocity: 1 mph = 1.467 fps ● Pressure: 1 psi [lb/in2] = 144 psf, 1 in Hg = 70.73 psf, 1 ft H20 = 62.37 psf ● Energy: 1 BTU = 778.17 lb× ft ● Power: 1 hp = 550 lb× ft / s","The candidate correctly identifies that S.I. uses kilograms for mass. However, it refers to the B.G. system instead of the E.S. system as requested, which is a significant inaccuracy. The mention of slugs is correct, but the system name is incorrect. The answer is partially correct with important information missing or inaccurately presented.","The candidate correctly identifies that S.I. uses kilograms for mass. It mentions the B.G. system and slugs, which is factually correct but not what was asked. It partially addresses the question but introduces an unsupported claim about the E.S. system not being mentioned in the document, which is not relevant to the reference answer. The answer is partially correct and incomplete.","The candidate correctly identifies that S.I. uses kilograms for mass. However, it refers to the B.G. system instead of the E.S. system as requested, which is a significant inaccuracy. The mention of slugs is correct, but the system name is incorrect. The answer is partially correct with important information missing or inaccurately presented.",results/unidoc_full_cache/97ca12259b4ac4fa0a713a9645a961fbaa337a4c38c8a723d2921b1c684aee67.npz,"[8, 9, 10]",[],,YES,RETRIEVAL,,YES,NO,RETRIEVE_MORE,HIGH,"The quantities, dimensions, and units table on page 16 directly gives mass dimension M, SI unit kg, and English-system unit slug. Page 16 was absent from the retrieved top-3.",,,,16,[16],"[8, 9, 10]","[""page-8-chunk-1"", ""page-9-chunk-1"", ""page-10-chunk-1""]",MISS_AT_3_DEPTH_UNMEASURED,False,BLOCKED_INITIAL_TOP_K_3
HR055,T_GT_ABSENT_TOP3,7,unidoc_energy_0139,4871187,energy/energy/4871187.pdf,"When analyzing volatility dynamics between the European Union Allowance and natural gas markets in the second phase of the EU Emissions Trading Scheme, which direction of the estimated cross-market coefficients demonstrates significant influence?","In EUA-gas during Phase II of the EU ETS, the estimated cross-market coefficient β12 (0.0140) is statistically significant at the 5% level, while β21 is not significant. This demonstrates significant volatility spillover from the natural gas market to the EU Allowances (EUA) market, but not from EUA to natural gas. Therefore, the significant influence is from natural gas to EUA.",text_only,TEXT_ONLY,"[12, 13]","In the second phase of the EU Emissions Trading Scheme, the estimated cross-market coefficients show that there is a significant volatility spillover from the natural gas market to the European Union Allowance (EUA) market. Additionally, there is a significant volatility spillover from the EUA market to the Brent oil market. These findings indicate that natural gas influences the EUA market, and the EUA market influences the Brent oil market during this phase.",2,False,"In the second phase of the EU Emissions Trading Scheme, the direction of the estimated cross-market coefficients that demonstrates significant influence is from natural gas to the European Union Allowance (EUA) market.",4,True,"In the second phase of the EU Emissions Trading Scheme, the estimated cross-market coefficients show that there is a significant volatility spillover from the natural gas market to the European Union Allowance (EUA) market. Additionally, there is a significant volatility spillover from the EUA market to the Brent oil market. These findings indicate that natural gas influences the EUA market, and the EUA market influences the Brent oil market during this phase.",2,False,TEXT_ONLY,False,,17,14,11,False,False,,5486.2447,406.1770999996952,0.0,True,False,True,True,False,energy,comparison,2,3,C:/Users/sp/Desktop/adaptive-multimodal-rag/datasets/unidoc/energy/energy/4871187.pdf,page-17-chunk-1,page-14-chunk-1,page-11-chunk-1,"Journal of Business Economics and Management, 2019, 20(5): 979–999 995 ETS and the energy markets, the reason may be that the EU ETS has modified trading rules and commodities in each phases (Reboredo, 2014; Nava, Meleo, Cassetta, & Morelli, 2018), from the simultaneous sale of spot and futures to the sale of only futures on EUA. In addition, the coal market is often overlooked due to the share of coal in primary energy consumption in Europe has already fallen to the bottom. Based on the previous re - search, therefore, this paper carried out the following work. Firstly, this paper considers not only the oil and gas market, but also the coal market, and employs the bivariate asymmetric BEKK model to measure volatility spillovers and risk transfer. Secondly, this paper takes the dynamic correlation between the EUA and energy markets into account. It provides us a dynamic perspective to show the evolution of the correlation between them. Thirdly, this paper consider three phases of the EU ETS to find out the long-term correlation and how it fluctuations during different periods. Finally, the asymmetric effect on volatility spillover between EU ETS and energy markets is considered. There is a volatility spillover from the natural gas to EUA and the EUA to Brent oil in the second Phase of EU ETS. Natural gas is considered to be an efficient and clean energy source, and the carbon emissions are lower than coal and oil. So the natural gas will have an impact on the carbon market. There was no volatility spillover effect between the EU ETS and coal. A possible explanation is that it takes time for energy enterprises to change energy us - ing strategies and decide whether new emission-cutting technology should be implemented. They can’t revolution the strategies on coal application immediately, so the prices of EUA may not co-move with the prices of coal. Moreover, the dynamic correlation is obtained from the results of asymmetric BEKK models, providing us with a dynamic perspective to analyze the evolution of the relationship between the EUA and energy markets. And only the asymmetry of the EUA ’s own volatilities persists in the three phases of the EU ETS. In general, the volatility spillover effect between the EUA price and three energy markets among the three phases of the EU ETS is hardly significant, which may indicate that the economic downturn cut the real emission demand far more than the reduction of the cap throughout the second phase and the first two years of phase III. Such influence exceeded the influence brought by the energy markets. The third phase has a similar conclusion with the second phase. From a stability point of view, the fluctuations in the dynamic correlation coefficient between EU ETS and Brent oil may be the smallest, indicating that crude oil has always been the focus of the market compared to natural gas and coal. Conclusions For market operators, policymakers and investors, it is vital to excavate the correlation be - tween the carbon market and the energy market and its potential volatility spillover effects. Consequently, this paper mainly studies the volatility spillover effect between EUA and en - ergy prices (Brent oil, natural gas and coal). The empirical results are as follows: only in phase II of EU ETS, the EUA has a significant volatility spillover effect on Brent oil. In other phases, the volatility spillover effect does not exist. The EUA has an asymmetric effect in its own volatility in the first and second phases, that is, bad news leads to greater volatilities. However, the volatility of energy itself is asymmetric in all phases. Besides, there is a relatively","992 Y. Chen et al. Volatility spillover and dynamic correlation between the carbon market and energy... coal, the coal market with no asymmetry effect has been confirmed. The volatility of EUA, Brent oil and natural gas is asymmetric, but the asymmetry effect of Brent oil has changed dramatically compared to the phase I of EU ETS. During this time (2008–2012), Brent oil is more sensitive to good news. Figure 6 shows the dynamic correlation between EUA and three energy prices. Com - pared with the correlation between EUA and Brent oil and gas considered in the first phase, there are some changes between each pair. In general, all dynamic correlations in this pe - riod became more volatile than the previous phase. The correlation between the EUA and Brent oil returns was positive in most of the time during this phase, and its mean value of correlation coefficient is 0.19, similar with the first phase, rather than the period when the prices slumped. The dynamic correlation between EUA and coal also had a similar evolu - tion during this phase. What is interesting is the correlation of EUA and coal dropped to be negative during most of the period. Another result is that the mean value of correlation coefficient between the EUA and the natural gas fluctuates around 0.01, which may indicate that the correlation between EUA and natural gas is unstable. This result somehow contrasts with the previous literatures that natural gas is one of the fundamental factors of EUA prices (Mansanet-Bataller, Chevallier, & Chèze, 2007; Keppler & Mansanet-Bataller, 2010; Fezzi & Bunn, 2009; Chevallier, 2011). Figure 6. Dynamic correlation between the daily log returns of EUA and the energy futures from the phase II of EU ETS One possible explanation for such a result is that after the 2008 economic crisis the total real emission fell, hence a demand for the allowances. The reduction triggered by economic slowdown was far more than the annual reduction of the cap, which is 6.5% less compared to the 2005 emission level. This led to a large and growing surplus of unused allowances throughout the whole period and prices of the EUA dipped. Such influence exceeded the in- fluence brought by the energy markets, which might be the major reason why the correlation between the EUA and all energy prices decreased during the second period of the EU ETS.","Journal of Business Economics and Management, 2019, 20(5): 979–999 989 Table 3. Estimation of asymmetric BEKK (1, 1) Model to the Daily Log Returns of EUA and Brent, Natural gas from 22/4/2005 to 17/12/2007 for 661 Observations Parameters Estimations (Standard Errors) EUA-Brent EUA-gas 0C 0.5199* (0.2993) 1.2391*** (0.1907) 1.9937*** (0.1149) 0.0001 (3.2434) 0.6325*** (0.1669) 0.0001 (1.3196) 1A 0.5411*** (0.0887) 0.0123 (0.0124) 0.6357*** (0.1114) 0.0060 (0.0135) 0.1143 (0.1146) –0.0073 (0.1402) –0.0262 (0.0682) 0.1958*** (0.0482) 1B 0.7403*** (0.0290) –0.0049 (0.0126) 0.7344*** (0.0343) 0.0241 (0.0286) 0.2190 (0.1312) 0.0427* (0.3615) –0.0683 (0.0551) 0.9701*** (0.0080) 1D 0.8184*** (0.1173) 0.0101 (0.0127) 0.8071*** (0.1398) 0.0125 (0.0158) –0.7078*** (0.0127) 0.3615*** (0.1401) 0.0386 (0.0794) –0.2573*** (0.0769) Log Likelihood –3234.366 –3682.259 *, ** and *** represent the statistics are significant in the confidence level of 10%, 5% and 1%. Table 3 presents the estimation results of asymmetric BEKK model for the EUA and Brent oil, natural gas for the phase I of EU ETS. The empirical result indicates that the volatility of EUA returns in the first phase is significantly affected by its own, reflected by the 11β in both bivariate models. The coefficient of 11β (0.7403 in EUA-Brent, and 0.7344 in EUA-gas) are large and statistically significant, it indicates that during this phase, its own hysteretic volatility has a strong persistence effect on future volatility. For most financial products, the lag order has a certain impact on the current price, and the previous volatility will also affect the current volatility. 21β and 12β , the coefficients of cross-product terms of, are indicators for risk and shock transmission between the price of energy and EUA price, which can be referred as volatility spillover effect. However, Table 3 shows neither of the coefficients ( 21β and 12β ) is statistically significant in both models, which indicates that there is no volatility transmission from Brent or natural gas market or vice versa in the first period. The asymmet- ric coefficient ( 11d and 22d ) in both models are significant, which indicate that the volatility of the EUA, Brent crude oil and natural gas are asymmetry. However, this asymmetry is not consistent. The asymmetry coefficients of EUA and Brent oil are positive ( 11d and 22d in EUA-Brent), which can be explained as bad news increasing their volatility, while the natural gas is the opposite ( 22d in EUA-gas). Although the asymmetry coefficient 21d (–0.7078) is negative and significant in the EUA-Brent, it has no explanatory power since the volatility of the EUA price does not spillover to Brent oil.","The candidate answer correctly identifies the significant volatility spillover from natural gas to EUA, which aligns with the reference. However, it introduces an unsupported claim about EUA influencing the Brent oil market, which is not mentioned in the reference. This unsupported claim reduces grounding. The answer is partially correct and incomplete as it omits the non-significance of β21 and fails to directly address the direction of influence as per the reference.","The candidate answer is fully correct, captures the main point, is consistent with the reference, and directly answers the question.","The candidate answer correctly identifies the significant volatility spillover from natural gas to EUA, which aligns with the reference. However, it introduces an unsupported claim about EUA influencing the Brent oil market, which is not mentioned in the reference. This unsupported claim reduces grounding. The answer is partially correct and incomplete as it omits the non-significance of β21 and fails to directly address the direction of influence as per the reference.",results/unidoc_full_cache/203125496e7be831c16e6f28d6ed7a00127ec3ca0e8ecc2d5a9c217ce359ec3b.npz,"[17, 14, 11]",[],,NO,JUDGE_ERROR,,,NO,UNCLEAR,HIGH,The response correctly identifies the statistically significant volatility spillover from natural gas to EUA in Phase II. Its additional statement about EUA-to-Brent spillover is also supported by the paper. Treat the negative judgment as evaluation error.,,,,,"[12, 13]","[17, 14, 11]","[""page-17-chunk-1"", ""page-14-chunk-1"", ""page-11-chunk-1""]",MISS_AT_3_DEPTH_UNMEASURED,False,BLOCKED_INITIAL_TOP_K_3
HR056,T_GT_ABSENT_TOP3,8,unidoc_energy_0196,6509015,energy/energy/6509015.pdf,"In what way is the optical transparency of molybdenum oxide layers affected by being left untreated, exposed to UV-ozone, or subjected to elevated-temperature processing in different gaseous atmospheres?","The transmittance of molybdenum oxide (MoOx) layers is affected by different treatments as follows: Untreated MoOx exhibits the highest optical transmittance, UV-ozone treatment slightly reduces transmittance, and annealing in air or O2 further decreases transmittance. Annealing in N2 results in the lowest transmittance among the tested conditions. Therefore, the optical transparency decreases in the order: untreated > UV-ozone > air ≈ O2 > N2, as shown in the transmittance spectra (Figure 3e).",image_plus_text_as_answer,VISUAL_REQUIRED,"[6, 7]","The optical transparency of molybdenum oxide (MoOx) layers is affected by being left untreated, exposed to UV-ozone, or subjected to elevated-temperature processing in different gaseous atmospheres in the following ways:

1. **Untreated MoOx films**: The untreated film shows quite high transparency in the region from 350 to 800 nm, which is important to avoid parasitic absorption loss in perovskite applications.

2. **UV-ozone treated MoOx films**: The transmittance of the film treated with UV-ozone shows no substantial change compared to the untreated film. However, the optical bandgap (Eg) of the UV-ozone treated film increases to 3.90 eV, which is significantly higher than the original Eg of 3.31 eV for the untreated film.

3. **Annealed in air**: The transmittance of the film annealed in air shows no substantial change compared to the untreated film. The optical bandgap (Eg) of the film annealed in air increases to 3.89 eV, which is significantly higher than the original Eg of 3.31 eV for the untreated film.

4. **Annealed in oxygen (O2)**: The transmittance of the film annealed in O2 shows no substantial change compared to the untreated film. The optical bandgap (Eg) of the film annealed in O2 increases to 3.88 eV, which is significantly higher than the original Eg of 3.31 eV for the untreated film.

5. **Annealed in nitrogen (N2)**: The transmittance of the film annealed in N2 is lower compared to the untreated film. This change might be attributed to the content of oxygen vacancies in the films. The optical bandgap (Eg) of the film annealed in N2 increases to 3.85 eV, which is significantly higher than the original Eg of 3.31 eV for the untreated film.",2,False,"The optical transparency of molybdenum oxide (MoOx) layers is described as follows:

- Untreated MoOx films exhibit ""quite high transparency in the region from 350 to 800 nm.""
- When exposed to UV-ozone or elevated-temperature processing in air or oxygen atmospheres, the transmittance of the films shows ""no substantial change,"" indicating that these treatments do not significantly affect the optical transparency.
- However, the transmittance of the film annealed in a nitrogen atmosphere is lower. This reduction in transparency is attributed to the ""content of oxygen vacancies in the films.""",2,False,"The optical transparency of molybdenum oxide (MoOx) layers is affected by being left untreated, exposed to UV-ozone, or subjected to elevated-temperature processing in different gaseous atmospheres in the following ways:

1. **Untreated MoOx films**: The untreated film shows quite high transparency in the region from 350 to 800 nm, which is important to avoid parasitic absorption loss in perovskite applications.

2. **UV-ozone treated MoOx films**: The transmittance of the film treated with UV-ozone shows no substantial change compared to the untreated film. However, the optical bandgap (Eg) of the UV-ozone treated film increases to 3.90 eV, which is significantly higher than the original Eg of 3.31 eV for the untreated film.

3. **Annealed in air**: The transmittance of the film annealed in air shows no substantial change compared to the untreated film. The optical bandgap (Eg) of the film annealed in air increases to 3.89 eV, which is significantly higher than the original Eg of 3.31 eV for the untreated film.

4. **Annealed in oxygen (O2)**: The transmittance of the film annealed in O2 shows no substantial change compared to the untreated film. The optical bandgap (Eg) of the film annealed in O2 increases to 3.88 eV, which is significantly higher than the original Eg of 3.31 eV for the untreated film.

5. **Annealed in nitrogen (N2)**: The transmittance of the film annealed in N2 is lower compared to the untreated film. This change might be attributed to the content of oxygen vacancies in the films. The optical bandgap (Eg) of the film annealed in N2 increases to 3.85 eV, which is significantly higher than the original Eg of 3.31 eV for the untreated film.",2,False,TEXT_ONLY,False,,4,3,2,False,False,,10266.7334,525.2918000005593,0.0,False,False,True,True,False,energy,factual_retrieval,2,3,C:/Users/sp/Desktop/adaptive-multimodal-rag/datasets/unidoc/energy/energy/6509015.pdf,page-4-chunk-1,page-3-chunk-2,page-2-chunk-1,"R Zeng et al 4 Debye-Scherrer equation of D = 0.89λ/(β cos θ), where β is the half-width of the diffraction peak, λ is the wavelength of the x-ray and θ is the diffraction angle [41]. The β for the samples annealed in air and oxygen atmospheres are 0.0037 and 0.0025 rad, respectively. Therefore the average crystalline sizes for MoOx annealed in air and oxygen are around 37 and 55 nm, respectively. According to the experimental observa- tions of Andreas et al, peaks at 12.76°, 25.70°, and 38.98° indicate formation of α-MoO 3, consistent with the positions shown in figure S4 in the supplementary information (stacks. iop.org/JMM/29/065012/mmedia) [42]. The stoichiometry of the post-treated samples was char - acterized by high resolution XPS, as shown in figure 3. The Mo3d spectra contained only one 3d doublet located at 236.3 eV , 233.2 eV (figure 3(a)), 236.0 eV , 232.8 eV (figure 3(b)), and 236.3 eV , 233.2 eV (figure 3(c)) that are all related to Mo6+ [39, 43]. The MoO x has seemly completely turned into MoO3 by UV-ozone and annealing processes in air or O2, with the Mo5+ all being oxidized to Mo6+. For the MoOx film annealed in nitrogen atmosphere, there are two 3d doublets in the form of a Gaussian function as shown in figure 3(d). The ones centered at 236 eV and 232.8 eV are the typical dou- blet of Mo 6+, while the other ones centered at 234.6 eV and 231.9 eV are the typical doublet of Mo 5+ [31, 43]. Assuming the ratio of the quantity of Mo 5+/Mo6+ (calculated from the ratio of integrated peak area) is k, it can be easily calculated that x = 2.5 + (2k + 2)−1. In this situation, the ratio of Mo5+/ Mo6+ is 0.77, which means x = 2.78. Beside direct characterizations, it is important to study opto-electronic properties of the MoO x samples before being integrated with different materials in devices. Firstly, the UV– vis transmission spectra of various MoO x films have been studied and illustrated in figure 3(e). It is clearly observed that the untreated film has shown quite high trans- parency in the region from 350 to 800 nm, which is important to avoid the parasitic absorption loss of perovskite. When the molybdenum oxide films were subjected to different post- treatments, the transmittance shows no substantial change. However, the transmittance of the film annealed in a nitrogen atmosphere was lower (figure S3). Such a change might be attributed to the content of oxygen vacancies in the films, according to some previous report [13]. Furthermore, we can deduce the bandgap information from the transmittance measurement. According to Lee et al, MoO 3 is a wide, indi- rect bandgap semiconductor [26]. The optical band-gap (E g) of the samples can be calculated from the equation αhν = A (hν − Eg) 1/2 [ 43], where A is the proportionality constant, α is the absorption coefficient and h ν is the photon energy. As shown in figure 3(f), taking h ν as the horizontal axis and αhν as the vertical axis, Eg can be estimated by extrapolating the linear portion of the curve to zero absorption. The E g of the MoOx films was estimated to be 3.31 eV , 3.90 eV , 3.89 eV , 3.88 eV and 3.85 eV for the samples unprocessed, treated with UV-ozone, annealed in air, O 2 and N 2, respectively. In general, the Eg of the post-treated films were all significantly larger than the original one. Such increase of Eg may be due Figure 1. MoO x fabricated under different electrochemical conditions: (a) cyclic voltammetry curves with different sweep rate; (b)–(d) top view and (b′)–(d′) cross-sectional SEM images of the deposits at: (b) and (b′) 3 mV s−1; (c) and (c′), 5 mV s−1; (d) and (d′) 10 mV s−1; (e) cyclic voltammetry curves with different lower potential limit; (f)–(h) top view and (f′)–(h′) cross-sectional SEM images of the deposits with the lower limit at: (f) and (f′) −0.8 V; (h) and (h′) −1.0 V; (h) and (h′) −1.2 V; (i)–(k) XPS spectra of the deposits: (i) full spectrum; (j) Mo3d; (k) O1s. J. Micromech. Microeng. 29 (2019) 065012","all, the full spectrum in figure 1(i) shows the peaks of Mo3s, Mo3d, Mo3p, Mo4s, C1s and O1s. Secondly, the high resolution XPS spectrum of Mo3d core level peaks is exhib- ited in figure 1(j). The Mo3d spectrum can be divided into one 3d doublet in the form of Gaussian function, corresponding to the oxidation state of Mo. The fitting peaks located at 235.2 eV and 231.9 eV are assigned to the Mo5+ valence state [32, 39], then the O1s spectrum is shown in figure 1(k). According to previous studies, it is known that the peak at ~530 eV is due to the oxide, the one at ~532 eV is attributed to oxygen spe- cies dissolved in the metal or adsorbed oxygen (such as O −, OH−, or H2O) [40]. This result represents the significant exist- ence of molybdenum Mo 5+ valence state in the as-fabricated sample. Taking into account the previous characterization, it can be confirmed that the as-deposited sample was non-stoi- chiometric MoOx (x = 2.5). In the many applications of non-stoichiometric metal oxides, their crystallinity and stoichiometry have always been important factors that determine its performance in gas sensors, photocatalysis, and photochromic/electrochromic devices and so forth [12–14, 18]. As commonly known, amorphous MoOx film is quite susceptible to ambient conditions [23]. Therefore, we have systematically studied the effects of these conditions (UV-ozone, temperature, time and atmosphere) on the MoO x film. To investigate the crystallinity of the sample fabricated, we have applied 2D GIXRD (incident x-ray angle at 0.3°) for the FTO substrate (figure 2(a)), the thin MoO x film obtained (figure 2(b)) and the MoO x films after different post-treat- ments (figures 2(c)–(f)). Figures 2(a) and (b) indicate that the as-deposited film was amorphous because no significant dif- fraction peak of MoOx was detected during q = 0.5–4.0 A−1. The results with UV-ozone (figure 2(c)) show no other sig- nificant diffraction peak compared to figure 2(a), indicating that the corresponding films were still amorphous. However, more diffraction peaks can be observed in figures 2(d) and (e), for samples annealed in air and oxygen, respectively. In figure 2(d), there were broad diffraction peaks related to the (0 0 2), (0 4 0) and (0 6 0) crystal planes, while the one related to (0 2 0) plane was quite sharp and intense. Since the (0 2 0) plane is located close to the qz axis, it indicates that the grains in the MoOx film annealed in air had their face-on orientation parallel to the surface of the film. As for the case of O 2, there was observed four diffraction peaks along the Debye rings, with their intensity stronger than that in figure 2(d), especially the ones at the (0 2 0) and (0 6 0) directions. Surprisingly, for the sample annealed in nitrogen (figure 2(f)), there was no significant additional diffraction peak discovered, which means quite weak crystallization in the MoO x annealed in N2. The average grain size of MoOx can be obtained from the J. Micromech. Microeng. 29 (2019) 065012","R Zeng et al 2 microstructure have been quite significant. This could be an essential issue both in its fabrication and in its performance in devices as a stable element. Up till now, only a few studies have been carried out for the correlation between some prop- erties and the annealing conditions and its consequence, however more systematic investigations concerning such issues under composite conditions are yet to be carried out [24–28]. The aforementioned molybdenum oxide films were all prepared via thermal evaporation in vacuum, which has significant drawbacks in cost and scalability for large area samples. Meanwhile, various chemical synthesis methods in liquid phase have also been developed, such as sol-gel [29], spray pyrolysis [30], and spin coating [11], which are significantly more simple. In those methods, the motion of reactive species only relies on thermal diffusions that could influence the quality of the formation of layers on substrates. To amend that, electrochemical deposition appears to be the more likely promising candidate as a cheap and controllable technique that could provide effective control of morphology, composition as well other properties of the deposit at room temperature under ambient conditions [31–34]. In addition, it also enables large-area film prep aration without any mechan- ical instruments [1, 35]. In this work, we report a facile electrochemical method for non-stoichiometric metal oxide films with studies of evolution of its physical and chemical properties with various param- eters. A smooth and uniform MoO x could be easily formed using cyclic voltammetry (CV) method. Its stoichiometry, crystallinity and morphology could be effectively controlled by experimental parameters and ambient conditions (UV illu- mination, annealing time, temperature and atmosphere) so as to achieve different physical properties for corresponding applications in solar cells and other devices [25]. As a result, the p-i-n type PSCs employing the electrochemically deposited MoOx as HTL can achieve a power conversion effi- ciency (PCE) up to 9.20% which could be further raised by improvements such as the transparency of light incident side. Furthermore, it has also been found that the wetting property of this MoOx could be significantly influenced by those condi- tions, which would be important for its further applications, especially for detectors and improvement for the fabrication of stable PSCs. 2. Experimental 2.1 . Synthesis and modification of MoOx Firstly, 0.34 M aqueous solution of hexaammonium molyb- date (NH 4)6Mo7O24, 99% Energy Chemical) was prepared with deionized water, and then slowly mixed with 20 ml eth- ylene glycol (99% Sinopharm). The solution was stirred for 20 min at the rate of 50 to 150 rpm. The FTO-coated glass substrates (15 Ω sq −1, Materwin) were sequentially cleaned by ultrasonic bath in detergent, deionized water, acetone, iso- propanol and ethanol for 15 min in each step. These cleaned FTO substrates were exposed to UV-ozone treatment for 20 min. The electrodeposition of MoO x was performed on an FTO-coated glass substrate using a standard three-electrode electrochemical system with the FTO substrate as the working electrode (WE), Ag/AgCl (3 M KCl) as the reference elec- trode (RE) and platinum foil as the counter electrode (CE). The electrodeposition was controlled by an electrochemical workstation (CS350, Corrtest) at room temperature in cyclic voltammetry (CV) mode, using lower and upper potential limits of −1.2 to −0.8 V and −0.5 to 1.0 V , respectively, with the number of cycles from 1 to 5. After the deposition, the films were washed with deionized water. The annealing was carried out in a vacuum crucible furnace (VBF-1200X-H8, Hefei Kejing) under different chemical atmospheres. After the post-treatments (UV-ozone and annealing under dif- ferent chemical atmospheres), the substrates were transferred quickly into a nitrogen-filled glovebox. 2.2. Characterization of MoOx A field emission scanning electron microscope (FE-SEM, Zeiss Ultra Plus) was applied to observe the surface morphology and thickness of the MoOx films on the FTO-coated glass sub- strates. The chemical state of the samples was analyzed by x-ray photoelectron spectroscopy (XPS, AXIS Ultra DLD). The XPS spectra were fitted with the Gaussian–Lorentzian product using the XPSPEAK41 software package. Their microstructure was detected by grazing incidence x-ray dif- fraction (GIXRD), at the 7.3.3 beamline (10 keV) at advanced light source (ALS) of lawrence berkeley national laboratory (LBNL). The scattering intensity was detected","The candidate answer is partially correct, as it correctly identifies that untreated MoOx has high transmittance and that annealing in N2 reduces transmittance. However, it incorrectly states that UV-ozone and air/O2 treatments do not substantially change transmittance, which contradicts the reference answer that states transmittance decreases with these treatments. The answer is also incomplete in not providing the correct order of transmittance. It includes some unsupported claims about optical bandgap changes, which are not mentioned in the reference.","The candidate answer is partially correct, as it correctly identifies that untreated MoOx has high transparency and that annealing in nitrogen reduces transmittance. However, it incorrectly states that UV-ozone and air/O2 treatments do not significantly affect transmittance, which contradicts the reference answer that shows a decrease in transmittance for these treatments. The answer is incomplete as it omits the relative ranking of transmittance across all conditions. It is grounded in the reference for some points but includes a minor unsupported claim regarding the effect of UV-ozone and air/O2.","The candidate answer correctly identifies the general trend that untreated MoOx has the highest transmittance and that N2-annealed films have the lowest. However, it incorrectly states that UV-ozone and air/O2 treatments do not substantially change transmittance, which contradicts the reference answer that shows a decrease. The candidate also introduces the concept of optical bandgap, which is not part of the question. The answer is partially correct and includes some unsupported claims.",results/unidoc_full_cache/eeffa0a7efad26951adef33c9012f9e6fa2988019ee8be04fecc0574fa0fc4c0.npz,"[4, 3, 2]",[],,NO,JUDGE_ERROR,,,NO,UNCLEAR,HIGH,"The paper states that post-treatments generally produce no substantial transmittance change, except that nitrogen-annealed film has lower transmittance. The benchmark reference imposes a stronger ordering than the source supports. Treat as benchmark/gold error.",,,,,"[6, 7]","[4, 3, 2]","[""page-4-chunk-1"", ""page-3-chunk-2"", ""page-2-chunk-1""]",MISS_AT_3_DEPTH_UNMEASURED,False,BLOCKED_INITIAL_TOP_K_3
HR057,T_GT_ABSENT_TOP3,9,unidoc_finance_0090,1326258,finance/finance/1326258.pdf,"Identify the unique statistical measures ω2, γ2, θ2, β2, η2, ξ2, p22, and UV2 along with their intervals used in the evaluation of complex models.","The unique statistical measures and their intervals are as follows: ω2 ranges from 0.294 (0.246, 0.365) to 1.207 (1.010, 1.502), γ2 ranges from 0.321 (0.255, 0.387) to 0.473 (0.418, 0.531), θ2 ranges from -0.132 (-0.173, -0.091) to 0.015 (-0.010, 0.040), β2 ranges from 0.652 (0.570, 0.710) to 0.919 (0.897, 0.933), η2 ranges from 3.827 (3.690, 3.988) to 14.412 (12.849, 15.971), ξ2 ranges from 0.691 (0.660, 0.727) to 0.994 (0.964, 1.024), p22 ranges from 0.633 (0.622, 0.645) to 0.967 (0.966, 0.968), and UV2 varies from 108% to 173%.",table_required,VISUAL_REQUIRED,[28],"The unique statistical measures identified in the evaluation of complex models, along with their intervals, are as follows:

- **ω2 (omega squared)**: 30.442 (27.905, 32.819)
- **γ2 (gamma squared)**: 0.297 (0.230, 0.364)
- **θ2 (theta squared)**: Not mentioned in the provided text.
- **β2 (beta squared)**: 0.009 (0.004, 0.028)
- **η2 (eta squared)**: 51.933 (29.060, 70.020)
- **ξ2 (xi squared)**: 0.710 (0.661, 0.775)
- **p22 (p squared)**: 0.772 (0.730, 0.815)
- **UV2 (Unexplained Variance squared)**: 115% (not provided with a specific interval in the text)

These values are derived from the Markov switching skewed Student-t GJR-GARCH model applied to BTC data from various sources.",1,False,"The unique statistical measures for State 2 in the Markov Switching GJR-GARCH model, along with their intervals, are as follows:

- **ω₂ (omega squared)**: 
  - CG: 30.442 (27.905, 32.819)
  - CM: 2.377 (2.129, 2.645)
  - CC: 4.599 (0.168, 5.435)
  - Bitstamp: 24.312 (20.950, 28.351)
  - Kraken: 1.828 (1.675, 2.004)

- **α₂ (alpha squared)**: 
  - CG: 0.003 (0.003, 0.004)
  - CM: 0.240 (0.222, 0.258)
  - CC: 0.067 (0.054, 0.185)
  - Bitstamp: 0.231 (0.197, 0.265)
  - Kraken: 0.022 (0.019, 0.025)

- **γ₂ (gamma squared)**: 
  - CG: 0.297 (0.230, 0.364)
  - CM: -0.055 (-0.082, -0.031)
  - CC: 0.204 (-0.144, 0.262)
  - Bitstamp: 0.311 (0.185, 0.424)
  - Kraken: 0.168 (0.140, 0.202)

- **β₂ (beta squared)**: 
  - CG: 0.009 (0.004, 0.028)
  - CM: 0.767 (0.754, 0.779)
  - CC: 0.682 (0.657, 0.880)
  - Bitstamp: 0.308 (0.275, 0.348)
  - Kraken: 0.880 (0.862, 0.896)

- **η₂ (eta squared)**: 
  - CG: 51.933 (29.060, 70.020)
  - CM: 4.172 (3.895, 4.542)
  - CC: 4.165 (2.684, 4.835)
  - Bitstamp: 3.131 (2.860, 3.466)
  - Kraken: 65.485 (61.535, 69.464)

- **ξ₂ (xi squared)**: 
  - CG: 0.710 (0.661, 0.775)
  - CM: 0.865 (0.837, 0.893)
  - CC: 0.937 (0.880, 1.022)
  - Bitstamp: 0.854 (0.813, 0.891)
  - Kraken: 0.906 (0.851, 0.960)

- **p₂₂ (p squared)**: 
  - CG: 0.772 (0.730, 0.815)
  - CM: 0.950 (0.944, 0.956)
  - CC: 0.974 (0.969, 0.979)
  - Bitstamp: 0.951 (0.936, 0.961)
  - Kraken: 0.599 (0.569, 0.634)

- **UV₂ (Unexplained Variance squared)**: 
  - CG: 115%
  - CM: 204%
  - CC: 106%
  - Bitstamp: 170%
  - Kraken: 21",0,False,"The unique statistical measures ω2, γ2, θ2, β2, η2, ξ2, p22, and UV2 along with their intervals used in the evaluation of complex models are as follows:

- **ω2 (State 2 constant term):**  
  - CG: 30.442 (27.905, 32.819)  
  - CM: 2.377 (2.129, 2.645)  
  - CC: 4.599 (0.168, 5.435)  
  - Bitstamp: 24.312 (20.950, 28.351)  
  - Kraken: 1.828 (1.675, 2.004)  

- **γ2 (State 2 leverage effect):**  
  - CG: 0.297 (0.230, 0.364)  
  - CM: -0.055 (-0.082, -0.031)  
  - CC: 0.204 (-0.144, 0.262)  
  - Bitstamp: 0.311 (0.185, 0.424)  
  - Kraken: 0.168 (0.140, 0.202)  

- **β2 (State 2 GARCH coefficient):**  
  - CG: 0.009 (0.004, 0.028)  
  - CM: 0.767 (0.754, 0.779)  
  - CC: 0.682 (0.657, 0.880)  
  - Bitstamp: 0.308 (0.275, 0.348)  
  - Kraken: 0.880 (0.862, 0.896)  

- **η2 (State 2 degrees of freedom for skewed Student-t distribution):**  
  - CG: 51.933 (29.060, 70.020)  
  - CM: 4.172 (3.895, 4.542)  
  - CC: 4.165 (2.684, 4.835)  
  - Bitstamp: 3.131 (2.860, 3.466)  
  - Kraken: 65.485 (61.535, 69.464)  

- **ξ2 (State 2 asymmetry parameter for skewed Student-t distribution):**  
  - CG: 0.710 (0.661, 0.775)  
  - CM: 0.865 (0.837, 0.893)  
  - CC: 0.937 (0.880, 1.022)  
  - Bitstamp: 0.854 (0.813, 0.891)  
  - Kraken: 0.906 (0.851, 0.960)  

- **p22 (State 2 self-transition probability):**  
  - CG: 0.772 (0.730, 0.815)  
  - CM: 0.950 (0.944, 0.956)  
  - CC: 0.974 (0.969, 0.979)  
  - Bitstamp: 0.951 (0.936, 0.961)  
  - Kraken: 0.599 (0.569, 0.634)  

- **UV2 (State 2 steady-state volatility):**  
  - CG: 115%  
  - CM: 204%  
  - CC: 106%  
  - Bitstamp: 170%  
  - Kraken: 216%  

- **θ2:** Not mentioned in the provided text.",0,False,TEXT_ONLY,False,,18,17,15,False,False,,22553.6175,671.0067999993043,0.0,False,False,True,False,False,finance,summarization,1,3,C:/Users/sp/Desktop/adaptive-multimodal-rag/datasets/unidoc/finance/finance/1326258.pdf,page-18-chunk-1,page-17-chunk-1,page-15-chunk-1,"Table 2: Markov Switching GJR-GARCH on Non-Traded and Traded BTC Data Markov switching skewed Student-t GJR-GARCH parameter medians and (in parentheses) the 25 th and 75th per- centiles, based on BTC daily returns from CG, CM, CC, Bitstamp and Kraken. The sample period is 1 September 2013 – 31 March 2019. Parameters of interest are highlighted in blue and red. CG CM CC Bitstamp Kraken State 1 ω1 0.145 0.007 0.197 0.036 0.011 (0.116, 0.185) (0.006, 0.007) (0.166, 4.932) (0.031, 0.042) (0.009, 0.014) α1 0.147 0.052 0.156 0.070 0.100 (0.126, 0.168) (0.046, 0.058) (0.051, 0.181) (0.051, 0.093) (0.085, 0.117) γ1 -0.067 -0.019 -0.097 -0.006 -0.074 (-0.091, -0.035) (-0.034, -0.005) (-0.144, 0.246) (-0.033, 0.020) (-0.089, -0.061) β1 0.865 0.953 0.858 0.922 0.917 (0.846, 0.878) (0.947, 0.958) (0.662, 0.877) (0.910, 0.934) (0.908, 0.926) η1 2.948 2.396 2.873 2.832 3.057 (2.846, 3.093) (2.362, 2.441) (2.709, 4.653) (2.699, 3.001) (2.950, 3.202) ξ1 1.013 1.046 0.998 1.028 1.100 (0.989, 1.033) (1.026, 1.068) (0.902, 1.031) (1.008, 1.046) (1.082, 1.124) p11 0.944 0.957 0.976 0.975 0.862 (0.934, 0.952) (0.950, 0.964) (0.972, 0.980) (0.970, 0.979) (0.846, 0.879) UV 1 49.6% 21.5% 45.7% 36.3% 14.2% State 2 ω2 30.442 2.377 4.599 24.312 1.828 (27.905, 32.819) (2.129, 2.645) (0.168, 5.435) (20.950, 28.351) (1.675, 2.004) α2 0.003 0.240 0.067 0.231 0.022 (0.003, 0.004) (0.222, 0.258) (0.054, 0.185) (0.197, 0.265) (0.019, 0.025) γ2 0.297 -0.055 0.204 0.311 0.168 (0.230, 0.364) (-0.082, -0.031) (-0.144, 0.262) (0.185, 0.424) (0.140, 0.202) β2 0.009 0.767 0.682 0.308 0.880 (0.004, 0.028) (0.754, 0.779) (0.657, 0.880) (0.275, 0.348) (0.862, 0.896) η2 51.933 4.172 4.165 3.131 65.485 (29.060, 70.020) (3.895, 4.542) (2.684, 4.835) (2.860, 3.466) (61.535, 69.464) ξ2 0.710 0.865 0.937 0.854 0.906 (0.661, 0.775) (0.837, 0.893) (0.880, 1.022) (0.813, 0.891) (0.851, 0.960) p22 0.772 0.950 0.974 0.951 0.599 (0.730, 0.815) (0.944, 0.956) (0.969, 0.979) (0.936, 0.961) (0.569, 0.634) UV 2 115% 204% 106% 170% 216% (1991) respectively, reporting results in the appendices (and results for other GARCH models are available on request). Speciﬁcally, the MCMC parameter medians (and percentiles) of the skewed Student-t symmetric GARCH and EGARCH models are reported in Tables A4 and A5 of the appen- dices. Again we note signiﬁcant discrepancies in all parameters across data sources. For instance, the skewed Student-t GARCH appears to be the optimal model for CG and Bitstamp according the corresponding DIC and IC values in Table A3. However, when we examine the parameter estimates 17","of freedom (η) and asymmetry (ξ) parameters for the skewed Student-t distribution are also state- dependent. The constant state transition probabilities control the latent state variable st; these are summarised in the transition probability matrix: Π = ( p11 p21 p12 p22 ) , where each element pij =P (st =j|st−1 =i) denotes the constant probability of transitioning from state i at time t− 1 to state j at time t. To understand the ‘data source eﬀect’ on the GARCH model parameters, we use BTC prices from CG, CM, CC, Bitstamp and Kraken between 1 September 2013 – 31 March 2019. 30 We produce the posterior parameter distribution using 10,000 burn-in draws and build a sample of size 2,000 with the next 10,000 draws keeping only every 5 th draw, setting our pseudo-random number generator seed to 1 for each data source. Table 2 reports the posterior distribution median and (in parentheses) the 25th and 75th percentiles for each parameter in the Markov switching skewed Student-t GJR-GARCH. The parameter estimates are highly sensitive to the data source choice. For instance, in state 1 which is the low volatility regime (upper panel of Table 2) the CG ω1 median falls outside CC’s (25 th, 75th) percentile interval, even though the two medians are quite close; and similarly for γ1 and p11. Even worse, in state 2 which is the high volatility regime, the median estimate for the leverage parameter γ2 does not even maintain the same sign for all sources, and the corresponding (25th, 75th) percentile intervals indicate a lot of dispersion in the parameter distributions; the estimates of β in state 2 based on the CG and Bitstamp data are both well below the normal values for a GARCH persistence parameter; and the steady-state volatility estimates vary considerably across data sources. In fact all the calibrated parameters diﬀer, in some cases very considerably, across diﬀerent data sources. Given the large discrepancies in parameter estimates across data sources, we now ask whether the optimal model choice also varies when we use diﬀerent data. We compare the optimal GARCH model speciﬁcation for BTC returns from CG, CM, CC, Bitstamp and Kraken, as indicated by the Deviance Information Criterion (DIC) and the Bayesian Predictive Information Criterion (IC). Table A3 of the appendices reports the DIC and IC for the following model speciﬁcations estimated using MCMC: two-state Markov switching GARCH, GJR-GARCH or EGARCH with innovations distributed according to a (symmetric or skewed) normal or Student- t distribution. For each data source we highlight (in blue) the minimum DIC and IC values which indicate the optimal model choice from those examined. The DIC and IC reported in Table A3 indicate that the optimal models are almost exclusively the two-state Markov switching symmetric GARCH and EGARCH with innovations that follow a skewed Student-t distributions. These results are diﬀerent compared with Ardia et al. (2019), but we do not employ the same historical period. Because the optimal choice of model can be highly sensitive to the sample period, we also exam- ine the symmetric GARCH and EGARCH speciﬁcations as deﬁned by Bollerslev (1986) and Nelson 30We do not use ETH data since they are only available from mid-2015 onwards, and the sample length is not suﬃcient for a Markov switching model calibration, even with the MCMC method. 16","constraints for a ﬁnite positive steady-state volatility, so the variance process is integrated. 26 All of the above papers calibrate models using maximum likelihood estimation (MLE). However this optimizer lacks robustness: when we generate observations from a GARCH model with ﬁxed parameters and use these observations to re-estimate the same GARCH speciﬁcation, MLE cannot identify the same parameters. Following Asai (2006), Virbickaite et al. (2015) and Ardia (2008) it is now recognised that Markov chain Monte Carlo (MCMC) is much more robust than MLE for calibrating univariate GARCH data generation processes. Using MCMC, Ardia et al. (2019) motivate the use of Markov switching GARCH models for BTC data, and ﬁnd that a two-regime asymmetric (GJR) skewed Student- t GARCH model provides the best in-sample ﬁt. Also using MCMC, Caporale and Zekokh (2019) extend these results to ether, ripple and litecoin, using Value- at-Risk and Expected Shortfall backtesting and the model conﬁdence set procedure to select the best model speciﬁcation. Before we put these risk models for cryptocurrencies under the microscope, we ask how important it is to get the right risk model – e.g. perhaps a moving average estimation is enough. Suppose we take a 30-day equally-weighted moving average (EQMA) or a standard RiskMetrics exponentially weighted moving average (EWMA) with smoothing constant 0.94 – would we obtain similar results to those generated by a GARCH model? Let us compare the diﬀerent model’s in-sample volatility estimates for daily returns on BTC and ETH prices from CC. In Figure 5 we plot the 30-day EQMA, the EWMA with λ = 0.94 and – after much experimentation with several GARCH speciﬁcations – the exponential GARCH model of Nelson (1991) with Student-t distributed innovations.27 Bitcoin’s volatility is lower than other cryptos; ether’s volatility is higher, yet it is the second least-volatile cryptocurrency. The spreads in volatility estimates between diﬀerent methods can be as high as 400% for BTC and 100% for ETH, and they maximize during periods of high volatility. For instance, on 21 November 2018 BTC volatility is 73% when calculated with an EQMA(30) and 133% when calculated with a single-state Student-t EGARCH. This has an enormous impact on Sharpe ratio calculation that most funds report on a regular basis: PwC reports an average quant crypto hedge fund return of a little more than 10% p.a. in 2018; assuming that a funds return on 21 Novemeber 2018 was 10% p.a. and with current borrowing rates so low, this would translate into an ex-post SR of either 0.14 using the EQMA(30) or 0.07 using the single-state Student-t EGARCH. By the same token, such huge diﬀerences in volatility, depending on risk model choice, would have a signiﬁcant eﬀect on the capital provisions necessary for large institutional investors. In view of these ﬁndings we conclude that the choice of risk model is very important indeed – a risk manager should deploy a well-deﬁned GARCH model which should be calibrated using MCMC rather than MLE. Now we investigate how our choice of data source aﬀects the GARCH model calibration. For this, we use daily returns on BTC prices obtained from various sources. We ﬁnd similar results to Baur et al. (2018) for non-switching GARCH speciﬁcations, i.e. the estimated variance process is 26Also Borri (2019) examines conditional tail-risk in the markets for bitcoin, ether, ripple and litecoin using prices obtained from the Bitﬁnex and Bitstamp exchanges. Matkovskyy (2019) compares the EUR, USD, and GBP central- ized and decentralized BTC crypto exchanges in terms of return volatility and interdependency. 27We were only able to calibrate this model by imposing a reasonable value for the degrees of freedom parameter based on sample statistics moments. 14","The candidate answer provides values for most of the requested statistical measures, but these values do not match the reference answer and are not consistent with it, indicating they are not grounded in the reference. Additionally, θ2 is marked as 'not mentioned,' which is incorrect as the reference includes it. The answer also includes unsupported claims about the model and data source, and fails to fully address the question as posed.","The candidate answer is incorrect and does not match the reference. It introduces different values and additional context (e.g., 'State 2', 'Markov Switching GJR-GARCH model', and 'CG', 'CM', etc.) not present in the reference. It also includes measures like α₂ (alpha squared) which are not in the reference. The values and intervals provided do not align with the reference answer, and the answer fails to correctly identify the requested statistical measures and their intervals.","The candidate answer does not match the reference answer in any meaningful way. It provides values for different categories (e.g., CG, CM, CC, etc.) rather than the overall intervals for each statistical measure as requested. Additionally, θ2 is not provided at all, and the values for other measures are not consistent with the reference. The answer is not grounded in the reference and fails to address the task.",results/unidoc_full_cache/a63f56916845b0e1a4c4439911b769292473a8645e25d2c3e3de0ab48d51fdb0.npz,"[18, 17, 15]",[],,YES,RETRIEVAL,,YES,NO,RETRIEVE_MORE,HIGH,"The requested state-2 Markov-switching EGARCH parameters are in Table A5 on page 28. Page 28 was absent from the retrieved top-3, causing the answer to use values from a different GARCH table.",,,,28,[28],"[18, 17, 15]","[""page-18-chunk-1"", ""page-17-chunk-1"", ""page-15-chunk-1""]",MISS_AT_3_DEPTH_UNMEASURED,False,BLOCKED_INITIAL_TOP_K_3
HR058,T_GT_ABSENT_TOP3,10,unidoc_healthcare_0008,0385168,healthcare/healthcare/0385168.pdf,What impact does varying amounts of keratinocyte supernatants have on CD1a+ precursor cell movement under the influence of IL-1β and TNF-α?,"The migration of CD1a+ precursor cells increases with the percentage of keratinocyte supernatants when IL-1β and TNF-α are present, as shown by the significant rise in cell numbers from 0 to 50% supernatant concentration. In the absence of IL-1β and TNF-α, the migration remains relatively low, indicating that these cytokines are necessary for the enhanced movement of these cells under the influence of keratinocyte supernatants.",image_plus_text_as_answer,VISUAL_REQUIRED,[5],"Varying amounts of keratinocyte supernatants influence the movement of CD1a+ Langerhans cell (LC) precursors under the influence of IL-1β and TNF-α. Activated keratinocyte supernatants induce migration of CD1a+ LC precursors, with a migration index ranging from 5 to 20. The addition of anti–MIP-3a consistently results in a complete block of this supernatant-induced activity, indicating that MIP-3a is a key chemokine responsible for the migration. The effect of the keratinocyte supernatant on migration is suppressed in the presence of anti–MIP-3a, while a control antibody has no effect. This suggests that MIP-3a plays a major role in the attraction of LC precursors in response to IL-1β and TNF-α.",2,False,"Varying amounts of keratinocyte supernatants influence the movement of CD1a+ precursor cells under the influence of IL-1β and TNF-α. Specifically, activated keratinocyte supernatants induce a migration index of CD1a+ LC precursors ranging from 5 to 20. This migration is mediated by MIP-3α, as the addition of anti-MIP-3α antibody completely blocks the activity of the supernatants. However, IL-1β and TNF-α, alone or in combination, have no chemotactic effect on CD1a+ LC precursors in these assays.",1,False,"Varying amounts of keratinocyte supernatants influence the movement of CD1a+ Langerhans cell (LC) precursors under the influence of IL-1β and TNF-α. Activated keratinocyte supernatants induce migration of CD1a+ LC precursors, with a migration index ranging from 5 to 20. The addition of anti–MIP-3a antibody completely blocks the activity of the supernatant, indicating that MIP-3a is a key chemokine responsible for the migration. The effect of the supernatant is observed when keratinocytes are activated with IL-1β and TNF-α, which leads to the production of MIP-3a in high amounts (40–90 ng/ml). Supernatants from activated keratinocytes, even at low concentrations (12.5%), induce migration comparable to recombinant MIP-3a.",2,False,TEXT_ONLY,False,,8,7,6,False,False,,7098.6452,523.5209000002214,0.0,False,False,True,False,False,healthcare,causal_reasoning,1,3,C:/Users/sp/Desktop/adaptive-multimodal-rag/datasets/unidoc/healthcare/healthcare/0385168.pdf,page-8-chunk-1,page-7-chunk-1,page-6-chunk-1,"712 Inflammation-induced MIP-3a Recruits Langerhans Cell Precursors among DCs IL-1b and TNF- a, alone or in combination, had no chemotactic effect in those assays. When anti–MIP-3a was added with MIP-3a in the lower well, the migration in re- sponse to this recombinant chemokine was abolished whereas the antibody has no effect on the migration in- duced by other chemokines such as RANTES (Fig. 5 B). The effect of the keratinocyte supernatant on the migratory response of CD1a 1 LC precursors was suppressed in the presence of anti–MIP-3a, whereas the control antibody has no effect. In three independent experiments, activated ke- ratinocyte supernatants induced a migration index of CD1a1 LC precursors ranging from 5 to 20, and addition of anti–MIP-3a always resulted in complete block of su- pernatant activity. These results were confirmed with dif- ferent cell types of epithelial origin (not shown). Taken together, these observations show that MIP-3a is expressed by epithelial cells at the site of pathogen entry, and suggest that among the chemokines secreted by those cells, MIP-3 a plays a major role in the attraction of LC precursors. In Lesional Psoriatic Skin, the Upregulation of MIP-3 a Ex- pression Appears Associated with an Increased LC Turnover. With regard to MIP-3a–selective expression in epithelium and activity on LCs, we then investigated its expression in skin, under normal and inflamed conditions. In normal skin, MIP-3a mRNA was not detected by in situ hybrid- ization (Fig. 6 A). However, a very weak expression of the protein was detected by immunohistochemistry within the stratum corneum (Fig. 6 B). As in normal skin, nonlesional keratinocytes of the stratum corneum were the only cells that expressed a very low level of MIP-3 a protein (not shown). However, in lesional psoriatic skin, MIP-3 a was upregulated in the suprabasal layers of the acanthotic epi- dermis as shown by in situ hybridization (Fig. 6, C and E) and by immunohistochemistry (Fig. 6, F and G). In all samples (Fig. 6, D and H), the specificity of the MIP-3 a staining was demonstrated by the preincubation of the anti–MIP-3a antibody with the recombinant MIP-3a pro- tein (normal and lesional psoriatic skin shown). When double staining was performed, accumulation of Langerin1CD1a1 LCs was apparent adjacent to the site of high MIP-3 a expression (Fig. 6, F and G). Production of MIP-3a protein was also observed around psoriatic hair follicles, which were surrounded by Langerin1CD1a1 LCs (Fig. 6 G). The sensitivity of the immunohistochemistry technique did not permit the detection of CCR6 expres- sion by inflammatory cells in the skin. We next analyzed the maturation stage of epidermal DCs using mAbs against Langerin and DC-LAMP, two DC-specific markers that characterize immature and mature LCs, respectively (42, 43). In normal and in nonlesional psoriatic skin (Fig. 6 K, and Fig. 7), epidermal Langerin 1DC-LAMP 2 cells rep- resent the only LC population detected. In contrast, Langerin1DC-LAMP1 maturing LCs are almost exclu- sively observed in lesional psoriatic skin, mainly in the der- mis but also in the epidermis and the papillary dermis (Fig. 6, I and J, and Fig. 7). Langerin 1DC-LAMP1 maturing LCs represent .25% of the LC compartment in lesional psoriatic skin, whereas they represent ,2% in nonlesional psoriatic and normal skin (Fig. 7). Furthermore, Langerin 2 DC-LAMP1 mature DCs were only found in the dermis of lesional skin (20% of total DC population; Fig. 6, J–L, and Fig. 7), and they are associated with a veiled morphology (Fig. 6 J). Finally, maturing and mature DCs that are local- ized in the dermis were always observed around collagen IV1 vessels (Fig. 6 L). Some of these vessels probably repre- sent lymphatic vessels, suggesting that maturing LCs emi- grate out of the skin. Thus, the presence of mature LCs in the epidermis and dermis in the local inflammatory pso- riatic skin environment is likely to reflect a high LC turn- over. Taken together, these observations argue for an active role of MIP-3a in this suggested increase in LC trafficking Figure 7. Maturing DC-LAMP1 LCs are strongly increased in lesional psoriatic skin. The stage of DC maturation was determined according to the expression by immunohistochemistry of two DC-specific markers, Langerin and DC-LAMP. Immature LCs (DC-LAMP 2Langerin1, present in epidermis","711 Dieu-Nosjean et al. SDF-1 or MCP-1. In contrast, freshly isolated skin LCs migrated in response to MIP-3 a although to a lower level than CD341-derived LC precursors, probably because they may be in a more differentiated stage than in vitro–gener- ated LC precursors. These chemotactic responses to MIP- 3a correlated with the expression of its receptor CCR6, which was detected by FACS® analysis on CD341-derived CD1a1 LC precursors and freshly isolated LCs but not on other DC populations (Fig. 2 B). These observations show that MIP-3a is the most potent chemokine active on LC precursors and that it recruits only LCs among freshly isolated DC populations. MIP-3a Is Selectively Expressed at Epithelial Surfaces and Is the Main Keratinocyte Chemoattractant for LC Precursors. In accordance with our previous study on MIP-3 a mRNA expression (7), we confirmed the production of the protein within the epithelial crypts of inflamed tonsils (Fig. 3, A–C). The MIP-3a–expressing cells lined the lumen of the crypt, at the interface between the external milieu and the tissue, i.e., the site of pathogen entry. MIP-3 a–positive cells represented a subset of cells coexpressing cytokeratin (Fig. 3 A) and E-cadherin (Fig. 3 B), demonstrating their epithelial origin. Moreover, MIP-3 a–expressing epithelial cells colocalized with CD1a 1 LCs within the inflamed crypts (Fig. 3 C). Double staining on serial sections showed that foci of high MIP-3a expression colocalized with areas of agglomeration of CCR61 cells (Fig. 3 D). Then, the cellular source of MIP-3a production was de- termined using an ELISA specific for human MIP-3 a (see Materials and Methods). First, cell lines of epithelial origin (renal cell carcinoma and colon carcinoma) constitutively produced detectable amounts of MIP-3 a (0.5–9.6 ng/ml), whereas cell lines of other origin (melanoma, sarcoma, neuroblastoma, fibroblasts, and T and B cells) did not (not shown). On primary cultures (Fig. 4 A), MIP-3a was never produced without activation by any cell types, including epithelial cells. Upon activation with IL-1 and TNF-a (see below), MIP-3 a was produced by keratinocytes at high level (40–90 ng/ml). Moderate levels of MIP-3a were pro- duced by other cellular constituents of the skin such as IL- 11TNF-a–activated dermal endothelial cells (28–38 ng/ ml) and dermal fibroblasts (12–32 ng/ml). Low levels of MIP-3a were secreted by monocyte-derived DCs (3–12 ng/ml), monocytes (4–10 ng/ml), and T cells ( #1 ng/ml) activated by CD40 ligand (CD40L), LPS, or anti- CD31anti-CD28, respectively. Of note, IL-1 b1TNF-a stimulation did not induce the production of MIP-3 a by monocyte-derived DCs nor by monocytes (not shown). Finally, B cells activated through CD40 did not secrete de- tectable levels of MIP-3a. The production of MIP-3a by epithelial cells was com- pared with that of three other inducible chemokines, MCP-1, RANTES, and MIP-1 a, that are also active on DCs and particularly on LC precursors (see Fig. 1). Nota- bly, upon activation, MIP-3 a was secreted by skin kerati- nocytes in much larger amount (40–90 ng/ml) than the other chemokines (RANTES 5 2–5 ng/ml, MCP-1 , 1 ng/ml, MIP-1a , 1 ng/ml) (Fig. 4 B). Supernatant from unactivated keratinocytes did not induce the migration of CD1a1 LC precursors (Fig. 5 A), in accordance with the absence of MIP-3a production by using the specific MIP-3a ELISA. In contrast, supernatants from cells activated with IL-1b1TNF-a, at a concentration as low as 12.5% in- duced a migration comparable to that observed with re- combinant MIP-3a (1 mg/ml) (12.5% of the supernatant corresponds to 10 ng/ml detected by the ELISA). Of note, (continued) either by using isotype controls (H) or by preincubating the anti–MIP-3a polyclonal an- tibody with the recombinant MIP-3a protein (not shown). In both conditions, no MIP-3 a staining is detected. Double staining performed with anti- Langerin mAb (blue) and anti– DC-LAMP (red) indicates the presence of a high number of Langerin1DC-LAMP1 matur- ing LCs (arrow) and Langerin2DC-LAMP1 mature DCs (arrowhead) in lesional pso- riatic skin (I and J), whereas Langerin1DC-LAMP2 LCs are detected within the epidermis of normal skin (not shown), lesional (I), and nonlesional psoriatic skin (K). Mature DCs (arrowhead) and most of the maturing DCs (arrow) that are present in the dermis are detected around col- lagen IV1 vessels (L). E, epider- mis; D, dermis; C, stratum cor-","710 Inflammation-induced MIP-3a Recruits Langerhans Cell Precursors among DCs Results MIP-3a Is the Most Potent Chemokine That Selectively At- tracts LC Precursors among DC Populations. As a way to un- derstand the regulation of LC recruitment, we investigated the response of CD34 1-derived LC precursors to various chemokines. CD341 HPCs were cultured for 6 d in the presence of GM-CSF1TNF-a1SCF, and the responses of LC precursors were assessed by staining for CD1a (specific marker for LCs in this system) after 1.5 h migration in 5-mm transwells. Although the total population migrated in re- sponse to several CC chemokines (MIP-1 a, MIP-1 b, MCP-1–4, MIP-3a, RANTES; Fig. 1 A), the CD1a 1 LC precursors responded mainly to MIP-3 a and to a lower level to RANTES, MCP-3, and MIP-1a (Fig. 1 B). How- ever, when dose–response analyses were performed, CD1a1 LC precursors migrated only in response to low doses of MIP-3a (1–10 ng/ml; not shown). MIP-3 a induced the migration of CD34 1-derived CD1a 1 LC precursors, but not that of monocytes (not shown) and monocyte-derived DCs or that of circulating blood DCs (Fig. 2 A). These populations responded well to other chemokines such as Figure 6. Upregulation of MIP-3a mRNA and protein in lesional psoriatic skin. Detection of MIP-3a by in situ hybridiza- tion (A, C, and E) and immuno- histochemistry (B, D, F–L). J is a higher magnification of I; B and D, F, and H are serial cryostat sections. Human skin sections were hybridized with antisense (A, C, and E) and sense (not shown) 35S-labeled RNA probes for MIP-3 a and were exposed for 40 d. By in situ hybridization, no signal is detected in nonle- sional (not shown) and in normal skin (A). In lesional psoriatic skin, MIP-3a mRNA is strongly expressed within the suprabasal layers of the epidermis (C; and E, dark field illumination). The sense riboprobes do not generate any background hybridization (not shown). In normal skin, im- munostaining with MIP-3a–spe- cific polyclonal antibody (red) and anti-collagen IV mAb (blue) reveals that MIP-3 a protein is very weakly expressed within the stratum corneum (B). The speci- ficity of this MIP-3 a immu- nostaining (red) was demonstrated by preincubating the anti–MIP- 3a polyclonal antibody with the recombinant MIP-3 a protein (D). Immunohistochemistry of lesional psoriatic skin performed with MIP-3 a–specific poly- clonal antibody (red) confirms the upregulation of MIP-3 a ex- pression in the upper suprabasal layers of the epidermis (F). Dou- ble immunostaining performed with MIP-3 a–specific poly- clonal antibody (red) and anti- Langerin mAb (blue) reveals that MIP-3a–expressing keratinocytes colocalize with Langerin 1 LCs near the stratum corneum areas (F) as well as around hair follicles (G) of lesional psoriatic skin. The specificity of MIP-3 a immu- nostaining (red) in lesional pso- riatic skin was demonstrated (con- tinues)","The candidate answer correctly identifies that keratinocyte supernatants influence CD1a+ precursor cell migration under IL-1β and TNF-α, and introduces MIP-3a as a key chemokine. However, it does not mention the dose-dependent increase in migration with increasing supernatant concentration, which is a key point in the reference. The inclusion of MIP-3a is a minor unsupported claim not present in the reference, slightly reducing grounding.","The candidate answer is mostly incorrect and contradicts the reference. It claims that IL-1β and TNF-α have no chemotactic effect, which is directly opposite to the reference. It also introduces MIP-3α as a mediator, which is not mentioned in the reference. The reference clearly states that IL-1β and TNF-α are necessary for increased migration with keratinocyte supernatants.","The candidate answer correctly identifies that keratinocyte supernatants influence CD1a+ precursor cell migration under IL-1β and TNF-α, and it introduces MIP-3a as a key chemokine. However, it introduces new information (e.g., migration index, anti–MIP-3a antibody, MIP-3a concentration) not present in the reference, which affects grounding. It partially addresses the question but misses the reference's emphasis on the dose-dependent increase in migration with supernatant concentration and the comparison between presence and absence of IL-1β and TNF-α.",results/unidoc_full_cache/cb167f7c7ad5eab63d18bfdbe4ccfd2d75ed7aedebd1cae0813ef892961168c4.npz,"[8, 7, 6]",[],,YES,RETRIEVAL,,YES,NO,RETRIEVE_MORE,HIGH,The concentration-dependent migration trend is shown in Figure 5A on page 5. The retrieved evidence contained only partial textual information and page 5 was absent from the retrieved top-3.,,,,5,[5],"[8, 7, 6]","[""page-8-chunk-1"", ""page-7-chunk-1"", ""page-6-chunk-1""]",MISS_AT_3_DEPTH_UNMEASURED,False,BLOCKED_INITIAL_TOP_K_3
HR059,T_GT_ABSENT_TOP3,11,unidoc_healthcare_0070,7261492,healthcare/healthcare/7261492.pdf,How many nuclei are typically found in AX2 and AT-Kneg cells as they grow?,"The distribution shows that most AX2 cells have 1-2 nuclei, whereas AT-Kneg cells have a wider distribution with more cells having 3 or more nuclei.",image_only,VISUAL_REQUIRED,[10],"AX2 cells typically have less than 5% of the population as multinucleated cells. In contrast, AT-Kneg cells show a small but consistent shift, with roughly 35% of the population being multinucleated.",2,False,"AX2 cells typically have fewer nuclei, with less than 5% of the population being multinucleated. In contrast, AT-Kneg cells show a consistent shift toward multinucleation, with roughly 35% of the population being multinucleated. Larger AT-Kneg cells usually contain more nuclei compared to AX2 cells.",3,True,"AX2 cells typically have less than 5% of the population as multinucleated cells. In contrast, AT-Kneg cells show a small but consistent shift, with roughly 35% of the population being multinucleated.",2,False,TEXT_ONLY,False,,8,9,8,False,False,,4891.2516,404.68739999960235,0.0,True,False,True,False,False,healthcare,comparison,1,3,C:/Users/sp/Desktop/adaptive-multimodal-rag/datasets/unidoc/healthcare/healthcare/7261492.pdf,page-8-chunk-1,page-9-chunk-1,page-8-chunk-2,"342 Yuan & C hia in experimental cell research 261 (2000) Figure 6. Immunolocalization of gp70 in discrete structures found usually at the cell periphery. Cells were labeled with mAb 80 followed by FITC-goat anti-mouse IgG. (A, B) AX2, (C, D) AT-K2, and (E, F) AT-Kneg. A, C, and E, bright-field images of B, D, and F, respectively. Bar = 5 μm. Immunoblots us- ing mAb 202 confirmed gp70 levels in AX2 and AT-K2 and its absence in AT- Kneg cells (G; equal amounts of protein were loaded) and spores (H; 2 × 10 6 spores per lane). The levels of gp70 in spores of both AX2 and AT-K2 were comparable to the levels in their respective cells (Figure 6H). Gp70 in spores appeared to be concentrated in structures like those seen in vegetative cells (Figure 7A). As with their cells, gp70 was absent from AT-Kneg spores (Figure 6H). Some re - cently germinated AX2 cells in axenic culture were also ob - served to contain esterosomes (Figure 7C). In agreement with previous studies [6, 7], insignificant amounts of gp70 were secreted from axenically or bacterially grown AX2 and NC4 cultures at densities of 5 × 106 cells/ml (data not shown). Comparison by microscopy of axenically grown cells re - vealed differences in the size of AT-K neg cells compared to AX2 (and AT-K2) cells (Figure 8). AT-Kneg cells in log-phase growth were heterogeneous in size with an average cell vol - ume 1.88-fold greater than AX2 cells. Staining with DAPI showed that the larger AT-K neg cells also usually contained more nuclei compared to AX2 (Figures 8B and 8D). A small but consistent shift in roughly 35% of the population toward multinucleated cells was evident when the nuclei of AT-K neg cells were counted, whereas less than 5% of AX2 cells were multinucleated (Figure 8E). The large, multinucleated AT-Kneg cells were found throughout log-phase growth, which sup - ported the idea that cytokinesis was affected by the absence of gp70 rather than the nutritional state of the cells. A similar shift of cell populations toward larger numbers of nuclei also has been reported in profilin I/II-minus mutants [41]. Another observed abnormality of axenically grown AT-K neg cells was the frequency of large cells containing giant vacuoles. In es - tablished log-phase cultures, up to 5% of the total cells con - tained the large vesicles while in wild-type AX2 cultures un - der the same conditions giant vacuoles are rare (1 in 10 6–108 cells) [42]. Cultures of AX2, AT-K2, and AT-Kneg in liquid media were monitored to determine if the absence and overexpression of gp70 affected axenic growth (Figure 9A). AT-K2 grew faster, with a generation time (GT) of 10.8 ± 1 h (n = 4), than AX2 (GT = 12.2 ± 0.7 h; n = 4), and reached a maximum density of approximately 1.5 × 107 cells/ml. AT-Kneg cells, however, un- der the same conditions and after the same period of time, had a much longer GT of 17 ± 1.3 h (n = 4, P = 0.0007, Student’s t test) and reached a maximum density only of approximately 6 × 106 cells/ml before cell death. To determine if the reduced density of AT-Kneg was a con - sequence of impaired pinocytosis, the fluid-phase uptake rates of the three strains were tested using the marker FITC-dex - tran (Figure 9B). Pinocytosis of AT-K neg cells during a 60- min period was 20% less than that of AX2 and AT-K2, which had similar rates. AT-Kneg cells that had reached their maxi - mum density (6 × 106 cells/ml) had little to no pinocytosis ac- tivity (data not shown), which was likely why these cultures reached stationary phase at a lower density than cultures of AX2 and AT-K2. Growth of the strains in bacterial suspensions also was monitored (Figure 10A). AT-K2 grew the fastest, and AT- Kneg doubled more slowly than AX2. After growth in KA sus- pensions, the average volume of AT-K neg cells was 1.12-fold greater than that of AX2 cells. This was a significant reduction from the 1.88-fold volume dif ference during axenic growth. Phagocytosis assays of axenically grown AX2, AT-K2, and AT-Kneg revealed that AT-K2","Est Eras E gp 70 and growth and dEvElopm Ent of Dictyostelium Discoi Deum 343 Growth of colonies of AX2, AT-K2, and AT-Kneg on bacte- rial lawns followed the pattern of suspension cultures (Figure 10C). For the first week, the three cell lines had similar expan- sion rates. By day 8, the lines began to show differences. AX- K2 colonies expanded more quickly than AX2 and AT-K neg lagged behind AX2. AX2, AT-K2, and AT-K neg exhibited differences in their rates of development once aggregates were formed (Table 3). All three strains took roughly 8 h to aggregate. AX2 and AT- K2 both produced mature fruiting bodies by 24 h. However, it took over 36 h for AT-K neg to reach this stage. (Student’s t test, P = 0.0001). Another difference that reflected altered development was the number of fruiting bodies formed per square centimeter at the core of the expanding colony on bac - terial lawns. The numbers for AX2, AT-K2, and AT-Kneg were 34 ± 11, 43 ± 12, and 5 ± 3 fruits/cm 2, respectively (n = 7). The number of fruiting bodies formed by AT-K2 was moder - ately higher than that of AX2 (Student’s t test, P = 0.1818), while this number in AT-K neg cells was significantly lower than that of AX2 (Mann-Whitney test, P = 0.0006). In addi - tion to the delayed formation of fruits, starved AT-K neg cells typically formed larger slugs, compared to those of AX2 and AT-K2 (data not shown). DISCUSSION Function of gp70 during Vegetative Growth The recruitment of gp70 to phagosomes (Figures 2 and 3), presence in lysosomes (Figure 4), and esterase activity support a role for gp70 in the metabolism of endocytosed molecules in growth phase cells. The close proximity of esterosomes to the cell membrane (Figures 6B and 6D) may facilitate the fusion of esterosomes with newly formed phagosomes or endosomes or the secretion of gp70, if it is used for spore coat degrada - tion as suggested [6]. Electron microscopy studies led to the conclusion that crystals (presumably esterosomes) disappear after spore germination [4]. However, our antibodies de - tected the presence of gp70 in spores, newly germinated AX2 cells (Figures 6H and 7), and growth-phase cells (Figures 1, 6B, and 6G), indicating that gp70 plays a role in axenic cell growth. Also, we detected only very low amounts of gp70 in culture media of log-phase cells, which argues for an intracel - lular rather than extracellular role for the enzyme during veg - etative growth. The assays of solubilized gp70 and Con A-purified gp70 established unequivocally the esterase activity ascribed to Figure 7. Gp70 was present in spores and newly geminated AX2 cells. Spores (A, B) and cells (C, D) were labeled with (A, C) or without (B, D) mAb 202 fol - lowed by FITC-goat anti-mouse IgG. Bar = 5 μm.","had little to no pinocytosis ac- tivity (data not shown), which was likely why these cultures reached stationary phase at a lower density than cultures of AX2 and AT-K2. Growth of the strains in bacterial suspensions also was monitored (Figure 10A). AT-K2 grew the fastest, and AT- Kneg doubled more slowly than AX2. After growth in KA sus- pensions, the average volume of AT-K neg cells was 1.12-fold greater than that of AX2 cells. This was a significant reduction from the 1.88-fold volume dif ference during axenic growth. Phagocytosis assays of axenically grown AX2, AT-K2, and AT-Kneg revealed that AT-K2 was 22% more active than AX2, while AT-Kneg had only 44% the activity of AX2 (Figure 10B; mean ± SD, n = 7–8).","The candidate answer is partially correct by indicating that AX2 cells are mostly not multinucleated and that AT-Kneg cells have a higher proportion of multinucleated cells. However, it omits the specific reference to 1-2 nuclei in AX2 and 3 or more in AT-Kneg, which are essential details. The percentages provided are not in the reference, making them unsupported claims.","The candidate answer is mostly correct, noting that AX2 cells typically have fewer nuclei and AT-Kneg cells are more multinucleated. However, it introduces specific percentages (5% and 35%) not present in the reference, which is a minor factual imprecision. It also adds the detail about larger AT-Kneg cells containing more nuclei, which is not in the reference. The answer is grounded in the reference but includes some unsupported details. It directly addresses the question.","The candidate answer is partially correct by indicating that AX2 cells are mostly not multinucleated and that AT-Kneg cells have a higher proportion of multinucleated cells. However, it omits the specific reference to 1-2 nuclei in AX2 and 3 or more in AT-Kneg, which are essential details. The percentages provided are not in the reference, making them unsupported claims.",results/unidoc_full_cache/c076fb8e358e51de73bddfc3aeff9d68186ff482db824315d8357e845057b1bf.npz,"[8, 9]",[],,NO,JUDGE_ERROR,,YES,NO,UNCLEAR,HIGH,The response correctly states that roughly 35% of AT-Kneg cells were multinucleated compared with less than 5% of AX2 cells. These values are explicitly supported by the source. Treat as judge inconsistency.,,,,8,[10],"[8, 9, 8]","[""page-8-chunk-1"", ""page-9-chunk-1"", ""page-8-chunk-2""]",MISS_AT_3_DEPTH_UNMEASURED,False,BLOCKED_INITIAL_TOP_K_3
HR060,T_GT_ABSENT_TOP3,12,unidoc_legal_0133,7894475,legal/legal/7894475.pdf,"Based on the July 2021 report from the Australian Institute of Criminology, what factors and periods are linked to sexual reoffending in child sex offenders?","The significant predictors for sexual reoffending among child sex offenders include having more than one child sexual offence at first police proceeding and Indigenous status. The timelines show that the cumulative probability for sexual reoffending is highest within the first two years, with a peak risk during this short-term period. Additionally, non-sexual reoffending also has high probabilities early, with 11% reoffending within one year and 17% within two years. Factors such as prior non-sexual violent offending and living in regional or remote areas are also linked to reoffending.",table_required,VISUAL_REQUIRED,"[6, 7, 8, 12]","Based on the July 2021 report from the Australian Institute of Criminology, the following factors and periods are linked to sexual reoffending in child sex offenders:

1. **Periods of Reoffending**: The likelihood of both sexual and non-sexual reoffending is highest in the first two years following the first police proceeding for child sexual offences, and this likelihood steadily decreases over time.

2. **Offender Type**: Procurement/grooming offenders were the most likely to reoffend sexually. In contrast, child sexual assault offenders were more likely to reoffend non-sexually and less likely to reoffend sexually.

3. **Predictors of Reoffending**: Important predictors of reoffending include Indigenous status, a history of offending, and the number of child sexual offences. However, the risk profiles varied between different types of offenders.

4. **Nature of Offending**: Offenders whose principal child sexual offences were procurement or grooming-related may constitute a more homogeneous, sexually deviant group. The higher rate of sexual reoffending in this group may also reflect the ease of continuing to interact sexually with children or access child sexual abuse material (CSAM) in an online environment.

5. **Monitoring Effect**: The heightened risk of reoffending in the shorter term could be partially due to a monitoring effect, with closer supervision of offenders in the period immediately following criminal justice system contact increasing the likelihood that further offences will be detected.

6. **Transition to Other Offences**: There was evidence of transition to other sexual offence types, but this varied between groups.",2,False,"Based on the July 2021 report from the Australian Institute of Criminology, the following factors and periods are linked to sexual reoffending in child sex offenders:

1. **Periods of Reoffending**: The likelihood of sexual reoffending is highest in the two years following the first police proceeding for child sexual offences, and it steadily decreases over time.

2. **Offender Type**: Procurement/grooming offenders were the most likely to reoffend sexually. In contrast, child sexual assault offenders were more likely to reoffend non-sexually, and CSAM offenders had the lowest rates of both sexual and non-sexual reoffending.

3. **Factors Linked to Reoffending**: Antisocial, impulsive, and aggressive tendencies, along with a lack of empathy, are associated with both sexual and non-sexual reoffending. These characteristics underpin broader criminal behavior.

4. **Monitoring Effect**: The heightened risk of reoffending in the short term could be partially due to increased monitoring and supervision of offenders immediately after criminal justice system contact, which may increase the likelihood of detecting further offences.

5. **Predictors of Reoffending**: Indigenous status, history of offending, and the number of child sexual offences emerged as important predictors of reoffending, although risk profiles varied between offender types.",2,False,"Based on the July 2021 report from the Australian Institute of Criminology, the following factors and periods are linked to sexual reoffending in child sex offenders:

1. **Periods of Reoffending**: The likelihood of both sexual and non-sexual reoffending is highest in the first two years following the first police proceeding for child sexual offences, and this likelihood steadily decreases over time.

2. **Offender Type**: Procurement/grooming offenders were the most likely to reoffend sexually. In contrast, child sexual assault offenders were more likely to reoffend non-sexually and less likely to reoffend sexually.

3. **Predictors of Reoffending**: Important predictors of reoffending include Indigenous status, a history of offending, and the number of child sexual offences. However, the risk profiles varied between different types of offenders.

4. **Nature of Offending**: Offenders whose principal child sexual offences were procurement or grooming-related may constitute a more homogeneous, sexually deviant group. The higher rate of sexual reoffending in this group may also reflect the ease of continuing to interact sexually with children or access child sexual abuse material (CSAM) in an online environment.

5. **Monitoring Effect**: The heightened risk of reoffending in the shorter term could be partially due to a monitoring effect, with closer supervision of offenders in the period immediately following criminal justice system contact increasing the likelihood that further offences will be detected.

6. **Transition to Other Offences**: There was evidence of transition to other sexual offence types, but this varied between groups.",2,False,TEXT_ONLY,False,,13,1,3,False,False,,8486.4989,372.76589999964926,0.0,False,False,True,True,False,legal,causal_reasoning,4,3,C:/Users/sp/Desktop/adaptive-multimodal-rag/datasets/unidoc/legal/legal/7894475.pdf,page-13-chunk-1,page-1-chunk-1,page-3-chunk-1,"Trends & issues in crime and criminal justice Australian Institute of Criminology 13 No. 628 July 2021 Discussion This study has examined reoffending in an Australian sample of child sexual offenders. Results are largely consistent with those of prior reoffending studies (Hanson & Bussiѐre 1998; McCann & Lussier 2008; Seto, Hanson & Babchishin 2011). Main findings are as follows: • Sexual reoffending among child sexual offenders was rare. In fact, the estimated rate of reoffending after 10 years (7%) is towards the lower end of the range reported in Dowling and colleagues’ (forthcoming) review. • Child sexual offenders were much more likely to reoffend non-sexually than sexually. After 10 years, two in five child sexual offenders had committed further non-sexual offences. • The likelihood of sexual and non-sexual reoffending is highest in the two years following the first police proceeding for child sexual offences, and steadily decreases over time. These findings lend further support to the now considerable body of research showing that, for many, child sexual offending is part of a broader pattern of criminal behaviour, underpinned by antisocial, impulsive and aggressive tendencies and a lack of empathy—characteristics that also drive their involvement in non-sexual offending (Hanson & Morton-Bourgon 2005; McCann & Lussier 2008; Seto & Lalumière 2010). Meanwhile, the heightened risk of reoffending in the shorter term could partially be due to a monitoring effect, with closer supervision of offenders in the period immediately following criminal justice system contact increasing the likelihood that further offences will be detected. This period may also see some offenders re-exposed to the stressors that underpinned their initial sexual offences, while others may experience new stressors as a result of their involvement with the criminal justice system. These findings highlight the importance of implementing more intensive treatment, incapacitation and monitoring responses in the first few years after criminal justice system contact, and targeting these interventions at those offenders most at risk of reoffending. They also support the utility of interventions addressing criminal and antisocial behaviour broadly, rather than sexual offending specifically. Child sexual assault offenders were the most likely to reoffend non-sexually, and the least likely to reoffend sexually. This broad category likely encompasses a variety of offenders, from those whose sexual offending is persistent and predatory, to opportunistic or impulsive offenders whose motivation to sexually abuse children is more ambivalent. Those whose principal child sexual offences were procurement or grooming-related, in contrast, may constitute a more homogeneous, sexually deviant group of child sexual offenders who were determined to procure a child for sexual contact. Alternatively, the higher rate of sexual reoffending in this group may reflect the ease with which they can continue to interact sexually with children (or access CSAM) in an online environment in which accessing victims and materials requires little effort and comes with little risk. The latter conclusion is supported by the fact that no procurement/grooming offenders who sexually reoffended did so with a contact sexual offence. Meanwhile, the low rates of sexual and non-sexual reoffending among CSAM offenders, and the very small number who escalated to contact offences, is consistent with prior research showing similarly low rates of sexual reoffending, and less criminal involvement, among these offenders.","Trends & issues in crime and criminal justice ISSN 1836-2206 (Online) | ISBN 978 1 922478 08 5 (Online) No. 628 July 2021 Abstract | This study examines reoffending among 1,092 male offenders proceeded against for a child sexual offence in New South Wales between 2004 and 2013, including 863 child sexual assault offenders, 196 child abuse material offenders and 33 procurement/ grooming offenders. Seven percent of child sexual offenders sexually reoffended within 10 years of their first police proceeding for a child sexual offence, while 42 percent non- sexually reoffended. Risk of sexual and non-sexual reoffending was highest in the first two years. Child sexual assault offenders were the most likely to reoffend non-sexually, while procurement/grooming offenders were the most likely to reoffend sexually. There was evidence of transition to other sexual offence types, but this varied between groups. Indigenous status, history of offending and the number of child sexual offences emerged as important predictors of reoffending, although risk profiles varied between offender types. Reoffending among child sexual offenders Christopher Dowling, Anthony Morgan and Kamarah Pooley Given the significant harms caused by sexual offences against children, there is considerable academic, clinical and policy interest in the extent to which perpetrators reoffend after detection. An established body of research has examined rates of reoffending among child sexual offenders, along with the predictors and correlates of their offending (see Hanson & Bussiѐre 1998; Hanson & Morton-Bourgon 2005; McCann & Lussier 2008; Seto, Hanson & Babchishin 2011; Seto & Lalumière 2010 for reviews). A rapid evidence assessment of 33 studies published since 2010 on reoffending among child sexual offenders processed through the criminal justice system found that reported rates of general reoffending (generally 20% and higher, depending on follow-up period) were notably higher than reported rates of sexual reoffending (generally 15% or lower, depending on follow-up period; Dowling et al. forthcoming). These findings are consistent with those of other reviews (Lussier & Mathesius 2018; Seto & Lalumière 2010), showing that many child sexual offenders commit a wide range of other crimes.","Trends & issues in crime and criminal justice Australian Institute of Criminology 3 No. 628 July 2021 Despite a large body of international evidence, Dowling and colleagues’ (forthcoming) review located only three Australian studies (Daly et al. 2013; Goodman-Delahunty & O’Brien 2014; Krone & Smith 2017). Goodman-Delahunty and O’Brien (2014), following offenders referred to a treatment program for an average of around 10 years (SD=4.5 years), found a general reoffending rate of 32 percent, and a non-sexual reoffending rate of 20 percent. Daly and colleagues (2013), following offenders for an average of around four years, found a notably higher general reoffending rate of 54 percent in their sample of juvenile sexual offenders. Consistent with the rest of the studies in Pooley and Dowling’s (forthcoming) review, fewer than 10 percent of offenders in both studies sexually reoffended. The only Australian study to date examining reoffending among CSAM offenders specifically (Krone and Smith 2017) reported findings similar to those of international research. Examining reoffending over an average of about 3.5 years, they found that seven percent sexually reoffended, most (5%) with another CSAM offence, although a smaller proportion escalated to contact or grooming sexual offences (1% each). There is a clear need for further rigorous Australian research examining baseline rates of reoffending among child sexual offenders, particularly CSAM offenders, along with its predictors. There is also a lack of research that compares CSAM offenders with contact and procurement/grooming offenders. This research is critical to informing the scale, implementation and targeting of treatment and criminal justice responses to child sexual offenders, particularly those that assume a high degree of persistence in sexual offending, such as sexual offender registers, indeterminate sentencing regimes, and sexual offender-specific treatment. This study examines reoffending in an Australian sample of child sexual offenders. It addresses the following questions: • What proportion of child sexual offenders commit further sexual and non-sexual offences after their first police proceeding for child sexual offences? • How long after their first police proceeding for child sexual offences do offenders commit further sexual and non-sexual offences? • What factors are associated with a higher likelihood of committing further sexual and non-sexual offences? • Are there differences in the likelihood, types and predictors of further sexual and non-sexual offences between child sexual assault, child procurement/grooming and CSAM offenders?","The candidate answer includes some correct information, such as the high reoffending risk in the first two years and the role of Indigenous status and prior offending. However, it introduces unsupported claims (e.g., procurement/grooming offenders being more likely to reoffend sexually) and does not fully align with the reference answer. It is partially correct but lacks key elements from the reference and includes some ungrounded details.","The candidate answer partially aligns with the reference but includes some unsupported or imprecise claims. It correctly identifies Indigenous status, number of child sexual offences, and the high reoffending risk in the first two years. However, it introduces unsupported claims such as the 'monitoring effect' and offender types (procurement/grooming, child sexual assault, CSAM) not mentioned in the reference. It also mentions antisocial and impulsive tendencies, which are not in the reference. The answer covers the main idea but misses key reference points like prior non-sexual violent offending and regional/remote area residence.","The candidate answer includes some correct information, such as the high reoffending risk in the first two years and the role of Indigenous status and prior offending. However, it introduces unsupported claims (e.g., procurement/grooming offenders being more likely to reoffend sexually) and does not fully align with the reference answer. It is partially correct but lacks key elements from the reference and includes some ungrounded details.",results/unidoc_full_cache/c43128b827d1a86f0f9eee5875c5c229fc6cd99f52e438c50dca592d680ad9a8.npz,"[13, 1, 3]",[],,NO,JUDGE_ERROR,,,NO,UNCLEAR,HIGH,"The response correctly captures the paper's major findings: the first two years are the highest-risk period and Indigenous status, offending history, and number of child sexual offences are important predictors. The negative judgment appears overly dependent on reference detail rather than answer correctness.",,,,,"[6, 7, 8, 12]","[13, 1, 3]","[""page-13-chunk-1"", ""page-1-chunk-1"", ""page-3-chunk-1""]",MISS_AT_3_DEPTH_UNMEASURED,False,BLOCKED_INITIAL_TOP_K_3
HR061,T_GT_ONLY_TOP2_3,1,unidoc_commerce_manufacturing_0031,2762994,commerce_manufacturing/commerce_manufacturing/2762994.pdf,What slogans or phrases are prominently displayed during SKF trade union meetings related to precarious work?,STOP PRECARIOUS WORK,image_only,VISUAL_REQUIRED,[17],"The slogan ""Same work – Same pay – Same Working Conditions"" is prominently displayed during SKF trade union meetings related to precarious work.",1,False,The information provided does not include any slogans or phrases prominently displayed during SKF trade union meetings related to precarious work.,0,False,"The slogan ""Same work – Same pay – Same Working Conditions"" is prominently displayed during SKF trade union meetings related to precarious work.",1,False,TEXT_ONLY,False,,18,17,16,False,True,,4568.6047,376.36030000066967,0.0,False,False,False,False,False,commerce_manufacturing,factual_retrieval,1,3,C:/Users/sp/Desktop/adaptive-multimodal-rag/datasets/unidoc/commerce_manufacturing/commerce_manufacturing/2762994.pdf,page-18-chunk-1,page-17-chunk-1,page-16-chunk-1,"Mechanical Engineering report - 2015 Page 16 countries. The contents of the GFA are in accordance with our guidelines. Finally, the GFA was signed in March 20153. For the time being, we do not have a global union network in place, but a strong European Works Council (EWC) under German legislation. The committee which was founded in order to monitor this first New Generation GFA in mechanical engineering has already met once and started discussion with the management about an appropriate system of lodging complaints. Networks and working groups (only a small selection out of the last four years): IndustriALL is working with a couple of networks in the mechani cal engineering sector. These networks are seen as nucleus of future trade union networks in order to achieve a continuous social dialog with the MNC and/or starting point for a future G FA. Here you find a small selection of our meetings during the last years.  Construction and Mining Equipment and Agricultural Machinery me eting, November 2012: Here companies and targets were set for the mechanical engineer ing sector. This was a strategic meeting in order to select specific sub-sectors where IndustriA LL starts activities. From here we started our activities in the sector and also worked on our str ategic planning. We chose sub- sectors, started mapping-activities and initiated progress in t he sector. Some of the outcomes of this conference found an echo in the Caterpillar and John Deere networks and others. General statement and finding of this meeting at that time was: Same wo rk – Same pay – Same Working Conditions This first meeting on construction and mining equipm ent and agricultural machinery. Had a great impact on our sector. The participants, who met to examine the building of trade union networks, also had intensive discussions on the need to fight a gainst unregulated and unfair work/agency work/contract work. They quickly came to the conclu sion that the existing and new trade union networks should be used to emphasize the “Fight aga inst Precarious Work” in the IndustriALL Action Plan. The examples presented by some of the participants showed that this fight can bring positive results and the workers concerned welc ome the improvements achieved because they feel that these help them a great deal to plan the ir lives. In spite of these partial positive successes however it also became clear in the discussi on that the path to a complete elimination of precarious work will be rocky and difficult. The participants committed themselves to strengthening their own action against precarious work and deci ded to intensify their fight in this area together with IndustriALL Global Union. For the participan ts at this meeting, ensuring secure and fair working and living conditions for all workers in all r egions of the world was the primary objective to be achieved. Several activities were planned. Some of them also were taken up in the strategic planning for the sector.  Caterpillar We work with Caterpillar and created a Global Network that meets regularly and exchange s about several issues. During the last meeting (June 2015) an action p lan was adopted. Network meets annually. Last meeting took place 10-11 June 2015 in Brussels: Caterpillar Trade Union Network adopts ambitious activity plan On 10 and 11 June in Brussels, more than 30 Caterpillar trade u nion delegates from four continents met and agreed on future steps to be taken by the network. The Caterpillar Trade Union Network covers almost every contine nt where Caterpillar upholds operations today. Trade unions from North America, Europe, Asia and Australia are actively involved, while those from India and Latin America also invited to join. All delegates reported about 3 Agreement attached at the end of this report","Mechanical Engineering report - 2015 Page 15 SKF trade union committee, 09.10.2014 In SKF, we have a strong and active World Union Committee (world works council). The first GFA (actually we are talking about a co-signed Code of Conduct) was initiated, negotiated and signed by the WUC (World-Union-Committee) chair with the MNC’s CEO. The GFA is a typical “first generation GFA”. This MNC has strong works council and trade union structures in the group (and also on board level). SKF agreement dates back from 2003. The company practice is said to be far better than the agreement. The WUC (“world union committee”) has its own agreement and also replaces the EWC. So, there is no direct link between the WUC and the COC (the Code of Conduct itself was also not discussed in the WUC). The WUC is led by the Swedish representatives from IF Metall.  GEA GEA is a Germany based MNC. GEA is active in process technology and components for sophisticated production processes. The group employs app. 25’000 workforce all over the world, with a strong footprint in Europe. Trade Unions strong mostly in Europe. The GFA (rather “Codes of Conduct”) was signed in 2003 by the EWC. IMF at that time only “co-signed” this agreement. The agreement was “confirmed” in 2007. It is a typical first-generation GFA. The wording itself is not so bad after all: The agreement acknowledges the company’s social responsibility, its support of and compliance with ""internationally accepted human rights"", and the basic right of all employees to establish and join unions and employee representations. More important: Amongst other items, the GFA stipulates that ILO Conventions No. 87 (Freedom of Association) and No. 98 (Right to Collective Bargaining) will be respected. But unfortunately we do not have a strong trade union network that could help improve this GFA at this stage.  ThyssenKrupp ThyssenKrupp is a German multi-branch MNC with a strong footprint in mechanical engineering (i.e. lifts and escalators, technological solutions), but also in other activities like steel and other. The group employs actually app. 160’000 people. The group has a strong workforce representation in Europe: Trade unions and works council representation on different levels: works councils, group works council, European Works Council (EWC). On top, according to German legislation, there is a trade union supervisory board representation in place. The ThyssenKrupp GFA negotiations started already before IndustriALL was founded but then slowed down. Negotiations were revived in 2012/2013. The agreement was discussed in accordance with our guidelines. During the negotiations even the draft agreement could be used to help solve conflicts in different","Mechanical Engineering report - 2015 Page 14 But this procedure can also take place the other way round: Fro m a functioning global or regional dialogue (or a regional network, i.e. a European Works Council – EWC) we start the negotiation process in order to achieve a GFA, following our guiding princi ples, as adopted by the Executive Committee. Once the GFA is signed, we improve the working conditions for a n existing trade union network (or initiate one). There is no general rule where the process start s. But the overall aim is: We want to create a toolbox for organizing efforts of our affiliates in or der to give them support in their day-to- day work. So the topics that are in common for all our networks are:  Solidarity activities  Internal exchange of information and expertise  Facilitation of organizing activities. In other words: Trade Union Networks and Global Framework Agreements are not meant to be just “nice to have”; they are tools to enable or at least facilitate organizing activities in the countries where the MNC’s are present. Global dialogue activities in MNCs , Trade Union Networks and GFAs together are a set of activities to strengthen union presence in GFAs. If we follow these principles and rules, networks, GFAs and soc ial dialogue can contribute to our five strategic goals. In the Mechanical Engineering Sector, we have more networks tha n GFAs. For the time being we can report about:  SKF SKF is a Sweden-based MNC with app. 48’000 employees all over the world (strongholds in Sweden, Germany, North America, and China). The company is active in Mechanical Engineering, mostly different types of bearings. SKF has very strong trade union representation in Sweden and Germany, and also in Europe. In most countries there is a trade union representation (Asia mostly company trade unions, Mexico “protected” union). Social Dialogue in MNC Global Framework Agreement Trade Union Network","The candidate answer provides a slogan, but it is not the one mentioned in the reference answer. It partially addresses the task but lacks grounding in the reference material.","The candidate answer is incorrect and fails to answer the question. The reference answer provides a specific slogan, but the candidate answer claims there is no information available, which contradicts the reference.","The candidate answer provides a slogan, but it is not the one mentioned in the reference answer. It partially addresses the task but lacks grounding in the reference material.",results/unidoc_full_cache/39124c7f1bcf400147c8958ed97e773a549f13664ca928f0fbbe94ac2451eb24.npz,"[18, 17, 16]",[17],,YES,ROUTING,YES,YES,NO,INSPECT_OTHER_RETRIEVED_PAGE,HIGH,"The requested slogan is visually displayed on page 17 during the SKF trade union meeting. Page 17 was already reranked at rank 2, but the system stayed TEXT_ONLY and answered using general precarious-work text from another page. The required action was visual inspection of another already retrieved page.",VISUAL_PAGE_SELECTION,,YES,17,[17],"[18, 17, 16]","[""page-18-chunk-1"", ""page-17-chunk-1"", ""page-16-chunk-1""]",HIT_AT_3,True,BLOCKED_INITIAL_TOP_K_3
HR062,T_GT_ONLY_TOP2_3,2,unidoc_construction_0083,4201027,construction/construction/4201027.pdf,What goals are set for evaluating the effectiveness of the shotcrete compositions within the described project parameters?,"Target performance criteria for evaluating the effectiveness of the shotcrete compositions include: Temperature: 15 to 30°C, ideally 20°C (ASTM C1064); Air content: Range of 7% to 10% (ASTM C231); Slump: Minimum 180 mm (ASTM C143); Rebound: Maximum 20%; Early-age strength development using needle penetrometer: 1.5 MPa at 3 hours (EN 14488-2); Early-age strength development using Hilti stud: 3 to 20 MPa at 6 to 24 hours (EN 14488-2); Compressive strength (cored): 10 to 100 MPa at 1 to 28 days (EN 12504-1); Compressive strength (cylinders): 10 to 100 MPa at 1 to 28 days (ASTM C39); Bond strength: 0.5 MPa at 28 days (EN 1542).",table_required,VISUAL_REQUIRED,"[5, 6]","The goals set for evaluating the effectiveness of the shotcrete compositions within the described project parameters include:

1. Assessing the impact of a pozzolanic-based rheology control agent on the performance of wet-mix shotcrete.
2. Improving sprayability through increased cohesion, stickiness, and higher build-up thickness.
3. Reducing rebound from 20% to 6%.
4. Increasing early-age and later-age strength as much as up to 60%.
5. Increasing bond strength.
6. Verifying the impact of the rheology control agent when used as an ""addition"" and determining its suitability to replace a portion of the cementitious materials.
7. Conducting trials where the rheology control agent is used as a ""replacement"" to optimize the mix design by reducing cement content and avoiding overdesign.
8. Ensuring the shotcrete meets the target performance limits of the project, including specified air content, slump, rebound, early-age strength development, compressive strength, and bond strength.",2,False,"The goals set for evaluating the effectiveness of the shotcrete compositions within the described project parameters include:

1. Assessing improvements in sprayability through increased cohesion, stickiness, and higher build-up thickness.
2. Reducing rebound from 20% to 6%.
3. Increasing early-age and later-age strength by as much as up to 60%.
4. Enhancing bond strength.
5. Comparing the performance of the proposed mix (with pozzolanic-based rheology control agent) to the reference mix and the target performance limits of the project.
6. Verifying the impact of the rheology control agent when used as an ""addition"" and determining its suitability to replace a portion of the cementitious materials.
7. Optimizing the mix design by reducing cement content and avoiding overdesign in future trials.",1,False,"The goals set for evaluating the effectiveness of the shotcrete compositions within the described project parameters include:

1. Assessing the impact of a pozzolanic-based rheology control agent on the performance of wet-mix shotcrete.
2. Improving sprayability through increased cohesion, stickiness, and higher build-up thickness.
3. Reducing rebound from 20% to 6%.
4. Increasing early-age and later-age strength as much as up to 60%.
5. Increasing bond strength.
6. Verifying the impact of the rheology control agent when used as an ""addition"" and determining its suitability to replace a portion of the cementitious materials.
7. Conducting trials where the rheology control agent is used as a ""replacement"" to optimize the mix design by reducing cement content and avoiding overdesign.
8. Ensuring the shotcrete meets the target performance limits of the project, including specified air content, slump, rebound, early-age strength development, compressive strength, and bond strength.",2,False,TEXT_ONLY,False,,2,6,1,False,True,,6977.8314,323.8171000011789,0.0,False,False,False,True,False,construction,summarization,2,3,C:/Users/sp/Desktop/adaptive-multimodal-rag/datasets/unidoc/construction/construction/4201027.pdf,page-2-chunk-1,page-6-chunk-1,page-1-chunk-1,"A Case Study on the Impact of Pozzolanic-Based Rheology Control Agent on Wet-Mix Shotcrete Performance in Underground Applications Ezgi Yurdakul, PhD1; Klaus-Alexander Rieder, ScD2; Bernardo Vicencio3; Gerardo Staforelli V4; and Diego Granell5 1Concrete Scientist, W. R. Grace & Co., Cambridge MA, USA, ezgi.yurdakul@grace.com 2Global R&D Director for Concrete Products, W. R. Grace & Co., Germany, klaus.a.rieder@grace.com 3Senior Sales Engineer, W. R. Grace & Co., Santiago, Chile, bernardo.vicencio@grace.com 4Technical Sales Manager, Melón Hormigones, Santiago, Chile, gerardo.staforelli@melon.cl 5Global Marketing Manager Underground Tunneling & Mining, W. R. Grace & Co., USA, diego.n.granell@grace.com Keywords: wet-mix shotcrete; chemical admixtures; rheology control agent; early-age strength; shotcrete performance. This paper presents the results of a case study conducted with a major mining operat ion to assess the impact of pozzolanic -based rheology control agent on the performance of a wet-mix having a specified mix design . The project had a minimum cement content requirement and a specified water-to-cement ratio (w/c). Therefore, the mix previously used in the mine that met the project specifications was selected as a reference, and the mix design of the proposed system was selected accordingly. The major difference between these two mixes is that the proposed mix incorporated pozzolanic-based rheology control agent. Test matrix included air content, slump, r ebound, early -age strength development using penetrometer needle and Hilti stud, bond strength, and compressive strength on cast cylinders and drilled core samples at various ages. The performance of the proposed system was compared with the reference mix as well as the target performance limits of the project. Test results showed that when compared to the reference mix, the proposed system incorporating pozzolanic -based rheology control agent improved the shotcrete performance by 1) improving sprayability through increased cohe sion, stickiness, and higher build -up thickness; 2) reducing rebound from 20% to 6%; 3) increasing early-age and later-age strength as much as up to 60%; and 4) increasing bond strength. The impact of rheology control agent on performance has been verif ied when used as an “addition” and has been found suitable to replace a portion of the cementitious materials . Therefore, n ext step will be conducting trials where it will be used as a “replacement” to optimize the mix design by reducing cement content and avoid overdesign. After the assessment of test results, pozzolanic -based rheology control agent will be listed as a recommended material in shotcrete specifications.","2.3. Test matrix The selected test matrix is presented in Table 4. Table 4. Performance requirement for shotcrete mixes used in this project Property Target performance criteria Age Test method Temperature 15 to 30, ideal 20 °C N/A ASTM C1064 Air content Range of 7% to 10% N/A ASTM C231 Slump Min 180 mm N/A ASTM C143 Rebound Max 20% N/A N/A Early-age strength development using needle penetrometer 1.5 MPa 3 hours EN 14488-2 Early-age strength development using Hilti stud 3 to 20 MPa 6 to 24 hour EN 14488-2 Compressive strength (cored) 10 to 100 MPa 1 to 28 day EN 12504‐1 Compressive strength (cylinders) 10 to 100 MPa 1 to 28 day ASTM C39 Bond strength 0.5 MPa 28 day EN 1542 3. RESULTS AND DISCUSSION 3.1. Temperature Ambient temperature in underground affects the rate of hydration which in turn has an impact on the compressive and tensile strength as well as the development of bond strength between shotcrete and rock [5]. Furthermore, extreme ambient and concrete temperatures are detrimental to shotcrete performance. For example, high temperatures may cause rapid slump loss, thermal stresses, and the tendency for drying shrinkage cracking. On the other hand, c hemical reactions are slower at lower temperatures which results in low strength development. Considering that time is critical for 1) supporting the underground structures as fast as possible for increased safety ; and 2) re-entry to the mine, it is important to have the desired temperature to have an adequate strength development rate and achieve the target shotcrete performance. In most applications, the allowable temperature range of shotcrete is between 10 °C and 38 °C [6]. In this project, temperature was specified to range between 10 °C and 30 °C while the ideal temperature was listed as 20 °C. As shown in Figure 2, despite the variation in ambient temperature resulted in slightl y higher variation of concrete temperature for the reference mix, both mixes were within the allowable range and the average temperatures were very close to the ideal temperature of 20 °C, as desired.","Engineering Conferences International ECI Digital Archives Shotcrete for Underground Support XII Proceedings 2015 A Case Study on the Impact of Pozzolanic-Based Rheology Control Agent on Wet-Mix Shotcrete Performance in Underground Applications Ezgi Yurdakul W.R. Grace & Co. Klaus-Alexander Rieder W.R. Grace & Co. Bernardo Vicencio W.R. Grace & Co. Gerardo Staforelli Meló n Hormigones Diego Granell W.R. Grace & Co. Follow this and additional works at:http://dc.engconfintl.org/shotcrete_xii Part of theMaterials Science and Engineering Commons This Article is brought to you for free and open access by the Proceedings at ECI Digital Archives. It has been accepted for inclusion in Shotcrete for Underground Support XII by an authorized administrator of ECI Digital Archives. For more information, please contactfranco@bepress.com. Recommended Citation Ezgi Yurdakul, Klaus-Alexander Rieder, Bernardo Vicencio, Gerardo Staforelli, and Diego Granell, ""A Case Study on the Impact of Pozzolanic-Based Rheology Control Agent on Wet-Mix Shotcrete Performance in Underground Applications"" in ""Shotcrete for Underground Support XII"", Professor Ming Lu, Nanyang Technological University Dr. Oskar Sigl, Geoconsult Asia Singapore PTE Ltd. Dr. GuoJun Li, Singapore Metro Consulting Eds, ECI Symposium Series, (2015). http://dc.engconfintl.org/shotcrete_xii/9","The candidate answer partially addresses the question by listing goals related to evaluating shotcrete effectiveness, but it does not fully align with the reference answer. It includes some relevant goals (e.g., reducing rebound, improving strength, meeting performance limits), but it lacks the specific target performance criteria (e.g., temperature range, slump, air content, strength values, and standards like ASTM and EN). The answer includes some unsupported or vague claims (e.g., 'as much as up to 60%' for strength increase) and focuses more on experimental goals than on the specific evaluation criteria requested in the question.","The candidate answer addresses the task of identifying goals for evaluating shotcrete effectiveness but does not align with the reference answer, which lists specific target performance criteria (e.g., temperature, slump, compressive strength). The candidate answer instead provides general goals and improvements, which are not grounded in the reference. It contains a small correct element in addressing evaluation goals but misses the specific criteria and is not consistent with the reference.","The candidate answer partially addresses the question by listing goals related to evaluating shotcrete effectiveness, but it does not fully align with the reference answer. It includes some relevant goals (e.g., reducing rebound, improving strength, meeting performance limits), but it lacks the specific target performance criteria (e.g., temperature range, slump, air content, strength values, and standards like ASTM and EN). The answer includes some unsupported or vague claims (e.g., 'as much as up to 60%' for strength increase) and focuses more on experimental goals than on the specific evaluation criteria requested in the question.",results/unidoc_full_cache/438aaee01b3b2157525d48f30621cf9bb70764dad02a1ce562ca0a7037a918c4.npz,"[2, 6, 1]",[6],,YES,REASONING_GENERATION,YES,YES,NO,REASON_OR_GENERATE_BETTER,HIGH,"Table 4 on page 6 already contains the concrete target performance criteria for temperature, air content, slump, rebound, early-age strength, compressive strength, and bond strength. The evidence was retrieved, but the response answered with general project goals instead of extracting the criteria.",,,,6,"[5, 6]","[2, 6, 1]","[""page-2-chunk-1"", ""page-6-chunk-1"", ""page-1-chunk-1""]",HIT_AT_3,True,BLOCKED_INITIAL_TOP_K_3
HR063,T_GT_ONLY_TOP2_3,3,unidoc_crm_0131,3492507,crm/crm/3492507.pdf,Which educational and resource initiatives are outlined by the Minister for accessibility in Manitoba for the fiscal years 2021/22 and 2022/23?,"The initiatives outlined by the Minister for accessibility in Manitoba for the fiscal years 2021/22 and 2022/23 include the development of an Online Learning Portal, continuation of workshops to webinars, and the Manitoba Access Awareness Week. Additionally, the Manitoba Accessibility Fund is announced to provide grants to support accessibility projects.",table_required,VISUAL_REQUIRED,"[1, 2, 3, 4, 5]","The educational and resource initiatives outlined by the Minister for accessibility in Manitoba for the fiscal years 2021/22 and 2022/23 include:

1. Introduction of an online learning portal in 2021 to support AMA learning and training opportunities, accessible anytime from anywhere.
2. Ongoing webinar training opportunities until in-person workshops and presentations resume.
3. Proactive awareness raising and support of compliance measures under the AMA.
4. Implementation of strategic compliance projects, such as dedicated reviews and audits of accessibility plans and policies.
5. Review of the Accessibility Standard for Customer Service in Spring 2021.
6. Consultation on the remaining three standards and enactment of these standards in 2023.
7. Targeted stakeholder consultation in 2021/22 to ensure maximum impact of the Manitoba Accessibility Fund, which supports community and business initiatives beginning in 2022/23.",2,False,"The educational and resource initiatives outlined by the Minister for accessibility in Manitoba for the fiscal years 2021/22 and 2022/23 include:

1. Introduction of an online learning portal in 2021 to support AMA learning and training opportunities, accessible anytime from anywhere.
2. Ongoing webinar training opportunities until in-person workshops and presentations resume.
3. Proactive awareness raising and support of compliance measures under the Accessibility for Manitobans Act (AMA).
4. Implementation of strategic compliance projects, such as dedicated reviews and audits of accessibility plans and policies.",2,False,"The educational and resource initiatives outlined by the Minister for accessibility in Manitoba for the fiscal years 2021/22 and 2022/23 include:

1. Introduction of an online learning portal in 2021 to support AMA learning and training opportunities, accessible anytime from anywhere.
2. Ongoing webinar training opportunities until in-person workshops and presentations resume.
3. Proactive awareness raising and support of compliance measures under the AMA.
4. Implementation of strategic compliance projects, such as dedicated reviews and audits of accessibility plans and policies.
5. Review of the Accessibility Standard for Customer Service in Spring 2021.
6. Consultation on the remaining three standards and enactment of these standards in 2023.
7. Targeted stakeholder consultation in 2021/22 to ensure maximum impact of the Manitoba Accessibility Fund, which supports community and business initiatives beginning in 2022/23.",2,False,TEXT_ONLY,False,,7,5,1,False,True,,6539.6684,228.32589999961783,0.0,False,False,False,True,False,crm,summarization,5,3,C:/Users/sp/Desktop/adaptive-multimodal-rag/datasets/unidoc/crm/crm/3492507.pdf,page-7-chunk-1,page-5-chunk-1,page-1-chunk-1,"MEMPHIS SOLUTIONS2018 | MARCH SUMMARY: OUR COMMITMENTS TO YOU Manitoba Accessibility Fund to support community and business initiatives beginning in 2022/23, with targeted stakeholder consultation in 2021/22 to ensure maximum impact of the new fund (Section 1) . review of the Acc essibility Standard for Customer Service, Spring 2021 (Section 3) consu ltation on the re maining three standards and enactment of these standards in 2023 (Section 3) introduction of an onl ine learning portal in 2021, to support AMA learning and training opportunities, anytime from anywhere (Section 4) ongoing webinar training opportunities until in-person workshops and presentations resume (Section 4) proactive awarene ss raising and support of compliance measures under the AMA (Section 5) implementation of strat egic compliance projects, such as dedicated reviews and audits of accessibility plans and policies (Section 5) MINISTER'S ANNUAL PLAN 21/22 & 22/23 PAGE 3","A MESSAGE FROM THE MINISTER OF FAMILIES As Minister of Families and Minister responsible for Accessibility, I am pleased to share the government’s plans to implement The Accessibility for Manitobans Act (AMA) during the fiscal years April 1 to March 31, 2021/22 and 2022/23. Recent surveys ind icate that Manitoba businesses and non-profit organizations join Manitobans with disabilities in their desire to live in an inclusive, accessible and flourishing province. The Manitoba government remains committed to achieving this outcome, especially as we emerge from a global pandemic. Since the on s et of the pandemic in March 2020, the barriers to daily activities caused by COVID-19 have created a broader understanding about the importance of facilitating access to goods and services and assuring accessible employment. Simple solutions or “accommodations” have resulted in small but significant innovations, such as curbside pickup, home delivery, and online consultations. Furthermore, in order to maintain services and the economy, many of us have been working from home. Manitobans with disabilities have pointed out the parallels with the barriers they experienced long before the pandemic struck, and were helpful in identifying solutions. The Manitoba government is proud of its efforts to maintain accessibility during COVID-19 by applying the AMA’s accessibility standards. Going forward, the government’s commitment remains to its citizens in transitioning to a post-COVID Manitoba and ensuring that accessibility remains at the forefront of these plans. I am particularly pl eased to use this opportunity to announce the Manitoba Accessibility Fund, which will provide grants to businesses, non-profit organizations, municipalities and others to help make Manitoba accessible for everyone. As described in this plan, the government will continue to provide foundational tools and training to support each of the accessibility standards (regulations), and to build public awareness about an #AccessibleMB. MINISTER'S ANNUAL PLAN 21/22 & 22/23 PAGE 1",MINISTER'S ANNUAL PLAN 2021/22 & 2022/23 THE ACCESSIBILITY FOR MANITOBANS ACT APPROVED MAY 2021,"The candidate answer includes some correct initiatives (online learning portal, webinars, Manitoba Accessibility Fund) but adds unsupported or speculative details (e.g., 'strategic compliance projects,' 'reviews and audits of accessibility plans and policies,' 'review of the Accessibility Standard for Customer Service in Spring 2021,' 'consultation on the remaining three standards and enactment in 2023'). It partially covers the main idea but misses the specific reference to Manitoba Access Awareness Week and includes unsupported claims.","The candidate answer partially matches the reference answer. It correctly identifies the online learning portal and webinars, but introduces unsupported elements such as 'strategic compliance projects' and 'reviews and audits of accessibility plans and policies,' which are not mentioned in the reference. The Manitoba Access Awareness Week and the Manitoba Accessibility Fund are missing, reducing completeness and grounding.","The candidate answer includes some correct initiatives (e.g., online learning portal, webinars, Manitoba Accessibility Fund), but also includes unsupported or speculative details (e.g., reviews and audits of accessibility plans, consultation on standards, review of the Accessibility Standard for Customer Service). It partially aligns with the reference but adds information not present in the reference answer.",results/unidoc_full_cache/be30c164c65d3feaf852ca09bd068ef6edbe88d599e89d180045764328c967af.npz,"[7, 5, 1]","[5, 1]",,NO,JUDGE_ERROR,,,NO,UNCLEAR,HIGH,"The response identifies legitimate educational and resource initiatives in the Minister's plan, including the online learning portal, webinars, Accessibility Fund, standards, and compliance activities. The reference answer represents only a narrower subset of the document. Treat the negative judgment as benchmark/reference mismatch.",,,,,"[1, 2, 3, 4, 5]","[7, 5, 1]","[""page-7-chunk-1"", ""page-5-chunk-1"", ""page-1-chunk-1""]",HIT_AT_3,True,BLOCKED_INITIAL_TOP_K_3
HR064,T_GT_ONLY_TOP2_3,4,unidoc_education_0078,6382901,education/education/6382901.pdf,"Between maintaining a stable position and executing techniques while balanced, which action is more frequently used by Thai fighters than UK fighters based on the model?","Returning to a balanced stance is more frequently used by Thai fighters compared to UK fighters, as indicated by the higher mean frequency in the image.",image_only,VISUAL_REQUIRED,[7],"Based on the model, Thai fighters are more frequently using evading attacks by stepping back rather than jumping away from techniques compared to UK fighters. The simulation using the multilevel Poisson regression model predicted that Thai fighters were almost eight times as likely to use stepping to avoid an attack. This suggests that maintaining a stable position through stepping is more frequently used by Thai fighters than executing techniques while balanced, as UK fighters tend to use jumping back as a defense strategy more often.",1,False,"Based on the model, Thai fighters are more frequently executing techniques while balanced than UK fighters. The model predicted that Thai fighters would deliver 77% more techniques on balance than UK fighters. Additionally, they were predicted to return to a balanced stance following the delivery of a technique more than twice as many times as UK fighters.",1,False,"Based on the model, Thai fighters are more frequently using evading attacks by stepping back rather than jumping away from techniques compared to UK fighters. The simulation using the multilevel Poisson regression model predicted that Thai fighters were almost eight times as likely to use stepping to avoid an attack. This suggests that maintaining a stable position through stepping is more frequently used by Thai fighters than executing techniques while balanced, as UK fighters tend to use jumping back as a defense strategy more often.",1,False,TEXT_ONLY,False,,10,7,10,False,True,,5507.4193,411.1341999996512,0.0,False,False,False,False,False,education,comparison,1,3,C:/Users/sp/Desktop/adaptive-multimodal-rag/datasets/unidoc/education/education/6382901.pdf,page-10-chunk-1,page-7-chunk-1,page-10-chunk-2,"T. MYERS ET AL. quently than the UK group did. The evidence showed the Thai fighters used a number of defensive techniques far more fre- quently than their UK counterpa rts, including blocking using the raised leg, evading by stepping, and swaying away from their opponent’s kicks. Thai fighters also caught their oppo- nent’s kicking leg significantly more often than the UK fighters did. In contrast, UK fighters were more likely to use a range of other defensive techniques. These techniques included covering up using an international style boxing guard, blocking with the forearm, ducking under a technique and jumping back away from an attack. One of these techniques in particular, jumping back out and out of the range of an attacking technique, has been criticized. Krutsuwan (Mye rs, 2000) suggested that using this type of defense resulted in poor balance and offered a lim- ited the opportunity to counterattack. A fighter who jumps back out of range would have to readjust the weight distribution of their stance before being able to deliver a further technique. UK fighters might benefit by re ducing their use of jumping back as a defense strategy, replacing it with a technique that would allow the possibility of imme diate counterattack such as blocking or catching the kick. The Thai group used both of these techniques more frequently. Equally, UK fighters could be encouraged to employ another technique frequently used by Thai fighters, evading attacks by stepping back rather than by jumping away from techniques. Simulation using the multilevel Poisson regression model predic ted that Thai fighters were almost eight times as likely to use stepping to avoid an attack, thus allowing the possibility of controlling their position with- out loss of balance and immediate countering. The second most frequently applied defense method was us- ing clinching to defend against an opponent’s attack. While UK fighters tended to prefer to use clinching frequently as an attack, they applied the technique far less in defense. Simulation from the multilevel model, predicte d Thai fighters would use this technique twice as many times as UK fighters. Nevertheless, as mentioned previously, the use of clinching techniques for attack and defense can alternate within a single exchange, and so dif- ferences can be considered largel y irrelevant in terms of fight tactics and strategy. Quality Indicators All quality indicators associated with the delivery of tech- niques were more common for Thai fighters when compared with UK fighters. In what is arguably the most important vari- able, the “effect of technique”, there was a highly significant difference between Thai and UK fighters. The number of effec- tive techniques landed by a fighter determines how a fight is scored in Muay Thai (Board of Boxing Sport, 2002). Effective techniques are considered so important in Muay Thai, that they can even cancel out all the less effective techniques landed in a round. There were also significant differences in fighters deliv- ering techniques on balance and returning to balance following delivery. Simulation using multilevel Poisson regression model produced for quality indicators predicted Thai fighters would deliver over twice as many effective techniques, and return to a balanced stance following the delivery of a technique more than twice as many times as UK fighters. The model also predicted Thai’s would deliver 70% more techniques at an appropriate distance, and 77% more techniques on balance than their UK peers. Myers (2007) and De Cesaris (1999) have highlighted the importance of balance in Muay Thai. When fighters are judged using the Thai judging system, if a fighter loses their balance following the delivery of a technique, it is unlikely to score as highly as when balance is maintained (Myers, Nevill, & Al-Nakeeb, 2010). To be successful in exploiting openings in an opponent’s defenses, a fighter needs to maintain close pro- ximity to their opponent while maintaining a balanced stance, suggesting that balance and appr opriate distancing are essential prerequisites for taking advantage of any openings. Overall, the differences found between the competitors in the multilevel analysis and subsequent simulation highlights a se- ries of important differences between the groups analysed. The overall frequency of attacks and defenses used, and more im- portantly the very large differences","T. MYERS ET AL. Figure 4. Mean frequency of each defensive technique for Thai and UK fighters, simulated from the sta- tistical model in Table 2. Figure 5. Mean frequency of qualitative indicators for Thai and UK fighters, simulated from the statis- tical model in Table 3. (mean of 4.84, SD = 7.10), skipping or swaying away from a technique (mean of 3.72, SD = 4.49) and catching the leg (mean of 1.34, SD = 2.39). Overall, Thai fighters used a greater number of defensive techniques (mean of 55.94, SD =13.85) than their UK counterparts (mean of 20.25, SD = 1.58). As can be seen in Table 1, there was a significant interaction between attacking tec hnique type and fighter nationality, in particular a number of techniques far more common for Thai fighters. Compared to the reference technique category “clin- ching for attack”, which Thai fighters were less likely to per- form (though the difference fell ma rginally short of signifi- cance; testing the model term, χ21 = 3.64, p = 0.056), there were highly significant increases in the frequency of “knees” (χ21 = 65.17, p < 0.001), “roundkicks to body/neck” (χ 21 = 90.74, p < 0.001) and “teeps” (χ21 = 64.13, p < 0.001) for Thai fighters when compared to their UK counterparts, as indicated by the significant positive interaction terms for these techniques. Differences are also illustrated in Figure 1 . As shown, Thai fighters were somewhat less likely to perform “clinching to attack”, “legal throws” and “punches”, but far more likely to perform “knees” (11.0 more per bout on average), “roundkicks to body/neck” (17.1 more per bout on average) and “teeps” (15.4 more per bout on average) . The significant fighter-level variance term indicated that there was clustering in the fre- quency of techniques by fighter, highlighting the importance of correctly accounting for the hierarchical structure in the data. As shown in Table 2, as with attacking techniques, there was evidence of highly significant differences between Thai and UK fighters in the frequency of defensive techniques of different types. Referring to the reference category technique “catch leg”, the significant positive “Thai” term in the model indicated that Thai boxers used the technique highly significantly more often (χ21 = 25.12, p < 0.001). Non-significant interaction term s for “evade by stepping”, “leg block raised” and “skip away/back” also indicated that these techniques were far more common for Thai compared to UK fighters (as the terms indicate that the difference by nationality was similar to the significant diff e observed for the “catch erenc Open Access 181","it is unlikely to score as highly as when balance is maintained (Myers, Nevill, & Al-Nakeeb, 2010). To be successful in exploiting openings in an opponent’s defenses, a fighter needs to maintain close pro- ximity to their opponent while maintaining a balanced stance, suggesting that balance and appr opriate distancing are essential prerequisites for taking advantage of any openings. Overall, the differences found between the competitors in the multilevel analysis and subsequent simulation highlights a se- ries of important differences between the groups analysed. The overall frequency of attacks and defenses used, and more im- portantly the very large differences in terms of the qualitative variables associated with those techniques, points to the Thai fighters analysed in this study being superior Muay Thai ath- letes in comparison to their UK counterparts. Nonetheless, some of the differences in frequency may be attributable to differences in the weight classifications of the fighters analysed. The Thai fighters analysed competed in the 50 kg to 63.5 kg weight classes, whereas the UK fighters competed in the heav- ier 57 kg to 71 kg classes. Alternative Explanations One possible argument for between group differences could be the mean difference in weight of fighters in each group. It is possible that the lighter Thai fighters delivered more techniques on average than their heavier UK counterparts; a lighter body- weight facilitating delivery. This might plausibly explain some of the within group variance found in both groups. Nevertheless, this would not easily explain th e differences found in technique selection or quality indicators a ssociated with those techniques. While there were mean differences between groups, the means were somewhat skewed by a single heavier UK fighter and a single very light Thai fighter. Many of the fighters analyzed competed in the same weight class. Perhaps a more credible alternative explanation of results may be the application of the di fferent systems used to judge the fighters analysed in the present study. Until fairly recently the majority of Muay Thai competitions in the UK were judged in a similar way to international boxing, a concept familiar to western judges. Conversely in Th ailand, Muay Thai is judged in a unique way with cultural nuisances making it substantially different to the judging system traditionally applied in the UK. There were a number of marked differences between the groups of fighters that could potentially be attributed to the judging criteria applied. These include the frequency of particular tech- niques employed, and the qualitative aspects of techniques such as balance. For example, the more frequent use of the round- kick to the body by the Thai fighters could be explained by the Thai judges regarding this technique as superior to either punches or a roundkick to the legs, even given the same level of physical effect. Whether the differences shown are the result of the hypothe- sized superiority of Thai fighte rs or the judging systems em- ployed, could be resolved by analyzing the techniques of cur- rent UK fighters. Since 2008 an increasing number of Muay Thai fights in the UK have been judged using a system that is very similar to that used in Thailand (Myers, Nevill, & Nakeeb, 2010). As such, it would be interesting to examine the tech- niques used UK fighters judged exclusively with the post 2008 system, to determine the impact of this newly implemented Open Access 184","The candidate answer introduces unsupported claims (e.g., 'almost eight times as likely') and discusses evading attacks by stepping or jumping, which is not mentioned in the reference. The reference focuses on returning to a balanced stance, not evading attacks. The answer fails to address the specific comparison in the question and is not grounded in the reference.","The candidate answer correctly identifies that Thai fighters are more frequent in executing techniques while balanced than UK fighters, which aligns with the question. However, it introduces unsupported claims (e.g., 77% more techniques, twice as many returns to balance) not present in the reference. The reference only mentions that returning to a balanced stance is more frequent for Thai fighters, not the execution of techniques while balanced. This misalignment with the reference reduces grounding.","The candidate answer introduces unsupported claims (e.g., 'almost eight times as likely') and discusses evading attacks by stepping or jumping, which is not mentioned in the reference. The reference focuses on returning to a balanced stance, not evading attacks. The answer fails to address the specific comparison in the question and is not grounded in the reference.",results/unidoc_full_cache/2f736ee598f97d1eb7d38ec86601a82ce47b7ef6192736c647e1d2663f31b575.npz,"[10, 7]",[7],,YES,REASONING_GENERATION,YES,YES,NO,REASON_OR_GENERATE_BETTER,HIGH,"The retrieved evidence already states that Thai fighters returned to a balanced stance more than twice as often as UK fighters and executed techniques on balance 77% more often. The required comparison could be answered from the existing textual evidence, but the response focused on an unrelated defensive behavior.",,,,7,[7],"[10, 7, 10]","[""page-10-chunk-1"", ""page-7-chunk-1"", ""page-10-chunk-2""]",HIT_AT_3,True,BLOCKED_INITIAL_TOP_K_3
HR065,T_GT_ONLY_TOP2_3,5,unidoc_education_0173,5375571,education/education/5375571.pdf,"How does the partition λ = (5,4,2,2) simplify when 3-hooks are taken out of its Young diagram?","The core of the Young diagram when 3-hooks are removed from λ = (5,4,2,2) is simplified from (7,5,4,3,1) to (5,3,2,1) and finally to (4,2,1).",image_plus_text_as_answer,VISUAL_REQUIRED,"[4, 5, 6]","When 3-hooks are removed from the Young diagram of the partition λ = (5,4,2,2), the resulting partition has no 3-hooks. This is achieved by moving all the closed beads up on the abacus representation of the partition until there are no open beads between the first and last closed bead on each column. The process of moving the beads up effectively removes the 3-hooks from the diagram. The resulting partition is the core of the original partition with respect to p=3.",1,False,"The partition λ = (5,4,2,2) simplifies when 3-hooks are removed from its Young diagram. By moving all the closed beads up on the abacus, the resulting Young diagram has no 3-hooks. The final Young diagram has row lengths 4, 2, and 1.",3,True,"When 3-hooks are removed from the Young diagram of the partition λ = (5,4,2,2), the resulting partition has no 3-hooks. This is achieved by moving all the closed beads up on the abacus representation of the partition until there are no open beads between the first and last closed bead on each column. The process of moving the beads up effectively removes the 3-hooks from the diagram. The resulting partition is the core of the original partition with respect to p=3.",1,False,TEXT_ONLY,False,,7,6,5,False,True,,5585.0187,327.59079999959795,0.0,True,False,False,True,False,education,factual_retrieval,3,3,C:/Users/sp/Desktop/adaptive-multimodal-rag/datasets/unidoc/education/education/5375571.pdf,page-7-chunk-1,page-6-chunk-1,page-5-chunk-1,"6 If we move the bottom right bead up one space, we will get this: We can see that we have lost the 3-hook that was on the top right corner of the Young diagram. If we push all the closed beads on the left runner to the top, we will get this: Notice that, whenever we move a closed bead up, we replace it with an open bead. We see now that the partition with which we are left has no 3-hooks. By moving all the closed beads up all the way on the runners, we have eliminated all of the 3-hooks. So, instead of removing all the p-hooks from a Young diagram, we can simply discover its abacus, push all the closed beads up, and reform a Young diagram from the new abacus, one without any p-hooks. We can now define a block of n with respect to p as all partitions of n that have the same core with respect to p. We will now define the quotient for p. The p-quotient (we will refer to this as the quotient if the p is clear) of a partition λ is a sequence of partitions (λ(0), λ(1),…, λ(p-1)) formed by considering the partition of each runner of the abacus. The quotient for our previous λ=(5,4,2,2) would be ((1,1), ø, (1)). We can also define the weight w of our partition λ as the sum of the 1 6 5 2 5 4 1 3 2 2 1 4 1 2 1","5 Here we do not have any more values that are divisible by 3. This is what we call the core of our Young diagram for p=3. Note that it does not matter what order we remove the p-hooks. For example, if we had started with the 6, our process would have looked like this. We can see that the core that we get this way turns out to be the same as the core we had by taking a different path. It is a basic combinatorial fact that for a partition λ, the core is independent of the choice of order that the hooks are removed [2]. On an abacus, we will define hook removal to be the process of moving beads up the abacus. For each column of beads on the abacus, push all the closed beads up to replace the open bead spots until there is no open bead between the first closed bead and the last on that column. We will do this for each column on the abacus. We do this in order to remove p-hooks. This process removes p-hooks because every time we move a bead up, we are essentially omitting the beads that were in between the moved bead and the space to which we moved it. By the design of an abacus, the number of beads we skip is divisible by p; thus, removing a p-hook. The abacus with which we are left contains no p-hooks; we also say that this abacus is the core of our partition. Let us look at an example of an abacus and its corresponding Young diagram as we remove hooks from the abacus of the partition λ=(5,4,2,2) with p=3. 8 7 4 3 1 6 5 2 1 3 2 2 1 7 4 3 2 1 2 1 4 1 2 1 8 7 4 3 1 6 5 2 1 3 2 2","4 Now we can discuss a process called hook removal on a Young diagram. First we set a value for p; we will use this to remove p-hooks. In our Young diagram, we will label each box with the total number of boxes to the right and below each box, like so: To remove a p-hook from this diagram, we will pick a box whose number is divisible by p and remove its outer layer. In the previous example, let us choose p to be 3. We can remove a 3-hook from the bottom left like so: There are two important things to note. One, we do not necessarily remove the box that we choose; and two, values in some of the boxes changed while others stayed the same. We must reevaluate every box’s value after removing a p-hook before we try to remove another. As we relabel, we see that there are more 3-hooks to remove: 8 7 4 3 1 6 5 2 1 3 2 2 1 5 Completely done, it will look like this: 8 7 4 3 1 6 5 2 1 2 2 1 7 5 4 3 1 5 3 2 1 1 7 5 4 3 1 5 3 2 1 1 5 3 2 4 2 1 1 4 1 2 1 3","The candidate answer is mostly incorrect and does not provide the correct simplified partition. It introduces an unsupported claim about an abacus representation and fails to give the actual resulting partition after removing 3-hooks, which is (4,2,1) according to the reference. The answer is vague and does not satisfy the task.","The candidate answer correctly identifies the final simplified partition as (4,2,1), which matches the reference. However, it omits the intermediate step (5,3,2,1) and does not explain the process of removing 3-hooks in detail. The mention of 'moving all the closed beads up on the abacus' is a plausible method but is not elaborated and is not part of the reference, making it a minor unsupported claim.","The candidate answer is mostly incorrect and does not provide the correct simplified partition. It introduces an unsupported claim about an abacus representation and fails to give the actual resulting partition after removing 3-hooks, which is (4,2,1) according to the reference. The answer is vague and does not satisfy the task.",results/unidoc_full_cache/9a85e89861ac6a6c3d3703df5098be50d781be49190e7ecac0057fe0486e5134.npz,"[7, 6, 5]","[6, 5]",,YES,ROUTING,,,NO,INSPECT_CURRENT_PAGE_VISUALLY,HIGH,"The question requires interpreting the Young-diagram/abacus visual structure after 3-hook removal. The TEXT_ONLY response described the process but failed to provide the resulting partition, while the visual-processing baseline recovered the final structure. Visual inspection was required.",,,,,"[4, 5, 6]","[7, 6, 5]","[""page-7-chunk-1"", ""page-6-chunk-1"", ""page-5-chunk-1""]",HIT_AT_3,True,BLOCKED_INITIAL_TOP_K_3
HR066,T_GT_ONLY_TOP2_3,6,unidoc_energy_0119,7910609,energy/energy/7910609.pdf,"What arrangement and modes of engagement were evident among those discussing energy priorities and governmental involvement in the Yukon, particularly in relation to collaborative brainstorming tools?","The group was seated around a table with one participant standing and engaging directly with the seated individuals, suggesting an interactive and participatory dynamic. Flipcharts with handwritten notes were positioned nearby, indicating reference materials or collaborative brainstorming. According to the context, participants valued community empowerment, awareness, and collaboration, and used tools like flipcharts to brainstorm and evaluate energy priorities. Discussions highlighted the importance of local leadership in energy innovation and the government's supportive role through financing, training, and policy, rather than directing the process. The arrangement and use of collaborative brainstorming tools like flipcharts facilitated inclusive discussion on energy priorities and governmental involvement in the Yukon.",image_only,VISUAL_REQUIRED,[5],"The arrangement and modes of engagement among those discussing energy priorities and governmental involvement in the Yukon were characterized by open discussions and breakout exercises during a workshop. The participants included representatives from businesses, Indigenous communities, government organizations, academics, and engineers. The facilitator, Stephen Mooney, guided the discussions, which focused on envisioning the future of energy in Canada's North, identifying challenges and opportunities, determining guiding values, and outlining necessary actions and outcomes.

In terms of collaborative brainstorming tools, the workshop utilized open discussions and breakout sessions to address specific questions about the future of energy. These sessions allowed participants to share insights and concerns, such as the need for community ownership of energy projects, the importance of sustainable development, and the role of government in supporting rather than directing communities. The discussions emphasized values like self-sufficiency, sustainable development, community empowerment, awareness, and collaboration. Participants highlighted the importance of local solutions and the need for government support through financing, training, and stable policymaking.",2,False,"The arrangement among those discussing energy priorities and governmental involvement in the Yukon included diverse stakeholders such as representatives from businesses/industries, Indigenous communities, provincial and municipal government organizations, academics, and engineers. The workshop was facilitated by Stephen Mooney, Director of Cold Climate Innovation at the Yukon Research Centre, and included open discussions and breakout exercises. These breakout exercises addressed specific questions related to the future of energy in Canada’s North, focusing on vision, challenges and opportunities, guiding values, and necessary actions and outcomes. The modes of engagement involved collaborative brainstorming through these breakout exercises, which allowed participants to share insights and discuss key issues such as energy independence, government policy challenges, and the role of community empowerment and sustainable development.",2,False,"The arrangement and modes of engagement among those discussing energy priorities and governmental involvement in the Yukon were characterized by open discussions and breakout exercises during a workshop. The participants included representatives from businesses, Indigenous communities, government organizations, academics, and engineers. The facilitator, Stephen Mooney, guided the discussions, which focused on envisioning the future of energy in Canada's North, identifying challenges and opportunities, determining guiding values, and outlining necessary actions and outcomes.

In terms of collaborative brainstorming tools, the workshop utilized open discussions and breakout sessions to address specific questions about the future of energy. These sessions allowed participants to share insights and concerns, such as the need for community ownership of energy projects, the importance of sustainable development, and the role of government in supporting rather than directing communities. The discussions emphasized values like self-sufficiency, sustainable development, community empowerment, awareness, and collaboration. Participants highlighted the importance of local solutions and the need for government support through financing, training, and stable policymaking.",2,False,TEXT_ONLY,False,,2,5,4,False,True,,7222.5029,375.87580000035814,0.0,False,False,False,False,False,energy,causal_reasoning,1,3,C:/Users/sp/Desktop/adaptive-multimodal-rag/datasets/unidoc/energy/energy/7910609.pdf,page-2-chunk-1,page-5-chunk-1,page-4-chunk-1,"Executive Summary On August 9, officials from Natural Resources Canada joined the Yukon College in welcoming 35 participants from businesses/industries, representatives from Indigenous communities, provincial and municipal government organizations, academics and engineers to a workshop on the future of energy in Canada’s North for Generation Energy. The workshop was facilitated by Stephen Mooney, Director of Cold Climate Innovation at the Yukon Research Centre. WORKSHOP OVERVIEW The workshop included open discussions and breakout exercises that addressed a series of questions: 1. What will Canada’s north look like in 2050 in terms of energy? (a vision) 2. What are the long-term challenges and opportunities related to the vision for Canada’s north? 3. What are the values that will help guide the way? 4. What are the actions and outcomes needed to support this vision of the future? KEY INSIGHTS FROM PARTICIPANTS 1. In 2050, Canada’s North will be predominantly powered through community and individual ownership of energy projects, which would lead to energy independence. To reduce its diesel dependence, the North will move to a more varied energy portfolio that is predominantly renewables. Future energy jobs will include more localized opportunities, which will ensure that profits are circulated within one’s own community. First Nations will continue to be intimately involved in the energy businesses and share their success stories. 2. Participants voiced concerns that government policies are slow in implementation and need to catch up with real life situations. Communities are looking for longer-term financing options. Currently, government support is too short to be effective. 3. Upfront cost of energy projects, updating and connecting to the grid, and building transmissions lines across the North is expensive. However, the high cost of energy in the North makes renewable sources far more competitive, and the lack of grid connections can be a strong motivator to enhance storage technology. Uncreated, new advancements and cutting-edge technology may play an important role during the transition. 4. Self-sufficiency/ self-reliance on energy, sustainable development of energy projects, community empowerment, and awareness and collaboration were all considered important values that will help guide the path forward. 5. Government should not be able to direct communities but should instead support communities in their energy production direction. Participants spoke of support through financing, training and stable policymaking. 2","Question 3: Values • Self-sufficiency/ self-reliance: Historically, there has always been a sense of personal ownership when it comes to energy use as many Yuk oners live off the grid and are very familiar with living off the land. • Sustainable Development: Participants brought up an example of the values they use to evaluate future energy projects - SERV. The project must demonstration Social responsibility (education), protect the Environment, Respect the cul ture (involve the local community) and be economically Viable. • Co mmunity empowerment, awareness and collaboration: Participants agreed that communities are and will be the leaders in energy innovation and finding long-term solutions. A strong entrepreneurial culture exists across the North. Participants viewed local solutions as a critical aspect of long-term success. Question 4: Actions and Outcomes Government role: Government should not be able to direct communities but should instead support communities in their chosen path forward. Participants spoke of support through: • Financing – providing initial capital cost (grants or subsidies). This would not only shorten the payback period of the project, but also provide confidence to the communities in recognizing the value and importance of the projects. • Training – educating and building capacity among local communities. This would include a bigger role for community colleges. 5","Question 2: Opportunities and Challenges • Po licy and decision-making (challenge): Participants voiced concerns that government policies are slow in implementation and need to catch up with real life situations. In addition, 4 year leadership terms (or shorter) leads to short-sighted visions and unstable program development, which in turns makes it difficult to pursue and develop energy projects. A point was also raised about the lack of mandate for municipalities to get involved in energy issues. • Independent Power Producers ( IPPs) and Power Purchase Agreements (PPAs) (challenge): Participants mentioned that under current agreements, producers have to pay to connect to the grid. This was seen as a huge limiting factor in developing renewable energy projects. In addition, the regulatory environment too often affects the development and implementation of IPPs and PPAs. Access to capital for future projects also presents a challenge. • Po pulation increase, cost and distance (challenge): Population increase causes increase pressure on energy demand. In addition, increased mining activities may also create strain on the system. Updating and connecting to the grid, and building transmissions lines across the North is expensive. ◦ Participants emphasized that the North has small, isolated grids, which means a small rate base. The high costs associated with connecting to the grid hinders local communities in two ways: without a connection, there is no ability to sell the surplus power produced, and there is not enough consumers to pass on the cost of installing transmission lines to connect to the grid. ◦ Participants raised that the North is not necessarily a big market; therefore, it is not a big draw for large private companies. As such, the high up front cost of renewable projects must be absorbed somehow. • Em erging demand for new building stock (opportunity): The warmer winters (weather) can potentially encourage more tourism and migration of permanent residents in the Yukon. This would mean that new housing/infrastructure would likely be needed. This presents an opportunity to “future proof” these new structures (e.g., retrofit or removal of older buildings, passive energy buildings). • Ene rgy costs (challenge & opportunity): The high cost of energy in the North makes renewable sources far more competitive. The current unreliable grid are strong motivators for individuals and households to start producing their own energy sources. In addition, the lack of grid connections (can’t sell surplus power) can be a strong motivator to enhance storage technology. 4","The candidate answer correctly identifies the modes of engagement (open discussions, breakout sessions) and the values emphasized (community empowerment, collaboration, sustainable development). It also mentions the role of government as supportive rather than directive. However, it omits the physical arrangement (e.g., seating, flipcharts) and does not mention the use of flipcharts as a specific collaborative brainstorming tool, which is a key detail in the reference. The answer is grounded in the reference but includes some minor unsupported claims (e.g., the facilitator's name). It partially satisfies the task by addressing the main idea but misses an important detail.","The candidate answer correctly identifies collaborative brainstorming through breakout exercises and mentions diverse stakeholder engagement, which aligns with the reference. However, it omits key details from the reference such as the physical arrangement (e.g., seating, flipcharts), the emphasis on local leadership, and the government's supportive role. It also includes some unsupported claims (e.g., the facilitator's name and title) and does not fully address the specific modes of engagement and tools like flipcharts.","The candidate answer correctly identifies the modes of engagement (open discussions, breakout sessions) and the values emphasized (community empowerment, collaboration, sustainable development). It also mentions the role of government as supportive rather than directive. However, it omits the physical arrangement (e.g., seating, flipcharts) and does not mention the use of flipcharts as a specific collaborative brainstorming tool, which is a key detail in the reference. The answer is grounded in the reference but includes some minor unsupported claims (e.g., the facilitator's name). It partially satisfies the task by addressing the main idea but misses an important detail.",results/unidoc_full_cache/61c9278cd49fc5a3797664717b951655a7089fda812689bae53eeaa4cbc9b694.npz,"[2, 5, 4]",[5],,YES,ROUTING,YES,YES,NO,INSPECT_OTHER_RETRIEVED_PAGE,HIGH,"The textual evidence describes the workshop and government's supporting role, but the requested physical arrangement and collaborative brainstorming tools such as the seated group, standing participant, and flipcharts require visual inspection. Page 5 was already available at rerank rank 2.",VISUAL_PAGE_SELECTION,,YES,5,[5],"[2, 5, 4]","[""page-2-chunk-1"", ""page-5-chunk-1"", ""page-4-chunk-1""]",HIT_AT_3,True,BLOCKED_INITIAL_TOP_K_3
HR067,T_GT_ONLY_TOP2_3,7,unidoc_energy_0172,5483674,energy/energy/5483674.pdf,"How did TDO's ownership percentages in the VIC/P57 and VIC/L31 sites within the Gippsland Basin, Victoria alter from the end of June 2014 to the end of December 2014?","For VIC/P57 within the Gippsland Basin, Victoria, TDO's ownership percentage decreased from 49.9% at the end of June 2014 to 24.9% at the end of December 2014. For VIC/L31 within the Gippsland Basin, Victoria, TDO's ownership percentage decreased from 49.9% at the end of June 2014 to 0% (completely disposed, shown as n/a) at the end of December 2014.",table_required,VISUAL_REQUIRED,"[7, 8]","At the end of June 2014, TDO had a 49.9% beneficial interest in both VIC/P57 and VIC/L31. By the end of December 2014, TDO's beneficial interest in VIC/P57 had decreased by 25% to 24.9%, while its beneficial interest in VIC/L31 remained unchanged at 49.9%.",2,False,"At the end of June 2014, TDO held a 49.9% interest in both the VIC/P57 and VIC/L31 sites within the Gippsland Basin. By the end of December 2014, TDO had received US$16 million for its 49.9% interest in VIC/L31, indicating it no longer held any interest in this site. For VIC/P57, TDO retained a 24.9% interest.",3,True,"At the end of June 2014, TDO had a 49.9% beneficial interest in both VIC/P57 and VIC/L31. By the end of December 2014, TDO's beneficial interest in VIC/P57 had decreased by 25% to 24.9%, while its beneficial interest in VIC/L31 remained unchanged at 49.9%.",2,False,TEXT_ONLY,False,,4,7,8,False,True,,5320.0665,353.79599999942,0.0,True,False,False,True,False,energy,comparison,2,3,C:/Users/sp/Desktop/adaptive-multimodal-rag/datasets/unidoc/energy/energy/5483674.pdf,page-4-chunk-1,page-7-chunk-1,page-8-chunk-1,"3D Oil Limited Operations Report 31 December 2014 3 Review of Operations VIC/P57 & VIC/L31, Gippsland Basin Offshore Victoria In July 2014 3D Oil (ASX: TDO) signed binding agreements with companies associated with Hibiscus Petro leum Berhad, the parent company of Carnarvon Hibiscus Pty Ltd (CHPL) , TDO’s joint venture partner in VIC/P57 and VIC/L3 1. These agreements, the Hibiscus Transaction and the HiRex Transaction, formalised the provisions of a Heads of Agreement announced in May 2014 and were approved at the 3D Oil Limited General Meeting on 11 August 2014. Both of these transactions were completed and the associated options were exercised during the half-year period. As a result, TDO received a total of US$16 million for its 49.9% interest in the West Seahorse Product ion Licence VIC/L31. TDO has also retained a 24.9% interest in the VIC/P 57 exploration permit with TDO’s interest in the up coming Sea Lion-1 well being carried to the extent of US$7.5 million. Location map for VIC/P57 and VIC/L31 The Sea Lion-1 well will meet the VIC/P57 Year 3 pe rmit commitment. It is scheduled to be drilled dur ing the second quarter of 2015 with the West Telesto jack-up rig. The West Telesto is currently drilling for Origin Energy at the Yolla gas field offshore Tasmania and will move to Sea Lion upon completion of the Yolla drilling programme. Sea Lion is an exciting prospect on a proven oil-pr oducing trend, and represents one of the last undri lled 4-way dip closures at the prolific ‘Top Latrobe’ level in the Gippslan d Basin. The combination of prominent mapped depth structure and the likely presence of thick high quality reservoir sands overlain by the regional seal makes Sea Lion uniquely prospective. An independent report has assessed the Sea Lion mos t likely (P50) Prospective Resource at 11.0MMbbl of oil (combined probabilistic estimate for the three main target levels).","3D Oil Limited Operations Report 31 December 2014 6 TDO Petroleum Tenement Holdings As at 31 December 2014, TDO petroleum tenement holdings were: Tenement and Location TDO beneficial interest at 30 June 14 Beneficial interest acquired / (disposed) TDO beneficial interest at 31 Dec 14 VIC/P57 offshore Gippsland Basin, Victoria 49.9% (25%) 24.9% VIC/L31 offshore Gippsland Basin, Victoria 49.9% (49.9%) n/a T/49P offshore Otway Basin, Tasmania 100% (30%) 70%","3D Oil Limited Directors' report 31 December 2014 7 The directors present their report, together with the financial statements, on the consolidated entity (referred to hereafter as the 'consolidated entity') consisting of 3D Oil Lim ited (referred to hereafter as the 'company' or 'pa rent entity') and the entities it controlled at the end of, or during, the half-year ended 31 December 2014. Directors The following persons were directors of 3D Oil Limi ted during the whole of the financial half-year and up to the date of this report, unless otherwise stated: Mr Campbell Horsfall Mr Noel Newell Ms Melanie Leydin Mr Leo De Maria (Appointed 1 October 2014) Mr Kenneth Pereira (Resigned 3 July 2014) Principal activities During the financial half-year the principal continuing activities of the consolidated entity consisted of: /uni25CF exploration and development of upstream oil and gas assets Review of operations The profit for the consolidated entity after provid ing for income tax amounted to $2,826,310 (31 Decem ber 2013: loss of $586,284). Refer to the detailed Review of Operations preceding this Directors' Report. Financial Position The net assets increased by $2,841,211 to $23,788,9 37 at 31 December 2014 (30 June 2014: $20,947,726). During the period the consolidated entity spent a net amount a fter reimbursements of $4,543,366 on exploration, m ainly in relation to VIC permit T49P during the period. The consolidated entity's working capital position at 31 December 2 014, being current assets less current liabilities, was $10,659,341, an increase of $14,109,052 since 30 June 2014. Based on the above the Directors believe the Company is in a stable position to continue to pursue its current operations. Significant changes in the state of affairs On 7 July 2014 the consolidated entity announced th at it had executed binding agreements with Carnarvo n Hibiscus Pty Ltd (CHPL), Althea Corporation Limited, and HiRex P etroleum Sdn Bhd (HIREX) in relation to the restruc turing of the funding and ownership of its interest in offshore Gippsland Basin tenements VIC/P57 and VIC/L31. Key points of the binding agreements were as follows: - CHPL to pay TDO US$7.5 million for the Company's interest in the Britannia Rig and a 5% interest in VIC/P57. - The proceeds will be used to meet Year 3 funding commitments for VIC/P57. - US$2 million will be paid in advance to TDO to as sist with short term funding. - US$1.94 million of funding owing to the Operator of the VIC/L31 JV will be offset against a transfer to CHPL of a 6.07% interest in VIC/L31. - An option has been granted to CHPL to purchase th e remaining 43.83% interest in VIC/L31 for $14.05 million. - An option has been granted to HIREX to earn a 20% interest in VIC/P57. Under the HiRex Farmin Agreem ent, HIREX has been granted the option to earn a 20% int erest in VIC/P57 directly from the Company in retur n for the provision of data analysis for VIC/P57 using the HI REX virtual drilling technology. The option to farm -in is exercisable within 1 month following receipt of all conditions precedent to the agreements. - As CHPL is a substantial holder of the consolidat ed entity for the purposes of ASX Listing Rule 10.1, Shareholder approval was required to be obtained to complete the matters set out in the transaction documents. The consolidated entity held a general meeting of s hareholders on 11 August 2014 and shareholders appr oved the transaction. On 18 August 2014 the consolidated e ntity announced that it received notice from CHPL e xercising its option to acquire the VIC/L31 remaining interest from the consolidated entity for a consideration of US$14.05 million. On 23 July 2014 the consolidated entity granted 400,000 unlisted employee options exercisable at $0.08 (8 cents) per option expiring 30 November 2017.","The candidate answer is partially correct, as it correctly identifies the change in TDO's ownership in VIC/P57 from 49.9% to 24.9%. However, it incorrectly states that TDO's ownership in VIC/L31 remained at 49.9%, when in fact it was completely disposed of (0%). This is a significant factual error. The answer covers the main idea but misses an important part, and it contradicts the reference for VIC/L31.","The candidate answer is mostly correct, accurately stating the change in ownership percentages for both VIC/P57 and VIC/L31. It correctly notes the decrease from 49.9% to 24.9% for VIC/P57 and the complete disposal of VIC/L31. However, the mention of receiving US$16 million is a minor factual addition not present in the reference answer and is not necessary to answer the question about ownership percentages.","The candidate answer is partially correct, as it correctly identifies the change in TDO's ownership in VIC/P57 from 49.9% to 24.9%. However, it incorrectly states that TDO's ownership in VIC/L31 remained at 49.9%, when in fact it was completely disposed of (0%). This is a significant factual error. The answer covers the main idea but misses an important part of the reference. It fails to ground correctly on the reference for VIC/L31 and only partially satisfies the task.",results/unidoc_full_cache/aa7440a6ab8312f146c9ff4892b24b9173eb37ace68584018b28842a3c6ec75d.npz,"[4, 7, 8]","[7, 8]",,YES,REASONING_GENERATION,YES,YES,NO,REASON_OR_GENERATE_BETTER,HIGH,The retrieved table on page 7 explicitly gives VIC/P57 as 49.9% to 24.9% and VIC/L31 as 49.9% to n/a after disposal. The response misread the table and incorrectly stated that VIC/L31 remained at 49.9%.,,,,7,"[7, 8]","[4, 7, 8]","[""page-4-chunk-1"", ""page-7-chunk-1"", ""page-8-chunk-1""]",HIT_AT_3,True,BLOCKED_INITIAL_TOP_K_3
HR068,T_GT_ONLY_TOP2_3,8,unidoc_finance_0018,7689976,finance/finance/7689976.pdf,What was the alteration in Ireland's nominal labor expenses per unit between 1999 and 2011 based on the competitiveness data?,The nominal unit labor costs for Ireland increased sharply until 2009 and then decreased until 2011.,image_plus_text_as_answer,VISUAL_REQUIRED,"[3, 4, 5]","The retrieved evidence indicates that Ireland's real effective exchange rate (REER) increased significantly between 1999 and 2009, with a total increase of 34.1 percent. This increase is decomposed into changes in u/u* (relative real unit labor costs) and EP/P* (relative inflation rates). For Ireland, the change in u/u* (relative real unit labor costs) contributed 13.0 percent to the total REER increase, while the change in EP/P* (relative inflation rates) contributed 18.6 percent. The change in EP/P* is further decomposed into changes in the nominal exchange rate (E) and P/P* (relative inflation differentials). The nominal exchange rate (E) contributed 2.6 percent, and P/P* (relative inflation differentials) contributed 26.4 percent to the increase in EP/P*.

Therefore, the alteration in Ireland's nominal labor expenses per unit (u/u*) between 1999 and 2009 was an increase of 13.0 percent.",1,False,"The retrieved evidence does not provide specific data on the alteration in Ireland's nominal labor expenses per unit between 1999 and 2011. The table referenced in the text provides data for the period 1999–2009, and no information for 2011 is available in the provided context. Therefore, the information is not supported by the currently retrieved evidence.",4,True,"The retrieved evidence indicates that Ireland's real effective exchange rate (REER) increased significantly between 1999 and 2009, with a total increase of 34.1 percent. This increase is decomposed into changes in u/u* (real unit labor costs) and EP/P* (relative inflation rates). For Ireland, the change in u/u* (real unit labor costs) contributed 13.0 percent to the REER increase, while the change in EP/P* (relative inflation rates) contributed 18.6 percent. The change in EP/P* is further decomposed into changes in the nominal exchange rate (E) and P/P* (relative inflation differentials). The nominal exchange rate (E) contributed 2.6 percent, and P/P* (relative inflation differentials) contributed 26.4 percent to the REER increase.

The evidence does not provide specific data on the alteration in Ireland's nominal labor expenses per unit between 1999 and 2011. The data provided ends in 2009, and there is no information on the period from 2009 to 2011. Therefore, the information is not supported by the currently retrieved evidence.",1,False,TEXT_ONLY,False,,10,5,7,False,True,,7610.7326,346.79179999875487,0.0,True,False,False,True,False,finance,temporal_comparison,3,3,C:/Users/sp/Desktop/adaptive-multimodal-rag/datasets/unidoc/finance/finance/7689976.pdf,page-10-chunk-1,page-5-chunk-1,page-7-chunk-1,"Table 1 provides a decomposition of the change in the REER into changes of u/u* and of EP/P*. Then the change of relative prices EP/P* (another popular REER meas- ure) is decomposed into changes in the nominal exchange rate E and in P/P*, that is, relative inºation rates. With the exception of Ireland and Finland and in a smaller way Italy, relativereal unit labor costs have not drifted signiªcantly and do not ex- plain much of the REER appreciation where it occurred. Because u represents the la- bor share of income, the view that labor costs have been allowed to mushroom after adoption of the euro in countries like Greece or Portugal is simply not borne out by the data. Except for Ireland, wherever competitiveness has been hurt, the main cause of increase in the REER is an appreciation of the GDP deºator based real effec- tive exchange rate EP/P*. Decomposing EP/P* further, it appears that the main cause of real appreciation is not inºation differentials but a nominal appreciation. Since its creation, after an early depreciation, the euro has appreciated, peaking in 2009, as shown in Figure 5.4 The evolution of national nominal effective exchange rates varies from one country to another because of different geographical trade patterns. This explains that some countries, chieºy Ireland (which trades heavily with the United Kingdom), under- went stronger appreciation than others like Portugal, which were more integrated into the EU. Among the crisis countries, inºation differentials have been negligible except for Spain, probably an effect of its construction boom. Yet inºation differen- 72 Asian Economic Papers The Eurozone Crisis and the Competitiveness Legend Asian Economic Papers (ASEP) 12:3 Job No. 1304 page 72 4 The 25.5 percent euro’s effective appreciation between 1999 and 2009 exceeds that of the countries shown in [error reference source not found]. because national effective rates use trade weights that include the other Euro Area countries whereas the Euro Area as a whole only trades with the rest of the world. Table 1. Decomposition of increase in REER, 1999–2009 (percent) Total REER EU/U* u/u* EP/P* E P/P* P Crisis countries Greece 14.4 2.6 11.5 11.7 /H110020.1 38.6 Ireland 34.1 13.0 18.6 15.6 2.6 26.4 Italy 17.7 5.6 11.5 12.3 /H110020.8 26.8 Portugal 13.0 1.9 10.8 6.9 3.7 30.1 Spain 19.0 /H110022.7 22.3 10.3 10.9 40.1 Non-crisis countries Austria /H110021.9 /H110022.2 0.3 7.1 /H110026.3 16.7 Belgium 8.8 0.6 8.2 9.1 /H110020.9 22.5 Finland 13.5 9.6 3.5 11.9 /H110027.5 16.3 France 9.5 2.9 6.4 10.7 /H110023.9 20.8 Germany /H110028.0 /H110022.5 /H110025.7 11.4 /H1100215.3 8.9 Netherlands 14.8 2.4 12.0 8.8 3.0 26.3 Source: AMECO online. European Commission. Note: u/u* is the ratio of domestic and foreign real unit labor costs WL/PY (code QLCDQ); E is the nominal effective exchange rate (code XUNNQ); P/P* is the ratio of domestic and foreign GDP deºators (code: PVGDQ); P is the domestic GDP deºator (code PVGD). See error in this note","siderations suggest that the co-movements apparent in Figure 1 are not necessarily exogenous and need to be explained. They also provide some clues to the rapid re- versal observed after 2009. The second assumption is clearly unacceptable. It implicitly amounts to claiming that the Euro Area countries only compete with each other. While intra–Euro Area trade often represents the largest part of overall trade, individual countries have dif- ferent specializations and trade with different parts of the world. It also ignores the fact that the evolution of the nontraded goods sector, where much of wage slippages have occurred, has little to say about external competitiveness. These two argu- ments suggest that nominal labor costs do not tell us much about external competi- tiveness. Ideally, we would like to look at each country real effective exchange rate (REER) measured by comparing the domestic traded good price index and an index of average traded good prices in the partners countries converted in domestic cur- rency when these countries are not part of the Euro Area. Lack of internationally comparable traded goods price data precludes the use of such a REER, unfortunately. This paper therefore sticks with nominal labor costs but relies on a REER that compares each country’s costs to average costs in its partner countries, including those outside of the Euro Area. Figure 2 accordingly presents REER for each country based on nominal unit labor costs EU/U* where E is the ef- fective exchange rate of a country, U its nominal labor costs, and U* the average unit labor costs in partner countries, using the same geometric weighting schemes for E and U*.2 The leftmost chart presents REERs of the crisis countries and the rightmost chart presents those from the largest remaining countries using the same scale for comparison purposes. Figure 2 seems to conªrm the evidence suggested by Figure 1, because an important gap emerges after 1999 between the crisis countries and Germany. The ªgure, how- ever, suggests that REERs have depreciated considerably after 2009 and are almost back to their 1999 levels. The reversal suggests that labor markets are considerably more responsive than hitherto believed and that exit from the Euro Area is hardly warranted any more. The ªgure also suggests that Germany is an outlier, relative to both crisis and non-crisis countries, perhaps with the exception of Austria. This presentation of REERs is potentially misleading, too, however. By normalizing all REERs to be 100 in 1999, the year when the euro was created, it implicitly 67 Asian Economic Papers The Eurozone Crisis and the Competitiveness Legend Asian Economic Papers (ASEP) 12:3 Job No. 1304 page 67 2 The partner countries are the 35 other industrialized countries in a sample that includes the 27 EU countries, Australia, Canada, Japan, Mexico, New Zealand, Norway, Switzerland, Turkey, and the United States. Double export weights. (AMECO code: XUNRQ.)","2012 covered by the data set.3 Crucially, the ªgure shows that by 2012 the REERs of Greece and Ireland are below their sample averages and that no REER index is higher than 105, except for Italy at 106. Of course, some countries may have had overvalued exchange rates during the whole period, so this not proof that no ex- change rate remains overvalued. Just looking at data cannot provide an answer to that question. But this is also true about the world-famous Figure 1, which suffers 69 Asian Economic Papers The Eurozone Crisis and the Competitiveness Legend Asian Economic Papers (ASEP) 12:3 Job No. 1304 page 69 3 Based on the spreadsheet, it appears that the normalization is implemented over the full set of 11 countries and 15 years (as compared with country by country over the full time period, or year by year across the panel of countries). Text should conªrm, or clarify that this is the implementation. Figure 3. Relative unit labor costs (index: 1995–2012 100) Source: Same data as Figure 2.","The candidate answer discusses the change in Ireland's real unit labor costs (u/u*) between 1999 and 2009, but the question asks about the alteration in nominal labor expenses per unit between 1999 and 2011. The candidate answer does not address the full time period (up to 2011) and does not mention nominal labor costs directly. It also focuses on real effective exchange rate decomposition rather than directly answering the question about nominal labor costs.","The candidate answer correctly states that the data for the full period (1999–2011) is not available in the provided context, and therefore the alteration cannot be determined. It is fully correct, complete, grounded in the reference, and directly addresses the task.","The candidate answer correctly states that the data does not provide specific information on nominal labor expenses per unit from 1999 to 2011, and notes that the data ends in 2009. However, it fails to mention the key point from the reference answer that nominal unit labor costs increased until 2009 and then decreased until 2011. The answer is grounded in the provided evidence and addresses the task, but it is incomplete and only partially correct.",results/unidoc_full_cache/1f08326fbb8faa053d6480a7128a19d56d703d27fa54efd791451c31542bc150.npz,"[10, 5, 7]",[5],,YES,RETRIEVAL,,YES,NO,RETRIEVE_MORE,HIGH,The requested 1999-2011 trend in Ireland's nominal unit labor costs is shown in Figure 1: a sharp increase up to around 2009 followed by a decline through 2011. The retrieved evidence instead led the model to a different 1999-2009 REER decomposition. The answer-bearing visual page was not retrieved.,,,,4,"[3, 4, 5]","[10, 5, 7]","[""page-10-chunk-1"", ""page-5-chunk-1"", ""page-7-chunk-1""]",HIT_AT_3,True,BLOCKED_INITIAL_TOP_K_3
HR069,T_GT_ONLY_TOP2_3,9,unidoc_healthcare_0071,2008937,healthcare/healthcare/2008937.pdf,"In the research on preventing cholesteatoma in rats with intratympanic Mesna, what differences are observed in tympanic bulla mucosal thickness between the experimental and control groups?","The minimum, maximum, and mean tympanic bulla mucosal thicknesses in the experimental group are 2.2333 μμ, 14.8733 μμ, and 12.6400 μμ, respectively, while in the control group they are 3.6208 μμ, 22.7408 μμ, and 19.1200 μμ.",table_required,VISUAL_REQUIRED,"[5, 6]","In the study on preventing cholesteatoma in rats with intratympanic Mesna, the tympanic bulla mucosal thickness showed a statistically significant decrease in the experimental group compared to the control group. Specifically, the minimum mucosal thickness of the tympanic bulla was significantly lower in the experimental group (p=0.019).",2,False,"In the research on preventing cholesteatoma in rats with intratympanic Mesna, the tympanic bulla mucosal thickness was measured in both the experimental and control groups. The decrease in the minimum mucosal thickness of the tympanic bulla was found to be statistically significant in the experimental group compared to the control group (p=0.019). This indicates that the mucosal thickness in the experimental group was significantly reduced compared to the control group.",1,False,"In the study on preventing cholesteatoma in rats with intratympanic Mesna, the tympanic bulla mucosal thickness showed a statistically significant decrease in the experimental group compared to the control group. Specifically, the minimum mucosal thickness of the tympanic bulla was significantly lower in the experimental group (p=0.019).",2,False,TEXT_ONLY,False,,4,5,1,False,True,,5457.582,525.1014999994368,0.0,False,False,False,True,False,healthcare,comparison,2,3,C:/Users/sp/Desktop/adaptive-multimodal-rag/datasets/unidoc/healthcare/healthcare/2008937.pdf,page-4-chunk-1,page-5-chunk-1,page-1-chunk-1,"Posted on Authorea 16 Jan 2021 | The copyright holder is the author/funder. All rights reserved. No reuse without permission. | https://doi.org/10.22541/au.161079114.40631977/v1 | This a preprint and has not been peer reviewed. Data may be preliminary. were not observed in the tympanic membrane and tympanic bulla mucosa. No statistically signiﬁcant diﬀerence between the two groups regarding the prevalence of cholesteatoma and the presence of ﬁbrosis was observed (p>0.05). Meanwhile in the microscopic histopathological evaluation the prevalence of cholesteatoma and ﬁbrosis were observed to be lower in the experiment group. Quantitative results: The tympanic bulla mucosa and tympanic membrane thicknesses of the experiment group and the control groupweremeasured. ThesehistologicalparametersaregiveninTable1and2. Thedecreaseintheminimum mucosal thickness of the tympanic bulla was evaluated as statistically signiﬁcant (p=0.019). When the maximum and average thicknesses of the tympanic membrane were evaluated, the decrease in the experiment group was statistically signiﬁcant (p=0.008, p=0.011). Discussion In the recent years, Mesna is being used in surgical procedures for tissue dissection because of its chemical properties.12 It is being used in the practice of otolaryngology, especially to open the thickness between the tympanic membrane and the middle ear mucosa that occurs in the adhesive otitis media and atelectatic tympanic membranes.8,13 Yılmaz et al conducted a study where they applied Mesna to the 42 ears of 39 patients diagnosed with retraction pockets ﬁxed to the incudo stapedial joint, stapes or promontorium and adhesive otitis media.8 As a result they reported that the use of Mesna is safe and eases the surgery, increasing surgical success. Kalcio˘ glu et al reported in a retrospective study that the use of Mesna increases surgical success, decreasing the need for second-look surgery.13 We, in our clinic, usually use %20 Mesna in the surgery of adhesive otitis media. We administer Mesna from the non retracted region of the tympanic membrane or the antrum to the middle ear cavity. We usually use dental injectors and administer one dose. We wait approximately 4-6 minutes after administration. When the studies in the literature are considered, it can be seen that diﬀerent agents have been used to prevent the development of experimental cholesteatoma. In these studies, it has been reported that cyclophospamide, isotretinoin, hyaluronic acid and mitomicin – C have no inhibiting eﬀect on the devel- opment of cholesteatoma, prednisolon, transretinoic acid, 5- ﬂuorouracilin have been reported to stop the increase of cholesteatoma.6,14-18 In our study we administered Mesna to provide the inhibition of the devel- opment cholesteatoma that occurred with the intratympanic injection of propylene glycol. According to the histopathological evaluation we observed that Mesna decreases the development of cholesteatoma. According to the theory of epithelial migration, propylene glycol causes the formation of cholesteatoma.4,17 However there is diversity amongs the studies regarding the prevalence of cholesteatoma formation and histopathological properties. In experimental studies it has been shown that proliferation of the epithelial basal layer of the tympanic membrane starts in the third week.19,20 In the sixth week, the prevalence of the cholesteatoma caused by %90 propylene glycol (%90) is %87.5.21 It has been shown in the tympanic bullas of the chinchilla type rats that a single application of %50 propylene glycol (%50) can form cholesteatoma after three weeks.4 According to the information in the literature, the concentration of the mucosal irritant used to form experimental cholesteatoma and the duration of use are important. Therefore diversity is observed between the studies. We used %50 propylene glycol in our study and sacriﬁced the rats 45 days after the ﬁrst administration. The cholesteatoma prevalence seen in the control group of our study, %50, was evaluated to be in concordance with the studies in the literature (%33–90).5 In our animal model study the decreases of the tympanic membrane thickness and the tympanic bulla mucosal thickness seen in the histopathological images between the control group and the experiment group were evaluated to be statistically signiﬁcant. It was observed in the histopathological images that the cholesteatoma were mainly located at the tympanic bulla. Melo et al showed in their experimental study that epidermal invasion occurred from the tympanic membrane to the tympanic bulla in the control group and study group.5 In a study conducted on Winstar rats in which the eﬀect of intratympanic single dose Mesna on cholestatoma","Posted on Authorea 16 Jan 2021 | The copyright holder is the author/funder. All rights reserved. No reuse without permission. | https://doi.org/10.22541/au.161079114.40631977/v1 | This a preprint and has not been peer reviewed. Data may be preliminary. was investigated, it was emphasized that single dose intratympanic Mesna prevented the formation of cholestatoma.22 In our study, despite the intratympanic Mesna application applied for 4 times, no statistical signiﬁcance was found, indicating that the formation of cholestatoma was completely prevented. However, in microscopic examination, it was determined that Mesna reduced the occurrence prevalence of cholesteatoma and ﬁbrosis. Conclusion According to the histopahtological results of our study on the experimental cholesteatoma model created on rats, the intratympanic administration of Mesna had a decreasing eﬀect on the prevalence of cholesteatoma. Acknowledgments: We thank Dr. Pınar Ergen for performing histopathological examination. Conﬂicts of Interest:The authors declare no conﬂict of interest Funding: This research did not receive any speciﬁc grant from funding agencies in the public, commercial, or not-for-proﬁt sectors. Table 1.Statistical analysis of groups according to the thickness of the tympanic membrane ears(n) tympanic membrane thicknesses (μμ) tympanic membrane thicknesses(μμ) tympanic membrane thicknesses(μμ) minimum maximum mean Exp 11 0.3927 1.1409 0.7482 Ctrl 11 0.5045 3.1791 2.6745 Table 2. Statistical analysis of groups according to the tympanic bulla mucosal thickness ears (n) τψμπανις βυλλα μυςοσα τηιςκνεσσες (μμ) τψμπανις βυλλα μυςοσα τηιςκνεσσες (μμ) τψμπανις βυλλα μυςοσα τηιςκνεσσες (μμ) minimum maximum mean Exp 12 2.2333 14.8733 12.6400 Ctrl 12 3.6208 22.7408 19.1200 References 1. R¨ uedi L. Cholesteatoma formation in the middle ear in animal experiments. Acta Otolaryn- gol 1959;50(3-6):233-42. 2. Hueb MM, Goycoolea MY, Muchow D, Duvall AJ, Paparella MM, Sheridan C. In search of missing links in otology. III. Development of a new animal model for cholesteatoma. Laryngoscope 1993;103:774-784 3. Piltcher OB, Swarts JD, Magnuson K, Alper CM, Doyle WJ, Hebda PA. A rat model of otitis me- dia with eﬀusion caused by eustachian tube obstruction with and without Streptococcus pneumoniae infection: methods and disease course. Otolaryngol Head Neck Surg 2002;126(5):490-8. 4. Masaki M, Wright CG, Lee DH, Meyerhoﬀ WL. Eﬀects of Otic Drops on Chinchilla Tympanic Mem- brane. Arch Otolaryngol Head Neck Surg 1988;114:1007-1011 5. Melo AA, Caldas Neto SS, Le˜ ao FS, Campos AJ. Eﬀect of intratympanic mitomycin C on the deve- lopment of cholesteatoma and otitis media in rats. J Laryngol Otol 2013;127: 359-363 6. Sennaroglu L, Ozkul A, Gedikoglu G, Turan E. Eﬀect of intratympanic steroid application on the development of experimental cholesteatoma.Laryngoscope 1998;108:543-7 7. Antunes ML, Fukuda Y, Penido Nde O, Ferreira R. Eﬀect of trans-retinoic acid in the inhibition of cholesteatoma in guinea pigs. Rev Bras Otorrinolaringol 2008;74(1):53-60 8. Yilmaz M, Goksu N, Bayramoglu I, Bayazit YA. Practical use of MESNA in atelectatic ears and 5","Posted on Authorea 16 Jan 2021 | The copyright holder is the author/funder. All rights reserved. No reuse without permission. | https://doi.org/10.22541/au.161079114.40631977/v1 | This a preprint and has not been peer reviewed. Data may be preliminary. DOES THE INTRATYMPANIC APPLICATION OF MESNA PREVENT THE CHOLESTEATOMA? AN EXPERIMENTAL RATS STUDY B˙ILAL S˙IZER1, Aylin G¨ ul2, and Song¨ ul Karababa Demir3 1memorial diyarbakır hospital 2Medikal Park Hospital 3Mardin Public Hospital January 16, 2021 Abstract Purpose Studying the eﬀect of Mesna on middle ear otitis media and cholesteatoma induced by propylene glycol on an exper- imental animal model. Methods The study was designed to consist of sixteen Wistar albino rats, their right ears being the control group and left ears being the experiment group. %50 propylene glycol, gentamicinsulfate and physiologic salt water were applied to the right ear and %50 propylene glycol, gentamicinsulfate and %20 Mesna were administered to the left ear through intratympanic injections on days 1, 3, 8, 15 and 21. The rats were sacriﬁced 45 days after the ﬁrst injection and underwent histopathological examination. Results It was seen that cholesteatoma and ﬁbrosis were less common in the experiment group in microscopic evaluation. A statistically signiﬁcant decrease was observed when the average and maximum thicknesses of the tympanic membranes and the minimum thicknesses of the tympanic bulla of the control group and the experiment group were compared. (p< 0.05) Conclusion In the experimental cholesteatoma model created in rats, no statistical signiﬁcance was observed, indicating that Mesna, which was applied intratympanically, completely prevented the formation of cholesteatoma. However, it was found that the prevalence of cholesteatoma formation was microscopically less in the experimental group. DOES THE INTRATYMPANIC APPLICATION OF MESNA PREVENT THE CHOLESTEATOMA? AN EXPERIMENTAL RATS STUDY Abstract Purpose Studying the eﬀect of Mesna on middle ear otitis media and cholesteatoma induced by propylene glycol on an experimental animal model. Methods The study was designed to consist of sixteen Wistar albino rats, their right ears being the control group and left ears being the experiment group. %50 propylene glycol, gentamicinsulfate and physiologic salt water were applied to the right ear and %50 propylene glycol, gentamicinsulfate and %20 Mesna were administered to the left ear through intratympanic injections on days 1, 3, 8, 15 and 21. The rats were sacriﬁced 45 days after the ﬁrst injection and underwent histopathological examination. Results It was seen that cholesteatoma and ﬁbrosis were less common in the experiment group in microscopic eval- uation. A statistically signiﬁcant decrease was observed when the average and maximum thicknesses of 1","The candidate answer correctly states that there is a statistically significant decrease in mucosal thickness in the experimental group and mentions the minimum thickness with a p-value, which is partially supported. However, it omits the specific numerical values (minimum, maximum, mean) from the reference answer, which are essential to fully answer the question. The inclusion of a p-value is a minor unsupported claim.","The candidate answer correctly identifies that there is a statistically significant difference in mucosal thickness between the experimental and control groups (p=0.019), which is a correct inference. However, it fails to provide the actual values of minimum, maximum, and mean mucosal thickness as required by the question and reference answer. The answer is therefore incomplete and not grounded in the specific data from the reference.","The candidate answer correctly states that there is a statistically significant decrease in mucosal thickness in the experimental group and mentions the minimum thickness with a p-value, which is partially supported. However, it omits the specific numerical values (minimum, maximum, mean) from the reference answer, which are essential to fully answer the question. The inclusion of a p-value is a minor unsupported claim.",results/unidoc_full_cache/45cb65b1e60d2632190abd52c96213104ca5c7f61ac7717a26bb9682d4f97016.npz,"[4, 5, 1]",[5],,YES,REASONING_GENERATION,YES,YES,NO,REASON_OR_GENERATE_BETTER,HIGH,"The retrieved table already contains the experimental and control minimum, maximum, and mean tympanic bulla mucosal thickness values. The response reported only the statistically significant minimum-thickness difference and omitted the requested numerical comparison.",,,,5,"[5, 6]","[4, 5, 1]","[""page-4-chunk-1"", ""page-5-chunk-1"", ""page-1-chunk-1""]",HIT_AT_3,True,BLOCKED_INITIAL_TOP_K_3
HR070,T_GT_ONLY_TOP2_3,10,unidoc_healthcare_0101,5825109,healthcare/healthcare/5825109.pdf,"In the case of TTC Osteotomy -001, what are the highest and lowest von-Mises stress values recorded for talus cartilage?","The maximum equivalent stress value for talus cartilage in TTC Osteotomy -001 is 0.97255 MPa, and the minimum is 0.00023848 MPa.",image_only,VISUAL_REQUIRED,[6],The highest and lowest von-Mises stress values recorded for talus cartilage in the case of TTC Osteotomy -001 are 1.004 MPa (maximum) and 0.177 MPa (mean).,1,False,"For TTC Osteotomy -001 (interpreted as FEA-001), the highest von-Mises stress recorded for talus cartilage is 1.004 MPa, and the lowest (mean) is 0.177 MPa.",1,False,The highest and lowest von-Mises stress values recorded for talus cartilage in the case of TTC Osteotomy -001 are 1.004 MPa (maximum) and 0.177 MPa (mean).,1,False,TEXT_ONLY,False,,5,6,3,False,True,,4813.2874,360.3511000001163,0.0,False,False,False,False,False,healthcare,factual_retrieval,1,3,C:/Users/sp/Desktop/adaptive-multimodal-rag/datasets/unidoc/healthcare/healthcare/5825109.pdf,page-5-chunk-1,page-6-chunk-1,page-3-chunk-1,"FEA of cartilage transfer to talus 359 TAbLE II Summary of numerical FEA outputs FEA study code FEA output Value FEA-001 FEA-002 FEA-003 FEA-004 Contact pressure on the surface between tibia and talus cartilages (MPa) Maximum 1.677 1.708 1.653 1.683 Mean 0.669 0.690 0.674 0.665 Frictional stress on the surface between tibia and talus cartilages (MPa) Maximum 0.0275 0.0280 0.0271 0.0276 Mean 0.0110 0.0113 0.0111 0.0109 Equivalent stress on the tibia cartilage (MPa) Maximum 1.305 1.297 1.216 1.226 Mean 0.228 0.236 0.228 0.228 Equivalent stress on the talus cartilage (MPa) Maximum 1.004 1.017 0.973 0.976 Mean 0.177 0.196 0.176 0.177 Equivalent stress on the plug (MPa) Maximum - - 8.006 7.343 Deformation on the plug (mm) Maximum - - 0.103 0.117 Deformation on the plug (Y-direction) (mm) Maximum - - 0.103 0.116 Deformation of the total body loading (mm) Maximum 0.312 0.306 0.313 0.314 Deformation of the total body loading (Y-direction) (mm) Maximum 0.301 0.296 0.302 0.303 FEA: Finite element analysis. the frictional contact (non-linear contact) between the osteochondral plug and the socket and tibiotalar articular cartilage surfaces. Furthermore, bonded contact definitions were defined between cortical and trabecular bone and subcortical bone (frictional coefficient: 0.46) and the articular cartilage (frictional coefficient: 0.0164). [24,25] The material properties defined in the FEA were collected based on the previous data in the literature. The material properties for cortical, trabecular, and articular cartilage were separately assigned under consideration of isotropic homogenous linear elastic material model assumptions (Table I). [26-32] Mesh structure and quality verification The mesh structure of the finite element (FE) has been shown to influence FEA outputs directly, and minimum criteria for model selection, proper recognition of parameters, and verification have been defined to achieve a precise performance and output. [33] To validate the current FE model for the predefined FEA scenarios, both mesh density (sensitivity) measurement and skewness metric (mesh quality) controls were performed. The mesh sensitivity analysis findings suggested a minimum element size of 1 mm for the tibial cortical and trabecular bone. Besides, for intact tibiotalar joint and osteochondral grafting models, average skewness values of 0.217 and 0.235 were obtained, respectively. The 1-mm element size and skewness values resulted in an excellent mesh quality for the FE models (total number of elements: 628570, total number of nodes: 926132). As a result, all simulation scenarios were performed using an identical curvature meshing strategy. The Dell Precision M4800 Series (Intel Core™ i7 4910MQ CPU @ 2.90 GHz, NVIDIA Quadro K2100M-2GB, and Physical Memory: 32 GB) mobile workstation was employed as the solving platform. Tibiotalar joint biomechanical evaluations Visual outputs, numerical values of the equivalent stress (von Mises values), and total tibiotalar structure deformation distributions on the components, tibiotalar articular cartilage contact pressure, frictional stress, and contact pressure between all fragments were extracted from the simulation results and presented with graphs. No statistical analysis was performed, as the measurements obtained in FEA were absolute values without any variation. RESULTS The average contact pressure between tibial and talar cartilage was 0.669 MPa in the intact ankle joint. In the empty socket simulation, joint contact pressure increased to 0.690 MPa. The osteochondral grafting with the same cartilage thickness increased the contact pressure by 0.74%, relative to the intact ankle joint, and reached 0.674 MPa. A plug with a","Jt Dis Relat Surg 360 thicker cartilage decreased the contact pressure to 0.665 MPa (0.59%, compared to the intact ankle joint) (Figure 4). The average frictional stress between tibial and talar cartilage was similar in all tested scenarios. The summary of the results is presented in Table II. Under defined boundary conditions, no permanent deformation or damage was detected on any of the analyzed components (cortical bone, trabecular bone, and cartilage). The maximum equivalent (von Mises) stress values on each component were far less than their yield stress values (Figure 5). In case of a cartilage defect (FEA-002), the equivalent stress concentrated around the periphery of the defect on talar cartilage. On the contrary, reciprocal tibial cartilage was unloaded. In both osteochondral grafting scenarios, the equivalent stress values on tibial and talar cartilage decreased to near-normal values. DISCUSSION In the current study, we investigated the biomechanical effects of cartilage thickness mismatch between donor and recipient area in autologous osteochondral grafting from knee to talus. Our study results showed that osteochondral plugs with a relatively thicker cartilage layer did not cause a significant change in contact pressure, frictional stress, equivalent stress, and deformation in medially located OLT treatment, despite the presence of subchondral stepping. Based on these findings, we can speculate that osteochondral plugs of different thicknesses may be used for autologous osteochondral grafting. However, it should be noted that the osteochondral plug was inserted flush to the joint. The importance of the flush placement of osteochondral plugs has been also shown in previous cadaveric studies. Latt et al. [9] compared joint contact pressures in flush, recessed (5 mm and 10 mm), and elevated (5 mm and 10 mm) osteochondral plugs FIGURE 5. Summary of visual outputs.","FEA of cartilage transfer to talus 357 FIGURE 2. (a) Localization of plugs on talar articular surface. (b) Thickness of cartilage in plug A and B was 1.5 mm and 2.5 mm, respectively. Total height of plug was 14 mm. (c) Schematic presentation of FEA simulation scenarios. FEA: Finite element analysis. (a) (c) (b) AG, Munich, Germany) was performed in the supine position with a slice distance of 0.7 mm from 80 mm above the ankle joint down to the heel (130 KV , 42 mA, 334 slices). The CT examination revealed no osseous lesions and deformity. A written informed consent for the confidential use of the imaging files received from the participant. The study was conducted in accordance with the principles of the Declaration of Helsinki. The 3D Slicer version 4.10.2 (3D Slicer, BWH, MA, USA), Meshmixer version 3.5 (Autodesk, CA, USA), SolidWorks 2020 (Dassault Systèmes SolidWorks Corp., MA, USA), and ANSYS® workbench version 17.0 (ANSYS, Inc., PA, USA) were applied to model and simulate the FEA scenarios, respectively. In the solid modeling, cortical bone, trabecular bone, and cartilage were separately created and FIGURE 3. Boundary conditions. Tibial column carries 84.3% of total body weight (BW). Since the participant was 98 kg, the model was loaded with 810.4 N (B) using a compressive plate (A) on talus (C). Loading was applied as axial compression.","The candidate answer provides a value for the maximum von-Mises stress (1.004 MPa) but this is incorrect compared to the reference (0.97255 MPa). It also incorrectly reports a mean value (0.177 MPa) instead of the minimum value (0.00023848 MPa). The answer fails to provide the correct minimum value and includes an unsupported mean value, which was not requested.","The candidate answer provides a partial correct response by addressing the highest and lowest von-Mises stress values for talus cartilage in TTC Osteotomy -001. However, the values (1.004 MPa and 0.177 MPa) do not match the reference answer (0.97255 MPa and 0.00023848 MPa), and the mention of 'mean' for the lowest value is unsupported and inconsistent with the reference. This results in a lack of grounding.","The candidate answer provides an incorrect maximum value (1.004 MPa instead of 0.97255 MPa) and incorrectly reports 0.177 MPa as the mean instead of the minimum. It fails to provide the correct minimum value and misunderstands the question by reporting a mean instead of a minimum. It contains only a small correct element (answering the question about von-Mises stress in the correct case), but is otherwise incorrect and incomplete.",results/unidoc_full_cache/583d739ac9771ac5889d47f325e9e553222059149690e5d26610ca245b282fb0.npz,"[5, 6, 3]",[6],,YES,ROUTING,YES,YES,NO,INSPECT_OTHER_RETRIEVED_PAGE,HIGH,The requested TTC Osteotomy-001 maximum and minimum von-Mises stress values are encoded in the visual output on page 6. Page 6 was already reranked at rank 2. The response instead used Table II values from page 5 and confused the mean value with the minimum. Visual inspection of the other retrieved page was required.,VISUAL_PAGE_SELECTION,,YES,6,[6],"[5, 6, 3]","[""page-5-chunk-1"", ""page-6-chunk-1"", ""page-3-chunk-1""]",HIT_AT_3,True,BLOCKED_INITIAL_TOP_K_3
HR071,T_GT_ONLY_TOP2_3,11,unidoc_legal_0064,7386841,legal/legal/7386841.pdf,"In the context of Rueda and Emmenegger's findings, how does one's employment condition impact their propensity to support major right-wing parties?","Individuals with good labor market status have a higher probability of voting for the major right, according to Rueda and Emmenegger's models. Those at high risk of losing their status are particularly inclined to support radical right-wing parties. The probability increases significantly for individuals with good status and high risk compared to those with low risk.",image_only,VISUAL_REQUIRED,[19],"According to Rueda and Emmenegger's findings, employment conditions significantly impact one's propensity to support major right-wing parties. Specifically, individuals who are outsiders in terms of labor market status—such as temporary workers and the unemployed—are less likely to support major right-wing parties compared to insiders. Temporary workers are 2.4 percentage points less likely, and the unemployed are 5.1 percentage points less likely to support major right-wing parties than insiders. However, part-time workers are an exception, as they are 2.6 percentage points more likely to support major right-wing parties than insiders.",2,False,"According to Rueda and Emmenegger's findings, one's employment condition significantly impacts their propensity to support major right-wing parties. Specifically:

- Under the Rueda operationalization, being an outsider reduces the likelihood of voting for the major right by 3.6 percentage points.
- Under the Emmenegger operationalization, temporary workers are 2.4 percentage points less likely, and the unemployed are 5.1 percentage points less likely to support the major right than insiders.
- Part-time workers, in contrast, are 2.6 percentage points more likely to support the major right than insiders.",2,False,"According to Rueda and Emmenegger's findings, employment conditions significantly impact one's propensity to support major right-wing parties. Specifically, individuals who are outsiders in terms of labor market status—such as temporary workers and the unemployed—are less likely to support major right-wing parties compared to insiders. Temporary workers are 2.4 percentage points less likely, and the unemployed are 5.1 percentage points less likely to support major right-wing parties than insiders. However, part-time workers are an exception, as they are 2.6 percentage points more likely to support major right-wing parties than insiders.",2,False,TEXT_ONLY,False,,16,19,18,False,True,,5771.4741,361.0733999994409,0.0,False,False,False,False,False,legal,causal_reasoning,1,3,C:/Users/sp/Desktop/adaptive-multimodal-rag/datasets/unidoc/legal/legal/7386841.pdf,page-16-chunk-1,page-19-chunk-1,page-18-chunk-1,"Second, we ﬁnd consistent support for H2: outsiders are signiﬁcantly less likely to sup- port major right parties under all operationalizations. Going from the minimum to maxi- mum on the continuous Schwander/H€ausermann and Rehm outsiderness scale decreases the likelihood of supporting the major right by 16.2 and 24.4 percentage points respectively. Under the Rueda binary operationalization, being an outsider reduces the likelihood of vot- ing for the major right by 3.6 percentage points. Under the Emmenegger operationalization, temporary workers and the unemployed are 2.4 and 5.1 percentage points less likely to sup- port the major right than insiders respectively. Part-time workers, however, are 2.6 percent- age points more likely to support the major right than insiders, a ﬁnding that we discuss more below. The results concerning hypotheses H3 and H4 differ according to operationalization types. Concerning H3, the risk-based (Schwander/H €ausermann and Rehm) operationaliza- tions do not predict any signiﬁcant effect of outsiderness on major left vote. Under the labor market status (Rueda and Emmenegger) operationalizations, we ﬁnd that outsiders are sig- niﬁcantly less likely to support the major left. Rueda outsiders are 3.0 percentage points less likely to vote for the major left than insiders. Temporary workers, part-time workers, and the unemployed are 2.1, 2.2 and 3.9 percentage points less likely to support the major left than insiders. The Emmenegger operationalization demonstrates further nuance of major left vote, namely that the major left is primarily supported by insiders (as opposed to upscales and all types of outsiders). Results concerning H4 are also structured by operationalization type. Radical left parties are signiﬁcantly less likely to be supported by Schwander and H €ausermann risk-based outsiders. On the contrary, the radical left is signiﬁcantly more likely to be supported by outsiders deﬁned by labor market status. Rueda outsiders vote for it 1.4 percentage points more likely than outsiders. Similarly, temporary workers under the Emmenegger operationalization are 1.3 percentage points more likely to vote for the radical left. The unemployed, as well as Rehm outsiderness, do not have a signiﬁcant effect. Interestingly, part-time workers are 0.8 percentage points less likely to support the radical left. The radical right, on the contrary, is more likely to be supported by risk-based outsiders. Under the Schwander/H €ausermann and Rehm operationalizations, extreme outsiders are 5.3 and 3.5 percentage points respectively more likely to vote for the radical right than extreme insiders. On the contrary, Emmenegger temporary workers are 1.2 percentage points less likely to vote for the radical right than insiders. Part-time workers, the unemployed, and Rueda outsiders do not demonstrate a signiﬁcant effect on radical right vote. Finally, the divergent results for the three disaggregated types of Emmenegger outsiders suggest that diverse outsider characteristics lead to varying electoral behavior. Compared to Rueda’s operationalization of outsiders, which also relies on labor market status, it is Emmenegger’s temporary workers that behave much like the Rueda outsiders—they tend to support the radical left signiﬁcantly more, the major left and right signiﬁcantly less, the radi- cal right signiﬁcantly less, and they are signiﬁcantly less likely to turn out to vote than insiders. The unemployed behave very similarly to Rueda outsiders, but their status does not produce any signiﬁcant predictions concerning radical left and right vote. However, being unemployed is a more powerful predictor of the other outcomes. The unem- ployed are more likely to abstain, and less likely to vote for the major left and right than Outsiders at the ballot box 175","panel), it shows that individuals at high risk tend to support the radical right more than indi- viduals at low risk. This effect is particularly pronounced for those with good status and high risk. Compared to individuals with low risk, they are over 1 percentage point signiﬁ- cantly more likely to vote radical right. Those with poor status and high risk are more likely to vote for radical right; however, the difference is not statistically signiﬁcant. 9 Turning to the radical left, Figure 6 demonstrates that individuals with poor labor market status are sig- niﬁcantly more likely to vote for the radical left, whatever their risk level. Going from good 0 .1 .2 .3 .4 Probability -1.7 -1 0 1 2.4 Outsiderness Continuous 0 .1 .2 .3 .4 Probability 1 5 10 15 20 25 30 35 Outsiderness Continuous Rehm 0 .1 .2 .3 .4 Probability Insider Outsider Outsider Binary Rueda 0 .1 .2 .3 .4 Probability Upsc Insid Temp Part-t Unem Outsiderness Categorical Emmenegger Vote Major Right Figure 3. Effect of outsiderness on major right vote. Notes: Predicted probabilities with 95% conﬁ- dence intervals. Based on models reported in Tables A2–A5 in the Supplementary Appendix. 9 The statistical tests comparing the predicted probabilities of these groups are the following: Good Status, Hi Risk vs Good Status, Lo Risk: predicted probability difference ¼ 0.013, z ¼ 4.29, P < 0.000. Good Status, Hi Risk vs Poor Status, Low Risk: predicted probability difference ¼ 0.011, z ¼ 2.55, P < 0.011. 178 A. E. Rovny and J. Rovny","occupational risk. Given the overlapping nature of the four operationalizations considered here (demonstrated by Table 1), it is possible to deﬁne four groups of individuals in our sam- ple: (a) those with good labor market status and low risk; (b) those with good labor market status and high risk; (c) those with poor labor market status and low risk; and ﬁnally (d) those with poor labor market status and high risk. 8 We can consequently specify the same vote choice model, predicting electoral behavior with membership in one of these four groups, while maintaining the same socio-demographic and system controls discussed above. Figure 6 summarizes the results of these analyses, while the details are available in Table A17 in the Supplementary Appendix. Concerning support for the radical right (left 0 .1 .2 .3 .4 Probability -1.7 -1 0 1 2.4 Outsiderness Continuous 0 .1 .2 .3 .4 Probability 1 5 10 15 20 25 30 35 Outsiderness Continuous Rehm 0 .1 .2 .3 .4 Probability Insider Outsider Outsider Binary Rueda 0 .1 .2 .3 .4 Probability Upsc Insid Temp Part-t Unem Outsiderness Categorical Emmenegger Vote Major Left Figure 2. Effect of outsiderness on major left vote. Notes: Predicted probabilities with 95% conﬁdence intervals. Based on models reported in Tables A2–A5 in the Supplementary Appendix. 8 We deﬁne these groups using the Rehm risk-based, and the Rueda status-based operationalizations. Since the Rehm operationalization is continuous, we treat those with lower risk than the median as ‘low risk’, and those with higher risk than the median as ‘high risk’. Outsiders at the ballot box 177","The candidate answer is partially correct, as it identifies that employment conditions affect support for right-wing parties and provides specific percentage point differences. However, it misses the key point from the reference that individuals with good labor market status and high risk of losing it are more likely to support right-wing parties, especially radical ones. The answer also introduces part-time workers as an exception, which is not mentioned in the reference. It is grounded in the general idea but includes unsupported details.","The candidate answer provides specific numerical findings from Rueda and Emmenegger, but it does not align with the reference answer, which emphasizes that good labor market status increases support for the major right, and high risk of losing status increases support for the radical right. The candidate answer instead suggests that outsiders, temporary workers, and the unemployed are less likely to support the major right, which contradicts the reference. It also introduces part-time workers as more likely to support the major right, which is not mentioned in the reference. Therefore, it is partially correct but misses the main idea and contradicts the reference.","The candidate answer is partially correct, as it identifies that employment conditions affect support for right-wing parties and provides specific percentage point differences. However, it misses the key point from the reference that individuals with good labor market status and high risk of losing it are more likely to support right-wing parties, especially radical ones. The candidate answer also introduces part-time workers as an exception, which is not mentioned in the reference. The answer is grounded in the reference to some extent but includes unsupported details.",results/unidoc_full_cache/2e01ccfb29b44da2435bde8c29f9c3aa66d71adf8ebcbf30bcf851caf5336660.npz,"[16, 19, 18]",[19],,NO,JUDGE_ERROR,,,NO,UNCLEAR,HIGH,"The response matches the paper: under Rueda, outsiders are 3.6 percentage points less likely to support the major right; under Emmenegger, temporary workers and unemployed respondents are 2.4 and 5.1 points less likely, while part-time workers are 2.6 points more likely. The benchmark reference conflicts with the reported results.",,,,,[19],"[16, 19, 18]","[""page-16-chunk-1"", ""page-19-chunk-1"", ""page-18-chunk-1""]",HIT_AT_3,True,BLOCKED_INITIAL_TOP_K_3
HR072,T_GT_ONLY_TOP2_3,12,unidoc_legal_0168,5264964,legal/legal/5264964.pdf,What are the key objectives outlined for groups focused on freeing occupied regions and dismantling adversary nations?,The key objectives outlined for groups focused on freeing occupied regions and dismantling adversary nations include the destruction of an enemy state and the liberation of occupied territories.,table_required,VISUAL_REQUIRED,"[8, 9, 10]","The key objectives outlined for groups focused on freeing occupied regions and dismantling adversary nations include the liberation of Palestine, the restoration of Islamic law and Khilafah (global leadership of Muslims), and the propagation of ideology through the use of the web. These groups also engage in criticizing their enemies, describing operations and rationales supported by Quranic verses, and using the web as a propaganda tool for members.",1,False,"The key objectives outlined for groups focused on freeing occupied regions and dismantling adversary nations, as described in the text, include:

1. **Liberation of Palestine**: The Palestinian cluster (Cluster 2) actively supports the liberation of Palestine, criticizes enemies, and provides details of operations and rationales supported by Quranic verses.
2. **Restoration of Islamic Law and Khilafah**: Hizb-Ut-Tahrir, a non-terrorist political group, is dedicated to the restoration of Islamic law and the establishment of a global Islamic leadership (Khilafah).
3. **Propaganda and Ideological Sharing**: Groups such as the Palestinian cluster and Hizbollah cluster use the web heavily for sharing ideology and propaganda, both internally and to a lesser extent externally.
4. **Operations and Rationale**: Groups document and describe operations against adversaries, such as Russian military operations in the Caucasian Cluster.
5. **Support for Global Jihad**: Sites in the Jihad Supporters cluster provide news and general information on the global Jihad movement, often targeting outsiders with propaganda.",1,False,"The key objectives outlined for groups focused on freeing occupied regions and dismantling adversary nations include the liberation of Palestine, the restoration of Islamic law and Khilafah (global leadership of Muslims), and the propagation of ideology to support these goals. These groups use the web heavily for sharing ideology, propaganda, and communication, often targeting both members and outsiders. Specific examples include the Palestinian cluster, which emphasizes liberation of Palestine and criticizes enemies using Quranic verses, and Hizb-Ut-Tahrir, which is dedicated to the restoration of Islamic law and Khilafah.",1,False,TEXT_ONLY,False,,6,10,8,False,True,,5860.1542,432.240100000854,0.0,False,False,False,True,False,legal,summarization,3,3,C:/Users/sp/Desktop/adaptive-multimodal-rag/datasets/unidoc/legal/legal/5264964.pdf,page-6-chunk-2,page-10-chunk-1,page-8-chunk-1,"(# 4, 5, 6, 9, 13, 14, 15, 36, and h4palestine.com) includes militant groups ﬁghting against Israel (e.g., Al-Aqsa Martyrs Brigade, Hamas). There are links between sites of the same group (e.g., # 4 and 14) and links between sites of different groups (e.g., # 9 and 6). (3) Al Qaeda Cluster (# 26, 28, 31, 35, 37, and sahwah.com) includes Salaﬁ groups’ supporters’ Web sites that often are linked to each other in their “Other friendly Web sites” sec- tion. They use their Web sites heavily to propagate their ideology. For example, Al-ansar.biz posted a video of the beheading of Nicholas Berg, one of the ﬁrst civilians killed by terrorists (Newman, 2004). Alsakifah.org provides an online discussion forum. (4) Caucasian Cluster (# 10, 34, kavkazcenter.com, kavkaz.tv, kavkazcenter.net, and kavkazcenter.info) consists of Web sites that link to Chechen rebels and provide news updates from Chechen areas. For example, Qoqaz.com has docu- mented operations against Russian military. (5) Jihad Supporters (# 29, 30, 32, 33, clearguidance.blogspot. com, and ummanews.com) consist of Web sites providing news and general information on the global Jihad movement. These sites rarely are linked to each other and often play a propaganda role that targets outsiders. (6) Hizb-Ut-Tahrir (# 27, hizb-ut-tahrir.org, expliciet.nl, khilafah.com, and hilafet.com) contains a non-terrorist polit- ical group, Hizb-Ut-Tahrir, dedicated to the restoration of Islamic law and Khilafah (global leadership of Muslims). It has a presence in many Arab countries (e.g., Lebanon, Jor- dan) and some European countries. For instance, Expliciet.nl is a Dutch Web site based in the Netherlands. (7) Tanzeem-e-Islami Cluster (tanzeem.org) consists of a sin- gle site representing the Pakistani “Tanzeem-e-Islami” party with no clear ties to terrorism. Snowﬂake visualization supports analysis of different dimensions (or categories) of activities of a Web site clus- ter. It originates from a star plot that has been widely used to display multivariate data (Chambers, Cleveland, Kleiner, & Tukey, 1983). A snowﬂake shown in Figure 2 represents a terrorist site cluster. Figure 3 shows ﬁve snowﬂake diagrams, each representing the degree of activity of terrorist/supporter groups in the ﬁve terrorist clusters (Clusters 1–5) described above. (Clusters 6 and 7 are not included because they do not contain terrorist sites.) The six sides of a snowﬂake repre- sent the six dimensions of terrorist use of the Web, as shown in Table 2 and explained above. Each of these six dimen- sions represents a normalized scale between 0 and 1 (activity index), showing the degree of activity on the dimensions. 1352 JOURNAL OF THE AMERICAN SOCIETY FOR INFORMATION SCIENCE AND TECHNOLOGY —June 2008 DOI: 10.1002/asi","11 12 27 7 5 13 15 14 9 6 36 37 26 28 34 29 35 33 32 ktab-al-jihad.com 1. Hizballah Cluster 5. Jihad Supporters 6. Hizb-Ut-Tahrir Cluster 2. Palestinian Cluster 4 30 4. Caucasian Cluster 31 3. Al-Qaeda Cluster FIG. 2. Clustering and visualization of terrorist Web sites (The numbers refer to those appearing in Table 1)*. The activity index of Cluster c on dimension d was calculated by the following formula: Activity Index (c, d)= n∑ i m∑ j wi,j m × n where wi,j = {1 attribute i occurs in Web site j 0 otherwise n = total number of attributes in the speciﬁed dimension d; m = total number of Web sites belonging to the speciﬁed Cluster c. The closer the activity index is to 1, the more active a cluster is on that dimension. This index reveals in what areas the terrorist groups are active and hence provides investiga- tors and analysts with clues about how to devise strategies to combat a group. 4.2. Results and Discussions Our preliminary observations show that the methodol- ogy yielded promising results. For example, it identiﬁed Web sites afﬁliated with 10 of the 26 groups classiﬁed as Jihad terrorist organizations in the U.S. State Department report on terrorism. Al-Ansar.biz (# 26), the site that posted the beheading video of Nicholas Berg, posted messages from Al Qaeda leaders such as Osama Bin Laden, Ayman Al-Zawahiri, and Al-Zarqawi, praising their attacks on ene- mies. Another site, Tawhed.com (site 39), posted a poem praising the 9/11 attacks. The rhetoric of the poem commonly appears in many Al Qaeda afﬁliated Web sites, referring to the Americans as crusaders ( ). Words like Sunna and Jama’h ( ) reﬂect the branch of Islam to which the Salaﬁ groups belong. From the snowﬂake diagrams (Figure 3), we found that terrorists and supporters use the Web heavily to share ideol- ogy and to propagate ideas, especially to their members. For example, the Palestinian cluster (Cluster 2) actively shares its ideology and heavily uses the Web as a propaganda tool for members. The Web sites in this cluster support libera- tion of Palestine, pinpoint and criticize their enemies, and describe details of operations and rationales supported by Quaran verses. In contrast, Jihad supporters (Custer 5) rarely use the Web for propaganda but share ideology and com- municate there. The Hizbollah cluster (Cluster 1) resembles the Palestinian cluster in heavy use of the Web for sharing ideology and insider propaganda. For example, the sites in this cluster glorify martyrs and leaders and also were used moderately for outsider propaganda and communications. In all the ﬁve clusters, we found little evidence of using the 1356 JOURNAL OF THE AMERICAN SOCIETY FOR INFORMATION SCIENCE AND TECHNOLOGY —June 2008 DOI: 10.1002/asi","TABLE 1. ( Continued) No Name URL a Descriptionb Terrorist groupc Religion 22 Revolutionary Peoples Liberation Front www.dhkc.net Revolutionary Peoples Liberation Front ofﬁcial Web site. Provides news and statements of the organization Revolutionary People’s Liberation Army/Front Secular 23 DHKC International www.dhkc.info Web site of DHKC in Turkish Revolutionary People’s Liberation Army/Front Secular 24 Crusade Begins jorgevinhedo.sites.uol.com.br The Brazil-based Web site links to Lashkar-e-Taiba – a terrorist organization based in Pakistan Lashkar-e Tayyiba Sunni Muslim Supporters’ Web sites (total: 15) 25 Al Ansar www.al-ansar.biz Provides support toAl Qae’da organization, as well as articles about the Salaﬁ Sunni Ideology Al Qaeda Sunni Muslim 26 Alokab www.alokab.com Provides articles about the Salaﬁ Sunni Ideology and the Jihadist movement Al Qaeda Sunni Muslim 27 Alsakifah Forum www.alsakifah.org Provides educational services and a forum dedicated to the discussion of the Salaﬁ Ideology Al Qaeda Sunni Muslim 28 Cihad www.cihad.net A general Jihad Web site providing information about all Jihad activities around the world Al Qaeda Sunni Muslim 29 Clear Guidance Forum www.clearguidance.com Forum of Jihad supporters Al Qaeda Sunni Muslim 30 Sheikh Hamid Bin Abdallah Al Ali www.h-alali.net Salaﬁ Educational Web site with some Jihad ideas Al Qaeda Sunni Muslim 31 Jihadunspun www.jihadunspun.com Pro-Jihad news Web site Al Qaeda Sunni Muslim 32 Maktab-Al-Jihad www.maktab-al-jihad.com Pro-Jihad news Web site Al Qaeda Sunni Muslim 33 Qoqaz www.qoqaz.com Jihad news from the Caucasus Islamic International Brigade, Special Purpose Islamic Regiment, Riyadus-Salikhin Reconnaissance and Sabotage Battalion of Chechen Martyrs Sunni Muslim 34 Supporters of Shareeah www.shareeah.org A general portal dedicated to the Jihadist movement Al Qaeda Sunni Muslim 35 Moltaqa www.almoltaqa.org Hamas Forum Hamas Sunni Muslim 36 Saraya www.saraya.com Pro-Jihad Web site Al Qaeda Sunni Muslim 37 Osama Bin Laden 1osamabinladen.5u.com A Web site dedicated to Osama Bin Laden Al Qaeda Sunni Muslim 38 Tawhed www.tawhed.ws Pro-Jihad Web site Al Qaeda Sunni Muslim 39 The Right Word www.rightword.net Pro-Al Qae’da Web Portal Al Qaeda Sunni Muslim aSome of the URLs and sites may have been changed at the time of reading due to the rapid change of the Dark Web. bThe descriptions are obtained from the Web sites. c Descriptions of these terrorist groups appear in the U.S. Department of State Report Pattern of Global Terrorism, 2002. 1354 JOURNAL OF THE AMERICAN SOCIETY FOR INFORMATION SCIENCE AND TECHNOLOGY —June 2008 DOI: 10.1002/asi","The candidate answer includes some specific examples (e.g., liberation of Palestine, restoration of Islamic law and Khilafah) that are not mentioned in the reference answer, which makes it partially correct but not grounded in the provided reference. It fails to mention the key objectives stated in the reference (destruction of an enemy state and liberation of occupied territories), and instead introduces unsupported details. It addresses the general task of identifying objectives but does so with unsupported and imprecise content.","The candidate answer provides detailed examples of specific groups and their activities, but it does not directly address the general key objectives outlined in the question. The reference answer focuses on the overarching goals of 'destruction of an enemy state' and 'liberation of occupied territories,' which are not clearly identified in the candidate answer. Instead, the candidate answer lists specific group activities and ideological goals, which are not grounded in the reference and do not fulfill the task of identifying key objectives.","The candidate answer provides specific examples and ideological goals, but it does not directly address the general key objectives outlined in the reference answer (destruction of an enemy state and liberation of occupied territories). Instead, it focuses on specific groups and their religious or political aims, which are not mentioned in the reference. This makes the answer mostly incorrect in terms of factual alignment and incomplete in addressing the question as posed.",results/unidoc_full_cache/8cf6ba1e0351f01863452f3474fee1633a9f3bb007bece061520c2eebcc5d0aa.npz,"[6, 10, 8]","[10, 8]",,YES,RETRIEVAL,,YES,NO,RETRIEVE_MORE,HIGH,"The exact requested definition appears in Table 2 on page 9 under Mission: destruction of an enemy state and liberation of occupied territories. Page 9 was not among the reranked top-3, so the response inferred broader objectives from neighboring evidence instead.",,,,9,"[8, 9, 10]","[6, 10, 8]","[""page-6-chunk-2"", ""page-10-chunk-1"", ""page-8-chunk-1""]",HIT_AT_3,True,BLOCKED_INITIAL_TOP_K_3
