query_id,gt_pages,top3_ranked_pages,top3_ranked_chunks,cohort,hit_at_3_not_at_1,depth_status
unidoc_commerce_manufacturing_0001,[4],"[4, 5, 3]","[""page-4-chunk-1"", ""page-5-chunk-1"", ""page-3-chunk-1""]",HIT_AT_3,False,BLOCKED_INITIAL_TOP_K_3
unidoc_commerce_manufacturing_0002,[7],"[8, 6, 7]","[""page-8-chunk-1"", ""page-6-chunk-1"", ""page-7-chunk-1""]",HIT_AT_3,True,BLOCKED_INITIAL_TOP_K_3
unidoc_commerce_manufacturing_0003,"[5, 7]","[1, 6, 8]","[""page-1-chunk-1"", ""page-6-chunk-1"", ""page-8-chunk-1""]",MISS_AT_3_DEPTH_UNMEASURED,False,BLOCKED_INITIAL_TOP_K_3
unidoc_commerce_manufacturing_0004,[26],"[26, 19, 23]","[""page-26-chunk-1"", ""page-19-chunk-1"", ""page-23-chunk-1""]",HIT_AT_3,False,BLOCKED_INITIAL_TOP_K_3
unidoc_commerce_manufacturing_0005,[4],"[4, 3, 2]","[""page-4-chunk-1"", ""page-3-chunk-1"", ""page-2-chunk-1""]",HIT_AT_3,False,BLOCKED_INITIAL_TOP_K_3
unidoc_commerce_manufacturing_0006,[4],"[4, 2, 2]","[""page-4-chunk-1"", ""page-2-chunk-1"", ""page-2-chunk-2""]",HIT_AT_3,False,BLOCKED_INITIAL_TOP_K_3
unidoc_commerce_manufacturing_0007,[2],"[2, 1, 10]","[""page-2-chunk-1"", ""page-1-chunk-1"", ""page-10-chunk-1""]",HIT_AT_3,False,BLOCKED_INITIAL_TOP_K_3
unidoc_commerce_manufacturing_0008,[11],"[8, 11, 9]","[""page-8-chunk-1"", ""page-11-chunk-1"", ""page-9-chunk-1""]",HIT_AT_3,True,BLOCKED_INITIAL_TOP_K_3
unidoc_commerce_manufacturing_0009,[4],"[6, 4, 5]","[""page-6-chunk-1"", ""page-4-chunk-1"", ""page-5-chunk-1""]",HIT_AT_3,True,BLOCKED_INITIAL_TOP_K_3
unidoc_commerce_manufacturing_0010,[3],"[4, 1, 2]","[""page-4-chunk-1"", ""page-1-chunk-1"", ""page-2-chunk-1""]",MISS_AT_3_DEPTH_UNMEASURED,False,BLOCKED_INITIAL_TOP_K_3
unidoc_commerce_manufacturing_0011,[10],"[12, 3, 1]","[""page-12-chunk-1"", ""page-3-chunk-1"", ""page-1-chunk-1""]",MISS_AT_3_DEPTH_UNMEASURED,False,BLOCKED_INITIAL_TOP_K_3
unidoc_commerce_manufacturing_0012,[3],"[4, 1, 3]","[""page-4-chunk-1"", ""page-1-chunk-1"", ""page-3-chunk-1""]",HIT_AT_3,True,BLOCKED_INITIAL_TOP_K_3
unidoc_commerce_manufacturing_0013,[4],"[4, 6, 5]","[""page-4-chunk-1"", ""page-6-chunk-1"", ""page-5-chunk-1""]",HIT_AT_3,False,BLOCKED_INITIAL_TOP_K_3
unidoc_commerce_manufacturing_0014,[6],"[6, 3, 2]","[""page-6-chunk-1"", ""page-3-chunk-1"", ""page-2-chunk-1""]",HIT_AT_3,False,BLOCKED_INITIAL_TOP_K_3
unidoc_commerce_manufacturing_0015,[1],"[2, 6, 1]","[""page-2-chunk-1"", ""page-6-chunk-1"", ""page-1-chunk-1""]",HIT_AT_3,True,BLOCKED_INITIAL_TOP_K_3
unidoc_commerce_manufacturing_0016,[20],"[19, 20, 1]","[""page-19-chunk-1"", ""page-20-chunk-1"", ""page-1-chunk-1""]",HIT_AT_3,True,BLOCKED_INITIAL_TOP_K_3
unidoc_commerce_manufacturing_0017,[5],"[5, 9, 8]","[""page-5-chunk-1"", ""page-9-chunk-1"", ""page-8-chunk-1""]",HIT_AT_3,False,BLOCKED_INITIAL_TOP_K_3
unidoc_commerce_manufacturing_0018,[6],"[5, 6, 11]","[""page-5-chunk-1"", ""page-6-chunk-1"", ""page-11-chunk-1""]",HIT_AT_3,True,BLOCKED_INITIAL_TOP_K_3
unidoc_commerce_manufacturing_0019,[5],"[5, 3, 6]","[""page-5-chunk-1"", ""page-3-chunk-1"", ""page-6-chunk-1""]",HIT_AT_3,False,BLOCKED_INITIAL_TOP_K_3
unidoc_commerce_manufacturing_0020,[12],"[21, 10, 12]","[""page-21-chunk-1"", ""page-10-chunk-1"", ""page-12-chunk-1""]",HIT_AT_3,True,BLOCKED_INITIAL_TOP_K_3
unidoc_commerce_manufacturing_0021,[4],"[4, 8, 11]","[""page-4-chunk-1"", ""page-8-chunk-1"", ""page-11-chunk-1""]",HIT_AT_3,False,BLOCKED_INITIAL_TOP_K_3
unidoc_commerce_manufacturing_0022,[7],"[1, 6, 5]","[""page-1-chunk-1"", ""page-6-chunk-1"", ""page-5-chunk-1""]",MISS_AT_3_DEPTH_UNMEASURED,False,BLOCKED_INITIAL_TOP_K_3
unidoc_commerce_manufacturing_0023,[3],"[3, 2, 4]","[""page-3-chunk-1"", ""page-2-chunk-1"", ""page-4-chunk-1""]",HIT_AT_3,False,BLOCKED_INITIAL_TOP_K_3
unidoc_commerce_manufacturing_0024,[5],"[4, 5, 12]","[""page-4-chunk-1"", ""page-5-chunk-1"", ""page-12-chunk-1""]",HIT_AT_3,True,BLOCKED_INITIAL_TOP_K_3
unidoc_commerce_manufacturing_0025,[9],"[9, 5, 6]","[""page-9-chunk-1"", ""page-5-chunk-1"", ""page-6-chunk-1""]",HIT_AT_3,False,BLOCKED_INITIAL_TOP_K_3
unidoc_commerce_manufacturing_0026,[6],"[6, 11, 5]","[""page-6-chunk-1"", ""page-11-chunk-1"", ""page-5-chunk-1""]",HIT_AT_3,False,BLOCKED_INITIAL_TOP_K_3
unidoc_commerce_manufacturing_0027,[10],"[10, 12, 14]","[""page-10-chunk-1"", ""page-12-chunk-1"", ""page-14-chunk-1""]",HIT_AT_3,False,BLOCKED_INITIAL_TOP_K_3
unidoc_commerce_manufacturing_0028,[5],"[4, 7, 5]","[""page-4-chunk-1"", ""page-7-chunk-1"", ""page-5-chunk-1""]",HIT_AT_3,True,BLOCKED_INITIAL_TOP_K_3
unidoc_commerce_manufacturing_0029,[5],"[5, 6, 4]","[""page-5-chunk-1"", ""page-6-chunk-1"", ""page-4-chunk-1""]",HIT_AT_3,False,BLOCKED_INITIAL_TOP_K_3
unidoc_commerce_manufacturing_0030,[13],"[13, 2, 1]","[""page-13-chunk-1"", ""page-2-chunk-1"", ""page-1-chunk-1""]",HIT_AT_3,False,BLOCKED_INITIAL_TOP_K_3
unidoc_commerce_manufacturing_0031,[17],"[18, 17, 16]","[""page-18-chunk-1"", ""page-17-chunk-1"", ""page-16-chunk-1""]",HIT_AT_3,True,BLOCKED_INITIAL_TOP_K_3
unidoc_commerce_manufacturing_0032,[7],"[8, 6, 9]","[""page-8-chunk-1"", ""page-6-chunk-1"", ""page-9-chunk-1""]",MISS_AT_3_DEPTH_UNMEASURED,False,BLOCKED_INITIAL_TOP_K_3
unidoc_commerce_manufacturing_0033,[6],"[6, 3, 1]","[""page-6-chunk-1"", ""page-3-chunk-1"", ""page-1-chunk-1""]",HIT_AT_3,False,BLOCKED_INITIAL_TOP_K_3
unidoc_commerce_manufacturing_0034,[12],"[1, 11, 3]","[""page-1-chunk-1"", ""page-11-chunk-1"", ""page-3-chunk-1""]",MISS_AT_3_DEPTH_UNMEASURED,False,BLOCKED_INITIAL_TOP_K_3
unidoc_commerce_manufacturing_0035,[6],"[2, 3, 6]","[""page-2-chunk-1"", ""page-3-chunk-1"", ""page-6-chunk-1""]",HIT_AT_3,True,BLOCKED_INITIAL_TOP_K_3
unidoc_commerce_manufacturing_0036,[17],"[1, 5, 16]","[""page-1-chunk-1"", ""page-5-chunk-1"", ""page-16-chunk-1""]",MISS_AT_3_DEPTH_UNMEASURED,False,BLOCKED_INITIAL_TOP_K_3
unidoc_commerce_manufacturing_0037,[6],"[5, 6, 5]","[""page-5-chunk-1"", ""page-6-chunk-1"", ""page-5-chunk-2""]",HIT_AT_3,True,BLOCKED_INITIAL_TOP_K_3
unidoc_commerce_manufacturing_0038,[1],"[2, 16, 1]","[""page-2-chunk-1"", ""page-16-chunk-1"", ""page-1-chunk-1""]",HIT_AT_3,True,BLOCKED_INITIAL_TOP_K_3
unidoc_commerce_manufacturing_0039,[6],"[6, 9, 4]","[""page-6-chunk-1"", ""page-9-chunk-1"", ""page-4-chunk-1""]",HIT_AT_3,False,BLOCKED_INITIAL_TOP_K_3
unidoc_commerce_manufacturing_0040,[6],"[6, 5, 4]","[""page-6-chunk-1"", ""page-5-chunk-1"", ""page-4-chunk-1""]",HIT_AT_3,False,BLOCKED_INITIAL_TOP_K_3
unidoc_commerce_manufacturing_0041,[11],"[9, 11, 8]","[""page-9-chunk-1"", ""page-11-chunk-1"", ""page-8-chunk-1""]",HIT_AT_3,True,BLOCKED_INITIAL_TOP_K_3
unidoc_commerce_manufacturing_0042,[10],"[5, 7, 17]","[""page-5-chunk-1"", ""page-7-chunk-1"", ""page-17-chunk-1""]",MISS_AT_3_DEPTH_UNMEASURED,False,BLOCKED_INITIAL_TOP_K_3
unidoc_commerce_manufacturing_0043,[26],"[26, 22, 24]","[""page-26-chunk-1"", ""page-22-chunk-1"", ""page-24-chunk-1""]",HIT_AT_3,False,BLOCKED_INITIAL_TOP_K_3
unidoc_commerce_manufacturing_0044,[10],"[10, 12, 6]","[""page-10-chunk-1"", ""page-12-chunk-1"", ""page-6-chunk-1""]",HIT_AT_3,False,BLOCKED_INITIAL_TOP_K_3
unidoc_commerce_manufacturing_0045,[7],"[7, 10, 4]","[""page-7-chunk-1"", ""page-10-chunk-1"", ""page-4-chunk-1""]",HIT_AT_3,False,BLOCKED_INITIAL_TOP_K_3
unidoc_commerce_manufacturing_0046,[4],"[4, 5, 6]","[""page-4-chunk-1"", ""page-5-chunk-1"", ""page-6-chunk-1""]",HIT_AT_3,False,BLOCKED_INITIAL_TOP_K_3
unidoc_commerce_manufacturing_0047,"[13, 14, 15, 16, 17, 18]","[16, 17, 13]","[""page-16-chunk-1"", ""page-17-chunk-1"", ""page-13-chunk-1""]",HIT_AT_3,False,BLOCKED_INITIAL_TOP_K_3
unidoc_commerce_manufacturing_0048,"[8, 9, 10, 11, 12, 13]","[12, 6, 20]","[""page-12-chunk-1"", ""page-6-chunk-1"", ""page-20-chunk-1""]",HIT_AT_3,False,BLOCKED_INITIAL_TOP_K_3
unidoc_commerce_manufacturing_0049,"[6, 7]","[7, 3, 2]","[""page-7-chunk-1"", ""page-3-chunk-1"", ""page-2-chunk-1""]",HIT_AT_3,False,BLOCKED_INITIAL_TOP_K_3
unidoc_commerce_manufacturing_0050,"[7, 8]","[8, 20, 12]","[""page-8-chunk-1"", ""page-20-chunk-1"", ""page-12-chunk-1""]",HIT_AT_3,False,BLOCKED_INITIAL_TOP_K_3
unidoc_commerce_manufacturing_0051,[3],"[4, 11, 5]","[""page-4-chunk-1"", ""page-11-chunk-1"", ""page-5-chunk-1""]",MISS_AT_3_DEPTH_UNMEASURED,False,BLOCKED_INITIAL_TOP_K_3
unidoc_commerce_manufacturing_0052,"[5, 6]","[6, 10, 7]","[""page-6-chunk-1"", ""page-10-chunk-1"", ""page-7-chunk-1""]",HIT_AT_3,False,BLOCKED_INITIAL_TOP_K_3
unidoc_commerce_manufacturing_0053,"[1, 2, 3]","[2, 1, 3]","[""page-2-chunk-1"", ""page-1-chunk-1"", ""page-3-chunk-1""]",HIT_AT_3,False,BLOCKED_INITIAL_TOP_K_3
unidoc_commerce_manufacturing_0054,[3],"[3, 2, 4]","[""page-3-chunk-1"", ""page-2-chunk-1"", ""page-4-chunk-1""]",HIT_AT_3,False,BLOCKED_INITIAL_TOP_K_3
unidoc_commerce_manufacturing_0055,"[8, 9]","[7, 8, 6]","[""page-7-chunk-1"", ""page-8-chunk-1"", ""page-6-chunk-1""]",HIT_AT_3,True,BLOCKED_INITIAL_TOP_K_3
unidoc_commerce_manufacturing_0056,"[9, 10]","[1, 9, 8]","[""page-1-chunk-1"", ""page-9-chunk-1"", ""page-8-chunk-1""]",HIT_AT_3,True,BLOCKED_INITIAL_TOP_K_3
unidoc_commerce_manufacturing_0057,"[9, 10]","[9, 10, 7]","[""page-9-chunk-1"", ""page-10-chunk-1"", ""page-7-chunk-1""]",HIT_AT_3,False,BLOCKED_INITIAL_TOP_K_3
unidoc_commerce_manufacturing_0058,[10],"[1, 10, 8]","[""page-1-chunk-1"", ""page-10-chunk-1"", ""page-8-chunk-1""]",HIT_AT_3,True,BLOCKED_INITIAL_TOP_K_3
unidoc_commerce_manufacturing_0059,"[13, 14, 15, 16, 17, 18]","[16, 17, 11]","[""page-16-chunk-1"", ""page-17-chunk-1"", ""page-11-chunk-1""]",HIT_AT_3,False,BLOCKED_INITIAL_TOP_K_3
unidoc_commerce_manufacturing_0060,"[5, 6, 7]","[4, 7, 5]","[""page-4-chunk-1"", ""page-7-chunk-1"", ""page-5-chunk-1""]",HIT_AT_3,True,BLOCKED_INITIAL_TOP_K_3
unidoc_commerce_manufacturing_0061,"[13, 14, 15, 16, 17, 18]","[17, 14, 16]","[""page-17-chunk-1"", ""page-14-chunk-1"", ""page-16-chunk-1""]",HIT_AT_3,False,BLOCKED_INITIAL_TOP_K_3
unidoc_commerce_manufacturing_0062,"[8, 9, 10, 11, 12, 13]","[12, 6, 20]","[""page-12-chunk-1"", ""page-6-chunk-1"", ""page-20-chunk-1""]",HIT_AT_3,False,BLOCKED_INITIAL_TOP_K_3
unidoc_commerce_manufacturing_0063,"[7, 8]","[7, 8, 10]","[""page-7-chunk-1"", ""page-8-chunk-1"", ""page-10-chunk-2""]",HIT_AT_3,False,BLOCKED_INITIAL_TOP_K_3
unidoc_commerce_manufacturing_0064,"[2, 5, 6]","[7, 2, 3]","[""page-7-chunk-1"", ""page-2-chunk-1"", ""page-3-chunk-1""]",HIT_AT_3,True,BLOCKED_INITIAL_TOP_K_3
unidoc_commerce_manufacturing_0065,"[3, 4, 5]","[4, 2, 7]","[""page-4-chunk-1"", ""page-2-chunk-1"", ""page-7-chunk-1""]",HIT_AT_3,False,BLOCKED_INITIAL_TOP_K_3
unidoc_commerce_manufacturing_0066,[21],"[21, 18, 28]","[""page-21-chunk-1"", ""page-18-chunk-1"", ""page-28-chunk-1""]",HIT_AT_3,False,BLOCKED_INITIAL_TOP_K_3
unidoc_commerce_manufacturing_0067,"[7, 8]","[8, 6, 5]","[""page-8-chunk-1"", ""page-6-chunk-1"", ""page-5-chunk-1""]",HIT_AT_3,False,BLOCKED_INITIAL_TOP_K_3
unidoc_commerce_manufacturing_0068,"[13, 14, 15]","[14, 6, 20]","[""page-14-chunk-1"", ""page-6-chunk-1"", ""page-20-chunk-1""]",HIT_AT_3,False,BLOCKED_INITIAL_TOP_K_3
unidoc_commerce_manufacturing_0069,"[6, 7, 8, 9, 10, 11]","[8, 11, 10]","[""page-8-chunk-1"", ""page-11-chunk-1"", ""page-10-chunk-1""]",HIT_AT_3,False,BLOCKED_INITIAL_TOP_K_3
unidoc_commerce_manufacturing_0070,"[7, 8, 9, 10, 11, 12]","[8, 5, 1]","[""page-8-chunk-1"", ""page-5-chunk-1"", ""page-1-chunk-1""]",HIT_AT_3,False,BLOCKED_INITIAL_TOP_K_3
unidoc_commerce_manufacturing_0071,"[5, 6]","[5, 6, 4]","[""page-5-chunk-1"", ""page-6-chunk-1"", ""page-4-chunk-1""]",HIT_AT_3,False,BLOCKED_INITIAL_TOP_K_3
unidoc_commerce_manufacturing_0072,[8],"[8, 9, 10]","[""page-8-chunk-1"", ""page-9-chunk-1"", ""page-10-chunk-1""]",HIT_AT_3,False,BLOCKED_INITIAL_TOP_K_3
unidoc_commerce_manufacturing_0073,"[1, 2, 3, 4]","[3, 4, 1]","[""page-3-chunk-1"", ""page-4-chunk-1"", ""page-1-chunk-1""]",HIT_AT_3,False,BLOCKED_INITIAL_TOP_K_3
unidoc_commerce_manufacturing_0074,"[3, 4]","[3, 1, 2]","[""page-3-chunk-1"", ""page-1-chunk-1"", ""page-2-chunk-1""]",HIT_AT_3,False,BLOCKED_INITIAL_TOP_K_3
unidoc_commerce_manufacturing_0075,"[7, 8]","[8, 9, 10]","[""page-8-chunk-1"", ""page-9-chunk-2"", ""page-10-chunk-1""]",HIT_AT_3,False,BLOCKED_INITIAL_TOP_K_3
unidoc_commerce_manufacturing_0076,"[5, 6, 7]","[7, 5, 4]","[""page-7-chunk-1"", ""page-5-chunk-1"", ""page-4-chunk-1""]",HIT_AT_3,False,BLOCKED_INITIAL_TOP_K_3
unidoc_commerce_manufacturing_0077,"[5, 6]","[5, 6, 4]","[""page-5-chunk-1"", ""page-6-chunk-1"", ""page-4-chunk-1""]",HIT_AT_3,False,BLOCKED_INITIAL_TOP_K_3
unidoc_commerce_manufacturing_0078,[1],"[2, 4, 1]","[""page-2-chunk-1"", ""page-4-chunk-1"", ""page-1-chunk-1""]",HIT_AT_3,True,BLOCKED_INITIAL_TOP_K_3
unidoc_commerce_manufacturing_0079,"[5, 6]","[6, 9, 1]","[""page-6-chunk-1"", ""page-9-chunk-1"", ""page-1-chunk-1""]",HIT_AT_3,False,BLOCKED_INITIAL_TOP_K_3
unidoc_commerce_manufacturing_0080,"[12, 13]","[11, 12, 6]","[""page-11-chunk-1"", ""page-12-chunk-1"", ""page-6-chunk-1""]",HIT_AT_3,True,BLOCKED_INITIAL_TOP_K_3
unidoc_commerce_manufacturing_0081,"[2, 3]","[2, 3, 5]","[""page-2-chunk-2"", ""page-3-chunk-1"", ""page-5-chunk-2""]",HIT_AT_3,False,BLOCKED_INITIAL_TOP_K_3
unidoc_commerce_manufacturing_0082,"[8, 9]","[9, 7, 8]","[""page-9-chunk-1"", ""page-7-chunk-1"", ""page-8-chunk-1""]",HIT_AT_3,False,BLOCKED_INITIAL_TOP_K_3
unidoc_commerce_manufacturing_0083,"[3, 4]","[5, 6, 10]","[""page-5-chunk-1"", ""page-6-chunk-1"", ""page-10-chunk-1""]",MISS_AT_3_DEPTH_UNMEASURED,False,BLOCKED_INITIAL_TOP_K_3
unidoc_commerce_manufacturing_0084,[21],"[21, 5, 6]","[""page-21-chunk-1"", ""page-5-chunk-1"", ""page-6-chunk-1""]",HIT_AT_3,False,BLOCKED_INITIAL_TOP_K_3
unidoc_commerce_manufacturing_0085,"[12, 13]","[12, 11, 13]","[""page-12-chunk-1"", ""page-11-chunk-1"", ""page-13-chunk-1""]",HIT_AT_3,False,BLOCKED_INITIAL_TOP_K_3
unidoc_commerce_manufacturing_0086,"[12, 13, 14]","[13, 6, 1]","[""page-13-chunk-1"", ""page-6-chunk-1"", ""page-1-chunk-1""]",HIT_AT_3,False,BLOCKED_INITIAL_TOP_K_3
unidoc_commerce_manufacturing_0087,"[3, 4]","[3, 1, 2]","[""page-3-chunk-1"", ""page-1-chunk-1"", ""page-2-chunk-1""]",HIT_AT_3,False,BLOCKED_INITIAL_TOP_K_3
unidoc_commerce_manufacturing_0088,"[7, 8]","[7, 8, 12]","[""page-7-chunk-1"", ""page-8-chunk-1"", ""page-12-chunk-1""]",HIT_AT_3,False,BLOCKED_INITIAL_TOP_K_3
unidoc_commerce_manufacturing_0089,"[3, 4, 5]","[4, 1, 6]","[""page-4-chunk-1"", ""page-1-chunk-1"", ""page-6-chunk-1""]",HIT_AT_3,False,BLOCKED_INITIAL_TOP_K_3
unidoc_commerce_manufacturing_0090,[8],"[8, 5, 1]","[""page-8-chunk-1"", ""page-5-chunk-1"", ""page-1-chunk-1""]",HIT_AT_3,False,BLOCKED_INITIAL_TOP_K_3
unidoc_commerce_manufacturing_0091,"[5, 6]","[5, 6, 4]","[""page-5-chunk-1"", ""page-6-chunk-1"", ""page-4-chunk-1""]",HIT_AT_3,False,BLOCKED_INITIAL_TOP_K_3
unidoc_commerce_manufacturing_0092,"[9, 10, 11, 12]","[11, 6, 10]","[""page-11-chunk-1"", ""page-6-chunk-1"", ""page-10-chunk-1""]",HIT_AT_3,False,BLOCKED_INITIAL_TOP_K_3
unidoc_commerce_manufacturing_0093,"[3, 4, 5]","[3, 4, 2]","[""page-3-chunk-1"", ""page-4-chunk-1"", ""page-2-chunk-1""]",HIT_AT_3,False,BLOCKED_INITIAL_TOP_K_3
unidoc_commerce_manufacturing_0094,"[14, 15]","[14, 7, 10]","[""page-14-chunk-1"", ""page-7-chunk-1"", ""page-10-chunk-1""]",HIT_AT_3,False,BLOCKED_INITIAL_TOP_K_3
unidoc_commerce_manufacturing_0095,"[3, 4]","[3, 10, 1]","[""page-3-chunk-1"", ""page-10-chunk-1"", ""page-1-chunk-1""]",HIT_AT_3,False,BLOCKED_INITIAL_TOP_K_3
unidoc_commerce_manufacturing_0096,"[3, 4, 5]","[4, 5, 9]","[""page-4-chunk-1"", ""page-5-chunk-1"", ""page-9-chunk-1""]",HIT_AT_3,False,BLOCKED_INITIAL_TOP_K_3
unidoc_commerce_manufacturing_0097,"[1, 2, 3]","[1, 4, 3]","[""page-1-chunk-1"", ""page-4-chunk-2"", ""page-3-chunk-1""]",HIT_AT_3,False,BLOCKED_INITIAL_TOP_K_3
unidoc_commerce_manufacturing_0098,"[3, 4]","[3, 1, 4]","[""page-3-chunk-1"", ""page-1-chunk-1"", ""page-4-chunk-1""]",HIT_AT_3,False,BLOCKED_INITIAL_TOP_K_3
unidoc_commerce_manufacturing_0099,"[7, 8, 9]","[1, 3, 6]","[""page-1-chunk-1"", ""page-3-chunk-1"", ""page-6-chunk-1""]",MISS_AT_3_DEPTH_UNMEASURED,False,BLOCKED_INITIAL_TOP_K_3
unidoc_commerce_manufacturing_0100,"[5, 6]","[5, 6, 1]","[""page-5-chunk-2"", ""page-6-chunk-1"", ""page-1-chunk-1""]",HIT_AT_3,False,BLOCKED_INITIAL_TOP_K_3
unidoc_commerce_manufacturing_0101,"[7, 8, 9]","[7, 1, 8]","[""page-7-chunk-1"", ""page-1-chunk-1"", ""page-8-chunk-1""]",HIT_AT_3,False,BLOCKED_INITIAL_TOP_K_3
unidoc_commerce_manufacturing_0102,"[1, 2, 3, 4]","[2, 4, 3]","[""page-2-chunk-1"", ""page-4-chunk-1"", ""page-3-chunk-1""]",HIT_AT_3,False,BLOCKED_INITIAL_TOP_K_3
unidoc_commerce_manufacturing_0103,"[7, 8]","[7, 8, 3]","[""page-7-chunk-1"", ""page-8-chunk-1"", ""page-3-chunk-1""]",HIT_AT_3,False,BLOCKED_INITIAL_TOP_K_3
unidoc_commerce_manufacturing_0104,"[5, 6]","[6, 5, 2]","[""page-6-chunk-1"", ""page-5-chunk-2"", ""page-2-chunk-1""]",HIT_AT_3,False,BLOCKED_INITIAL_TOP_K_3
unidoc_commerce_manufacturing_0105,"[8, 9]","[9, 8, 7]","[""page-9-chunk-1"", ""page-8-chunk-1"", ""page-7-chunk-1""]",HIT_AT_3,False,BLOCKED_INITIAL_TOP_K_3
unidoc_commerce_manufacturing_0106,"[2, 3]","[2, 1, 3]","[""page-2-chunk-1"", ""page-1-chunk-1"", ""page-3-chunk-1""]",HIT_AT_3,False,BLOCKED_INITIAL_TOP_K_3
unidoc_commerce_manufacturing_0107,"[3, 4, 5]","[6, 4, 1]","[""page-6-chunk-1"", ""page-4-chunk-1"", ""page-1-chunk-1""]",HIT_AT_3,True,BLOCKED_INITIAL_TOP_K_3
unidoc_commerce_manufacturing_0108,[4],"[2, 3, 1]","[""page-2-chunk-1"", ""page-3-chunk-1"", ""page-1-chunk-1""]",MISS_AT_3_DEPTH_UNMEASURED,False,BLOCKED_INITIAL_TOP_K_3
unidoc_commerce_manufacturing_0109,"[2, 3]","[1, 2, 3]","[""page-1-chunk-1"", ""page-2-chunk-1"", ""page-3-chunk-1""]",HIT_AT_3,True,BLOCKED_INITIAL_TOP_K_3
unidoc_commerce_manufacturing_0110,"[2, 3, 4, 5]","[4, 3, 1]","[""page-4-chunk-1"", ""page-3-chunk-1"", ""page-1-chunk-1""]",HIT_AT_3,False,BLOCKED_INITIAL_TOP_K_3
unidoc_commerce_manufacturing_0111,"[6, 7]","[7, 5, 1]","[""page-7-chunk-1"", ""page-5-chunk-1"", ""page-1-chunk-1""]",HIT_AT_3,False,BLOCKED_INITIAL_TOP_K_3
unidoc_commerce_manufacturing_0112,"[6, 7, 8]","[7, 10, 2]","[""page-7-chunk-1"", ""page-10-chunk-1"", ""page-2-chunk-1""]",HIT_AT_3,False,BLOCKED_INITIAL_TOP_K_3
unidoc_commerce_manufacturing_0113,[7],"[7, 6, 3]","[""page-7-chunk-1"", ""page-6-chunk-1"", ""page-3-chunk-2""]",HIT_AT_3,False,BLOCKED_INITIAL_TOP_K_3
unidoc_commerce_manufacturing_0114,"[12, 13]","[13, 12, 5]","[""page-13-chunk-1"", ""page-12-chunk-1"", ""page-5-chunk-1""]",HIT_AT_3,False,BLOCKED_INITIAL_TOP_K_3
unidoc_commerce_manufacturing_0115,"[9, 10, 11, 12, 13]","[10, 12, 1]","[""page-10-chunk-1"", ""page-12-chunk-1"", ""page-1-chunk-1""]",HIT_AT_3,False,BLOCKED_INITIAL_TOP_K_3
unidoc_commerce_manufacturing_0116,"[5, 6]","[5, 2, 6]","[""page-5-chunk-1"", ""page-2-chunk-1"", ""page-6-chunk-1""]",HIT_AT_3,False,BLOCKED_INITIAL_TOP_K_3
unidoc_commerce_manufacturing_0117,"[3, 4, 5]","[5, 7, 6]","[""page-5-chunk-1"", ""page-7-chunk-1"", ""page-6-chunk-1""]",HIT_AT_3,False,BLOCKED_INITIAL_TOP_K_3
unidoc_commerce_manufacturing_0118,"[3, 4, 5, 6]","[3, 5, 7]","[""page-3-chunk-1"", ""page-5-chunk-1"", ""page-7-chunk-1""]",HIT_AT_3,False,BLOCKED_INITIAL_TOP_K_3
unidoc_commerce_manufacturing_0119,"[6, 7]","[7, 5, 6]","[""page-7-chunk-1"", ""page-5-chunk-1"", ""page-6-chunk-1""]",HIT_AT_3,False,BLOCKED_INITIAL_TOP_K_3
unidoc_commerce_manufacturing_0120,"[12, 13]","[8, 5, 3]","[""page-8-chunk-1"", ""page-5-chunk-1"", ""page-3-chunk-1""]",MISS_AT_3_DEPTH_UNMEASURED,False,BLOCKED_INITIAL_TOP_K_3
unidoc_commerce_manufacturing_0121,[7],"[7, 5, 6]","[""page-7-chunk-1"", ""page-5-chunk-1"", ""page-6-chunk-1""]",HIT_AT_3,False,BLOCKED_INITIAL_TOP_K_3
unidoc_commerce_manufacturing_0122,"[2, 3]","[3, 2, 2]","[""page-3-chunk-1"", ""page-2-chunk-1"", ""page-2-chunk-2""]",HIT_AT_3,False,BLOCKED_INITIAL_TOP_K_3
unidoc_commerce_manufacturing_0123,"[3, 4]","[3, 2, 4]","[""page-3-chunk-1"", ""page-2-chunk-1"", ""page-4-chunk-1""]",HIT_AT_3,False,BLOCKED_INITIAL_TOP_K_3
unidoc_commerce_manufacturing_0124,"[9, 10, 12, 13]","[9, 12, 11]","[""page-9-chunk-1"", ""page-12-chunk-1"", ""page-11-chunk-1""]",HIT_AT_3,False,BLOCKED_INITIAL_TOP_K_3
unidoc_commerce_manufacturing_0125,"[4, 5]","[4, 2, 3]","[""page-4-chunk-1"", ""page-2-chunk-1"", ""page-3-chunk-1""]",HIT_AT_3,False,BLOCKED_INITIAL_TOP_K_3
unidoc_commerce_manufacturing_0126,"[3, 4, 5, 6, 7, 8]","[7, 2, 3]","[""page-7-chunk-1"", ""page-2-chunk-1"", ""page-3-chunk-1""]",HIT_AT_3,False,BLOCKED_INITIAL_TOP_K_3
unidoc_commerce_manufacturing_0127,"[9, 10]","[10, 9, 8]","[""page-10-chunk-1"", ""page-9-chunk-1"", ""page-8-chunk-1""]",HIT_AT_3,False,BLOCKED_INITIAL_TOP_K_3
unidoc_commerce_manufacturing_0128,"[13, 14, 15]","[14, 13, 12]","[""page-14-chunk-1"", ""page-13-chunk-1"", ""page-12-chunk-1""]",HIT_AT_3,False,BLOCKED_INITIAL_TOP_K_3
unidoc_commerce_manufacturing_0129,"[2, 3]","[2, 3, 6]","[""page-2-chunk-2"", ""page-3-chunk-1"", ""page-6-chunk-2""]",HIT_AT_3,False,BLOCKED_INITIAL_TOP_K_3
unidoc_commerce_manufacturing_0130,[6],"[6, 4, 7]","[""page-6-chunk-1"", ""page-4-chunk-1"", ""page-7-chunk-1""]",HIT_AT_3,False,BLOCKED_INITIAL_TOP_K_3
unidoc_commerce_manufacturing_0131,[22],"[22, 20, 23]","[""page-22-chunk-1"", ""page-20-chunk-1"", ""page-23-chunk-1""]",HIT_AT_3,False,BLOCKED_INITIAL_TOP_K_3
unidoc_commerce_manufacturing_0132,"[5, 6]","[6, 7, 1]","[""page-6-chunk-1"", ""page-7-chunk-1"", ""page-1-chunk-1""]",HIT_AT_3,False,BLOCKED_INITIAL_TOP_K_3
unidoc_commerce_manufacturing_0133,"[8, 9]","[9, 8, 10]","[""page-9-chunk-1"", ""page-8-chunk-1"", ""page-10-chunk-1""]",HIT_AT_3,False,BLOCKED_INITIAL_TOP_K_3
unidoc_commerce_manufacturing_0134,"[18, 19]","[14, 18, 6]","[""page-14-chunk-1"", ""page-18-chunk-1"", ""page-6-chunk-1""]",HIT_AT_3,True,BLOCKED_INITIAL_TOP_K_3
unidoc_commerce_manufacturing_0135,"[2, 3]","[2, 1, 4]","[""page-2-chunk-1"", ""page-1-chunk-1"", ""page-4-chunk-1""]",HIT_AT_3,False,BLOCKED_INITIAL_TOP_K_3
unidoc_commerce_manufacturing_0136,"[5, 6]","[4, 5, 6]","[""page-4-chunk-1"", ""page-5-chunk-1"", ""page-6-chunk-1""]",HIT_AT_3,True,BLOCKED_INITIAL_TOP_K_3
unidoc_commerce_manufacturing_0137,"[6, 7]","[7, 6, 3]","[""page-7-chunk-1"", ""page-6-chunk-1"", ""page-3-chunk-1""]",HIT_AT_3,False,BLOCKED_INITIAL_TOP_K_3
unidoc_commerce_manufacturing_0138,"[6, 7]","[2, 4, 3]","[""page-2-chunk-1"", ""page-4-chunk-1"", ""page-3-chunk-1""]",MISS_AT_3_DEPTH_UNMEASURED,False,BLOCKED_INITIAL_TOP_K_3
unidoc_commerce_manufacturing_0139,"[4, 5]","[2, 4, 3]","[""page-2-chunk-1"", ""page-4-chunk-1"", ""page-3-chunk-1""]",HIT_AT_3,True,BLOCKED_INITIAL_TOP_K_3
unidoc_commerce_manufacturing_0140,[1],"[4, 1, 3]","[""page-4-chunk-1"", ""page-1-chunk-1"", ""page-3-chunk-1""]",HIT_AT_3,True,BLOCKED_INITIAL_TOP_K_3
unidoc_commerce_manufacturing_0141,"[11, 12, 13]","[12, 3, 11]","[""page-12-chunk-1"", ""page-3-chunk-2"", ""page-11-chunk-2""]",HIT_AT_3,False,BLOCKED_INITIAL_TOP_K_3
unidoc_commerce_manufacturing_0142,[1],"[1, 2, 3]","[""page-1-chunk-1"", ""page-2-chunk-1"", ""page-3-chunk-2""]",HIT_AT_3,False,BLOCKED_INITIAL_TOP_K_3
unidoc_commerce_manufacturing_0143,"[13, 14, 15, 16]","[5, 11, 12]","[""page-5-chunk-1"", ""page-11-chunk-1"", ""page-12-chunk-1""]",MISS_AT_3_DEPTH_UNMEASURED,False,BLOCKED_INITIAL_TOP_K_3
unidoc_commerce_manufacturing_0144,"[6, 7]","[6, 7, 1]","[""page-6-chunk-1"", ""page-7-chunk-1"", ""page-1-chunk-1""]",HIT_AT_3,False,BLOCKED_INITIAL_TOP_K_3
unidoc_commerce_manufacturing_0145,"[3, 4, 5]","[3, 4, 2]","[""page-3-chunk-1"", ""page-4-chunk-1"", ""page-2-chunk-1""]",HIT_AT_3,False,BLOCKED_INITIAL_TOP_K_3
unidoc_commerce_manufacturing_0146,"[5, 6]","[2, 6, 4]","[""page-2-chunk-1"", ""page-6-chunk-1"", ""page-4-chunk-1""]",HIT_AT_3,True,BLOCKED_INITIAL_TOP_K_3
unidoc_commerce_manufacturing_0147,"[2, 3]","[3, 1, 4]","[""page-3-chunk-1"", ""page-1-chunk-1"", ""page-4-chunk-1""]",HIT_AT_3,False,BLOCKED_INITIAL_TOP_K_3
unidoc_commerce_manufacturing_0148,"[4, 5, 6]","[9, 14, 12]","[""page-9-chunk-1"", ""page-14-chunk-1"", ""page-12-chunk-1""]",MISS_AT_3_DEPTH_UNMEASURED,False,BLOCKED_INITIAL_TOP_K_3
unidoc_commerce_manufacturing_0149,"[5, 6]","[6, 5, 1]","[""page-6-chunk-1"", ""page-5-chunk-1"", ""page-1-chunk-1""]",HIT_AT_3,False,BLOCKED_INITIAL_TOP_K_3
unidoc_commerce_manufacturing_0150,"[4, 5, 6]","[5, 6, 7]","[""page-5-chunk-1"", ""page-6-chunk-1"", ""page-7-chunk-1""]",HIT_AT_3,False,BLOCKED_INITIAL_TOP_K_3
unidoc_commerce_manufacturing_0151,"[7, 8, 9]","[8, 4, 11]","[""page-8-chunk-1"", ""page-4-chunk-1"", ""page-11-chunk-1""]",HIT_AT_3,False,BLOCKED_INITIAL_TOP_K_3
unidoc_commerce_manufacturing_0152,"[6, 7]","[7, 3, 1]","[""page-7-chunk-1"", ""page-3-chunk-1"", ""page-1-chunk-1""]",HIT_AT_3,False,BLOCKED_INITIAL_TOP_K_3
unidoc_commerce_manufacturing_0153,"[9, 10, 12, 13]","[9, 12, 10]","[""page-9-chunk-1"", ""page-12-chunk-1"", ""page-10-chunk-1""]",HIT_AT_3,False,BLOCKED_INITIAL_TOP_K_3
unidoc_commerce_manufacturing_0154,"[1, 2, 4, 5]","[1, 4, 5]","[""page-1-chunk-1"", ""page-4-chunk-1"", ""page-5-chunk-1""]",HIT_AT_3,False,BLOCKED_INITIAL_TOP_K_3
unidoc_commerce_manufacturing_0155,"[11, 12, 13, 14]","[11, 12, 13]","[""page-11-chunk-1"", ""page-12-chunk-1"", ""page-13-chunk-1""]",HIT_AT_3,False,BLOCKED_INITIAL_TOP_K_3
unidoc_commerce_manufacturing_0156,"[1, 2]","[2, 1, 1]","[""page-2-chunk-1"", ""page-1-chunk-1"", ""page-1-chunk-2""]",HIT_AT_3,False,BLOCKED_INITIAL_TOP_K_3
unidoc_commerce_manufacturing_0157,[5],"[5, 3, 2]","[""page-5-chunk-1"", ""page-3-chunk-1"", ""page-2-chunk-1""]",HIT_AT_3,False,BLOCKED_INITIAL_TOP_K_3
unidoc_commerce_manufacturing_0158,"[6, 7]","[3, 2, 1]","[""page-3-chunk-1"", ""page-2-chunk-1"", ""page-1-chunk-1""]",MISS_AT_3_DEPTH_UNMEASURED,False,BLOCKED_INITIAL_TOP_K_3
unidoc_commerce_manufacturing_0159,"[4, 5, 6, 7]","[2, 4, 14]","[""page-2-chunk-1"", ""page-4-chunk-1"", ""page-14-chunk-1""]",HIT_AT_3,True,BLOCKED_INITIAL_TOP_K_3
unidoc_commerce_manufacturing_0160,[1],"[2, 1, 4]","[""page-2-chunk-1"", ""page-1-chunk-1"", ""page-4-chunk-1""]",HIT_AT_3,True,BLOCKED_INITIAL_TOP_K_3
unidoc_commerce_manufacturing_0161,"[2, 3, 4]","[3, 1, 8]","[""page-3-chunk-1"", ""page-1-chunk-1"", ""page-8-chunk-1""]",HIT_AT_3,False,BLOCKED_INITIAL_TOP_K_3
unidoc_commerce_manufacturing_0162,"[3, 4]","[4, 3, 18]","[""page-4-chunk-1"", ""page-3-chunk-1"", ""page-18-chunk-1""]",HIT_AT_3,False,BLOCKED_INITIAL_TOP_K_3
unidoc_commerce_manufacturing_0163,"[1, 2, 3, 4, 5]","[2, 3, 1]","[""page-2-chunk-1"", ""page-3-chunk-1"", ""page-1-chunk-1""]",HIT_AT_3,False,BLOCKED_INITIAL_TOP_K_3
unidoc_commerce_manufacturing_0164,"[9, 10]","[10, 4, 1]","[""page-10-chunk-1"", ""page-4-chunk-1"", ""page-1-chunk-1""]",HIT_AT_3,False,BLOCKED_INITIAL_TOP_K_3
unidoc_commerce_manufacturing_0165,"[8, 9, 12, 13, 14]","[13, 9, 12]","[""page-13-chunk-1"", ""page-9-chunk-1"", ""page-12-chunk-1""]",HIT_AT_3,False,BLOCKED_INITIAL_TOP_K_3
unidoc_commerce_manufacturing_0166,"[1, 2, 3, 4]","[4, 1, 6]","[""page-4-chunk-1"", ""page-1-chunk-1"", ""page-6-chunk-1""]",HIT_AT_3,False,BLOCKED_INITIAL_TOP_K_3
unidoc_commerce_manufacturing_0167,"[1, 2, 3]","[3, 1, 2]","[""page-3-chunk-1"", ""page-1-chunk-1"", ""page-2-chunk-1""]",HIT_AT_3,False,BLOCKED_INITIAL_TOP_K_3
unidoc_commerce_manufacturing_0168,"[2, 3]","[13, 2, 12]","[""page-13-chunk-1"", ""page-2-chunk-1"", ""page-12-chunk-1""]",HIT_AT_3,True,BLOCKED_INITIAL_TOP_K_3
unidoc_commerce_manufacturing_0169,"[8, 9]","[8, 14, 3]","[""page-8-chunk-1"", ""page-14-chunk-1"", ""page-3-chunk-1""]",HIT_AT_3,False,BLOCKED_INITIAL_TOP_K_3
unidoc_commerce_manufacturing_0170,"[4, 5, 6]","[5, 4, 3]","[""page-5-chunk-1"", ""page-4-chunk-1"", ""page-3-chunk-1""]",HIT_AT_3,False,BLOCKED_INITIAL_TOP_K_3
unidoc_commerce_manufacturing_0171,"[7, 8]","[7, 8, 4]","[""page-7-chunk-1"", ""page-8-chunk-1"", ""page-4-chunk-1""]",HIT_AT_3,False,BLOCKED_INITIAL_TOP_K_3
unidoc_commerce_manufacturing_0172,"[3, 4, 5, 6]","[4, 5, 3]","[""page-4-chunk-1"", ""page-5-chunk-1"", ""page-3-chunk-1""]",HIT_AT_3,False,BLOCKED_INITIAL_TOP_K_3
unidoc_commerce_manufacturing_0173,"[7, 8]","[8, 9, 10]","[""page-8-chunk-1"", ""page-9-chunk-1"", ""page-10-chunk-1""]",HIT_AT_3,False,BLOCKED_INITIAL_TOP_K_3
unidoc_commerce_manufacturing_0174,"[17, 18, 19, 20]","[18, 19, 29]","[""page-18-chunk-1"", ""page-19-chunk-1"", ""page-29-chunk-1""]",HIT_AT_3,False,BLOCKED_INITIAL_TOP_K_3
unidoc_commerce_manufacturing_0175,"[2, 3, 4, 5, 6]","[1, 2, 8]","[""page-1-chunk-1"", ""page-2-chunk-1"", ""page-8-chunk-1""]",HIT_AT_3,True,BLOCKED_INITIAL_TOP_K_3
unidoc_commerce_manufacturing_0176,"[7, 8, 9, 10]","[9, 8, 6]","[""page-9-chunk-1"", ""page-8-chunk-1"", ""page-6-chunk-1""]",HIT_AT_3,False,BLOCKED_INITIAL_TOP_K_3
unidoc_commerce_manufacturing_0177,"[3, 5, 6]","[3, 2, 3]","[""page-3-chunk-1"", ""page-2-chunk-1"", ""page-3-chunk-2""]",HIT_AT_3,False,BLOCKED_INITIAL_TOP_K_3
unidoc_commerce_manufacturing_0178,"[5, 6, 7, 8]","[5, 7, 6]","[""page-5-chunk-1"", ""page-7-chunk-1"", ""page-6-chunk-1""]",HIT_AT_3,False,BLOCKED_INITIAL_TOP_K_3
unidoc_commerce_manufacturing_0179,"[3, 4, 5]","[4, 5, 5]","[""page-4-chunk-1"", ""page-5-chunk-1"", ""page-5-chunk-2""]",HIT_AT_3,False,BLOCKED_INITIAL_TOP_K_3
unidoc_commerce_manufacturing_0180,"[17, 18, 19, 20]","[19, 22, 29]","[""page-19-chunk-1"", ""page-22-chunk-1"", ""page-29-chunk-1""]",HIT_AT_3,False,BLOCKED_INITIAL_TOP_K_3
unidoc_commerce_manufacturing_0181,"[3, 4]","[3, 3, 4]","[""page-3-chunk-1"", ""page-3-chunk-2"", ""page-4-chunk-1""]",HIT_AT_3,False,BLOCKED_INITIAL_TOP_K_3
unidoc_commerce_manufacturing_0182,"[1, 2]","[2, 1, 4]","[""page-2-chunk-1"", ""page-1-chunk-1"", ""page-4-chunk-1""]",HIT_AT_3,False,BLOCKED_INITIAL_TOP_K_3
unidoc_commerce_manufacturing_0183,"[17, 18, 19, 20]","[18, 19, 29]","[""page-18-chunk-1"", ""page-19-chunk-1"", ""page-29-chunk-1""]",HIT_AT_3,False,BLOCKED_INITIAL_TOP_K_3
unidoc_commerce_manufacturing_0184,"[9, 10, 11, 12, 13]","[1, 2, 12]","[""page-1-chunk-1"", ""page-2-chunk-1"", ""page-12-chunk-1""]",HIT_AT_3,True,BLOCKED_INITIAL_TOP_K_3
unidoc_commerce_manufacturing_0185,[4],"[4, 3, 2]","[""page-4-chunk-1"", ""page-3-chunk-1"", ""page-2-chunk-1""]",HIT_AT_3,False,BLOCKED_INITIAL_TOP_K_3
unidoc_commerce_manufacturing_0186,[11],"[4, 11, 12]","[""page-4-chunk-1"", ""page-11-chunk-2"", ""page-12-chunk-2""]",HIT_AT_3,True,BLOCKED_INITIAL_TOP_K_3
unidoc_commerce_manufacturing_0187,[6],"[6, 5, 4]","[""page-6-chunk-1"", ""page-5-chunk-1"", ""page-4-chunk-1""]",HIT_AT_3,False,BLOCKED_INITIAL_TOP_K_3
unidoc_commerce_manufacturing_0188,[5],"[5, 6, 8]","[""page-5-chunk-1"", ""page-6-chunk-1"", ""page-8-chunk-1""]",HIT_AT_3,False,BLOCKED_INITIAL_TOP_K_3
unidoc_commerce_manufacturing_0189,"[5, 6]","[5, 6, 7]","[""page-5-chunk-1"", ""page-6-chunk-1"", ""page-7-chunk-1""]",HIT_AT_3,False,BLOCKED_INITIAL_TOP_K_3
unidoc_commerce_manufacturing_0190,"[18, 19, 20]","[19, 14, 18]","[""page-19-chunk-1"", ""page-14-chunk-1"", ""page-18-chunk-1""]",HIT_AT_3,False,BLOCKED_INITIAL_TOP_K_3
unidoc_commerce_manufacturing_0191,[11],"[11, 8, 12]","[""page-11-chunk-1"", ""page-8-chunk-1"", ""page-12-chunk-1""]",HIT_AT_3,False,BLOCKED_INITIAL_TOP_K_3
unidoc_commerce_manufacturing_0192,"[2, 3]","[3, 2, 2]","[""page-3-chunk-1"", ""page-2-chunk-2"", ""page-2-chunk-1""]",HIT_AT_3,False,BLOCKED_INITIAL_TOP_K_3
unidoc_commerce_manufacturing_0193,[21],"[21, 4, 6]","[""page-21-chunk-1"", ""page-4-chunk-1"", ""page-6-chunk-1""]",HIT_AT_3,False,BLOCKED_INITIAL_TOP_K_3
unidoc_commerce_manufacturing_0194,"[6, 7]","[6, 10, 3]","[""page-6-chunk-1"", ""page-10-chunk-1"", ""page-3-chunk-1""]",HIT_AT_3,False,BLOCKED_INITIAL_TOP_K_3
unidoc_commerce_manufacturing_0195,"[6, 7]","[1, 3, 2]","[""page-1-chunk-1"", ""page-3-chunk-1"", ""page-2-chunk-1""]",MISS_AT_3_DEPTH_UNMEASURED,False,BLOCKED_INITIAL_TOP_K_3
unidoc_commerce_manufacturing_0196,"[2, 3, 6, 7]","[7, 1, 2]","[""page-7-chunk-1"", ""page-1-chunk-1"", ""page-2-chunk-1""]",HIT_AT_3,False,BLOCKED_INITIAL_TOP_K_3
unidoc_commerce_manufacturing_0197,"[7, 8]","[8, 9, 10]","[""page-8-chunk-1"", ""page-9-chunk-2"", ""page-10-chunk-1""]",HIT_AT_3,False,BLOCKED_INITIAL_TOP_K_3
unidoc_commerce_manufacturing_0198,"[12, 13]","[13, 12, 6]","[""page-13-chunk-1"", ""page-12-chunk-1"", ""page-6-chunk-1""]",HIT_AT_3,False,BLOCKED_INITIAL_TOP_K_3
unidoc_commerce_manufacturing_0199,"[3, 4]","[3, 2, 4]","[""page-3-chunk-1"", ""page-2-chunk-1"", ""page-4-chunk-1""]",HIT_AT_3,False,BLOCKED_INITIAL_TOP_K_3
unidoc_commerce_manufacturing_0200,"[1, 2, 3, 4]","[2, 3, 1]","[""page-2-chunk-1"", ""page-3-chunk-1"", ""page-1-chunk-1""]",HIT_AT_3,False,BLOCKED_INITIAL_TOP_K_3
unidoc_construction_0001,"[17, 18]","[5, 20, 2]","[""page-5-chunk-1"", ""page-20-chunk-2"", ""page-2-chunk-2""]",MISS_AT_3_DEPTH_UNMEASURED,False,BLOCKED_INITIAL_TOP_K_3
unidoc_construction_0002,"[6, 7]","[6, 4, 3]","[""page-6-chunk-1"", ""page-4-chunk-1"", ""page-3-chunk-1""]",HIT_AT_3,False,BLOCKED_INITIAL_TOP_K_3
unidoc_construction_0003,"[3, 4]","[4, 1, 3]","[""page-4-chunk-1"", ""page-1-chunk-1"", ""page-3-chunk-1""]",HIT_AT_3,False,BLOCKED_INITIAL_TOP_K_3
unidoc_construction_0004,[4],"[4, 7, 6]","[""page-4-chunk-1"", ""page-7-chunk-1"", ""page-6-chunk-1""]",HIT_AT_3,False,BLOCKED_INITIAL_TOP_K_3
unidoc_construction_0005,[5],"[5, 3, 6]","[""page-5-chunk-1"", ""page-3-chunk-1"", ""page-6-chunk-1""]",HIT_AT_3,False,BLOCKED_INITIAL_TOP_K_3
unidoc_construction_0006,"[4, 5, 6, 7]","[5, 6, 3]","[""page-5-chunk-1"", ""page-6-chunk-1"", ""page-3-chunk-1""]",HIT_AT_3,False,BLOCKED_INITIAL_TOP_K_3
unidoc_construction_0007,[2],"[2, 1, 3]","[""page-2-chunk-1"", ""page-1-chunk-1"", ""page-3-chunk-1""]",HIT_AT_3,False,BLOCKED_INITIAL_TOP_K_3
unidoc_construction_0008,"[5, 6]","[4, 1, 5]","[""page-4-chunk-1"", ""page-1-chunk-1"", ""page-5-chunk-1""]",HIT_AT_3,True,BLOCKED_INITIAL_TOP_K_3
unidoc_construction_0009,[15],"[16, 15, 14]","[""page-16-chunk-1"", ""page-15-chunk-1"", ""page-14-chunk-2""]",HIT_AT_3,True,BLOCKED_INITIAL_TOP_K_3
unidoc_construction_0010,"[5, 7, 8]","[5, 4, 3]","[""page-5-chunk-1"", ""page-4-chunk-1"", ""page-3-chunk-1""]",HIT_AT_3,False,BLOCKED_INITIAL_TOP_K_3
unidoc_construction_0011,"[4, 5]","[4, 2, 13]","[""page-4-chunk-1"", ""page-2-chunk-1"", ""page-13-chunk-1""]",HIT_AT_3,False,BLOCKED_INITIAL_TOP_K_3
unidoc_construction_0012,"[10, 11]","[11, 3, 1]","[""page-11-chunk-1"", ""page-3-chunk-1"", ""page-1-chunk-1""]",HIT_AT_3,False,BLOCKED_INITIAL_TOP_K_3
unidoc_construction_0013,"[4, 5]","[4, 5, 3]","[""page-4-chunk-1"", ""page-5-chunk-1"", ""page-3-chunk-1""]",HIT_AT_3,False,BLOCKED_INITIAL_TOP_K_3
unidoc_construction_0014,"[6, 7, 8]","[6, 2, 5]","[""page-6-chunk-1"", ""page-2-chunk-1"", ""page-5-chunk-1""]",HIT_AT_3,False,BLOCKED_INITIAL_TOP_K_3
unidoc_construction_0015,[2],"[1, 3, 1]","[""page-1-chunk-1"", ""page-3-chunk-2"", ""page-1-chunk-2""]",MISS_AT_3_DEPTH_UNMEASURED,False,BLOCKED_INITIAL_TOP_K_3
unidoc_construction_0016,"[1, 2, 3, 4]","[6, 1, 7]","[""page-6-chunk-1"", ""page-1-chunk-1"", ""page-7-chunk-1""]",HIT_AT_3,True,BLOCKED_INITIAL_TOP_K_3
unidoc_construction_0017,"[11, 12]","[7, 6, 1]","[""page-7-chunk-1"", ""page-6-chunk-1"", ""page-1-chunk-1""]",MISS_AT_3_DEPTH_UNMEASURED,False,BLOCKED_INITIAL_TOP_K_3
unidoc_construction_0018,"[5, 6]","[6, 10, 9]","[""page-6-chunk-1"", ""page-10-chunk-1"", ""page-9-chunk-1""]",HIT_AT_3,False,BLOCKED_INITIAL_TOP_K_3
unidoc_construction_0019,"[4, 5]","[4, 5, 7]","[""page-4-chunk-1"", ""page-5-chunk-1"", ""page-7-chunk-1""]",HIT_AT_3,False,BLOCKED_INITIAL_TOP_K_3
unidoc_construction_0020,[7],"[7, 6, 6]","[""page-7-chunk-1"", ""page-6-chunk-1"", ""page-6-chunk-2""]",HIT_AT_3,False,BLOCKED_INITIAL_TOP_K_3
unidoc_construction_0021,"[1, 2, 3, 5, 6]","[1, 5, 3]","[""page-1-chunk-1"", ""page-5-chunk-1"", ""page-3-chunk-1""]",HIT_AT_3,False,BLOCKED_INITIAL_TOP_K_3
unidoc_construction_0022,"[3, 4]","[3, 4, 2]","[""page-3-chunk-1"", ""page-4-chunk-1"", ""page-2-chunk-2""]",HIT_AT_3,False,BLOCKED_INITIAL_TOP_K_3
unidoc_construction_0023,"[9, 10]","[10, 9, 8]","[""page-10-chunk-1"", ""page-9-chunk-1"", ""page-8-chunk-1""]",HIT_AT_3,False,BLOCKED_INITIAL_TOP_K_3
unidoc_construction_0024,"[4, 5]","[4, 2, 5]","[""page-4-chunk-1"", ""page-2-chunk-1"", ""page-5-chunk-1""]",HIT_AT_3,False,BLOCKED_INITIAL_TOP_K_3
unidoc_construction_0025,[21],"[20, 21, 20]","[""page-20-chunk-1"", ""page-21-chunk-1"", ""page-20-chunk-2""]",HIT_AT_3,True,BLOCKED_INITIAL_TOP_K_3
unidoc_construction_0026,"[4, 5, 6]","[5, 6, 1]","[""page-5-chunk-1"", ""page-6-chunk-1"", ""page-1-chunk-1""]",HIT_AT_3,False,BLOCKED_INITIAL_TOP_K_3
unidoc_construction_0027,[4],"[3, 4, 5]","[""page-3-chunk-1"", ""page-4-chunk-1"", ""page-5-chunk-1""]",HIT_AT_3,True,BLOCKED_INITIAL_TOP_K_3
unidoc_construction_0028,"[12, 13, 14]","[14, 5, 1]","[""page-14-chunk-1"", ""page-5-chunk-1"", ""page-1-chunk-1""]",HIT_AT_3,False,BLOCKED_INITIAL_TOP_K_3
unidoc_construction_0029,"[4, 5, 6]","[5, 6, 1]","[""page-5-chunk-1"", ""page-6-chunk-1"", ""page-1-chunk-1""]",HIT_AT_3,False,BLOCKED_INITIAL_TOP_K_3
unidoc_construction_0030,[4],"[4, 8, 2]","[""page-4-chunk-1"", ""page-8-chunk-1"", ""page-2-chunk-1""]",HIT_AT_3,False,BLOCKED_INITIAL_TOP_K_3
unidoc_construction_0031,"[9, 10, 11]","[10, 11, 14]","[""page-10-chunk-1"", ""page-11-chunk-1"", ""page-14-chunk-1""]",HIT_AT_3,False,BLOCKED_INITIAL_TOP_K_3
unidoc_construction_0032,"[5, 6, 7]","[5, 8, 6]","[""page-5-chunk-1"", ""page-8-chunk-1"", ""page-6-chunk-1""]",HIT_AT_3,False,BLOCKED_INITIAL_TOP_K_3
unidoc_construction_0033,"[4, 5, 6, 7]","[7, 4, 6]","[""page-7-chunk-1"", ""page-4-chunk-1"", ""page-6-chunk-1""]",HIT_AT_3,False,BLOCKED_INITIAL_TOP_K_3
unidoc_construction_0034,[6],"[5, 6, 4]","[""page-5-chunk-1"", ""page-6-chunk-1"", ""page-4-chunk-1""]",HIT_AT_3,True,BLOCKED_INITIAL_TOP_K_3
unidoc_construction_0035,"[4, 5]","[4, 5, 3]","[""page-4-chunk-1"", ""page-5-chunk-1"", ""page-3-chunk-1""]",HIT_AT_3,False,BLOCKED_INITIAL_TOP_K_3
unidoc_construction_0036,[7],"[7, 2, 10]","[""page-7-chunk-1"", ""page-2-chunk-1"", ""page-10-chunk-1""]",HIT_AT_3,False,BLOCKED_INITIAL_TOP_K_3
unidoc_construction_0037,"[4, 5]","[5, 2, 3]","[""page-5-chunk-1"", ""page-2-chunk-1"", ""page-3-chunk-1""]",HIT_AT_3,False,BLOCKED_INITIAL_TOP_K_3
unidoc_construction_0038,"[14, 15]","[16, 21, 20]","[""page-16-chunk-1"", ""page-21-chunk-1"", ""page-20-chunk-2""]",MISS_AT_3_DEPTH_UNMEASURED,False,BLOCKED_INITIAL_TOP_K_3
unidoc_construction_0039,"[1, 2, 3, 5, 6]","[1, 5, 3]","[""page-1-chunk-1"", ""page-5-chunk-1"", ""page-3-chunk-1""]",HIT_AT_3,False,BLOCKED_INITIAL_TOP_K_3
unidoc_construction_0040,"[6, 7]","[6, 7, 8]","[""page-6-chunk-1"", ""page-7-chunk-1"", ""page-8-chunk-1""]",HIT_AT_3,False,BLOCKED_INITIAL_TOP_K_3
unidoc_construction_0041,"[8, 9]","[9, 1, 6]","[""page-9-chunk-1"", ""page-1-chunk-1"", ""page-6-chunk-1""]",HIT_AT_3,False,BLOCKED_INITIAL_TOP_K_3
unidoc_construction_0042,[4],"[4, 13, 5]","[""page-4-chunk-1"", ""page-13-chunk-1"", ""page-5-chunk-1""]",HIT_AT_3,False,BLOCKED_INITIAL_TOP_K_3
unidoc_construction_0043,"[7, 8]","[3, 1, 7]","[""page-3-chunk-1"", ""page-1-chunk-1"", ""page-7-chunk-1""]",HIT_AT_3,True,BLOCKED_INITIAL_TOP_K_3
unidoc_construction_0044,"[7, 9, 10, 11]","[6, 7, 8]","[""page-6-chunk-1"", ""page-7-chunk-1"", ""page-8-chunk-1""]",HIT_AT_3,True,BLOCKED_INITIAL_TOP_K_3
unidoc_construction_0045,"[7, 8]","[1, 4, 3]","[""page-1-chunk-1"", ""page-4-chunk-1"", ""page-3-chunk-1""]",MISS_AT_3_DEPTH_UNMEASURED,False,BLOCKED_INITIAL_TOP_K_3
unidoc_construction_0046,[2],"[2, 13, 3]","[""page-2-chunk-1"", ""page-13-chunk-1"", ""page-3-chunk-1""]",HIT_AT_3,False,BLOCKED_INITIAL_TOP_K_3
unidoc_construction_0047,"[5, 6]","[1, 2, 4]","[""page-1-chunk-1"", ""page-2-chunk-1"", ""page-4-chunk-1""]",MISS_AT_3_DEPTH_UNMEASURED,False,BLOCKED_INITIAL_TOP_K_3
unidoc_construction_0048,"[7, 8]","[7, 1, 6]","[""page-7-chunk-1"", ""page-1-chunk-1"", ""page-6-chunk-1""]",HIT_AT_3,False,BLOCKED_INITIAL_TOP_K_3
unidoc_construction_0049,"[14, 15, 16, 17, 18]","[15, 16, 17]","[""page-15-chunk-1"", ""page-16-chunk-1"", ""page-17-chunk-1""]",HIT_AT_3,False,BLOCKED_INITIAL_TOP_K_3
unidoc_construction_0050,"[14, 15]","[14, 13, 15]","[""page-14-chunk-1"", ""page-13-chunk-1"", ""page-15-chunk-1""]",HIT_AT_3,False,BLOCKED_INITIAL_TOP_K_3
unidoc_construction_0051,"[2, 3]","[3, 2, 10]","[""page-3-chunk-1"", ""page-2-chunk-1"", ""page-10-chunk-1""]",HIT_AT_3,False,BLOCKED_INITIAL_TOP_K_3
unidoc_construction_0052,[2],"[3, 1, 3]","[""page-3-chunk-1"", ""page-1-chunk-2"", ""page-3-chunk-2""]",MISS_AT_3_DEPTH_UNMEASURED,False,BLOCKED_INITIAL_TOP_K_3
unidoc_construction_0053,"[10, 11, 12]","[12, 11, 10]","[""page-12-chunk-1"", ""page-11-chunk-1"", ""page-10-chunk-1""]",HIT_AT_3,False,BLOCKED_INITIAL_TOP_K_3
unidoc_construction_0054,"[5, 6, 8, 9]","[9, 8, 6]","[""page-9-chunk-1"", ""page-8-chunk-1"", ""page-6-chunk-1""]",HIT_AT_3,False,BLOCKED_INITIAL_TOP_K_3
unidoc_construction_0055,"[10, 11]","[9, 11, 4]","[""page-9-chunk-1"", ""page-11-chunk-1"", ""page-4-chunk-1""]",HIT_AT_3,True,BLOCKED_INITIAL_TOP_K_3
unidoc_construction_0056,[7],"[6, 7, 5]","[""page-6-chunk-1"", ""page-7-chunk-1"", ""page-5-chunk-1""]",HIT_AT_3,True,BLOCKED_INITIAL_TOP_K_3
unidoc_construction_0057,"[10, 11]","[10, 12, 1]","[""page-10-chunk-1"", ""page-12-chunk-1"", ""page-1-chunk-1""]",HIT_AT_3,False,BLOCKED_INITIAL_TOP_K_3
unidoc_construction_0058,"[4, 5, 6]","[8, 9, 7]","[""page-8-chunk-1"", ""page-9-chunk-1"", ""page-7-chunk-1""]",MISS_AT_3_DEPTH_UNMEASURED,False,BLOCKED_INITIAL_TOP_K_3
unidoc_construction_0059,"[13, 14, 15, 16, 17, 18]","[14, 15, 8]","[""page-14-chunk-1"", ""page-15-chunk-1"", ""page-8-chunk-1""]",HIT_AT_3,False,BLOCKED_INITIAL_TOP_K_3
unidoc_construction_0060,"[1, 5]","[1, 5, 2]","[""page-1-chunk-1"", ""page-5-chunk-1"", ""page-2-chunk-1""]",HIT_AT_3,False,BLOCKED_INITIAL_TOP_K_3
unidoc_construction_0061,"[3, 4]","[3, 1, 10]","[""page-3-chunk-1"", ""page-1-chunk-1"", ""page-10-chunk-1""]",HIT_AT_3,False,BLOCKED_INITIAL_TOP_K_3
unidoc_construction_0062,"[3, 4]","[3, 3, 4]","[""page-3-chunk-2"", ""page-3-chunk-1"", ""page-4-chunk-1""]",HIT_AT_3,False,BLOCKED_INITIAL_TOP_K_3
unidoc_construction_0063,[18],"[3, 18, 17]","[""page-3-chunk-1"", ""page-18-chunk-1"", ""page-17-chunk-1""]",HIT_AT_3,True,BLOCKED_INITIAL_TOP_K_3
unidoc_construction_0064,"[6, 7]","[7, 6, 11]","[""page-7-chunk-1"", ""page-6-chunk-1"", ""page-11-chunk-1""]",HIT_AT_3,False,BLOCKED_INITIAL_TOP_K_3
unidoc_construction_0065,[16],"[9, 8, 2]","[""page-9-chunk-1"", ""page-8-chunk-1"", ""page-2-chunk-1""]",MISS_AT_3_DEPTH_UNMEASURED,False,BLOCKED_INITIAL_TOP_K_3
unidoc_construction_0066,"[9, 10, 11, 12]","[12, 17, 3]","[""page-12-chunk-1"", ""page-17-chunk-1"", ""page-3-chunk-1""]",HIT_AT_3,False,BLOCKED_INITIAL_TOP_K_3
unidoc_construction_0067,"[5, 6, 7]","[19, 18, 17]","[""page-19-chunk-1"", ""page-18-chunk-1"", ""page-17-chunk-1""]",MISS_AT_3_DEPTH_UNMEASURED,False,BLOCKED_INITIAL_TOP_K_3
unidoc_construction_0068,[7],"[8, 7, 6]","[""page-8-chunk-1"", ""page-7-chunk-1"", ""page-6-chunk-1""]",HIT_AT_3,True,BLOCKED_INITIAL_TOP_K_3
unidoc_construction_0069,"[12, 13, 14, 15]","[14, 11, 12]","[""page-14-chunk-1"", ""page-11-chunk-1"", ""page-12-chunk-1""]",HIT_AT_3,False,BLOCKED_INITIAL_TOP_K_3
unidoc_construction_0070,[10],"[6, 2, 9]","[""page-6-chunk-1"", ""page-2-chunk-1"", ""page-9-chunk-1""]",MISS_AT_3_DEPTH_UNMEASURED,False,BLOCKED_INITIAL_TOP_K_3
unidoc_construction_0071,"[9, 10, 11]","[10, 12, 1]","[""page-10-chunk-1"", ""page-12-chunk-1"", ""page-1-chunk-1""]",HIT_AT_3,False,BLOCKED_INITIAL_TOP_K_3
unidoc_construction_0072,[1],"[2, 1, 12]","[""page-2-chunk-1"", ""page-1-chunk-1"", ""page-12-chunk-1""]",HIT_AT_3,True,BLOCKED_INITIAL_TOP_K_3
unidoc_construction_0073,"[14, 15]","[1, 2, 4]","[""page-1-chunk-1"", ""page-2-chunk-1"", ""page-4-chunk-1""]",MISS_AT_3_DEPTH_UNMEASURED,False,BLOCKED_INITIAL_TOP_K_3
unidoc_construction_0074,[6],"[5, 6, 7]","[""page-5-chunk-1"", ""page-6-chunk-1"", ""page-7-chunk-1""]",HIT_AT_3,True,BLOCKED_INITIAL_TOP_K_3
unidoc_construction_0075,"[12, 13, 14]","[16, 1, 5]","[""page-16-chunk-1"", ""page-1-chunk-1"", ""page-5-chunk-1""]",MISS_AT_3_DEPTH_UNMEASURED,False,BLOCKED_INITIAL_TOP_K_3
unidoc_construction_0076,"[1, 2]","[2, 1, 4]","[""page-2-chunk-1"", ""page-1-chunk-1"", ""page-4-chunk-1""]",HIT_AT_3,False,BLOCKED_INITIAL_TOP_K_3
unidoc_construction_0077,"[3, 4]","[3, 6, 2]","[""page-3-chunk-1"", ""page-6-chunk-1"", ""page-2-chunk-1""]",HIT_AT_3,False,BLOCKED_INITIAL_TOP_K_3
unidoc_construction_0078,[3],"[1, 2, 2]","[""page-1-chunk-1"", ""page-2-chunk-1"", ""page-2-chunk-2""]",MISS_AT_3_DEPTH_UNMEASURED,False,BLOCKED_INITIAL_TOP_K_3
unidoc_construction_0079,"[12, 13]","[12, 3, 15]","[""page-12-chunk-1"", ""page-3-chunk-1"", ""page-15-chunk-1""]",HIT_AT_3,False,BLOCKED_INITIAL_TOP_K_3
unidoc_construction_0080,"[10, 11]","[11, 10, 4]","[""page-11-chunk-1"", ""page-10-chunk-1"", ""page-4-chunk-1""]",HIT_AT_3,False,BLOCKED_INITIAL_TOP_K_3
unidoc_construction_0081,[12],"[12, 19, 13]","[""page-12-chunk-1"", ""page-19-chunk-1"", ""page-13-chunk-1""]",HIT_AT_3,False,BLOCKED_INITIAL_TOP_K_3
unidoc_construction_0082,[2],"[2, 2, 1]","[""page-2-chunk-1"", ""page-2-chunk-2"", ""page-1-chunk-2""]",HIT_AT_3,False,BLOCKED_INITIAL_TOP_K_3
unidoc_construction_0083,"[5, 6]","[2, 6, 1]","[""page-2-chunk-1"", ""page-6-chunk-1"", ""page-1-chunk-1""]",HIT_AT_3,True,BLOCKED_INITIAL_TOP_K_3
unidoc_construction_0084,"[3, 4]","[8, 3, 13]","[""page-8-chunk-1"", ""page-3-chunk-1"", ""page-13-chunk-1""]",HIT_AT_3,True,BLOCKED_INITIAL_TOP_K_3
unidoc_construction_0085,"[4, 5]","[5, 4, 7]","[""page-5-chunk-1"", ""page-4-chunk-1"", ""page-7-chunk-1""]",HIT_AT_3,False,BLOCKED_INITIAL_TOP_K_3
unidoc_construction_0086,"[4, 5, 12, 13]","[4, 2, 14]","[""page-4-chunk-1"", ""page-2-chunk-1"", ""page-14-chunk-1""]",HIT_AT_3,False,BLOCKED_INITIAL_TOP_K_3
unidoc_construction_0087,[4],"[4, 1, 3]","[""page-4-chunk-1"", ""page-1-chunk-1"", ""page-3-chunk-3""]",HIT_AT_3,False,BLOCKED_INITIAL_TOP_K_3
unidoc_construction_0088,"[6, 7, 8, 9, 10, 11]","[8, 1, 5]","[""page-8-chunk-1"", ""page-1-chunk-1"", ""page-5-chunk-1""]",HIT_AT_3,False,BLOCKED_INITIAL_TOP_K_3
unidoc_construction_0089,"[3, 4]","[4, 5, 6]","[""page-4-chunk-1"", ""page-5-chunk-1"", ""page-6-chunk-1""]",HIT_AT_3,False,BLOCKED_INITIAL_TOP_K_3
unidoc_construction_0090,"[9, 10]","[10, 16, 5]","[""page-10-chunk-1"", ""page-16-chunk-1"", ""page-5-chunk-1""]",HIT_AT_3,False,BLOCKED_INITIAL_TOP_K_3
unidoc_construction_0091,"[5, 6, 7, 8, 9]","[6, 4, 8]","[""page-6-chunk-1"", ""page-4-chunk-1"", ""page-8-chunk-1""]",HIT_AT_3,False,BLOCKED_INITIAL_TOP_K_3
unidoc_construction_0092,"[5, 7, 8]","[7, 5, 8]","[""page-7-chunk-1"", ""page-5-chunk-1"", ""page-8-chunk-1""]",HIT_AT_3,False,BLOCKED_INITIAL_TOP_K_3
unidoc_construction_0093,[20],"[10, 2, 1]","[""page-10-chunk-1"", ""page-2-chunk-1"", ""page-1-chunk-1""]",MISS_AT_3_DEPTH_UNMEASURED,False,BLOCKED_INITIAL_TOP_K_3
unidoc_construction_0094,"[3, 4, 12, 13]","[12, 2, 2]","[""page-12-chunk-1"", ""page-2-chunk-1"", ""page-2-chunk-2""]",HIT_AT_3,False,BLOCKED_INITIAL_TOP_K_3
unidoc_construction_0095,"[1, 2, 3]","[2, 1, 12]","[""page-2-chunk-1"", ""page-1-chunk-1"", ""page-12-chunk-1""]",HIT_AT_3,False,BLOCKED_INITIAL_TOP_K_3
unidoc_construction_0096,"[28, 29]","[28, 27, 1]","[""page-28-chunk-1"", ""page-27-chunk-1"", ""page-1-chunk-1""]",HIT_AT_3,False,BLOCKED_INITIAL_TOP_K_3
unidoc_construction_0097,"[5, 6, 7, 8]","[5, 8, 3]","[""page-5-chunk-1"", ""page-8-chunk-1"", ""page-3-chunk-1""]",HIT_AT_3,False,BLOCKED_INITIAL_TOP_K_3
unidoc_construction_0098,[4],"[4, 5, 3]","[""page-4-chunk-1"", ""page-5-chunk-1"", ""page-3-chunk-1""]",HIT_AT_3,False,BLOCKED_INITIAL_TOP_K_3
unidoc_construction_0099,"[4, 5, 6]","[5, 4, 6]","[""page-5-chunk-1"", ""page-4-chunk-2"", ""page-6-chunk-1""]",HIT_AT_3,False,BLOCKED_INITIAL_TOP_K_3
unidoc_construction_0100,"[12, 13]","[12, 11, 7]","[""page-12-chunk-1"", ""page-11-chunk-1"", ""page-7-chunk-1""]",HIT_AT_3,False,BLOCKED_INITIAL_TOP_K_3
unidoc_construction_0101,[2],"[5, 1, 4]","[""page-5-chunk-1"", ""page-1-chunk-1"", ""page-4-chunk-1""]",MISS_AT_3_DEPTH_UNMEASURED,False,BLOCKED_INITIAL_TOP_K_3
unidoc_construction_0102,"[17, 18]","[5, 2, 2]","[""page-5-chunk-1"", ""page-2-chunk-2"", ""page-2-chunk-1""]",MISS_AT_3_DEPTH_UNMEASURED,False,BLOCKED_INITIAL_TOP_K_3
unidoc_construction_0103,"[3, 4]","[4, 8, 5]","[""page-4-chunk-1"", ""page-8-chunk-1"", ""page-5-chunk-1""]",HIT_AT_3,False,BLOCKED_INITIAL_TOP_K_3
unidoc_construction_0104,[14],"[14, 13, 9]","[""page-14-chunk-1"", ""page-13-chunk-1"", ""page-9-chunk-1""]",HIT_AT_3,False,BLOCKED_INITIAL_TOP_K_3
unidoc_construction_0105,[11],"[10, 15, 11]","[""page-10-chunk-1"", ""page-15-chunk-1"", ""page-11-chunk-1""]",HIT_AT_3,True,BLOCKED_INITIAL_TOP_K_3
unidoc_construction_0106,"[6, 7]","[6, 1, 7]","[""page-6-chunk-1"", ""page-1-chunk-1"", ""page-7-chunk-1""]",HIT_AT_3,False,BLOCKED_INITIAL_TOP_K_3
unidoc_construction_0107,"[8, 9, 10, 11, 12, 13, 14, 15, 16]","[9, 8, 16]","[""page-9-chunk-1"", ""page-8-chunk-1"", ""page-16-chunk-1""]",HIT_AT_3,False,BLOCKED_INITIAL_TOP_K_3
unidoc_construction_0108,"[7, 9, 10, 11]","[6, 7, 9]","[""page-6-chunk-1"", ""page-7-chunk-1"", ""page-9-chunk-1""]",HIT_AT_3,True,BLOCKED_INITIAL_TOP_K_3
unidoc_construction_0109,"[4, 5]","[5, 4, 6]","[""page-5-chunk-1"", ""page-4-chunk-1"", ""page-6-chunk-1""]",HIT_AT_3,False,BLOCKED_INITIAL_TOP_K_3
unidoc_construction_0110,[8],"[8, 7, 7]","[""page-8-chunk-1"", ""page-7-chunk-1"", ""page-7-chunk-2""]",HIT_AT_3,False,BLOCKED_INITIAL_TOP_K_3
unidoc_construction_0111,"[10, 11]","[10, 2, 5]","[""page-10-chunk-1"", ""page-2-chunk-1"", ""page-5-chunk-1""]",HIT_AT_3,False,BLOCKED_INITIAL_TOP_K_3
unidoc_construction_0112,[2],"[7, 1, 6]","[""page-7-chunk-1"", ""page-1-chunk-1"", ""page-6-chunk-1""]",MISS_AT_3_DEPTH_UNMEASURED,False,BLOCKED_INITIAL_TOP_K_3
unidoc_construction_0113,[8],"[7, 8, 4]","[""page-7-chunk-1"", ""page-8-chunk-1"", ""page-4-chunk-1""]",HIT_AT_3,True,BLOCKED_INITIAL_TOP_K_3
unidoc_construction_0114,"[5, 6, 7]","[1, 11, 13]","[""page-1-chunk-1"", ""page-11-chunk-1"", ""page-13-chunk-1""]",MISS_AT_3_DEPTH_UNMEASURED,False,BLOCKED_INITIAL_TOP_K_3
unidoc_construction_0115,"[6, 7]","[6, 7, 8]","[""page-6-chunk-1"", ""page-7-chunk-1"", ""page-8-chunk-1""]",HIT_AT_3,False,BLOCKED_INITIAL_TOP_K_3
unidoc_construction_0116,[4],"[3, 4, 13]","[""page-3-chunk-1"", ""page-4-chunk-1"", ""page-13-chunk-1""]",HIT_AT_3,True,BLOCKED_INITIAL_TOP_K_3
unidoc_construction_0117,"[5, 6]","[5, 2, 7]","[""page-5-chunk-1"", ""page-2-chunk-1"", ""page-7-chunk-1""]",HIT_AT_3,False,BLOCKED_INITIAL_TOP_K_3
unidoc_construction_0118,"[16, 17]","[17, 18, 7]","[""page-17-chunk-1"", ""page-18-chunk-1"", ""page-7-chunk-1""]",HIT_AT_3,False,BLOCKED_INITIAL_TOP_K_3
unidoc_construction_0119,[5],"[3, 1, 5]","[""page-3-chunk-1"", ""page-1-chunk-1"", ""page-5-chunk-1""]",HIT_AT_3,True,BLOCKED_INITIAL_TOP_K_3
unidoc_construction_0120,[13],"[13, 12, 8]","[""page-13-chunk-1"", ""page-12-chunk-1"", ""page-8-chunk-1""]",HIT_AT_3,False,BLOCKED_INITIAL_TOP_K_3
unidoc_construction_0121,"[1, 5, 6]","[6, 1, 5]","[""page-6-chunk-1"", ""page-1-chunk-1"", ""page-5-chunk-1""]",HIT_AT_3,False,BLOCKED_INITIAL_TOP_K_3
unidoc_construction_0122,"[1, 2]","[1, 2, 8]","[""page-1-chunk-1"", ""page-2-chunk-1"", ""page-8-chunk-1""]",HIT_AT_3,False,BLOCKED_INITIAL_TOP_K_3
unidoc_construction_0123,"[1, 2, 3, 5, 6]","[1, 3, 5]","[""page-1-chunk-1"", ""page-3-chunk-1"", ""page-5-chunk-1""]",HIT_AT_3,False,BLOCKED_INITIAL_TOP_K_3
unidoc_construction_0124,[9],"[9, 3, 10]","[""page-9-chunk-1"", ""page-3-chunk-1"", ""page-10-chunk-1""]",HIT_AT_3,False,BLOCKED_INITIAL_TOP_K_3
unidoc_construction_0125,[10],"[1, 5, 6]","[""page-1-chunk-1"", ""page-5-chunk-1"", ""page-6-chunk-1""]",MISS_AT_3_DEPTH_UNMEASURED,False,BLOCKED_INITIAL_TOP_K_3
unidoc_construction_0126,"[5, 6]","[3, 2, 1]","[""page-3-chunk-1"", ""page-2-chunk-1"", ""page-1-chunk-1""]",MISS_AT_3_DEPTH_UNMEASURED,False,BLOCKED_INITIAL_TOP_K_3
unidoc_construction_0127,"[8, 9]","[9, 1, 7]","[""page-9-chunk-1"", ""page-1-chunk-1"", ""page-7-chunk-1""]",HIT_AT_3,False,BLOCKED_INITIAL_TOP_K_3
unidoc_construction_0128,"[4, 5, 6]","[5, 1, 2]","[""page-5-chunk-1"", ""page-1-chunk-1"", ""page-2-chunk-1""]",HIT_AT_3,False,BLOCKED_INITIAL_TOP_K_3
unidoc_construction_0129,"[1, 2]","[1, 5, 3]","[""page-1-chunk-1"", ""page-5-chunk-1"", ""page-3-chunk-1""]",HIT_AT_3,False,BLOCKED_INITIAL_TOP_K_3
unidoc_construction_0130,"[6, 7]","[7, 2, 4]","[""page-7-chunk-1"", ""page-2-chunk-2"", ""page-4-chunk-1""]",HIT_AT_3,False,BLOCKED_INITIAL_TOP_K_3
unidoc_construction_0131,[25],"[14, 25, 17]","[""page-14-chunk-1"", ""page-25-chunk-1"", ""page-17-chunk-1""]",HIT_AT_3,True,BLOCKED_INITIAL_TOP_K_3
unidoc_construction_0132,"[4, 5, 6, 7]","[7, 4, 6]","[""page-7-chunk-1"", ""page-4-chunk-1"", ""page-6-chunk-1""]",HIT_AT_3,False,BLOCKED_INITIAL_TOP_K_3
unidoc_construction_0133,[4],"[4, 6, 5]","[""page-4-chunk-1"", ""page-6-chunk-1"", ""page-5-chunk-1""]",HIT_AT_3,False,BLOCKED_INITIAL_TOP_K_3
unidoc_construction_0134,[12],"[12, 17, 19]","[""page-12-chunk-1"", ""page-17-chunk-1"", ""page-19-chunk-1""]",HIT_AT_3,False,BLOCKED_INITIAL_TOP_K_3
unidoc_construction_0135,"[5, 6]","[5, 2, 12]","[""page-5-chunk-1"", ""page-2-chunk-1"", ""page-12-chunk-1""]",HIT_AT_3,False,BLOCKED_INITIAL_TOP_K_3
unidoc_construction_0136,[4],"[4, 7, 2]","[""page-4-chunk-1"", ""page-7-chunk-1"", ""page-2-chunk-1""]",HIT_AT_3,False,BLOCKED_INITIAL_TOP_K_3
unidoc_construction_0137,[3],"[3, 6, 7]","[""page-3-chunk-1"", ""page-6-chunk-1"", ""page-7-chunk-1""]",HIT_AT_3,False,BLOCKED_INITIAL_TOP_K_3
unidoc_construction_0138,"[4, 5]","[4, 5, 6]","[""page-4-chunk-1"", ""page-5-chunk-1"", ""page-6-chunk-1""]",HIT_AT_3,False,BLOCKED_INITIAL_TOP_K_3
unidoc_construction_0139,[3],"[1, 3, 4]","[""page-1-chunk-1"", ""page-3-chunk-1"", ""page-4-chunk-1""]",HIT_AT_3,True,BLOCKED_INITIAL_TOP_K_3
unidoc_construction_0140,"[20, 21]","[20, 16, 18]","[""page-20-chunk-1"", ""page-16-chunk-1"", ""page-18-chunk-1""]",HIT_AT_3,False,BLOCKED_INITIAL_TOP_K_3
unidoc_construction_0141,"[8, 9, 10, 11]","[9, 11, 2]","[""page-9-chunk-1"", ""page-11-chunk-1"", ""page-2-chunk-1""]",HIT_AT_3,False,BLOCKED_INITIAL_TOP_K_3
unidoc_construction_0142,"[10, 11]","[11, 10, 4]","[""page-11-chunk-1"", ""page-10-chunk-1"", ""page-4-chunk-1""]",HIT_AT_3,False,BLOCKED_INITIAL_TOP_K_3
unidoc_construction_0143,"[6, 7]","[7, 6, 8]","[""page-7-chunk-1"", ""page-6-chunk-1"", ""page-8-chunk-1""]",HIT_AT_3,False,BLOCKED_INITIAL_TOP_K_3
unidoc_construction_0144,[2],"[2, 1, 8]","[""page-2-chunk-1"", ""page-1-chunk-1"", ""page-8-chunk-1""]",HIT_AT_3,False,BLOCKED_INITIAL_TOP_K_3
unidoc_construction_0145,"[8, 9]","[8, 3, 9]","[""page-8-chunk-1"", ""page-3-chunk-1"", ""page-9-chunk-1""]",HIT_AT_3,False,BLOCKED_INITIAL_TOP_K_3
unidoc_construction_0146,"[4, 5]","[5, 7, 4]","[""page-5-chunk-1"", ""page-7-chunk-1"", ""page-4-chunk-1""]",HIT_AT_3,False,BLOCKED_INITIAL_TOP_K_3
unidoc_construction_0147,"[18, 19, 20]","[1, 14, 5]","[""page-1-chunk-1"", ""page-14-chunk-1"", ""page-5-chunk-1""]",MISS_AT_3_DEPTH_UNMEASURED,False,BLOCKED_INITIAL_TOP_K_3
unidoc_construction_0148,[7],"[1, 2, 7]","[""page-1-chunk-1"", ""page-2-chunk-1"", ""page-7-chunk-1""]",HIT_AT_3,True,BLOCKED_INITIAL_TOP_K_3
unidoc_construction_0149,"[8, 9, 17, 18]","[17, 18, 20]","[""page-17-chunk-1"", ""page-18-chunk-1"", ""page-20-chunk-1""]",HIT_AT_3,False,BLOCKED_INITIAL_TOP_K_3
unidoc_construction_0150,"[10, 11]","[14, 12, 5]","[""page-14-chunk-1"", ""page-12-chunk-1"", ""page-5-chunk-1""]",MISS_AT_3_DEPTH_UNMEASURED,False,BLOCKED_INITIAL_TOP_K_3
unidoc_construction_0151,[15],"[20, 16, 14]","[""page-20-chunk-1"", ""page-16-chunk-1"", ""page-14-chunk-1""]",MISS_AT_3_DEPTH_UNMEASURED,False,BLOCKED_INITIAL_TOP_K_3
unidoc_construction_0152,[1],"[1, 10, 13]","[""page-1-chunk-1"", ""page-10-chunk-1"", ""page-13-chunk-1""]",HIT_AT_3,False,BLOCKED_INITIAL_TOP_K_3
unidoc_construction_0153,[2],"[3, 3, 1]","[""page-3-chunk-1"", ""page-3-chunk-2"", ""page-1-chunk-2""]",MISS_AT_3_DEPTH_UNMEASURED,False,BLOCKED_INITIAL_TOP_K_3
unidoc_construction_0154,"[11, 12]","[12, 1, 11]","[""page-12-chunk-1"", ""page-1-chunk-1"", ""page-11-chunk-1""]",HIT_AT_3,False,BLOCKED_INITIAL_TOP_K_3
unidoc_construction_0155,"[14, 15, 16, 17]","[14, 15, 16]","[""page-14-chunk-2"", ""page-15-chunk-1"", ""page-16-chunk-1""]",HIT_AT_3,False,BLOCKED_INITIAL_TOP_K_3
unidoc_construction_0156,"[5, 6]","[5, 6, 7]","[""page-5-chunk-1"", ""page-6-chunk-1"", ""page-7-chunk-1""]",HIT_AT_3,False,BLOCKED_INITIAL_TOP_K_3
unidoc_construction_0157,"[10, 11, 12]","[11, 7, 7]","[""page-11-chunk-1"", ""page-7-chunk-1"", ""page-7-chunk-2""]",HIT_AT_3,False,BLOCKED_INITIAL_TOP_K_3
unidoc_construction_0158,"[1, 2, 3, 4, 5, 6, 7, 8, 9]","[7, 3, 8]","[""page-7-chunk-1"", ""page-3-chunk-1"", ""page-8-chunk-1""]",HIT_AT_3,False,BLOCKED_INITIAL_TOP_K_3
unidoc_construction_0159,[13],"[13, 14, 3]","[""page-13-chunk-1"", ""page-14-chunk-1"", ""page-3-chunk-1""]",HIT_AT_3,False,BLOCKED_INITIAL_TOP_K_3
unidoc_construction_0160,[16],"[12, 16, 8]","[""page-12-chunk-1"", ""page-16-chunk-1"", ""page-8-chunk-1""]",HIT_AT_3,True,BLOCKED_INITIAL_TOP_K_3
unidoc_construction_0161,[17],"[15, 14, 17]","[""page-15-chunk-1"", ""page-14-chunk-2"", ""page-17-chunk-2""]",HIT_AT_3,True,BLOCKED_INITIAL_TOP_K_3
unidoc_construction_0162,[15],"[15, 8, 11]","[""page-15-chunk-2"", ""page-8-chunk-1"", ""page-11-chunk-1""]",HIT_AT_3,False,BLOCKED_INITIAL_TOP_K_3
unidoc_construction_0163,[2],"[1, 2, 8]","[""page-1-chunk-1"", ""page-2-chunk-1"", ""page-8-chunk-1""]",HIT_AT_3,True,BLOCKED_INITIAL_TOP_K_3
unidoc_construction_0164,[4],"[4, 3, 1]","[""page-4-chunk-1"", ""page-3-chunk-3"", ""page-1-chunk-1""]",HIT_AT_3,False,BLOCKED_INITIAL_TOP_K_3
unidoc_construction_0165,"[16, 17, 18, 19, 20]","[4, 11, 8]","[""page-4-chunk-1"", ""page-11-chunk-1"", ""page-8-chunk-1""]",MISS_AT_3_DEPTH_UNMEASURED,False,BLOCKED_INITIAL_TOP_K_3
unidoc_construction_0166,"[3, 4]","[3, 6, 9]","[""page-3-chunk-1"", ""page-6-chunk-1"", ""page-9-chunk-1""]",HIT_AT_3,False,BLOCKED_INITIAL_TOP_K_3
unidoc_construction_0167,"[10, 11, 12, 15, 16]","[10, 15, 11]","[""page-10-chunk-1"", ""page-15-chunk-1"", ""page-11-chunk-1""]",HIT_AT_3,False,BLOCKED_INITIAL_TOP_K_3
unidoc_construction_0168,"[5, 6]","[5, 7, 4]","[""page-5-chunk-1"", ""page-7-chunk-1"", ""page-4-chunk-2""]",HIT_AT_3,False,BLOCKED_INITIAL_TOP_K_3
unidoc_construction_0169,"[9, 10, 11]","[11, 10, 9]","[""page-11-chunk-1"", ""page-10-chunk-1"", ""page-9-chunk-1""]",HIT_AT_3,False,BLOCKED_INITIAL_TOP_K_3
unidoc_construction_0170,[1],"[1, 3, 2]","[""page-1-chunk-1"", ""page-3-chunk-1"", ""page-2-chunk-2""]",HIT_AT_3,False,BLOCKED_INITIAL_TOP_K_3
unidoc_construction_0171,"[11, 12]","[12, 5, 10]","[""page-12-chunk-1"", ""page-5-chunk-1"", ""page-10-chunk-1""]",HIT_AT_3,False,BLOCKED_INITIAL_TOP_K_3
unidoc_construction_0172,"[10, 11]","[11, 12, 5]","[""page-11-chunk-1"", ""page-12-chunk-1"", ""page-5-chunk-1""]",HIT_AT_3,False,BLOCKED_INITIAL_TOP_K_3
unidoc_construction_0173,"[22, 23, 24, 25]","[25, 26, 14]","[""page-25-chunk-1"", ""page-26-chunk-1"", ""page-14-chunk-1""]",HIT_AT_3,False,BLOCKED_INITIAL_TOP_K_3
unidoc_construction_0174,"[6, 7]","[2, 3, 5]","[""page-2-chunk-1"", ""page-3-chunk-1"", ""page-5-chunk-1""]",MISS_AT_3_DEPTH_UNMEASURED,False,BLOCKED_INITIAL_TOP_K_3
unidoc_construction_0175,[11],"[7, 8, 6]","[""page-7-chunk-1"", ""page-8-chunk-1"", ""page-6-chunk-1""]",MISS_AT_3_DEPTH_UNMEASURED,False,BLOCKED_INITIAL_TOP_K_3
unidoc_construction_0176,"[10, 11, 12]","[10, 11, 3]","[""page-10-chunk-1"", ""page-11-chunk-1"", ""page-3-chunk-1""]",HIT_AT_3,False,BLOCKED_INITIAL_TOP_K_3
unidoc_construction_0177,"[10, 11]","[10, 9, 1]","[""page-10-chunk-1"", ""page-9-chunk-1"", ""page-1-chunk-1""]",HIT_AT_3,False,BLOCKED_INITIAL_TOP_K_3
unidoc_construction_0178,"[5, 6]","[5, 6, 1]","[""page-5-chunk-1"", ""page-6-chunk-1"", ""page-1-chunk-1""]",HIT_AT_3,False,BLOCKED_INITIAL_TOP_K_3
unidoc_construction_0179,[6],"[2, 7, 6]","[""page-2-chunk-1"", ""page-7-chunk-1"", ""page-6-chunk-1""]",HIT_AT_3,True,BLOCKED_INITIAL_TOP_K_3
unidoc_construction_0180,"[10, 11, 12]","[11, 7, 12]","[""page-11-chunk-1"", ""page-7-chunk-2"", ""page-12-chunk-1""]",HIT_AT_3,False,BLOCKED_INITIAL_TOP_K_3
unidoc_construction_0181,"[1, 2]","[2, 5, 6]","[""page-2-chunk-1"", ""page-5-chunk-1"", ""page-6-chunk-1""]",HIT_AT_3,False,BLOCKED_INITIAL_TOP_K_3
unidoc_construction_0182,"[5, 6]","[6, 6, 4]","[""page-6-chunk-1"", ""page-6-chunk-2"", ""page-4-chunk-1""]",HIT_AT_3,False,BLOCKED_INITIAL_TOP_K_3
unidoc_construction_0183,"[7, 8, 9, 10]","[9, 11, 1]","[""page-9-chunk-1"", ""page-11-chunk-1"", ""page-1-chunk-1""]",HIT_AT_3,False,BLOCKED_INITIAL_TOP_K_3
unidoc_construction_0184,[4],"[2, 4, 3]","[""page-2-chunk-1"", ""page-4-chunk-1"", ""page-3-chunk-1""]",HIT_AT_3,True,BLOCKED_INITIAL_TOP_K_3
unidoc_construction_0185,[25],"[25, 26, 14]","[""page-25-chunk-1"", ""page-26-chunk-1"", ""page-14-chunk-1""]",HIT_AT_3,False,BLOCKED_INITIAL_TOP_K_3
unidoc_construction_0186,[7],"[7, 2, 10]","[""page-7-chunk-1"", ""page-2-chunk-1"", ""page-10-chunk-1""]",HIT_AT_3,False,BLOCKED_INITIAL_TOP_K_3
unidoc_construction_0187,[23],"[9, 6, 1]","[""page-9-chunk-1"", ""page-6-chunk-1"", ""page-1-chunk-1""]",MISS_AT_3_DEPTH_UNMEASURED,False,BLOCKED_INITIAL_TOP_K_3
unidoc_construction_0188,"[3, 4]","[3, 4, 5]","[""page-3-chunk-1"", ""page-4-chunk-1"", ""page-5-chunk-1""]",HIT_AT_3,False,BLOCKED_INITIAL_TOP_K_3
unidoc_construction_0189,[5],"[4, 5, 6]","[""page-4-chunk-1"", ""page-5-chunk-1"", ""page-6-chunk-1""]",HIT_AT_3,True,BLOCKED_INITIAL_TOP_K_3
unidoc_construction_0190,[16],"[3, 18, 17]","[""page-3-chunk-1"", ""page-18-chunk-1"", ""page-17-chunk-1""]",MISS_AT_3_DEPTH_UNMEASURED,False,BLOCKED_INITIAL_TOP_K_3
unidoc_construction_0191,"[4, 5]","[4, 16, 7]","[""page-4-chunk-1"", ""page-16-chunk-1"", ""page-7-chunk-1""]",HIT_AT_3,False,BLOCKED_INITIAL_TOP_K_3
unidoc_construction_0192,"[6, 7, 8, 9, 10]","[7, 9, 5]","[""page-7-chunk-1"", ""page-9-chunk-1"", ""page-5-chunk-1""]",HIT_AT_3,False,BLOCKED_INITIAL_TOP_K_3
unidoc_construction_0193,[5],"[4, 5, 3]","[""page-4-chunk-1"", ""page-5-chunk-1"", ""page-3-chunk-2""]",HIT_AT_3,True,BLOCKED_INITIAL_TOP_K_3
unidoc_construction_0194,"[7, 8, 9]","[8, 5, 9]","[""page-8-chunk-1"", ""page-5-chunk-1"", ""page-9-chunk-2""]",HIT_AT_3,False,BLOCKED_INITIAL_TOP_K_3
unidoc_construction_0195,"[10, 11]","[11, 13, 12]","[""page-11-chunk-1"", ""page-13-chunk-1"", ""page-12-chunk-1""]",HIT_AT_3,False,BLOCKED_INITIAL_TOP_K_3
unidoc_construction_0196,"[9, 10]","[10, 11, 9]","[""page-10-chunk-1"", ""page-11-chunk-1"", ""page-9-chunk-1""]",HIT_AT_3,False,BLOCKED_INITIAL_TOP_K_3
unidoc_construction_0197,[2],"[1, 3, 3]","[""page-1-chunk-2"", ""page-3-chunk-2"", ""page-3-chunk-1""]",MISS_AT_3_DEPTH_UNMEASURED,False,BLOCKED_INITIAL_TOP_K_3
unidoc_construction_0198,[20],"[10, 22, 2]","[""page-10-chunk-1"", ""page-22-chunk-1"", ""page-2-chunk-1""]",MISS_AT_3_DEPTH_UNMEASURED,False,BLOCKED_INITIAL_TOP_K_3
unidoc_construction_0199,"[14, 15]","[11, 3, 2]","[""page-11-chunk-1"", ""page-3-chunk-1"", ""page-2-chunk-1""]",MISS_AT_3_DEPTH_UNMEASURED,False,BLOCKED_INITIAL_TOP_K_3
unidoc_construction_0200,"[4, 5]","[4, 5, 6]","[""page-4-chunk-2"", ""page-5-chunk-1"", ""page-6-chunk-1""]",HIT_AT_3,False,BLOCKED_INITIAL_TOP_K_3
unidoc_crm_0001,[20],"[1, 5, 10]","[""page-1-chunk-1"", ""page-5-chunk-1"", ""page-10-chunk-1""]",MISS_AT_3_DEPTH_UNMEASURED,False,BLOCKED_INITIAL_TOP_K_3
unidoc_crm_0002,[1],"[1, 2, 3]","[""page-1-chunk-1"", ""page-2-chunk-1"", ""page-3-chunk-1""]",HIT_AT_3,False,BLOCKED_INITIAL_TOP_K_3
unidoc_crm_0003,"[16, 17]","[17, 18, 19]","[""page-17-chunk-1"", ""page-18-chunk-1"", ""page-19-chunk-1""]",HIT_AT_3,False,BLOCKED_INITIAL_TOP_K_3
unidoc_crm_0004,"[6, 7, 8, 9, 10]","[9, 12, 5]","[""page-9-chunk-1"", ""page-12-chunk-1"", ""page-5-chunk-1""]",HIT_AT_3,False,BLOCKED_INITIAL_TOP_K_3
unidoc_crm_0005,[3],"[3, 2, 10]","[""page-3-chunk-1"", ""page-2-chunk-1"", ""page-10-chunk-1""]",HIT_AT_3,False,BLOCKED_INITIAL_TOP_K_3
unidoc_crm_0006,[7],"[2, 4, 7]","[""page-2-chunk-2"", ""page-4-chunk-1"", ""page-7-chunk-2""]",HIT_AT_3,True,BLOCKED_INITIAL_TOP_K_3
unidoc_crm_0007,[7],"[7, 11, 13]","[""page-7-chunk-1"", ""page-11-chunk-1"", ""page-13-chunk-1""]",HIT_AT_3,False,BLOCKED_INITIAL_TOP_K_3
unidoc_crm_0008,"[5, 6]","[1, 11, 3]","[""page-1-chunk-1"", ""page-11-chunk-1"", ""page-3-chunk-1""]",MISS_AT_3_DEPTH_UNMEASURED,False,BLOCKED_INITIAL_TOP_K_3
unidoc_crm_0009,"[6, 7, 8]","[8, 7, 5]","[""page-8-chunk-1"", ""page-7-chunk-1"", ""page-5-chunk-1""]",HIT_AT_3,False,BLOCKED_INITIAL_TOP_K_3
unidoc_crm_0010,"[1, 2, 3, 4, 5, 6, 7]","[3, 2, 1]","[""page-3-chunk-1"", ""page-2-chunk-1"", ""page-1-chunk-1""]",HIT_AT_3,False,BLOCKED_INITIAL_TOP_K_3
unidoc_crm_0011,"[5, 6, 7, 8]","[5, 6, 4]","[""page-5-chunk-1"", ""page-6-chunk-1"", ""page-4-chunk-1""]",HIT_AT_3,False,BLOCKED_INITIAL_TOP_K_3
unidoc_crm_0012,"[10, 11]","[1, 14, 3]","[""page-1-chunk-1"", ""page-14-chunk-1"", ""page-3-chunk-1""]",MISS_AT_3_DEPTH_UNMEASURED,False,BLOCKED_INITIAL_TOP_K_3
unidoc_crm_0013,"[7, 8, 9]","[8, 2, 5]","[""page-8-chunk-1"", ""page-2-chunk-1"", ""page-5-chunk-1""]",HIT_AT_3,False,BLOCKED_INITIAL_TOP_K_3
unidoc_crm_0014,"[9, 10, 11]","[9, 6, 13]","[""page-9-chunk-1"", ""page-6-chunk-1"", ""page-13-chunk-1""]",HIT_AT_3,False,BLOCKED_INITIAL_TOP_K_3
unidoc_crm_0015,[2],"[2, 2, 1]","[""page-2-chunk-2"", ""page-2-chunk-1"", ""page-1-chunk-2""]",HIT_AT_3,False,BLOCKED_INITIAL_TOP_K_3
unidoc_crm_0016,"[1, 2, 3, 10, 11, 12, 13]","[2, 10, 16]","[""page-2-chunk-1"", ""page-10-chunk-1"", ""page-16-chunk-1""]",HIT_AT_3,False,BLOCKED_INITIAL_TOP_K_3
unidoc_crm_0017,"[8, 9]","[9, 8, 8]","[""page-9-chunk-1"", ""page-8-chunk-1"", ""page-8-chunk-2""]",HIT_AT_3,False,BLOCKED_INITIAL_TOP_K_3
unidoc_crm_0018,"[2, 3, 4, 5]","[4, 5, 2]","[""page-4-chunk-1"", ""page-5-chunk-1"", ""page-2-chunk-1""]",HIT_AT_3,False,BLOCKED_INITIAL_TOP_K_3
unidoc_crm_0019,"[24, 25, 26, 27]","[25, 27, 4]","[""page-25-chunk-1"", ""page-27-chunk-1"", ""page-4-chunk-1""]",HIT_AT_3,False,BLOCKED_INITIAL_TOP_K_3
unidoc_crm_0020,"[1, 5]","[5, 1, 2]","[""page-5-chunk-1"", ""page-1-chunk-1"", ""page-2-chunk-1""]",HIT_AT_3,False,BLOCKED_INITIAL_TOP_K_3
unidoc_crm_0021,[3],"[3, 3, 2]","[""page-3-chunk-2"", ""page-3-chunk-1"", ""page-2-chunk-1""]",HIT_AT_3,False,BLOCKED_INITIAL_TOP_K_3
unidoc_crm_0022,[5],"[9, 8, 2]","[""page-9-chunk-1"", ""page-8-chunk-1"", ""page-2-chunk-1""]",MISS_AT_3_DEPTH_UNMEASURED,False,BLOCKED_INITIAL_TOP_K_3
unidoc_crm_0023,"[2, 3]","[2, 3, 4]","[""page-2-chunk-2"", ""page-3-chunk-1"", ""page-4-chunk-1""]",HIT_AT_3,False,BLOCKED_INITIAL_TOP_K_3
unidoc_crm_0024,[4],"[4, 3, 1]","[""page-4-chunk-1"", ""page-3-chunk-1"", ""page-1-chunk-1""]",HIT_AT_3,False,BLOCKED_INITIAL_TOP_K_3
unidoc_crm_0025,"[4, 5]","[5, 5, 3]","[""page-5-chunk-1"", ""page-5-chunk-2"", ""page-3-chunk-1""]",HIT_AT_3,False,BLOCKED_INITIAL_TOP_K_3
unidoc_crm_0026,"[18, 19, 20, 21]","[19, 18, 17]","[""page-19-chunk-1"", ""page-18-chunk-1"", ""page-17-chunk-1""]",HIT_AT_3,False,BLOCKED_INITIAL_TOP_K_3
unidoc_crm_0027,[3],"[3, 4, 1]","[""page-3-chunk-1"", ""page-4-chunk-1"", ""page-1-chunk-1""]",HIT_AT_3,False,BLOCKED_INITIAL_TOP_K_3
unidoc_crm_0028,"[2, 3]","[3, 1, 2]","[""page-3-chunk-1"", ""page-1-chunk-1"", ""page-2-chunk-1""]",HIT_AT_3,False,BLOCKED_INITIAL_TOP_K_3
unidoc_crm_0029,"[1, 2]","[1, 2, 4]","[""page-1-chunk-1"", ""page-2-chunk-1"", ""page-4-chunk-1""]",HIT_AT_3,False,BLOCKED_INITIAL_TOP_K_3
unidoc_crm_0030,"[5, 6, 7, 8]","[5, 4, 7]","[""page-5-chunk-1"", ""page-4-chunk-1"", ""page-7-chunk-1""]",HIT_AT_3,False,BLOCKED_INITIAL_TOP_K_3
unidoc_crm_0031,[8],"[9, 11, 12]","[""page-9-chunk-1"", ""page-11-chunk-1"", ""page-12-chunk-1""]",MISS_AT_3_DEPTH_UNMEASURED,False,BLOCKED_INITIAL_TOP_K_3
unidoc_crm_0032,[15],"[13, 12, 11]","[""page-13-chunk-1"", ""page-12-chunk-1"", ""page-11-chunk-1""]",MISS_AT_3_DEPTH_UNMEASURED,False,BLOCKED_INITIAL_TOP_K_3
unidoc_crm_0033,"[2, 3, 4, 5]","[5, 4, 6]","[""page-5-chunk-1"", ""page-4-chunk-1"", ""page-6-chunk-1""]",HIT_AT_3,False,BLOCKED_INITIAL_TOP_K_3
unidoc_crm_0034,"[4, 5, 6, 7, 8]","[5, 6, 4]","[""page-5-chunk-1"", ""page-6-chunk-1"", ""page-4-chunk-1""]",HIT_AT_3,False,BLOCKED_INITIAL_TOP_K_3
unidoc_crm_0035,"[7, 8, 9, 10, 11, 12]","[9, 11, 10]","[""page-9-chunk-1"", ""page-11-chunk-1"", ""page-10-chunk-1""]",HIT_AT_3,False,BLOCKED_INITIAL_TOP_K_3
unidoc_crm_0036,"[1, 2, 3, 4, 5, 6, 7, 8]","[2, 19, 1]","[""page-2-chunk-1"", ""page-19-chunk-1"", ""page-1-chunk-1""]",HIT_AT_3,False,BLOCKED_INITIAL_TOP_K_3
unidoc_crm_0037,"[9, 13]","[13, 3, 9]","[""page-13-chunk-1"", ""page-3-chunk-1"", ""page-9-chunk-1""]",HIT_AT_3,False,BLOCKED_INITIAL_TOP_K_3
unidoc_crm_0038,"[2, 3]","[3, 4, 5]","[""page-3-chunk-1"", ""page-4-chunk-1"", ""page-5-chunk-1""]",HIT_AT_3,False,BLOCKED_INITIAL_TOP_K_3
unidoc_crm_0039,[11],"[14, 5, 11]","[""page-14-chunk-1"", ""page-5-chunk-1"", ""page-11-chunk-1""]",HIT_AT_3,True,BLOCKED_INITIAL_TOP_K_3
unidoc_crm_0040,"[3, 4]","[4, 5, 2]","[""page-4-chunk-1"", ""page-5-chunk-1"", ""page-2-chunk-1""]",HIT_AT_3,False,BLOCKED_INITIAL_TOP_K_3
unidoc_crm_0041,[1],"[2, 1, 4]","[""page-2-chunk-2"", ""page-1-chunk-1"", ""page-4-chunk-1""]",HIT_AT_3,True,BLOCKED_INITIAL_TOP_K_3
unidoc_crm_0042,[22],"[22, 23, 14]","[""page-22-chunk-1"", ""page-23-chunk-1"", ""page-14-chunk-1""]",HIT_AT_3,False,BLOCKED_INITIAL_TOP_K_3
unidoc_crm_0043,[3],"[3, 1, 4]","[""page-3-chunk-1"", ""page-1-chunk-1"", ""page-4-chunk-1""]",HIT_AT_3,False,BLOCKED_INITIAL_TOP_K_3
unidoc_crm_0044,"[10, 11]","[11, 12, 10]","[""page-11-chunk-1"", ""page-12-chunk-1"", ""page-10-chunk-1""]",HIT_AT_3,False,BLOCKED_INITIAL_TOP_K_3
unidoc_crm_0045,"[5, 6]","[5, 6, 10]","[""page-5-chunk-1"", ""page-6-chunk-1"", ""page-10-chunk-1""]",HIT_AT_3,False,BLOCKED_INITIAL_TOP_K_3
unidoc_crm_0046,"[1, 2, 3]","[3, 1, 2]","[""page-3-chunk-1"", ""page-1-chunk-1"", ""page-2-chunk-1""]",HIT_AT_3,False,BLOCKED_INITIAL_TOP_K_3
unidoc_crm_0047,"[8, 9]","[9, 13, 10]","[""page-9-chunk-1"", ""page-13-chunk-1"", ""page-10-chunk-1""]",HIT_AT_3,False,BLOCKED_INITIAL_TOP_K_3
unidoc_crm_0048,"[5, 6]","[4, 5, 1]","[""page-4-chunk-1"", ""page-5-chunk-1"", ""page-1-chunk-1""]",HIT_AT_3,True,BLOCKED_INITIAL_TOP_K_3
unidoc_crm_0049,"[6, 7, 8]","[7, 6, 8]","[""page-7-chunk-1"", ""page-6-chunk-1"", ""page-8-chunk-1""]",HIT_AT_3,False,BLOCKED_INITIAL_TOP_K_3
unidoc_crm_0050,"[7, 8, 14, 15]","[7, 12, 14]","[""page-7-chunk-1"", ""page-12-chunk-1"", ""page-14-chunk-1""]",HIT_AT_3,False,BLOCKED_INITIAL_TOP_K_3
unidoc_crm_0051,[2],"[2, 2, 1]","[""page-2-chunk-2"", ""page-2-chunk-1"", ""page-1-chunk-1""]",HIT_AT_3,False,BLOCKED_INITIAL_TOP_K_3
unidoc_crm_0052,[5],"[5, 5, 6]","[""page-5-chunk-1"", ""page-5-chunk-2"", ""page-6-chunk-1""]",HIT_AT_3,False,BLOCKED_INITIAL_TOP_K_3
unidoc_crm_0053,"[6, 7]","[6, 3, 15]","[""page-6-chunk-1"", ""page-3-chunk-1"", ""page-15-chunk-1""]",HIT_AT_3,False,BLOCKED_INITIAL_TOP_K_3
unidoc_crm_0054,[2],"[2, 2, 3]","[""page-2-chunk-1"", ""page-2-chunk-2"", ""page-3-chunk-1""]",HIT_AT_3,False,BLOCKED_INITIAL_TOP_K_3
unidoc_crm_0055,[5],"[5, 4, 6]","[""page-5-chunk-1"", ""page-4-chunk-1"", ""page-6-chunk-1""]",HIT_AT_3,False,BLOCKED_INITIAL_TOP_K_3
unidoc_crm_0056,[6],"[6, 12, 11]","[""page-6-chunk-1"", ""page-12-chunk-1"", ""page-11-chunk-1""]",HIT_AT_3,False,BLOCKED_INITIAL_TOP_K_3
unidoc_crm_0057,"[17, 18]","[17, 16, 6]","[""page-17-chunk-1"", ""page-16-chunk-1"", ""page-6-chunk-1""]",HIT_AT_3,False,BLOCKED_INITIAL_TOP_K_3
unidoc_crm_0058,[18],"[18, 4, 5]","[""page-18-chunk-1"", ""page-4-chunk-1"", ""page-5-chunk-1""]",HIT_AT_3,False,BLOCKED_INITIAL_TOP_K_3
unidoc_crm_0059,[7],"[11, 8, 9]","[""page-11-chunk-1"", ""page-8-chunk-1"", ""page-9-chunk-1""]",MISS_AT_3_DEPTH_UNMEASURED,False,BLOCKED_INITIAL_TOP_K_3
unidoc_crm_0060,"[7, 8, 9, 10, 11, 12]","[8, 9, 10]","[""page-8-chunk-1"", ""page-9-chunk-1"", ""page-10-chunk-1""]",HIT_AT_3,False,BLOCKED_INITIAL_TOP_K_3
unidoc_crm_0061,"[14, 15]","[15, 13, 14]","[""page-15-chunk-1"", ""page-13-chunk-1"", ""page-14-chunk-2""]",HIT_AT_3,False,BLOCKED_INITIAL_TOP_K_3
unidoc_crm_0062,"[2, 3, 4]","[3, 8, 2]","[""page-3-chunk-1"", ""page-8-chunk-1"", ""page-2-chunk-1""]",HIT_AT_3,False,BLOCKED_INITIAL_TOP_K_3
unidoc_crm_0063,"[8, 9]","[9, 8, 10]","[""page-9-chunk-1"", ""page-8-chunk-1"", ""page-10-chunk-1""]",HIT_AT_3,False,BLOCKED_INITIAL_TOP_K_3
unidoc_crm_0064,"[3, 11, 12, 13]","[11, 13, 8]","[""page-11-chunk-1"", ""page-13-chunk-1"", ""page-8-chunk-1""]",HIT_AT_3,False,BLOCKED_INITIAL_TOP_K_3
unidoc_crm_0065,"[2, 3]","[3, 4, 11]","[""page-3-chunk-1"", ""page-4-chunk-1"", ""page-11-chunk-1""]",HIT_AT_3,False,BLOCKED_INITIAL_TOP_K_3
unidoc_crm_0066,[10],"[10, 5, 13]","[""page-10-chunk-1"", ""page-5-chunk-1"", ""page-13-chunk-1""]",HIT_AT_3,False,BLOCKED_INITIAL_TOP_K_3
unidoc_crm_0067,[2],"[23, 24, 2]","[""page-23-chunk-1"", ""page-24-chunk-1"", ""page-2-chunk-1""]",HIT_AT_3,True,BLOCKED_INITIAL_TOP_K_3
unidoc_crm_0068,"[16, 17, 18]","[17, 8, 9]","[""page-17-chunk-1"", ""page-8-chunk-1"", ""page-9-chunk-1""]",HIT_AT_3,False,BLOCKED_INITIAL_TOP_K_3
unidoc_crm_0069,"[7, 8]","[8, 7, 6]","[""page-8-chunk-1"", ""page-7-chunk-1"", ""page-6-chunk-1""]",HIT_AT_3,False,BLOCKED_INITIAL_TOP_K_3
unidoc_crm_0070,[8],"[8, 8, 3]","[""page-8-chunk-2"", ""page-8-chunk-1"", ""page-3-chunk-2""]",HIT_AT_3,False,BLOCKED_INITIAL_TOP_K_3
unidoc_crm_0071,[8],"[8, 4, 6]","[""page-8-chunk-1"", ""page-4-chunk-1"", ""page-6-chunk-1""]",HIT_AT_3,False,BLOCKED_INITIAL_TOP_K_3
unidoc_crm_0072,[2],"[2, 4, 1]","[""page-2-chunk-1"", ""page-4-chunk-1"", ""page-1-chunk-2""]",HIT_AT_3,False,BLOCKED_INITIAL_TOP_K_3
unidoc_crm_0073,"[8, 9]","[9, 8, 4]","[""page-9-chunk-1"", ""page-8-chunk-1"", ""page-4-chunk-1""]",HIT_AT_3,False,BLOCKED_INITIAL_TOP_K_3
unidoc_crm_0074,[7],"[7, 5, 6]","[""page-7-chunk-1"", ""page-5-chunk-1"", ""page-6-chunk-1""]",HIT_AT_3,False,BLOCKED_INITIAL_TOP_K_3
unidoc_crm_0075,"[4, 5]","[4, 11, 12]","[""page-4-chunk-1"", ""page-11-chunk-1"", ""page-12-chunk-1""]",HIT_AT_3,False,BLOCKED_INITIAL_TOP_K_3
unidoc_crm_0076,[9],"[9, 2, 7]","[""page-9-chunk-1"", ""page-2-chunk-1"", ""page-7-chunk-1""]",HIT_AT_3,False,BLOCKED_INITIAL_TOP_K_3
unidoc_crm_0077,[11],"[11, 7, 5]","[""page-11-chunk-1"", ""page-7-chunk-1"", ""page-5-chunk-1""]",HIT_AT_3,False,BLOCKED_INITIAL_TOP_K_3
unidoc_crm_0078,[5],"[5, 4, 1]","[""page-5-chunk-1"", ""page-4-chunk-1"", ""page-1-chunk-1""]",HIT_AT_3,False,BLOCKED_INITIAL_TOP_K_3
unidoc_crm_0079,"[9, 10, 11]","[10, 6, 7]","[""page-10-chunk-1"", ""page-6-chunk-1"", ""page-7-chunk-1""]",HIT_AT_3,False,BLOCKED_INITIAL_TOP_K_3
unidoc_crm_0080,[4],"[2, 3, 1]","[""page-2-chunk-1"", ""page-3-chunk-1"", ""page-1-chunk-1""]",MISS_AT_3_DEPTH_UNMEASURED,False,BLOCKED_INITIAL_TOP_K_3
unidoc_crm_0081,"[6, 7]","[7, 19, 15]","[""page-7-chunk-1"", ""page-19-chunk-1"", ""page-15-chunk-1""]",HIT_AT_3,False,BLOCKED_INITIAL_TOP_K_3
unidoc_crm_0082,"[7, 8, 9]","[11, 10, 1]","[""page-11-chunk-1"", ""page-10-chunk-1"", ""page-1-chunk-1""]",MISS_AT_3_DEPTH_UNMEASURED,False,BLOCKED_INITIAL_TOP_K_3
unidoc_crm_0083,"[11, 12]","[10, 11, 21]","[""page-10-chunk-1"", ""page-11-chunk-1"", ""page-21-chunk-1""]",HIT_AT_3,True,BLOCKED_INITIAL_TOP_K_3
unidoc_crm_0084,"[6, 7, 8]","[8, 5, 7]","[""page-8-chunk-1"", ""page-5-chunk-1"", ""page-7-chunk-1""]",HIT_AT_3,False,BLOCKED_INITIAL_TOP_K_3
unidoc_crm_0085,"[1, 2, 3, 4, 7, 8]","[3, 4, 2]","[""page-3-chunk-1"", ""page-4-chunk-1"", ""page-2-chunk-1""]",HIT_AT_3,False,BLOCKED_INITIAL_TOP_K_3
unidoc_crm_0086,"[14, 15]","[11, 12, 13]","[""page-11-chunk-1"", ""page-12-chunk-1"", ""page-13-chunk-1""]",MISS_AT_3_DEPTH_UNMEASURED,False,BLOCKED_INITIAL_TOP_K_3
unidoc_crm_0087,"[7, 8]","[7, 7, 6]","[""page-7-chunk-2"", ""page-7-chunk-1"", ""page-6-chunk-1""]",HIT_AT_3,False,BLOCKED_INITIAL_TOP_K_3
unidoc_crm_0088,"[5, 6, 7]","[7, 6, 1]","[""page-7-chunk-1"", ""page-6-chunk-1"", ""page-1-chunk-1""]",HIT_AT_3,False,BLOCKED_INITIAL_TOP_K_3
unidoc_crm_0089,[2],"[2, 1, 4]","[""page-2-chunk-1"", ""page-1-chunk-2"", ""page-4-chunk-1""]",HIT_AT_3,False,BLOCKED_INITIAL_TOP_K_3
unidoc_crm_0090,"[1, 2]","[13, 12, 6]","[""page-13-chunk-1"", ""page-12-chunk-1"", ""page-6-chunk-1""]",MISS_AT_3_DEPTH_UNMEASURED,False,BLOCKED_INITIAL_TOP_K_3
unidoc_crm_0091,"[6, 7, 8]","[7, 9, 8]","[""page-7-chunk-1"", ""page-9-chunk-1"", ""page-8-chunk-1""]",HIT_AT_3,False,BLOCKED_INITIAL_TOP_K_3
unidoc_crm_0092,[4],"[11, 3, 4]","[""page-11-chunk-1"", ""page-3-chunk-1"", ""page-4-chunk-1""]",HIT_AT_3,True,BLOCKED_INITIAL_TOP_K_3
unidoc_crm_0093,"[5, 6]","[5, 2, 6]","[""page-5-chunk-1"", ""page-2-chunk-1"", ""page-6-chunk-1""]",HIT_AT_3,False,BLOCKED_INITIAL_TOP_K_3
unidoc_crm_0094,"[3, 4]","[4, 9, 6]","[""page-4-chunk-1"", ""page-9-chunk-1"", ""page-6-chunk-1""]",HIT_AT_3,False,BLOCKED_INITIAL_TOP_K_3
unidoc_crm_0095,"[5, 6]","[5, 7, 3]","[""page-5-chunk-1"", ""page-7-chunk-1"", ""page-3-chunk-1""]",HIT_AT_3,False,BLOCKED_INITIAL_TOP_K_3
unidoc_crm_0096,"[6, 7, 8]","[8, 7, 6]","[""page-8-chunk-1"", ""page-7-chunk-1"", ""page-6-chunk-1""]",HIT_AT_3,False,BLOCKED_INITIAL_TOP_K_3
unidoc_crm_0097,"[7, 8, 14, 15]","[7, 14, 12]","[""page-7-chunk-1"", ""page-14-chunk-1"", ""page-12-chunk-1""]",HIT_AT_3,False,BLOCKED_INITIAL_TOP_K_3
unidoc_crm_0098,"[11, 12]","[11, 9, 6]","[""page-11-chunk-1"", ""page-9-chunk-1"", ""page-6-chunk-1""]",HIT_AT_3,False,BLOCKED_INITIAL_TOP_K_3
unidoc_crm_0099,"[11, 12]","[10, 11, 12]","[""page-10-chunk-1"", ""page-11-chunk-1"", ""page-12-chunk-1""]",HIT_AT_3,True,BLOCKED_INITIAL_TOP_K_3
unidoc_crm_0100,[15],"[12, 11, 13]","[""page-12-chunk-1"", ""page-11-chunk-1"", ""page-13-chunk-1""]",MISS_AT_3_DEPTH_UNMEASURED,False,BLOCKED_INITIAL_TOP_K_3
unidoc_crm_0101,"[1, 2, 13, 14]","[1, 9, 4]","[""page-1-chunk-1"", ""page-9-chunk-1"", ""page-4-chunk-1""]",HIT_AT_3,False,BLOCKED_INITIAL_TOP_K_3
unidoc_crm_0102,"[5, 6, 7, 8, 11, 12, 13]","[5, 13, 11]","[""page-5-chunk-1"", ""page-13-chunk-1"", ""page-11-chunk-1""]",HIT_AT_3,False,BLOCKED_INITIAL_TOP_K_3
unidoc_crm_0103,[28],"[27, 26, 28]","[""page-27-chunk-1"", ""page-26-chunk-1"", ""page-28-chunk-1""]",HIT_AT_3,True,BLOCKED_INITIAL_TOP_K_3
unidoc_crm_0104,[6],"[4, 3, 5]","[""page-4-chunk-1"", ""page-3-chunk-1"", ""page-5-chunk-1""]",MISS_AT_3_DEPTH_UNMEASURED,False,BLOCKED_INITIAL_TOP_K_3
unidoc_crm_0105,"[2, 4]","[2, 3, 3]","[""page-2-chunk-1"", ""page-3-chunk-1"", ""page-3-chunk-2""]",HIT_AT_3,False,BLOCKED_INITIAL_TOP_K_3
unidoc_crm_0106,"[7, 8]","[14, 3, 26]","[""page-14-chunk-1"", ""page-3-chunk-1"", ""page-26-chunk-1""]",MISS_AT_3_DEPTH_UNMEASURED,False,BLOCKED_INITIAL_TOP_K_3
unidoc_crm_0107,"[5, 6]","[5, 6, 4]","[""page-5-chunk-1"", ""page-6-chunk-1"", ""page-4-chunk-2""]",HIT_AT_3,False,BLOCKED_INITIAL_TOP_K_3
unidoc_crm_0108,"[4, 5]","[4, 5, 4]","[""page-4-chunk-1"", ""page-5-chunk-1"", ""page-4-chunk-2""]",HIT_AT_3,False,BLOCKED_INITIAL_TOP_K_3
unidoc_crm_0109,[3],"[3, 1, 4]","[""page-3-chunk-1"", ""page-1-chunk-1"", ""page-4-chunk-1""]",HIT_AT_3,False,BLOCKED_INITIAL_TOP_K_3
unidoc_crm_0110,"[3, 4, 5, 6]","[15, 10, 4]","[""page-15-chunk-1"", ""page-10-chunk-1"", ""page-4-chunk-1""]",HIT_AT_3,True,BLOCKED_INITIAL_TOP_K_3
unidoc_crm_0111,[4],"[4, 3, 1]","[""page-4-chunk-1"", ""page-3-chunk-1"", ""page-1-chunk-2""]",HIT_AT_3,False,BLOCKED_INITIAL_TOP_K_3
unidoc_crm_0112,[4],"[5, 2, 1]","[""page-5-chunk-1"", ""page-2-chunk-1"", ""page-1-chunk-2""]",MISS_AT_3_DEPTH_UNMEASURED,False,BLOCKED_INITIAL_TOP_K_3
unidoc_crm_0113,"[3, 4, 5, 6]","[4, 10, 3]","[""page-4-chunk-1"", ""page-10-chunk-1"", ""page-3-chunk-1""]",HIT_AT_3,False,BLOCKED_INITIAL_TOP_K_3
unidoc_crm_0114,"[9, 10]","[8, 9, 7]","[""page-8-chunk-1"", ""page-9-chunk-1"", ""page-7-chunk-1""]",HIT_AT_3,True,BLOCKED_INITIAL_TOP_K_3
unidoc_crm_0115,[13],"[13, 14, 6]","[""page-13-chunk-1"", ""page-14-chunk-1"", ""page-6-chunk-1""]",HIT_AT_3,False,BLOCKED_INITIAL_TOP_K_3
unidoc_crm_0116,"[2, 3]","[3, 1, 4]","[""page-3-chunk-1"", ""page-1-chunk-1"", ""page-4-chunk-1""]",HIT_AT_3,False,BLOCKED_INITIAL_TOP_K_3
unidoc_crm_0117,"[10, 11, 12]","[12, 13, 11]","[""page-12-chunk-1"", ""page-13-chunk-1"", ""page-11-chunk-1""]",HIT_AT_3,False,BLOCKED_INITIAL_TOP_K_3
unidoc_crm_0118,[7],"[7, 26, 3]","[""page-7-chunk-1"", ""page-26-chunk-1"", ""page-3-chunk-1""]",HIT_AT_3,False,BLOCKED_INITIAL_TOP_K_3
unidoc_crm_0119,[12],"[1, 12, 11]","[""page-1-chunk-1"", ""page-12-chunk-1"", ""page-11-chunk-1""]",HIT_AT_3,True,BLOCKED_INITIAL_TOP_K_3
unidoc_crm_0120,"[9, 10]","[9, 8, 15]","[""page-9-chunk-1"", ""page-8-chunk-1"", ""page-15-chunk-1""]",HIT_AT_3,False,BLOCKED_INITIAL_TOP_K_3
unidoc_crm_0121,"[10, 11]","[2, 3, 10]","[""page-2-chunk-1"", ""page-3-chunk-1"", ""page-10-chunk-1""]",HIT_AT_3,True,BLOCKED_INITIAL_TOP_K_3
unidoc_crm_0122,"[2, 4]","[4, 12, 6]","[""page-4-chunk-1"", ""page-12-chunk-2"", ""page-6-chunk-1""]",HIT_AT_3,False,BLOCKED_INITIAL_TOP_K_3
unidoc_crm_0123,[28],"[28, 3, 1]","[""page-28-chunk-1"", ""page-3-chunk-1"", ""page-1-chunk-1""]",HIT_AT_3,False,BLOCKED_INITIAL_TOP_K_3
unidoc_crm_0124,"[6, 7, 8]","[7, 8, 6]","[""page-7-chunk-1"", ""page-8-chunk-1"", ""page-6-chunk-1""]",HIT_AT_3,False,BLOCKED_INITIAL_TOP_K_3
unidoc_crm_0125,"[7, 8]","[7, 12, 28]","[""page-7-chunk-1"", ""page-12-chunk-1"", ""page-28-chunk-1""]",HIT_AT_3,False,BLOCKED_INITIAL_TOP_K_3
unidoc_crm_0126,"[9, 10]","[9, 10, 2]","[""page-9-chunk-1"", ""page-10-chunk-1"", ""page-2-chunk-1""]",HIT_AT_3,False,BLOCKED_INITIAL_TOP_K_3
unidoc_crm_0127,"[8, 9]","[10, 4, 9]","[""page-10-chunk-1"", ""page-4-chunk-1"", ""page-9-chunk-1""]",HIT_AT_3,True,BLOCKED_INITIAL_TOP_K_3
unidoc_crm_0128,"[3, 4, 5]","[4, 1, 5]","[""page-4-chunk-1"", ""page-1-chunk-1"", ""page-5-chunk-1""]",HIT_AT_3,False,BLOCKED_INITIAL_TOP_K_3
unidoc_crm_0129,"[4, 5]","[5, 6, 3]","[""page-5-chunk-1"", ""page-6-chunk-1"", ""page-3-chunk-1""]",HIT_AT_3,False,BLOCKED_INITIAL_TOP_K_3
unidoc_crm_0130,[16],"[16, 18, 15]","[""page-16-chunk-1"", ""page-18-chunk-1"", ""page-15-chunk-1""]",HIT_AT_3,False,BLOCKED_INITIAL_TOP_K_3
unidoc_crm_0131,"[1, 2, 3, 4, 5]","[7, 5, 1]","[""page-7-chunk-1"", ""page-5-chunk-1"", ""page-1-chunk-1""]",HIT_AT_3,True,BLOCKED_INITIAL_TOP_K_3
unidoc_crm_0132,[10],"[10, 16, 15]","[""page-10-chunk-1"", ""page-16-chunk-1"", ""page-15-chunk-1""]",HIT_AT_3,False,BLOCKED_INITIAL_TOP_K_3
unidoc_crm_0133,"[12, 13]","[12, 26, 13]","[""page-12-chunk-1"", ""page-26-chunk-1"", ""page-13-chunk-1""]",HIT_AT_3,False,BLOCKED_INITIAL_TOP_K_3
unidoc_crm_0134,"[10, 11]","[10, 11, 8]","[""page-10-chunk-1"", ""page-11-chunk-1"", ""page-8-chunk-1""]",HIT_AT_3,False,BLOCKED_INITIAL_TOP_K_3
unidoc_crm_0135,"[8, 9, 10]","[9, 1, 15]","[""page-9-chunk-1"", ""page-1-chunk-1"", ""page-15-chunk-1""]",HIT_AT_3,False,BLOCKED_INITIAL_TOP_K_3
unidoc_crm_0136,"[9, 10]","[11, 9, 10]","[""page-11-chunk-1"", ""page-9-chunk-1"", ""page-10-chunk-1""]",HIT_AT_3,True,BLOCKED_INITIAL_TOP_K_3
unidoc_crm_0137,[12],"[12, 10, 9]","[""page-12-chunk-1"", ""page-10-chunk-1"", ""page-9-chunk-1""]",HIT_AT_3,False,BLOCKED_INITIAL_TOP_K_3
unidoc_crm_0138,"[5, 6]","[4, 7, 1]","[""page-4-chunk-1"", ""page-7-chunk-1"", ""page-1-chunk-1""]",MISS_AT_3_DEPTH_UNMEASURED,False,BLOCKED_INITIAL_TOP_K_3
unidoc_crm_0139,"[1, 2, 3]","[10, 3, 16]","[""page-10-chunk-1"", ""page-3-chunk-1"", ""page-16-chunk-1""]",HIT_AT_3,True,BLOCKED_INITIAL_TOP_K_3
unidoc_crm_0140,[3],"[3, 3, 1]","[""page-3-chunk-2"", ""page-3-chunk-1"", ""page-1-chunk-2""]",HIT_AT_3,False,BLOCKED_INITIAL_TOP_K_3
unidoc_crm_0141,"[6, 7, 8]","[7, 8, 6]","[""page-7-chunk-1"", ""page-8-chunk-1"", ""page-6-chunk-1""]",HIT_AT_3,False,BLOCKED_INITIAL_TOP_K_3
unidoc_crm_0142,"[10, 11]","[10, 9, 6]","[""page-10-chunk-1"", ""page-9-chunk-2"", ""page-6-chunk-2""]",HIT_AT_3,False,BLOCKED_INITIAL_TOP_K_3
unidoc_crm_0143,"[1, 2, 3, 4]","[10, 1, 2]","[""page-10-chunk-1"", ""page-1-chunk-1"", ""page-2-chunk-1""]",HIT_AT_3,True,BLOCKED_INITIAL_TOP_K_3
unidoc_crm_0144,[3],"[3, 4, 2]","[""page-3-chunk-1"", ""page-4-chunk-1"", ""page-2-chunk-1""]",HIT_AT_3,False,BLOCKED_INITIAL_TOP_K_3
unidoc_crm_0145,[7],"[7, 3, 4]","[""page-7-chunk-1"", ""page-3-chunk-1"", ""page-4-chunk-2""]",HIT_AT_3,False,BLOCKED_INITIAL_TOP_K_3
unidoc_crm_0146,[8],"[8, 3, 7]","[""page-8-chunk-1"", ""page-3-chunk-1"", ""page-7-chunk-1""]",HIT_AT_3,False,BLOCKED_INITIAL_TOP_K_3
unidoc_crm_0147,"[6, 7]","[6, 7, 8]","[""page-6-chunk-1"", ""page-7-chunk-1"", ""page-8-chunk-1""]",HIT_AT_3,False,BLOCKED_INITIAL_TOP_K_3
unidoc_crm_0148,"[1, 2, 3, 9, 10, 11, 12]","[4, 6, 2]","[""page-4-chunk-1"", ""page-6-chunk-1"", ""page-2-chunk-1""]",HIT_AT_3,True,BLOCKED_INITIAL_TOP_K_3
unidoc_crm_0149,[5],"[5, 6, 1]","[""page-5-chunk-1"", ""page-6-chunk-1"", ""page-1-chunk-1""]",HIT_AT_3,False,BLOCKED_INITIAL_TOP_K_3
unidoc_crm_0150,[8],"[7, 8, 9]","[""page-7-chunk-1"", ""page-8-chunk-1"", ""page-9-chunk-1""]",HIT_AT_3,True,BLOCKED_INITIAL_TOP_K_3
unidoc_crm_0151,[28],"[26, 13, 28]","[""page-26-chunk-1"", ""page-13-chunk-1"", ""page-28-chunk-1""]",HIT_AT_3,True,BLOCKED_INITIAL_TOP_K_3
unidoc_crm_0152,"[7, 8]","[7, 8, 6]","[""page-7-chunk-1"", ""page-8-chunk-1"", ""page-6-chunk-1""]",HIT_AT_3,False,BLOCKED_INITIAL_TOP_K_3
unidoc_crm_0153,"[5, 6]","[5, 3, 6]","[""page-5-chunk-1"", ""page-3-chunk-1"", ""page-6-chunk-1""]",HIT_AT_3,False,BLOCKED_INITIAL_TOP_K_3
unidoc_crm_0154,"[2, 3]","[3, 1, 2]","[""page-3-chunk-1"", ""page-1-chunk-1"", ""page-2-chunk-1""]",HIT_AT_3,False,BLOCKED_INITIAL_TOP_K_3
unidoc_crm_0155,"[18, 19]","[18, 17, 10]","[""page-18-chunk-1"", ""page-17-chunk-1"", ""page-10-chunk-1""]",HIT_AT_3,False,BLOCKED_INITIAL_TOP_K_3
unidoc_crm_0156,"[6, 7, 8]","[7, 8, 1]","[""page-7-chunk-1"", ""page-8-chunk-1"", ""page-1-chunk-1""]",HIT_AT_3,False,BLOCKED_INITIAL_TOP_K_3
unidoc_crm_0157,[7],"[7, 8, 5]","[""page-7-chunk-1"", ""page-8-chunk-1"", ""page-5-chunk-1""]",HIT_AT_3,False,BLOCKED_INITIAL_TOP_K_3
unidoc_crm_0158,"[11, 12]","[11, 6, 9]","[""page-11-chunk-1"", ""page-6-chunk-1"", ""page-9-chunk-1""]",HIT_AT_3,False,BLOCKED_INITIAL_TOP_K_3
unidoc_crm_0159,[7],"[7, 6, 6]","[""page-7-chunk-1"", ""page-6-chunk-1"", ""page-6-chunk-2""]",HIT_AT_3,False,BLOCKED_INITIAL_TOP_K_3
unidoc_crm_0160,"[7, 8, 9, 10]","[7, 8, 9]","[""page-7-chunk-1"", ""page-8-chunk-1"", ""page-9-chunk-1""]",HIT_AT_3,False,BLOCKED_INITIAL_TOP_K_3
unidoc_crm_0161,[12],"[12, 10, 9]","[""page-12-chunk-1"", ""page-10-chunk-1"", ""page-9-chunk-1""]",HIT_AT_3,False,BLOCKED_INITIAL_TOP_K_3
unidoc_crm_0162,[11],"[14, 15, 13]","[""page-14-chunk-1"", ""page-15-chunk-1"", ""page-13-chunk-1""]",MISS_AT_3_DEPTH_UNMEASURED,False,BLOCKED_INITIAL_TOP_K_3
unidoc_crm_0163,"[8, 9, 10]","[10, 7, 9]","[""page-10-chunk-1"", ""page-7-chunk-1"", ""page-9-chunk-1""]",HIT_AT_3,False,BLOCKED_INITIAL_TOP_K_3
unidoc_crm_0164,"[14, 15]","[14, 15, 13]","[""page-14-chunk-1"", ""page-15-chunk-1"", ""page-13-chunk-1""]",HIT_AT_3,False,BLOCKED_INITIAL_TOP_K_3
unidoc_crm_0165,"[4, 5, 6, 12, 13, 14]","[13, 12, 16]","[""page-13-chunk-1"", ""page-12-chunk-1"", ""page-16-chunk-1""]",HIT_AT_3,False,BLOCKED_INITIAL_TOP_K_3
unidoc_crm_0166,"[8, 9]","[8, 1, 9]","[""page-8-chunk-1"", ""page-1-chunk-1"", ""page-9-chunk-1""]",HIT_AT_3,False,BLOCKED_INITIAL_TOP_K_3
unidoc_crm_0167,"[4, 5, 10]","[4, 4, 10]","[""page-4-chunk-2"", ""page-4-chunk-1"", ""page-10-chunk-1""]",HIT_AT_3,False,BLOCKED_INITIAL_TOP_K_3
unidoc_crm_0168,"[16, 17, 18]","[19, 2, 4]","[""page-19-chunk-1"", ""page-2-chunk-1"", ""page-4-chunk-1""]",MISS_AT_3_DEPTH_UNMEASURED,False,BLOCKED_INITIAL_TOP_K_3
unidoc_crm_0169,"[6, 7]","[7, 8, 9]","[""page-7-chunk-1"", ""page-8-chunk-1"", ""page-9-chunk-1""]",HIT_AT_3,False,BLOCKED_INITIAL_TOP_K_3
unidoc_crm_0170,"[4, 5]","[5, 6, 7]","[""page-5-chunk-1"", ""page-6-chunk-1"", ""page-7-chunk-1""]",HIT_AT_3,False,BLOCKED_INITIAL_TOP_K_3
unidoc_crm_0171,"[6, 7, 8]","[8, 10, 6]","[""page-8-chunk-1"", ""page-10-chunk-1"", ""page-6-chunk-1""]",HIT_AT_3,False,BLOCKED_INITIAL_TOP_K_3
unidoc_crm_0172,[3],"[3, 1, 4]","[""page-3-chunk-1"", ""page-1-chunk-1"", ""page-4-chunk-1""]",HIT_AT_3,False,BLOCKED_INITIAL_TOP_K_3
unidoc_crm_0173,"[7, 8]","[8, 7, 9]","[""page-8-chunk-1"", ""page-7-chunk-1"", ""page-9-chunk-1""]",HIT_AT_3,False,BLOCKED_INITIAL_TOP_K_3
unidoc_crm_0174,[4],"[1, 2, 3]","[""page-1-chunk-1"", ""page-2-chunk-1"", ""page-3-chunk-1""]",MISS_AT_3_DEPTH_UNMEASURED,False,BLOCKED_INITIAL_TOP_K_3
unidoc_crm_0175,"[5, 6]","[6, 5, 6]","[""page-6-chunk-2"", ""page-5-chunk-2"", ""page-6-chunk-1""]",HIT_AT_3,False,BLOCKED_INITIAL_TOP_K_3
unidoc_crm_0176,[6],"[6, 2, 16]","[""page-6-chunk-1"", ""page-2-chunk-1"", ""page-16-chunk-1""]",HIT_AT_3,False,BLOCKED_INITIAL_TOP_K_3
unidoc_crm_0177,"[8, 9]","[8, 7, 9]","[""page-8-chunk-1"", ""page-7-chunk-1"", ""page-9-chunk-1""]",HIT_AT_3,False,BLOCKED_INITIAL_TOP_K_3
unidoc_crm_0178,"[2, 3, 11, 12, 13]","[1, 2, 11]","[""page-1-chunk-1"", ""page-2-chunk-1"", ""page-11-chunk-1""]",HIT_AT_3,True,BLOCKED_INITIAL_TOP_K_3
unidoc_crm_0179,"[2, 3]","[3, 9, 4]","[""page-3-chunk-1"", ""page-9-chunk-1"", ""page-4-chunk-1""]",HIT_AT_3,False,BLOCKED_INITIAL_TOP_K_3
unidoc_crm_0180,[1],"[1, 2, 3]","[""page-1-chunk-1"", ""page-2-chunk-1"", ""page-3-chunk-1""]",HIT_AT_3,False,BLOCKED_INITIAL_TOP_K_3
unidoc_crm_0181,[8],"[4, 1, 3]","[""page-4-chunk-1"", ""page-1-chunk-1"", ""page-3-chunk-1""]",MISS_AT_3_DEPTH_UNMEASURED,False,BLOCKED_INITIAL_TOP_K_3
unidoc_crm_0182,"[1, 2]","[1, 10, 3]","[""page-1-chunk-1"", ""page-10-chunk-1"", ""page-3-chunk-1""]",HIT_AT_3,False,BLOCKED_INITIAL_TOP_K_3
unidoc_crm_0183,"[6, 7]","[7, 6, 9]","[""page-7-chunk-1"", ""page-6-chunk-1"", ""page-9-chunk-1""]",HIT_AT_3,False,BLOCKED_INITIAL_TOP_K_3
unidoc_crm_0184,"[16, 17, 18]","[17, 8, 9]","[""page-17-chunk-1"", ""page-8-chunk-1"", ""page-9-chunk-1""]",HIT_AT_3,False,BLOCKED_INITIAL_TOP_K_3
unidoc_crm_0185,[8],"[1, 7, 3]","[""page-1-chunk-1"", ""page-7-chunk-1"", ""page-3-chunk-1""]",MISS_AT_3_DEPTH_UNMEASURED,False,BLOCKED_INITIAL_TOP_K_3
unidoc_crm_0186,[15],"[15, 18, 16]","[""page-15-chunk-1"", ""page-18-chunk-1"", ""page-16-chunk-1""]",HIT_AT_3,False,BLOCKED_INITIAL_TOP_K_3
unidoc_crm_0187,"[6, 7]","[6, 1, 3]","[""page-6-chunk-1"", ""page-1-chunk-2"", ""page-3-chunk-1""]",HIT_AT_3,False,BLOCKED_INITIAL_TOP_K_3
unidoc_crm_0188,"[8, 9]","[8, 9, 5]","[""page-8-chunk-1"", ""page-9-chunk-1"", ""page-5-chunk-1""]",HIT_AT_3,False,BLOCKED_INITIAL_TOP_K_3
unidoc_crm_0189,[3],"[3, 4, 2]","[""page-3-chunk-1"", ""page-4-chunk-1"", ""page-2-chunk-2""]",HIT_AT_3,False,BLOCKED_INITIAL_TOP_K_3
unidoc_crm_0190,"[3, 4]","[4, 2, 5]","[""page-4-chunk-1"", ""page-2-chunk-1"", ""page-5-chunk-1""]",HIT_AT_3,False,BLOCKED_INITIAL_TOP_K_3
unidoc_crm_0191,"[9, 10]","[9, 8, 7]","[""page-9-chunk-1"", ""page-8-chunk-1"", ""page-7-chunk-1""]",HIT_AT_3,False,BLOCKED_INITIAL_TOP_K_3
unidoc_crm_0192,"[10, 11]","[11, 9, 12]","[""page-11-chunk-1"", ""page-9-chunk-1"", ""page-12-chunk-1""]",HIT_AT_3,False,BLOCKED_INITIAL_TOP_K_3
unidoc_crm_0193,[20],"[1, 5, 10]","[""page-1-chunk-1"", ""page-5-chunk-1"", ""page-10-chunk-1""]",MISS_AT_3_DEPTH_UNMEASURED,False,BLOCKED_INITIAL_TOP_K_3
unidoc_crm_0194,[6],"[4, 6, 1]","[""page-4-chunk-1"", ""page-6-chunk-1"", ""page-1-chunk-1""]",HIT_AT_3,True,BLOCKED_INITIAL_TOP_K_3
unidoc_crm_0195,"[6, 7, 8]","[6, 8, 7]","[""page-6-chunk-1"", ""page-8-chunk-1"", ""page-7-chunk-1""]",HIT_AT_3,False,BLOCKED_INITIAL_TOP_K_3
unidoc_crm_0196,"[6, 7]","[6, 5, 8]","[""page-6-chunk-1"", ""page-5-chunk-1"", ""page-8-chunk-1""]",HIT_AT_3,False,BLOCKED_INITIAL_TOP_K_3
unidoc_crm_0197,"[8, 9]","[9, 1, 6]","[""page-9-chunk-1"", ""page-1-chunk-1"", ""page-6-chunk-1""]",HIT_AT_3,False,BLOCKED_INITIAL_TOP_K_3
unidoc_crm_0198,[1],"[3, 1, 2]","[""page-3-chunk-1"", ""page-1-chunk-1"", ""page-2-chunk-1""]",HIT_AT_3,True,BLOCKED_INITIAL_TOP_K_3
unidoc_crm_0199,"[12, 13, 14]","[13, 19, 12]","[""page-13-chunk-1"", ""page-19-chunk-1"", ""page-12-chunk-1""]",HIT_AT_3,False,BLOCKED_INITIAL_TOP_K_3
unidoc_crm_0200,"[12, 13, 14, 15, 16]","[13, 14, 4]","[""page-13-chunk-1"", ""page-14-chunk-1"", ""page-4-chunk-1""]",HIT_AT_3,False,BLOCKED_INITIAL_TOP_K_3
unidoc_education_0001,[6],"[6, 7, 5]","[""page-6-chunk-1"", ""page-7-chunk-1"", ""page-5-chunk-1""]",HIT_AT_3,False,BLOCKED_INITIAL_TOP_K_3
unidoc_education_0002,"[9, 10, 11]","[18, 17, 11]","[""page-18-chunk-1"", ""page-17-chunk-1"", ""page-11-chunk-1""]",HIT_AT_3,True,BLOCKED_INITIAL_TOP_K_3
unidoc_education_0003,"[13, 14, 15, 16, 17, 18, 19, 20, 21]","[21, 20, 22]","[""page-21-chunk-1"", ""page-20-chunk-1"", ""page-22-chunk-1""]",HIT_AT_3,False,BLOCKED_INITIAL_TOP_K_3
unidoc_education_0004,[13],"[13, 8, 17]","[""page-13-chunk-1"", ""page-8-chunk-1"", ""page-17-chunk-1""]",HIT_AT_3,False,BLOCKED_INITIAL_TOP_K_3
unidoc_education_0005,"[1, 2, 3, 4, 5]","[3, 2, 6]","[""page-3-chunk-1"", ""page-2-chunk-1"", ""page-6-chunk-1""]",HIT_AT_3,False,BLOCKED_INITIAL_TOP_K_3
unidoc_education_0006,[12],"[5, 5, 7]","[""page-5-chunk-2"", ""page-5-chunk-1"", ""page-7-chunk-1""]",MISS_AT_3_DEPTH_UNMEASURED,False,BLOCKED_INITIAL_TOP_K_3
unidoc_education_0007,"[4, 5, 6]","[5, 4, 19]","[""page-5-chunk-1"", ""page-4-chunk-1"", ""page-19-chunk-1""]",HIT_AT_3,False,BLOCKED_INITIAL_TOP_K_3
unidoc_education_0008,"[1, 2]","[1, 2, 7]","[""page-1-chunk-1"", ""page-2-chunk-1"", ""page-7-chunk-1""]",HIT_AT_3,False,BLOCKED_INITIAL_TOP_K_3
unidoc_education_0009,"[5, 6, 7]","[7, 15, 2]","[""page-7-chunk-1"", ""page-15-chunk-1"", ""page-2-chunk-1""]",HIT_AT_3,False,BLOCKED_INITIAL_TOP_K_3
unidoc_education_0010,"[7, 8, 9]","[7, 8, 1]","[""page-7-chunk-1"", ""page-8-chunk-1"", ""page-1-chunk-1""]",HIT_AT_3,False,BLOCKED_INITIAL_TOP_K_3
unidoc_education_0011,[6],"[6, 5, 7]","[""page-6-chunk-1"", ""page-5-chunk-1"", ""page-7-chunk-1""]",HIT_AT_3,False,BLOCKED_INITIAL_TOP_K_3
unidoc_education_0012,[9],"[8, 9, 10]","[""page-8-chunk-1"", ""page-9-chunk-1"", ""page-10-chunk-1""]",HIT_AT_3,True,BLOCKED_INITIAL_TOP_K_3
unidoc_education_0013,[9],"[1, 4, 7]","[""page-1-chunk-1"", ""page-4-chunk-1"", ""page-7-chunk-1""]",MISS_AT_3_DEPTH_UNMEASURED,False,BLOCKED_INITIAL_TOP_K_3
unidoc_education_0014,"[5, 6]","[3, 2, 6]","[""page-3-chunk-1"", ""page-2-chunk-1"", ""page-6-chunk-2""]",HIT_AT_3,True,BLOCKED_INITIAL_TOP_K_3
unidoc_education_0015,[13],"[23, 9, 12]","[""page-23-chunk-1"", ""page-9-chunk-1"", ""page-12-chunk-1""]",MISS_AT_3_DEPTH_UNMEASURED,False,BLOCKED_INITIAL_TOP_K_3
unidoc_education_0016,"[3, 4, 14, 15]","[15, 4, 19]","[""page-15-chunk-1"", ""page-4-chunk-1"", ""page-19-chunk-2""]",HIT_AT_3,False,BLOCKED_INITIAL_TOP_K_3
unidoc_education_0017,[16],"[16, 9, 8]","[""page-16-chunk-1"", ""page-9-chunk-1"", ""page-8-chunk-1""]",HIT_AT_3,False,BLOCKED_INITIAL_TOP_K_3
unidoc_education_0018,[3],"[6, 5, 8]","[""page-6-chunk-1"", ""page-5-chunk-1"", ""page-8-chunk-1""]",MISS_AT_3_DEPTH_UNMEASURED,False,BLOCKED_INITIAL_TOP_K_3
unidoc_education_0019,"[10, 11]","[10, 20, 6]","[""page-10-chunk-1"", ""page-20-chunk-2"", ""page-6-chunk-1""]",HIT_AT_3,False,BLOCKED_INITIAL_TOP_K_3
unidoc_education_0020,"[8, 9]","[9, 8, 24]","[""page-9-chunk-1"", ""page-8-chunk-1"", ""page-24-chunk-1""]",HIT_AT_3,False,BLOCKED_INITIAL_TOP_K_3
unidoc_education_0021,[3],"[4, 3, 4]","[""page-4-chunk-1"", ""page-3-chunk-1"", ""page-4-chunk-2""]",HIT_AT_3,True,BLOCKED_INITIAL_TOP_K_3
unidoc_education_0022,"[15, 16, 17]","[12, 14, 20]","[""page-12-chunk-1"", ""page-14-chunk-1"", ""page-20-chunk-1""]",MISS_AT_3_DEPTH_UNMEASURED,False,BLOCKED_INITIAL_TOP_K_3
unidoc_education_0023,[9],"[1, 7, 2]","[""page-1-chunk-1"", ""page-7-chunk-1"", ""page-2-chunk-1""]",MISS_AT_3_DEPTH_UNMEASURED,False,BLOCKED_INITIAL_TOP_K_3
unidoc_education_0024,[11],"[10, 12, 10]","[""page-10-chunk-1"", ""page-12-chunk-1"", ""page-10-chunk-2""]",MISS_AT_3_DEPTH_UNMEASURED,False,BLOCKED_INITIAL_TOP_K_3
unidoc_education_0025,[2],"[2, 3, 10]","[""page-2-chunk-1"", ""page-3-chunk-1"", ""page-10-chunk-1""]",HIT_AT_3,False,BLOCKED_INITIAL_TOP_K_3
unidoc_education_0026,"[1, 2, 3, 4, 5]","[5, 10, 8]","[""page-5-chunk-1"", ""page-10-chunk-1"", ""page-8-chunk-1""]",HIT_AT_3,False,BLOCKED_INITIAL_TOP_K_3
unidoc_education_0027,"[4, 5, 6]","[2, 4, 1]","[""page-2-chunk-1"", ""page-4-chunk-1"", ""page-1-chunk-1""]",HIT_AT_3,True,BLOCKED_INITIAL_TOP_K_3
unidoc_education_0028,"[9, 10, 11]","[10, 13, 15]","[""page-10-chunk-1"", ""page-13-chunk-1"", ""page-15-chunk-1""]",HIT_AT_3,False,BLOCKED_INITIAL_TOP_K_3
unidoc_education_0029,"[6, 7]","[8, 9, 7]","[""page-8-chunk-1"", ""page-9-chunk-1"", ""page-7-chunk-1""]",HIT_AT_3,True,BLOCKED_INITIAL_TOP_K_3
unidoc_education_0030,[16],"[10, 8, 9]","[""page-10-chunk-1"", ""page-8-chunk-1"", ""page-9-chunk-1""]",MISS_AT_3_DEPTH_UNMEASURED,False,BLOCKED_INITIAL_TOP_K_3
unidoc_education_0031,"[3, 4]","[3, 3, 2]","[""page-3-chunk-2"", ""page-3-chunk-1"", ""page-2-chunk-2""]",HIT_AT_3,False,BLOCKED_INITIAL_TOP_K_3
unidoc_education_0032,[5],"[5, 12, 14]","[""page-5-chunk-1"", ""page-12-chunk-1"", ""page-14-chunk-1""]",HIT_AT_3,False,BLOCKED_INITIAL_TOP_K_3
unidoc_education_0033,"[12, 13]","[13, 12, 11]","[""page-13-chunk-1"", ""page-12-chunk-1"", ""page-11-chunk-1""]",HIT_AT_3,False,BLOCKED_INITIAL_TOP_K_3
unidoc_education_0034,[16],"[8, 9, 10]","[""page-8-chunk-1"", ""page-9-chunk-1"", ""page-10-chunk-1""]",MISS_AT_3_DEPTH_UNMEASURED,False,BLOCKED_INITIAL_TOP_K_3
unidoc_education_0035,[15],"[15, 5, 10]","[""page-15-chunk-1"", ""page-5-chunk-1"", ""page-10-chunk-1""]",HIT_AT_3,False,BLOCKED_INITIAL_TOP_K_3
unidoc_education_0036,[4],"[4, 6, 16]","[""page-4-chunk-1"", ""page-6-chunk-1"", ""page-16-chunk-1""]",HIT_AT_3,False,BLOCKED_INITIAL_TOP_K_3
unidoc_education_0037,"[6, 7, 8]","[6, 8, 7]","[""page-6-chunk-2"", ""page-8-chunk-1"", ""page-7-chunk-1""]",HIT_AT_3,False,BLOCKED_INITIAL_TOP_K_3
unidoc_education_0038,"[6, 7]","[6, 2, 7]","[""page-6-chunk-1"", ""page-2-chunk-1"", ""page-7-chunk-2""]",HIT_AT_3,False,BLOCKED_INITIAL_TOP_K_3
unidoc_education_0039,"[12, 13]","[12, 4, 5]","[""page-12-chunk-1"", ""page-4-chunk-1"", ""page-5-chunk-1""]",HIT_AT_3,False,BLOCKED_INITIAL_TOP_K_3
unidoc_education_0040,"[3, 4, 5, 6]","[3, 5, 6]","[""page-3-chunk-1"", ""page-5-chunk-1"", ""page-6-chunk-1""]",HIT_AT_3,False,BLOCKED_INITIAL_TOP_K_3
unidoc_education_0041,"[6, 7, 8]","[6, 26, 20]","[""page-6-chunk-1"", ""page-26-chunk-1"", ""page-20-chunk-1""]",HIT_AT_3,False,BLOCKED_INITIAL_TOP_K_3
unidoc_education_0042,"[10, 11, 12]","[15, 11, 9]","[""page-15-chunk-1"", ""page-11-chunk-1"", ""page-9-chunk-1""]",HIT_AT_3,True,BLOCKED_INITIAL_TOP_K_3
unidoc_education_0043,[3],"[1, 4, 3]","[""page-1-chunk-1"", ""page-4-chunk-1"", ""page-3-chunk-1""]",HIT_AT_3,True,BLOCKED_INITIAL_TOP_K_3
unidoc_education_0044,"[6, 7]","[3, 6, 5]","[""page-3-chunk-1"", ""page-6-chunk-1"", ""page-5-chunk-1""]",HIT_AT_3,True,BLOCKED_INITIAL_TOP_K_3
unidoc_education_0045,"[5, 6, 7, 8, 9, 10]","[9, 10, 4]","[""page-9-chunk-1"", ""page-10-chunk-1"", ""page-4-chunk-1""]",HIT_AT_3,False,BLOCKED_INITIAL_TOP_K_3
unidoc_education_0046,[18],"[1, 7, 2]","[""page-1-chunk-1"", ""page-7-chunk-1"", ""page-2-chunk-1""]",MISS_AT_3_DEPTH_UNMEASURED,False,BLOCKED_INITIAL_TOP_K_3
unidoc_education_0047,"[2, 3]","[3, 2, 1]","[""page-3-chunk-1"", ""page-2-chunk-1"", ""page-1-chunk-1""]",HIT_AT_3,False,BLOCKED_INITIAL_TOP_K_3
unidoc_education_0048,[16],"[12, 17, 15]","[""page-12-chunk-1"", ""page-17-chunk-1"", ""page-15-chunk-1""]",MISS_AT_3_DEPTH_UNMEASURED,False,BLOCKED_INITIAL_TOP_K_3
unidoc_education_0049,[13],"[12, 13, 4]","[""page-12-chunk-1"", ""page-13-chunk-1"", ""page-4-chunk-1""]",HIT_AT_3,True,BLOCKED_INITIAL_TOP_K_3
unidoc_education_0050,"[3, 4]","[9, 7, 2]","[""page-9-chunk-1"", ""page-7-chunk-1"", ""page-2-chunk-1""]",MISS_AT_3_DEPTH_UNMEASURED,False,BLOCKED_INITIAL_TOP_K_3
unidoc_education_0051,"[3, 4]","[4, 3, 1]","[""page-4-chunk-1"", ""page-3-chunk-1"", ""page-1-chunk-1""]",HIT_AT_3,False,BLOCKED_INITIAL_TOP_K_3
unidoc_education_0052,[6],"[6, 7, 5]","[""page-6-chunk-1"", ""page-7-chunk-1"", ""page-5-chunk-1""]",HIT_AT_3,False,BLOCKED_INITIAL_TOP_K_3
unidoc_education_0053,"[2, 3]","[3, 2, 2]","[""page-3-chunk-1"", ""page-2-chunk-1"", ""page-2-chunk-2""]",HIT_AT_3,False,BLOCKED_INITIAL_TOP_K_3
unidoc_education_0054,"[7, 8]","[10, 5, 19]","[""page-10-chunk-1"", ""page-5-chunk-1"", ""page-19-chunk-1""]",MISS_AT_3_DEPTH_UNMEASURED,False,BLOCKED_INITIAL_TOP_K_3
unidoc_education_0055,[19],"[19, 15, 13]","[""page-19-chunk-1"", ""page-15-chunk-1"", ""page-13-chunk-1""]",HIT_AT_3,False,BLOCKED_INITIAL_TOP_K_3
unidoc_education_0056,"[2, 3, 4, 5]","[6, 7, 9]","[""page-6-chunk-1"", ""page-7-chunk-1"", ""page-9-chunk-1""]",MISS_AT_3_DEPTH_UNMEASURED,False,BLOCKED_INITIAL_TOP_K_3
unidoc_education_0057,[8],"[8, 5, 8]","[""page-8-chunk-1"", ""page-5-chunk-1"", ""page-8-chunk-2""]",HIT_AT_3,False,BLOCKED_INITIAL_TOP_K_3
unidoc_education_0058,"[9, 10, 11]","[10, 13, 12]","[""page-10-chunk-1"", ""page-13-chunk-1"", ""page-12-chunk-1""]",HIT_AT_3,False,BLOCKED_INITIAL_TOP_K_3
unidoc_education_0059,"[3, 11, 12, 13]","[3, 1, 2]","[""page-3-chunk-1"", ""page-1-chunk-1"", ""page-2-chunk-1""]",HIT_AT_3,False,BLOCKED_INITIAL_TOP_K_3
unidoc_education_0060,[9],"[6, 9, 7]","[""page-6-chunk-1"", ""page-9-chunk-1"", ""page-7-chunk-1""]",HIT_AT_3,True,BLOCKED_INITIAL_TOP_K_3
unidoc_education_0061,"[8, 9]","[9, 8, 2]","[""page-9-chunk-1"", ""page-8-chunk-1"", ""page-2-chunk-2""]",HIT_AT_3,False,BLOCKED_INITIAL_TOP_K_3
unidoc_education_0062,[3],"[3, 4, 3]","[""page-3-chunk-2"", ""page-4-chunk-2"", ""page-3-chunk-1""]",HIT_AT_3,False,BLOCKED_INITIAL_TOP_K_3
unidoc_education_0063,"[4, 5]","[4, 9, 3]","[""page-4-chunk-1"", ""page-9-chunk-1"", ""page-3-chunk-1""]",HIT_AT_3,False,BLOCKED_INITIAL_TOP_K_3
unidoc_education_0064,[7],"[2, 4, 3]","[""page-2-chunk-2"", ""page-4-chunk-2"", ""page-3-chunk-1""]",MISS_AT_3_DEPTH_UNMEASURED,False,BLOCKED_INITIAL_TOP_K_3
unidoc_education_0065,[2],"[2, 2, 6]","[""page-2-chunk-2"", ""page-2-chunk-1"", ""page-6-chunk-2""]",HIT_AT_3,False,BLOCKED_INITIAL_TOP_K_3
unidoc_education_0066,"[7, 8, 16, 17]","[17, 16, 18]","[""page-17-chunk-1"", ""page-16-chunk-1"", ""page-18-chunk-1""]",HIT_AT_3,False,BLOCKED_INITIAL_TOP_K_3
unidoc_education_0067,"[20, 21, 22]","[22, 21, 20]","[""page-22-chunk-1"", ""page-21-chunk-1"", ""page-20-chunk-1""]",HIT_AT_3,False,BLOCKED_INITIAL_TOP_K_3
unidoc_education_0068,"[8, 9, 10]","[10, 9, 2]","[""page-10-chunk-1"", ""page-9-chunk-1"", ""page-2-chunk-1""]",HIT_AT_3,False,BLOCKED_INITIAL_TOP_K_3
unidoc_education_0069,[4],"[4, 1, 8]","[""page-4-chunk-1"", ""page-1-chunk-1"", ""page-8-chunk-1""]",HIT_AT_3,False,BLOCKED_INITIAL_TOP_K_3
unidoc_education_0070,[8],"[10, 8, 9]","[""page-10-chunk-1"", ""page-8-chunk-1"", ""page-9-chunk-1""]",HIT_AT_3,True,BLOCKED_INITIAL_TOP_K_3
unidoc_education_0071,[7],"[7, 6, 4]","[""page-7-chunk-1"", ""page-6-chunk-1"", ""page-4-chunk-1""]",HIT_AT_3,False,BLOCKED_INITIAL_TOP_K_3
unidoc_education_0072,[6],"[4, 1, 2]","[""page-4-chunk-1"", ""page-1-chunk-1"", ""page-2-chunk-1""]",MISS_AT_3_DEPTH_UNMEASURED,False,BLOCKED_INITIAL_TOP_K_3
unidoc_education_0073,[8],"[8, 14, 16]","[""page-8-chunk-1"", ""page-14-chunk-1"", ""page-16-chunk-1""]",HIT_AT_3,False,BLOCKED_INITIAL_TOP_K_3
unidoc_education_0074,"[6, 7, 8]","[7, 8, 12]","[""page-7-chunk-1"", ""page-8-chunk-1"", ""page-12-chunk-1""]",HIT_AT_3,False,BLOCKED_INITIAL_TOP_K_3
unidoc_education_0075,[12],"[12, 11, 13]","[""page-12-chunk-1"", ""page-11-chunk-1"", ""page-13-chunk-1""]",HIT_AT_3,False,BLOCKED_INITIAL_TOP_K_3
unidoc_education_0076,[5],"[12, 5, 14]","[""page-12-chunk-1"", ""page-5-chunk-1"", ""page-14-chunk-2""]",HIT_AT_3,True,BLOCKED_INITIAL_TOP_K_3
unidoc_education_0077,"[4, 5, 6]","[4, 16, 5]","[""page-4-chunk-1"", ""page-16-chunk-1"", ""page-5-chunk-1""]",HIT_AT_3,False,BLOCKED_INITIAL_TOP_K_3
unidoc_education_0078,[7],"[10, 7, 10]","[""page-10-chunk-1"", ""page-7-chunk-1"", ""page-10-chunk-2""]",HIT_AT_3,True,BLOCKED_INITIAL_TOP_K_3
unidoc_education_0079,"[7, 8, 9]","[9, 8, 10]","[""page-9-chunk-1"", ""page-8-chunk-1"", ""page-10-chunk-1""]",HIT_AT_3,False,BLOCKED_INITIAL_TOP_K_3
unidoc_education_0080,[3],"[4, 3, 4]","[""page-4-chunk-1"", ""page-3-chunk-2"", ""page-4-chunk-2""]",HIT_AT_3,True,BLOCKED_INITIAL_TOP_K_3
unidoc_education_0081,"[12, 13]","[12, 4, 7]","[""page-12-chunk-1"", ""page-4-chunk-1"", ""page-7-chunk-1""]",HIT_AT_3,False,BLOCKED_INITIAL_TOP_K_3
unidoc_education_0082,[13],"[11, 2, 4]","[""page-11-chunk-1"", ""page-2-chunk-1"", ""page-4-chunk-1""]",MISS_AT_3_DEPTH_UNMEASURED,False,BLOCKED_INITIAL_TOP_K_3
unidoc_education_0083,"[8, 9, 10]","[9, 10, 13]","[""page-9-chunk-1"", ""page-10-chunk-1"", ""page-13-chunk-1""]",HIT_AT_3,False,BLOCKED_INITIAL_TOP_K_3
unidoc_education_0084,"[4, 5]","[5, 4, 4]","[""page-5-chunk-1"", ""page-4-chunk-2"", ""page-4-chunk-1""]",HIT_AT_3,False,BLOCKED_INITIAL_TOP_K_3
unidoc_education_0085,[9],"[9, 13, 10]","[""page-9-chunk-1"", ""page-13-chunk-1"", ""page-10-chunk-1""]",HIT_AT_3,False,BLOCKED_INITIAL_TOP_K_3
unidoc_education_0086,[6],"[5, 4, 6]","[""page-5-chunk-1"", ""page-4-chunk-1"", ""page-6-chunk-1""]",HIT_AT_3,True,BLOCKED_INITIAL_TOP_K_3
unidoc_education_0087,"[2, 3]","[1, 3, 2]","[""page-1-chunk-1"", ""page-3-chunk-1"", ""page-2-chunk-1""]",HIT_AT_3,True,BLOCKED_INITIAL_TOP_K_3
unidoc_education_0088,"[4, 5]","[4, 3, 5]","[""page-4-chunk-1"", ""page-3-chunk-1"", ""page-5-chunk-1""]",HIT_AT_3,False,BLOCKED_INITIAL_TOP_K_3
unidoc_education_0089,[3],"[3, 4, 4]","[""page-3-chunk-2"", ""page-4-chunk-1"", ""page-4-chunk-2""]",HIT_AT_3,False,BLOCKED_INITIAL_TOP_K_3
unidoc_education_0090,"[8, 9]","[9, 10, 7]","[""page-9-chunk-1"", ""page-10-chunk-2"", ""page-7-chunk-2""]",HIT_AT_3,False,BLOCKED_INITIAL_TOP_K_3
unidoc_education_0091,[4],"[4, 3, 6]","[""page-4-chunk-1"", ""page-3-chunk-1"", ""page-6-chunk-1""]",HIT_AT_3,False,BLOCKED_INITIAL_TOP_K_3
unidoc_education_0092,"[2, 3, 4, 5]","[3, 1, 6]","[""page-3-chunk-1"", ""page-1-chunk-1"", ""page-6-chunk-1""]",HIT_AT_3,False,BLOCKED_INITIAL_TOP_K_3
unidoc_education_0093,"[7, 8, 9]","[8, 1, 5]","[""page-8-chunk-1"", ""page-1-chunk-1"", ""page-5-chunk-1""]",HIT_AT_3,False,BLOCKED_INITIAL_TOP_K_3
unidoc_education_0094,"[19, 20]","[19, 10, 11]","[""page-19-chunk-1"", ""page-10-chunk-1"", ""page-11-chunk-1""]",HIT_AT_3,False,BLOCKED_INITIAL_TOP_K_3
unidoc_education_0095,"[4, 5, 9, 10]","[5, 4, 7]","[""page-5-chunk-1"", ""page-4-chunk-1"", ""page-7-chunk-1""]",HIT_AT_3,False,BLOCKED_INITIAL_TOP_K_3
unidoc_education_0096,[4],"[4, 10, 3]","[""page-4-chunk-1"", ""page-10-chunk-1"", ""page-3-chunk-1""]",HIT_AT_3,False,BLOCKED_INITIAL_TOP_K_3
unidoc_education_0097,[4],"[4, 4, 8]","[""page-4-chunk-1"", ""page-4-chunk-2"", ""page-8-chunk-1""]",HIT_AT_3,False,BLOCKED_INITIAL_TOP_K_3
unidoc_education_0098,"[15, 16, 17]","[16, 15, 11]","[""page-16-chunk-1"", ""page-15-chunk-1"", ""page-11-chunk-1""]",HIT_AT_3,False,BLOCKED_INITIAL_TOP_K_3
unidoc_education_0099,[12],"[11, 11, 5]","[""page-11-chunk-1"", ""page-11-chunk-2"", ""page-5-chunk-1""]",MISS_AT_3_DEPTH_UNMEASURED,False,BLOCKED_INITIAL_TOP_K_3
unidoc_education_0100,"[5, 6]","[5, 4, 7]","[""page-5-chunk-2"", ""page-4-chunk-1"", ""page-7-chunk-2""]",HIT_AT_3,False,BLOCKED_INITIAL_TOP_K_3
unidoc_education_0101,[3],"[3, 5, 4]","[""page-3-chunk-1"", ""page-5-chunk-1"", ""page-4-chunk-1""]",HIT_AT_3,False,BLOCKED_INITIAL_TOP_K_3
unidoc_education_0102,[6],"[6, 5, 7]","[""page-6-chunk-1"", ""page-5-chunk-1"", ""page-7-chunk-1""]",HIT_AT_3,False,BLOCKED_INITIAL_TOP_K_3
unidoc_education_0103,"[9, 10]","[10, 9, 8]","[""page-10-chunk-1"", ""page-9-chunk-1"", ""page-8-chunk-1""]",HIT_AT_3,False,BLOCKED_INITIAL_TOP_K_3
unidoc_education_0104,"[2, 3]","[1, 5, 2]","[""page-1-chunk-1"", ""page-5-chunk-1"", ""page-2-chunk-1""]",HIT_AT_3,True,BLOCKED_INITIAL_TOP_K_3
unidoc_education_0105,[2],"[1, 2, 3]","[""page-1-chunk-1"", ""page-2-chunk-3"", ""page-3-chunk-1""]",HIT_AT_3,True,BLOCKED_INITIAL_TOP_K_3
unidoc_education_0106,"[11, 12]","[16, 12, 4]","[""page-16-chunk-1"", ""page-12-chunk-1"", ""page-4-chunk-1""]",HIT_AT_3,True,BLOCKED_INITIAL_TOP_K_3
unidoc_education_0107,"[1, 2, 3, 4, 5, 6, 7]","[2, 3, 6]","[""page-2-chunk-1"", ""page-3-chunk-1"", ""page-6-chunk-1""]",HIT_AT_3,False,BLOCKED_INITIAL_TOP_K_3
unidoc_education_0108,[4],"[4, 5, 2]","[""page-4-chunk-2"", ""page-5-chunk-1"", ""page-2-chunk-2""]",HIT_AT_3,False,BLOCKED_INITIAL_TOP_K_3
unidoc_education_0109,"[5, 6]","[2, 1, 12]","[""page-2-chunk-1"", ""page-1-chunk-1"", ""page-12-chunk-1""]",MISS_AT_3_DEPTH_UNMEASURED,False,BLOCKED_INITIAL_TOP_K_3
unidoc_education_0110,"[6, 7]","[6, 2, 7]","[""page-6-chunk-1"", ""page-2-chunk-1"", ""page-7-chunk-2""]",HIT_AT_3,False,BLOCKED_INITIAL_TOP_K_3
unidoc_education_0111,"[3, 4]","[3, 4, 2]","[""page-3-chunk-1"", ""page-4-chunk-1"", ""page-2-chunk-2""]",HIT_AT_3,False,BLOCKED_INITIAL_TOP_K_3
unidoc_education_0112,"[4, 5]","[4, 4, 7]","[""page-4-chunk-2"", ""page-4-chunk-1"", ""page-7-chunk-1""]",HIT_AT_3,False,BLOCKED_INITIAL_TOP_K_3
unidoc_education_0113,"[8, 9, 10]","[9, 8, 17]","[""page-9-chunk-1"", ""page-8-chunk-1"", ""page-17-chunk-1""]",HIT_AT_3,False,BLOCKED_INITIAL_TOP_K_3
unidoc_education_0114,[12],"[12, 11, 7]","[""page-12-chunk-1"", ""page-11-chunk-1"", ""page-7-chunk-1""]",HIT_AT_3,False,BLOCKED_INITIAL_TOP_K_3
unidoc_education_0115,"[10, 11]","[11, 13, 12]","[""page-11-chunk-1"", ""page-13-chunk-1"", ""page-12-chunk-1""]",HIT_AT_3,False,BLOCKED_INITIAL_TOP_K_3
unidoc_education_0116,[13],"[6, 6, 7]","[""page-6-chunk-1"", ""page-6-chunk-2"", ""page-7-chunk-2""]",MISS_AT_3_DEPTH_UNMEASURED,False,BLOCKED_INITIAL_TOP_K_3
unidoc_education_0117,"[10, 11]","[11, 13, 7]","[""page-11-chunk-1"", ""page-13-chunk-1"", ""page-7-chunk-1""]",HIT_AT_3,False,BLOCKED_INITIAL_TOP_K_3
unidoc_education_0118,[3],"[3, 2, 3]","[""page-3-chunk-1"", ""page-2-chunk-1"", ""page-3-chunk-2""]",HIT_AT_3,False,BLOCKED_INITIAL_TOP_K_3
unidoc_education_0119,"[10, 11, 12, 13]","[14, 12, 2]","[""page-14-chunk-1"", ""page-12-chunk-1"", ""page-2-chunk-1""]",HIT_AT_3,True,BLOCKED_INITIAL_TOP_K_3
unidoc_education_0120,[8],"[16, 15, 17]","[""page-16-chunk-1"", ""page-15-chunk-1"", ""page-17-chunk-1""]",MISS_AT_3_DEPTH_UNMEASURED,False,BLOCKED_INITIAL_TOP_K_3
unidoc_education_0121,"[11, 12, 13]","[10, 12, 9]","[""page-10-chunk-1"", ""page-12-chunk-1"", ""page-9-chunk-1""]",HIT_AT_3,True,BLOCKED_INITIAL_TOP_K_3
unidoc_education_0122,"[3, 4]","[4, 3, 3]","[""page-4-chunk-2"", ""page-3-chunk-2"", ""page-3-chunk-1""]",HIT_AT_3,False,BLOCKED_INITIAL_TOP_K_3
unidoc_education_0123,[8],"[5, 7, 26]","[""page-5-chunk-1"", ""page-7-chunk-1"", ""page-26-chunk-1""]",MISS_AT_3_DEPTH_UNMEASURED,False,BLOCKED_INITIAL_TOP_K_3
unidoc_education_0124,[16],"[15, 12, 13]","[""page-15-chunk-1"", ""page-12-chunk-1"", ""page-13-chunk-1""]",MISS_AT_3_DEPTH_UNMEASURED,False,BLOCKED_INITIAL_TOP_K_3
unidoc_education_0125,"[3, 4, 5]","[6, 4, 5]","[""page-6-chunk-1"", ""page-4-chunk-1"", ""page-5-chunk-1""]",HIT_AT_3,True,BLOCKED_INITIAL_TOP_K_3
unidoc_education_0126,"[1, 2]","[2, 1, 5]","[""page-2-chunk-1"", ""page-1-chunk-1"", ""page-5-chunk-1""]",HIT_AT_3,False,BLOCKED_INITIAL_TOP_K_3
unidoc_education_0127,"[17, 18, 19]","[18, 17, 19]","[""page-18-chunk-1"", ""page-17-chunk-1"", ""page-19-chunk-1""]",HIT_AT_3,False,BLOCKED_INITIAL_TOP_K_3
unidoc_education_0128,[8],"[8, 9, 1]","[""page-8-chunk-1"", ""page-9-chunk-1"", ""page-1-chunk-1""]",HIT_AT_3,False,BLOCKED_INITIAL_TOP_K_3
unidoc_education_0129,"[8, 9]","[9, 10, 6]","[""page-9-chunk-1"", ""page-10-chunk-2"", ""page-6-chunk-1""]",HIT_AT_3,False,BLOCKED_INITIAL_TOP_K_3
unidoc_education_0130,[11],"[6, 12, 7]","[""page-6-chunk-1"", ""page-12-chunk-1"", ""page-7-chunk-1""]",MISS_AT_3_DEPTH_UNMEASURED,False,BLOCKED_INITIAL_TOP_K_3
unidoc_education_0131,"[5, 6, 7]","[6, 5, 7]","[""page-6-chunk-1"", ""page-5-chunk-1"", ""page-7-chunk-1""]",HIT_AT_3,False,BLOCKED_INITIAL_TOP_K_3
unidoc_education_0132,"[4, 5]","[4, 5, 4]","[""page-4-chunk-2"", ""page-5-chunk-1"", ""page-4-chunk-1""]",HIT_AT_3,False,BLOCKED_INITIAL_TOP_K_3
unidoc_education_0133,"[6, 7]","[7, 8, 9]","[""page-7-chunk-1"", ""page-8-chunk-1"", ""page-9-chunk-1""]",HIT_AT_3,False,BLOCKED_INITIAL_TOP_K_3
unidoc_education_0134,"[3, 4]","[3, 9, 1]","[""page-3-chunk-1"", ""page-9-chunk-1"", ""page-1-chunk-1""]",HIT_AT_3,False,BLOCKED_INITIAL_TOP_K_3
unidoc_education_0135,[12],"[12, 13, 11]","[""page-12-chunk-1"", ""page-13-chunk-1"", ""page-11-chunk-1""]",HIT_AT_3,False,BLOCKED_INITIAL_TOP_K_3
unidoc_education_0136,[12],"[12, 11, 11]","[""page-12-chunk-1"", ""page-11-chunk-1"", ""page-11-chunk-2""]",HIT_AT_3,False,BLOCKED_INITIAL_TOP_K_3
unidoc_education_0137,"[3, 4]","[4, 9, 2]","[""page-4-chunk-1"", ""page-9-chunk-1"", ""page-2-chunk-1""]",HIT_AT_3,False,BLOCKED_INITIAL_TOP_K_3
unidoc_education_0138,"[10, 11]","[10, 20, 6]","[""page-10-chunk-1"", ""page-20-chunk-2"", ""page-6-chunk-1""]",HIT_AT_3,False,BLOCKED_INITIAL_TOP_K_3
unidoc_education_0139,"[14, 15]","[14, 13, 10]","[""page-14-chunk-1"", ""page-13-chunk-1"", ""page-10-chunk-1""]",HIT_AT_3,False,BLOCKED_INITIAL_TOP_K_3
unidoc_education_0140,"[7, 8]","[7, 1, 10]","[""page-7-chunk-1"", ""page-1-chunk-1"", ""page-10-chunk-1""]",HIT_AT_3,False,BLOCKED_INITIAL_TOP_K_3
unidoc_education_0141,"[7, 8]","[9, 1, 11]","[""page-9-chunk-1"", ""page-1-chunk-1"", ""page-11-chunk-1""]",MISS_AT_3_DEPTH_UNMEASURED,False,BLOCKED_INITIAL_TOP_K_3
unidoc_education_0142,"[4, 5, 6, 7]","[6, 7, 9]","[""page-6-chunk-1"", ""page-7-chunk-1"", ""page-9-chunk-1""]",HIT_AT_3,False,BLOCKED_INITIAL_TOP_K_3
unidoc_education_0143,"[5, 6]","[5, 6, 2]","[""page-5-chunk-2"", ""page-6-chunk-1"", ""page-2-chunk-2""]",HIT_AT_3,False,BLOCKED_INITIAL_TOP_K_3
unidoc_education_0144,"[9, 10, 24, 25, 26]","[13, 10, 9]","[""page-13-chunk-1"", ""page-10-chunk-1"", ""page-9-chunk-1""]",HIT_AT_3,True,BLOCKED_INITIAL_TOP_K_3
unidoc_education_0145,"[18, 19]","[19, 6, 5]","[""page-19-chunk-1"", ""page-6-chunk-1"", ""page-5-chunk-1""]",HIT_AT_3,False,BLOCKED_INITIAL_TOP_K_3
unidoc_education_0146,[16],"[7, 11, 16]","[""page-7-chunk-1"", ""page-11-chunk-1"", ""page-16-chunk-1""]",HIT_AT_3,True,BLOCKED_INITIAL_TOP_K_3
unidoc_education_0147,[4],"[4, 8, 5]","[""page-4-chunk-1"", ""page-8-chunk-1"", ""page-5-chunk-1""]",HIT_AT_3,False,BLOCKED_INITIAL_TOP_K_3
unidoc_education_0148,"[10, 11]","[11, 10, 4]","[""page-11-chunk-1"", ""page-10-chunk-1"", ""page-4-chunk-1""]",HIT_AT_3,False,BLOCKED_INITIAL_TOP_K_3
unidoc_education_0149,"[5, 6]","[6, 2, 1]","[""page-6-chunk-1"", ""page-2-chunk-1"", ""page-1-chunk-1""]",HIT_AT_3,False,BLOCKED_INITIAL_TOP_K_3
unidoc_education_0150,[8],"[8, 7, 9]","[""page-8-chunk-1"", ""page-7-chunk-1"", ""page-9-chunk-1""]",HIT_AT_3,False,BLOCKED_INITIAL_TOP_K_3
unidoc_education_0151,"[4, 5]","[5, 4, 4]","[""page-5-chunk-1"", ""page-4-chunk-2"", ""page-4-chunk-1""]",HIT_AT_3,False,BLOCKED_INITIAL_TOP_K_3
unidoc_education_0152,[3],"[5, 4, 5]","[""page-5-chunk-1"", ""page-4-chunk-2"", ""page-5-chunk-2""]",MISS_AT_3_DEPTH_UNMEASURED,False,BLOCKED_INITIAL_TOP_K_3
unidoc_education_0153,[24],"[29, 21, 4]","[""page-29-chunk-1"", ""page-21-chunk-2"", ""page-4-chunk-2""]",MISS_AT_3_DEPTH_UNMEASURED,False,BLOCKED_INITIAL_TOP_K_3
unidoc_education_0154,[4],"[4, 3, 2]","[""page-4-chunk-2"", ""page-3-chunk-1"", ""page-2-chunk-1""]",HIT_AT_3,False,BLOCKED_INITIAL_TOP_K_3
unidoc_education_0155,[3],"[2, 3, 1]","[""page-2-chunk-1"", ""page-3-chunk-1"", ""page-1-chunk-1""]",HIT_AT_3,True,BLOCKED_INITIAL_TOP_K_3
unidoc_education_0156,"[8, 9, 10]","[10, 8, 9]","[""page-10-chunk-1"", ""page-8-chunk-2"", ""page-9-chunk-1""]",HIT_AT_3,False,BLOCKED_INITIAL_TOP_K_3
unidoc_education_0157,"[5, 6, 7]","[6, 1, 3]","[""page-6-chunk-1"", ""page-1-chunk-1"", ""page-3-chunk-1""]",HIT_AT_3,False,BLOCKED_INITIAL_TOP_K_3
unidoc_education_0158,"[4, 5]","[5, 4, 3]","[""page-5-chunk-1"", ""page-4-chunk-1"", ""page-3-chunk-1""]",HIT_AT_3,False,BLOCKED_INITIAL_TOP_K_3
unidoc_education_0159,"[9, 10, 11]","[7, 8, 10]","[""page-7-chunk-1"", ""page-8-chunk-1"", ""page-10-chunk-1""]",HIT_AT_3,True,BLOCKED_INITIAL_TOP_K_3
unidoc_education_0160,"[9, 10, 11]","[10, 9, 2]","[""page-10-chunk-1"", ""page-9-chunk-1"", ""page-2-chunk-2""]",HIT_AT_3,False,BLOCKED_INITIAL_TOP_K_3
unidoc_education_0161,[6],"[6, 8, 9]","[""page-6-chunk-1"", ""page-8-chunk-1"", ""page-9-chunk-1""]",HIT_AT_3,False,BLOCKED_INITIAL_TOP_K_3
unidoc_education_0162,"[5, 6]","[5, 6, 1]","[""page-5-chunk-1"", ""page-6-chunk-1"", ""page-1-chunk-1""]",HIT_AT_3,False,BLOCKED_INITIAL_TOP_K_3
unidoc_education_0163,[14],"[13, 14, 11]","[""page-13-chunk-1"", ""page-14-chunk-1"", ""page-11-chunk-1""]",HIT_AT_3,True,BLOCKED_INITIAL_TOP_K_3
unidoc_education_0164,"[3, 4]","[3, 4, 2]","[""page-3-chunk-1"", ""page-4-chunk-1"", ""page-2-chunk-2""]",HIT_AT_3,False,BLOCKED_INITIAL_TOP_K_3
unidoc_education_0165,"[5, 6, 7]","[6, 5, 4]","[""page-6-chunk-1"", ""page-5-chunk-1"", ""page-4-chunk-1""]",HIT_AT_3,False,BLOCKED_INITIAL_TOP_K_3
unidoc_education_0166,[3],"[3, 2, 2]","[""page-3-chunk-1"", ""page-2-chunk-1"", ""page-2-chunk-2""]",HIT_AT_3,False,BLOCKED_INITIAL_TOP_K_3
unidoc_education_0167,[4],"[3, 4, 1]","[""page-3-chunk-1"", ""page-4-chunk-1"", ""page-1-chunk-1""]",HIT_AT_3,True,BLOCKED_INITIAL_TOP_K_3
unidoc_education_0168,"[17, 18, 23, 24]","[19, 18, 3]","[""page-19-chunk-1"", ""page-18-chunk-1"", ""page-3-chunk-1""]",HIT_AT_3,True,BLOCKED_INITIAL_TOP_K_3
unidoc_education_0169,[12],"[12, 10, 11]","[""page-12-chunk-1"", ""page-10-chunk-1"", ""page-11-chunk-1""]",HIT_AT_3,False,BLOCKED_INITIAL_TOP_K_3
unidoc_education_0170,"[14, 15]","[15, 16, 17]","[""page-15-chunk-1"", ""page-16-chunk-1"", ""page-17-chunk-1""]",HIT_AT_3,False,BLOCKED_INITIAL_TOP_K_3
unidoc_education_0171,"[7, 8]","[7, 6, 8]","[""page-7-chunk-1"", ""page-6-chunk-1"", ""page-8-chunk-1""]",HIT_AT_3,False,BLOCKED_INITIAL_TOP_K_3
unidoc_education_0172,[3],"[3, 3, 1]","[""page-3-chunk-2"", ""page-3-chunk-1"", ""page-1-chunk-1""]",HIT_AT_3,False,BLOCKED_INITIAL_TOP_K_3
unidoc_education_0173,"[4, 5, 6]","[7, 6, 5]","[""page-7-chunk-1"", ""page-6-chunk-1"", ""page-5-chunk-1""]",HIT_AT_3,True,BLOCKED_INITIAL_TOP_K_3
unidoc_education_0174,"[8, 9]","[8, 4, 16]","[""page-8-chunk-2"", ""page-4-chunk-1"", ""page-16-chunk-1""]",HIT_AT_3,False,BLOCKED_INITIAL_TOP_K_3
unidoc_education_0175,"[1, 2]","[1, 2, 7]","[""page-1-chunk-1"", ""page-2-chunk-1"", ""page-7-chunk-1""]",HIT_AT_3,False,BLOCKED_INITIAL_TOP_K_3
unidoc_education_0176,"[12, 13]","[12, 24, 15]","[""page-12-chunk-1"", ""page-24-chunk-1"", ""page-15-chunk-1""]",HIT_AT_3,False,BLOCKED_INITIAL_TOP_K_3
unidoc_education_0177,"[1, 2]","[2, 3, 7]","[""page-2-chunk-1"", ""page-3-chunk-1"", ""page-7-chunk-1""]",HIT_AT_3,False,BLOCKED_INITIAL_TOP_K_3
unidoc_education_0178,[11],"[10, 6, 9]","[""page-10-chunk-1"", ""page-6-chunk-1"", ""page-9-chunk-1""]",MISS_AT_3_DEPTH_UNMEASURED,False,BLOCKED_INITIAL_TOP_K_3
unidoc_education_0179,"[6, 7]","[7, 8, 6]","[""page-7-chunk-1"", ""page-8-chunk-1"", ""page-6-chunk-2""]",HIT_AT_3,False,BLOCKED_INITIAL_TOP_K_3
unidoc_education_0180,"[8, 9]","[9, 8, 19]","[""page-9-chunk-1"", ""page-8-chunk-1"", ""page-19-chunk-1""]",HIT_AT_3,False,BLOCKED_INITIAL_TOP_K_3
unidoc_education_0181,[7],"[2, 6, 7]","[""page-2-chunk-1"", ""page-6-chunk-1"", ""page-7-chunk-1""]",HIT_AT_3,True,BLOCKED_INITIAL_TOP_K_3
unidoc_education_0182,[8],"[7, 8, 6]","[""page-7-chunk-1"", ""page-8-chunk-1"", ""page-6-chunk-1""]",HIT_AT_3,True,BLOCKED_INITIAL_TOP_K_3
unidoc_education_0183,"[18, 19]","[19, 7, 1]","[""page-19-chunk-1"", ""page-7-chunk-1"", ""page-1-chunk-2""]",HIT_AT_3,False,BLOCKED_INITIAL_TOP_K_3
unidoc_education_0184,[3],"[3, 4, 3]","[""page-3-chunk-2"", ""page-4-chunk-1"", ""page-3-chunk-1""]",HIT_AT_3,False,BLOCKED_INITIAL_TOP_K_3
unidoc_education_0185,"[3, 4]","[4, 3, 3]","[""page-4-chunk-1"", ""page-3-chunk-1"", ""page-3-chunk-2""]",HIT_AT_3,False,BLOCKED_INITIAL_TOP_K_3
unidoc_education_0186,[6],"[10, 10, 11]","[""page-10-chunk-1"", ""page-10-chunk-2"", ""page-11-chunk-1""]",MISS_AT_3_DEPTH_UNMEASURED,False,BLOCKED_INITIAL_TOP_K_3
unidoc_education_0187,[6],"[6, 5, 7]","[""page-6-chunk-1"", ""page-5-chunk-1"", ""page-7-chunk-1""]",HIT_AT_3,False,BLOCKED_INITIAL_TOP_K_3
unidoc_education_0188,[13],"[13, 12, 14]","[""page-13-chunk-1"", ""page-12-chunk-1"", ""page-14-chunk-1""]",HIT_AT_3,False,BLOCKED_INITIAL_TOP_K_3
unidoc_education_0189,[4],"[4, 3, 2]","[""page-4-chunk-1"", ""page-3-chunk-1"", ""page-2-chunk-1""]",HIT_AT_3,False,BLOCKED_INITIAL_TOP_K_3
unidoc_education_0190,"[4, 5, 6, 7]","[9, 10, 6]","[""page-9-chunk-1"", ""page-10-chunk-1"", ""page-6-chunk-1""]",HIT_AT_3,True,BLOCKED_INITIAL_TOP_K_3
unidoc_education_0191,[13],"[12, 1, 14]","[""page-12-chunk-1"", ""page-1-chunk-1"", ""page-14-chunk-1""]",MISS_AT_3_DEPTH_UNMEASURED,False,BLOCKED_INITIAL_TOP_K_3
unidoc_education_0192,[4],"[4, 8, 3]","[""page-4-chunk-1"", ""page-8-chunk-1"", ""page-3-chunk-1""]",HIT_AT_3,False,BLOCKED_INITIAL_TOP_K_3
unidoc_education_0193,[3],"[4, 4, 8]","[""page-4-chunk-1"", ""page-4-chunk-2"", ""page-8-chunk-2""]",MISS_AT_3_DEPTH_UNMEASURED,False,BLOCKED_INITIAL_TOP_K_3
unidoc_education_0194,"[9, 10, 11]","[9, 10, 11]","[""page-9-chunk-1"", ""page-10-chunk-1"", ""page-11-chunk-1""]",HIT_AT_3,False,BLOCKED_INITIAL_TOP_K_3
unidoc_education_0195,[12],"[7, 9, 5]","[""page-7-chunk-1"", ""page-9-chunk-1"", ""page-5-chunk-2""]",MISS_AT_3_DEPTH_UNMEASURED,False,BLOCKED_INITIAL_TOP_K_3
unidoc_education_0196,"[4, 5, 6]","[4, 5, 21]","[""page-4-chunk-1"", ""page-5-chunk-1"", ""page-21-chunk-1""]",HIT_AT_3,False,BLOCKED_INITIAL_TOP_K_3
unidoc_education_0197,"[17, 18]","[18, 17, 16]","[""page-18-chunk-1"", ""page-17-chunk-1"", ""page-16-chunk-1""]",HIT_AT_3,False,BLOCKED_INITIAL_TOP_K_3
unidoc_education_0198,"[16, 17, 18]","[17, 15, 16]","[""page-17-chunk-1"", ""page-15-chunk-1"", ""page-16-chunk-1""]",HIT_AT_3,False,BLOCKED_INITIAL_TOP_K_3
unidoc_education_0199,[3],"[3, 5, 2]","[""page-3-chunk-1"", ""page-5-chunk-1"", ""page-2-chunk-2""]",HIT_AT_3,False,BLOCKED_INITIAL_TOP_K_3
unidoc_education_0200,[7],"[7, 2, 1]","[""page-7-chunk-1"", ""page-2-chunk-1"", ""page-1-chunk-1""]",HIT_AT_3,False,BLOCKED_INITIAL_TOP_K_3
unidoc_energy_0001,[5],"[6, 6, 5]","[""page-6-chunk-2"", ""page-6-chunk-1"", ""page-5-chunk-1""]",HIT_AT_3,True,BLOCKED_INITIAL_TOP_K_3
unidoc_energy_0002,[6],"[6, 5, 4]","[""page-6-chunk-1"", ""page-5-chunk-2"", ""page-4-chunk-2""]",HIT_AT_3,False,BLOCKED_INITIAL_TOP_K_3
unidoc_energy_0003,"[14, 15]","[14, 14, 16]","[""page-14-chunk-1"", ""page-14-chunk-2"", ""page-16-chunk-1""]",HIT_AT_3,False,BLOCKED_INITIAL_TOP_K_3
unidoc_energy_0004,"[3, 4, 7, 8]","[6, 7, 8]","[""page-6-chunk-1"", ""page-7-chunk-1"", ""page-8-chunk-1""]",HIT_AT_3,True,BLOCKED_INITIAL_TOP_K_3
unidoc_energy_0005,"[10, 11]","[11, 6, 11]","[""page-11-chunk-1"", ""page-6-chunk-1"", ""page-11-chunk-2""]",HIT_AT_3,False,BLOCKED_INITIAL_TOP_K_3
unidoc_energy_0006,"[1, 2, 3]","[1, 8, 5]","[""page-1-chunk-1"", ""page-8-chunk-1"", ""page-5-chunk-1""]",HIT_AT_3,False,BLOCKED_INITIAL_TOP_K_3
unidoc_energy_0007,[7],"[3, 1, 5]","[""page-3-chunk-1"", ""page-1-chunk-1"", ""page-5-chunk-1""]",MISS_AT_3_DEPTH_UNMEASURED,False,BLOCKED_INITIAL_TOP_K_3
unidoc_energy_0008,"[3, 4]","[1, 5, 4]","[""page-1-chunk-1"", ""page-5-chunk-1"", ""page-4-chunk-1""]",HIT_AT_3,True,BLOCKED_INITIAL_TOP_K_3
unidoc_energy_0009,[9],"[6, 6, 9]","[""page-6-chunk-2"", ""page-6-chunk-1"", ""page-9-chunk-1""]",HIT_AT_3,True,BLOCKED_INITIAL_TOP_K_3
unidoc_energy_0010,"[12, 13, 14]","[12, 10, 9]","[""page-12-chunk-1"", ""page-10-chunk-1"", ""page-9-chunk-1""]",HIT_AT_3,False,BLOCKED_INITIAL_TOP_K_3
unidoc_energy_0011,"[3, 7, 8]","[7, 5, 2]","[""page-7-chunk-1"", ""page-5-chunk-1"", ""page-2-chunk-1""]",HIT_AT_3,False,BLOCKED_INITIAL_TOP_K_3
unidoc_energy_0012,"[4, 5]","[4, 5, 3]","[""page-4-chunk-1"", ""page-5-chunk-1"", ""page-3-chunk-1""]",HIT_AT_3,False,BLOCKED_INITIAL_TOP_K_3
unidoc_energy_0013,"[5, 6]","[6, 5, 1]","[""page-6-chunk-1"", ""page-5-chunk-1"", ""page-1-chunk-1""]",HIT_AT_3,False,BLOCKED_INITIAL_TOP_K_3
unidoc_energy_0014,"[17, 18]","[1, 17, 19]","[""page-1-chunk-1"", ""page-17-chunk-1"", ""page-19-chunk-1""]",HIT_AT_3,True,BLOCKED_INITIAL_TOP_K_3
unidoc_energy_0015,[9],"[5, 4, 10]","[""page-5-chunk-1"", ""page-4-chunk-1"", ""page-10-chunk-1""]",MISS_AT_3_DEPTH_UNMEASURED,False,BLOCKED_INITIAL_TOP_K_3
unidoc_energy_0016,"[3, 4]","[18, 14, 5]","[""page-18-chunk-2"", ""page-14-chunk-1"", ""page-5-chunk-1""]",MISS_AT_3_DEPTH_UNMEASURED,False,BLOCKED_INITIAL_TOP_K_3
unidoc_energy_0017,"[10, 11]","[10, 13, 15]","[""page-10-chunk-1"", ""page-13-chunk-1"", ""page-15-chunk-1""]",HIT_AT_3,False,BLOCKED_INITIAL_TOP_K_3
unidoc_energy_0018,[5],"[5, 4, 7]","[""page-5-chunk-1"", ""page-4-chunk-2"", ""page-7-chunk-2""]",HIT_AT_3,False,BLOCKED_INITIAL_TOP_K_3
unidoc_energy_0019,"[4, 5]","[5, 1, 2]","[""page-5-chunk-1"", ""page-1-chunk-1"", ""page-2-chunk-1""]",HIT_AT_3,False,BLOCKED_INITIAL_TOP_K_3
unidoc_energy_0020,[6],"[6, 3, 5]","[""page-6-chunk-1"", ""page-3-chunk-1"", ""page-5-chunk-1""]",HIT_AT_3,False,BLOCKED_INITIAL_TOP_K_3
unidoc_energy_0021,"[1, 2]","[2, 8, 9]","[""page-2-chunk-2"", ""page-8-chunk-1"", ""page-9-chunk-1""]",HIT_AT_3,False,BLOCKED_INITIAL_TOP_K_3
unidoc_energy_0022,[6],"[6, 5, 4]","[""page-6-chunk-1"", ""page-5-chunk-2"", ""page-4-chunk-2""]",HIT_AT_3,False,BLOCKED_INITIAL_TOP_K_3
unidoc_energy_0023,"[8, 9]","[9, 8, 5]","[""page-9-chunk-1"", ""page-8-chunk-2"", ""page-5-chunk-1""]",HIT_AT_3,False,BLOCKED_INITIAL_TOP_K_3
unidoc_energy_0024,"[18, 19, 21, 22]","[21, 20, 23]","[""page-21-chunk-1"", ""page-20-chunk-1"", ""page-23-chunk-1""]",HIT_AT_3,False,BLOCKED_INITIAL_TOP_K_3
unidoc_energy_0025,[3],"[3, 1, 5]","[""page-3-chunk-1"", ""page-1-chunk-1"", ""page-5-chunk-1""]",HIT_AT_3,False,BLOCKED_INITIAL_TOP_K_3
unidoc_energy_0026,"[4, 5, 6, 7]","[4, 2, 6]","[""page-4-chunk-1"", ""page-2-chunk-1"", ""page-6-chunk-1""]",HIT_AT_3,False,BLOCKED_INITIAL_TOP_K_3
unidoc_energy_0027,[11],"[5, 5, 7]","[""page-5-chunk-2"", ""page-5-chunk-1"", ""page-7-chunk-2""]",MISS_AT_3_DEPTH_UNMEASURED,False,BLOCKED_INITIAL_TOP_K_3
unidoc_energy_0028,"[5, 6]","[5, 4, 7]","[""page-5-chunk-1"", ""page-4-chunk-1"", ""page-7-chunk-1""]",HIT_AT_3,False,BLOCKED_INITIAL_TOP_K_3
unidoc_energy_0029,"[5, 6]","[5, 7, 1]","[""page-5-chunk-1"", ""page-7-chunk-1"", ""page-1-chunk-1""]",HIT_AT_3,False,BLOCKED_INITIAL_TOP_K_3
unidoc_energy_0030,"[2, 3, 4]","[3, 2, 1]","[""page-3-chunk-1"", ""page-2-chunk-1"", ""page-1-chunk-1""]",HIT_AT_3,False,BLOCKED_INITIAL_TOP_K_3
unidoc_energy_0031,[3],"[3, 7, 6]","[""page-3-chunk-1"", ""page-7-chunk-2"", ""page-6-chunk-1""]",HIT_AT_3,False,BLOCKED_INITIAL_TOP_K_3
unidoc_energy_0032,[9],"[4, 6, 8]","[""page-4-chunk-1"", ""page-6-chunk-1"", ""page-8-chunk-1""]",MISS_AT_3_DEPTH_UNMEASURED,False,BLOCKED_INITIAL_TOP_K_3
unidoc_energy_0033,"[12, 13]","[9, 11, 10]","[""page-9-chunk-1"", ""page-11-chunk-1"", ""page-10-chunk-1""]",MISS_AT_3_DEPTH_UNMEASURED,False,BLOCKED_INITIAL_TOP_K_3
unidoc_energy_0034,"[15, 16]","[14, 16, 15]","[""page-14-chunk-1"", ""page-16-chunk-1"", ""page-15-chunk-1""]",HIT_AT_3,True,BLOCKED_INITIAL_TOP_K_3
unidoc_energy_0035,"[1, 2]","[1, 2, 5]","[""page-1-chunk-1"", ""page-2-chunk-1"", ""page-5-chunk-1""]",HIT_AT_3,False,BLOCKED_INITIAL_TOP_K_3
unidoc_energy_0036,"[16, 17]","[5, 2, 17]","[""page-5-chunk-1"", ""page-2-chunk-1"", ""page-17-chunk-1""]",HIT_AT_3,True,BLOCKED_INITIAL_TOP_K_3
unidoc_energy_0037,[13],"[13, 12, 6]","[""page-13-chunk-1"", ""page-12-chunk-1"", ""page-6-chunk-1""]",HIT_AT_3,False,BLOCKED_INITIAL_TOP_K_3
unidoc_energy_0038,"[6, 7]","[21, 3, 15]","[""page-21-chunk-1"", ""page-3-chunk-1"", ""page-15-chunk-1""]",MISS_AT_3_DEPTH_UNMEASURED,False,BLOCKED_INITIAL_TOP_K_3
unidoc_energy_0039,[5],"[5, 3, 3]","[""page-5-chunk-1"", ""page-3-chunk-1"", ""page-3-chunk-2""]",HIT_AT_3,False,BLOCKED_INITIAL_TOP_K_3
unidoc_energy_0040,[3],"[3, 5, 2]","[""page-3-chunk-1"", ""page-5-chunk-2"", ""page-2-chunk-1""]",HIT_AT_3,False,BLOCKED_INITIAL_TOP_K_3
unidoc_energy_0041,[3],"[5, 2, 4]","[""page-5-chunk-1"", ""page-2-chunk-1"", ""page-4-chunk-1""]",MISS_AT_3_DEPTH_UNMEASURED,False,BLOCKED_INITIAL_TOP_K_3
unidoc_energy_0042,"[24, 25]","[20, 25, 24]","[""page-20-chunk-1"", ""page-25-chunk-1"", ""page-24-chunk-1""]",HIT_AT_3,True,BLOCKED_INITIAL_TOP_K_3
unidoc_energy_0043,"[3, 4]","[1, 2, 6]","[""page-1-chunk-1"", ""page-2-chunk-1"", ""page-6-chunk-1""]",MISS_AT_3_DEPTH_UNMEASURED,False,BLOCKED_INITIAL_TOP_K_3
unidoc_energy_0044,"[1, 2, 3]","[2, 1, 4]","[""page-2-chunk-1"", ""page-1-chunk-1"", ""page-4-chunk-1""]",HIT_AT_3,False,BLOCKED_INITIAL_TOP_K_3
unidoc_energy_0045,"[3, 4]","[4, 1, 12]","[""page-4-chunk-1"", ""page-1-chunk-1"", ""page-12-chunk-1""]",HIT_AT_3,False,BLOCKED_INITIAL_TOP_K_3
unidoc_energy_0046,"[3, 4]","[1, 4, 2]","[""page-1-chunk-1"", ""page-4-chunk-1"", ""page-2-chunk-1""]",HIT_AT_3,True,BLOCKED_INITIAL_TOP_K_3
unidoc_energy_0047,"[10, 11, 12]","[13, 11, 10]","[""page-13-chunk-1"", ""page-11-chunk-1"", ""page-10-chunk-1""]",HIT_AT_3,True,BLOCKED_INITIAL_TOP_K_3
unidoc_energy_0048,[4],"[4, 2, 2]","[""page-4-chunk-1"", ""page-2-chunk-1"", ""page-2-chunk-2""]",HIT_AT_3,False,BLOCKED_INITIAL_TOP_K_3
unidoc_energy_0049,[2],"[2, 4, 3]","[""page-2-chunk-1"", ""page-4-chunk-1"", ""page-3-chunk-1""]",HIT_AT_3,False,BLOCKED_INITIAL_TOP_K_3
unidoc_energy_0050,"[12, 13]","[13, 11, 17]","[""page-13-chunk-1"", ""page-11-chunk-1"", ""page-17-chunk-1""]",HIT_AT_3,False,BLOCKED_INITIAL_TOP_K_3
unidoc_energy_0051,"[7, 8]","[8, 7, 7]","[""page-8-chunk-1"", ""page-7-chunk-2"", ""page-7-chunk-1""]",HIT_AT_3,False,BLOCKED_INITIAL_TOP_K_3
unidoc_energy_0052,[14],"[10, 12, 6]","[""page-10-chunk-1"", ""page-12-chunk-1"", ""page-6-chunk-1""]",MISS_AT_3_DEPTH_UNMEASURED,False,BLOCKED_INITIAL_TOP_K_3
unidoc_energy_0053,"[3, 4, 5, 6]","[4, 1, 2]","[""page-4-chunk-1"", ""page-1-chunk-1"", ""page-2-chunk-1""]",HIT_AT_3,False,BLOCKED_INITIAL_TOP_K_3
unidoc_energy_0054,"[4, 5]","[4, 3, 12]","[""page-4-chunk-1"", ""page-3-chunk-1"", ""page-12-chunk-1""]",HIT_AT_3,False,BLOCKED_INITIAL_TOP_K_3
unidoc_energy_0055,"[3, 4, 5]","[3, 4, 2]","[""page-3-chunk-1"", ""page-4-chunk-1"", ""page-2-chunk-1""]",HIT_AT_3,False,BLOCKED_INITIAL_TOP_K_3
unidoc_energy_0056,[4],"[4, 8, 2]","[""page-4-chunk-1"", ""page-8-chunk-1"", ""page-2-chunk-1""]",HIT_AT_3,False,BLOCKED_INITIAL_TOP_K_3
unidoc_energy_0057,[6],"[6, 2, 5]","[""page-6-chunk-1"", ""page-2-chunk-1"", ""page-5-chunk-1""]",HIT_AT_3,False,BLOCKED_INITIAL_TOP_K_3
unidoc_energy_0058,[9],"[8, 9, 6]","[""page-8-chunk-1"", ""page-9-chunk-1"", ""page-6-chunk-1""]",HIT_AT_3,True,BLOCKED_INITIAL_TOP_K_3
unidoc_energy_0059,[18],"[18, 7, 16]","[""page-18-chunk-1"", ""page-7-chunk-1"", ""page-16-chunk-1""]",HIT_AT_3,False,BLOCKED_INITIAL_TOP_K_3
unidoc_energy_0060,[8],"[7, 6, 3]","[""page-7-chunk-1"", ""page-6-chunk-1"", ""page-3-chunk-1""]",MISS_AT_3_DEPTH_UNMEASURED,False,BLOCKED_INITIAL_TOP_K_3
unidoc_energy_0061,"[1, 2]","[1, 3, 2]","[""page-1-chunk-1"", ""page-3-chunk-1"", ""page-2-chunk-1""]",HIT_AT_3,False,BLOCKED_INITIAL_TOP_K_3
unidoc_energy_0062,"[2, 3, 4]","[3, 4, 1]","[""page-3-chunk-1"", ""page-4-chunk-1"", ""page-1-chunk-1""]",HIT_AT_3,False,BLOCKED_INITIAL_TOP_K_3
unidoc_energy_0063,"[1, 2]","[1, 12, 5]","[""page-1-chunk-1"", ""page-12-chunk-1"", ""page-5-chunk-1""]",HIT_AT_3,False,BLOCKED_INITIAL_TOP_K_3
unidoc_energy_0064,[3],"[3, 4, 2]","[""page-3-chunk-1"", ""page-4-chunk-1"", ""page-2-chunk-1""]",HIT_AT_3,False,BLOCKED_INITIAL_TOP_K_3
unidoc_energy_0065,"[5, 6, 7, 21, 22]","[6, 21, 22]","[""page-6-chunk-1"", ""page-21-chunk-1"", ""page-22-chunk-1""]",HIT_AT_3,False,BLOCKED_INITIAL_TOP_K_3
unidoc_energy_0066,"[1, 2, 3]","[3, 1, 4]","[""page-3-chunk-1"", ""page-1-chunk-1"", ""page-4-chunk-1""]",HIT_AT_3,False,BLOCKED_INITIAL_TOP_K_3
unidoc_energy_0067,[1],"[1, 4, 2]","[""page-1-chunk-1"", ""page-4-chunk-1"", ""page-2-chunk-1""]",HIT_AT_3,False,BLOCKED_INITIAL_TOP_K_3
unidoc_energy_0068,"[4, 5]","[4, 7, 10]","[""page-4-chunk-1"", ""page-7-chunk-1"", ""page-10-chunk-1""]",HIT_AT_3,False,BLOCKED_INITIAL_TOP_K_3
unidoc_energy_0069,"[4, 5]","[5, 3, 4]","[""page-5-chunk-1"", ""page-3-chunk-1"", ""page-4-chunk-1""]",HIT_AT_3,False,BLOCKED_INITIAL_TOP_K_3
unidoc_energy_0070,[7],"[6, 7, 8]","[""page-6-chunk-1"", ""page-7-chunk-1"", ""page-8-chunk-1""]",HIT_AT_3,True,BLOCKED_INITIAL_TOP_K_3
unidoc_energy_0071,[3],"[1, 4, 6]","[""page-1-chunk-1"", ""page-4-chunk-1"", ""page-6-chunk-1""]",MISS_AT_3_DEPTH_UNMEASURED,False,BLOCKED_INITIAL_TOP_K_3
unidoc_energy_0072,"[21, 22, 23, 24]","[6, 24, 18]","[""page-6-chunk-1"", ""page-24-chunk-1"", ""page-18-chunk-1""]",HIT_AT_3,True,BLOCKED_INITIAL_TOP_K_3
unidoc_energy_0073,[4],"[4, 6, 5]","[""page-4-chunk-1"", ""page-6-chunk-1"", ""page-5-chunk-1""]",HIT_AT_3,False,BLOCKED_INITIAL_TOP_K_3
unidoc_energy_0074,[2],"[5, 3, 8]","[""page-5-chunk-1"", ""page-3-chunk-1"", ""page-8-chunk-2""]",MISS_AT_3_DEPTH_UNMEASURED,False,BLOCKED_INITIAL_TOP_K_3
unidoc_energy_0075,"[4, 5]","[4, 5, 7]","[""page-4-chunk-1"", ""page-5-chunk-1"", ""page-7-chunk-1""]",HIT_AT_3,False,BLOCKED_INITIAL_TOP_K_3
unidoc_energy_0076,"[3, 4]","[3, 10, 11]","[""page-3-chunk-1"", ""page-10-chunk-1"", ""page-11-chunk-1""]",HIT_AT_3,False,BLOCKED_INITIAL_TOP_K_3
unidoc_energy_0077,[2],"[2, 3, 4]","[""page-2-chunk-1"", ""page-3-chunk-1"", ""page-4-chunk-1""]",HIT_AT_3,False,BLOCKED_INITIAL_TOP_K_3
unidoc_energy_0078,"[4, 5, 6, 7]","[2, 6, 7]","[""page-2-chunk-1"", ""page-6-chunk-1"", ""page-7-chunk-1""]",HIT_AT_3,True,BLOCKED_INITIAL_TOP_K_3
unidoc_energy_0079,"[3, 4]","[4, 6, 3]","[""page-4-chunk-1"", ""page-6-chunk-1"", ""page-3-chunk-1""]",HIT_AT_3,False,BLOCKED_INITIAL_TOP_K_3
unidoc_energy_0080,[5],"[5, 6, 4]","[""page-5-chunk-1"", ""page-6-chunk-2"", ""page-4-chunk-2""]",HIT_AT_3,False,BLOCKED_INITIAL_TOP_K_3
unidoc_energy_0081,"[2, 3, 4, 5]","[4, 3, 5]","[""page-4-chunk-1"", ""page-3-chunk-1"", ""page-5-chunk-1""]",HIT_AT_3,False,BLOCKED_INITIAL_TOP_K_3
unidoc_energy_0082,"[3, 4, 5, 6]","[6, 5, 5]","[""page-6-chunk-1"", ""page-5-chunk-1"", ""page-5-chunk-2""]",HIT_AT_3,False,BLOCKED_INITIAL_TOP_K_3
unidoc_energy_0083,"[15, 16]","[16, 15, 12]","[""page-16-chunk-1"", ""page-15-chunk-1"", ""page-12-chunk-1""]",HIT_AT_3,False,BLOCKED_INITIAL_TOP_K_3
unidoc_energy_0084,"[6, 7, 8]","[7, 10, 9]","[""page-7-chunk-1"", ""page-10-chunk-1"", ""page-9-chunk-1""]",HIT_AT_3,False,BLOCKED_INITIAL_TOP_K_3
unidoc_energy_0085,"[4, 5, 6, 7]","[4, 2, 6]","[""page-4-chunk-1"", ""page-2-chunk-1"", ""page-6-chunk-1""]",HIT_AT_3,False,BLOCKED_INITIAL_TOP_K_3
unidoc_energy_0086,[1],"[7, 4, 5]","[""page-7-chunk-1"", ""page-4-chunk-1"", ""page-5-chunk-1""]",MISS_AT_3_DEPTH_UNMEASURED,False,BLOCKED_INITIAL_TOP_K_3
unidoc_energy_0087,"[8, 9]","[9, 19, 5]","[""page-9-chunk-1"", ""page-19-chunk-1"", ""page-5-chunk-1""]",HIT_AT_3,False,BLOCKED_INITIAL_TOP_K_3
unidoc_energy_0088,"[5, 6]","[5, 6, 7]","[""page-5-chunk-1"", ""page-6-chunk-1"", ""page-7-chunk-1""]",HIT_AT_3,False,BLOCKED_INITIAL_TOP_K_3
unidoc_energy_0089,"[1, 2]","[1, 5, 3]","[""page-1-chunk-1"", ""page-5-chunk-1"", ""page-3-chunk-1""]",HIT_AT_3,False,BLOCKED_INITIAL_TOP_K_3
unidoc_energy_0090,"[3, 4]","[3, 4, 6]","[""page-3-chunk-1"", ""page-4-chunk-1"", ""page-6-chunk-1""]",HIT_AT_3,False,BLOCKED_INITIAL_TOP_K_3
unidoc_energy_0091,"[1, 2, 3]","[2, 5, 3]","[""page-2-chunk-1"", ""page-5-chunk-1"", ""page-3-chunk-1""]",HIT_AT_3,False,BLOCKED_INITIAL_TOP_K_3
unidoc_energy_0092,[11],"[10, 4, 6]","[""page-10-chunk-1"", ""page-4-chunk-1"", ""page-6-chunk-1""]",MISS_AT_3_DEPTH_UNMEASURED,False,BLOCKED_INITIAL_TOP_K_3
unidoc_energy_0093,"[2, 3, 4]","[11, 3, 3]","[""page-11-chunk-1"", ""page-3-chunk-1"", ""page-3-chunk-2""]",HIT_AT_3,True,BLOCKED_INITIAL_TOP_K_3
unidoc_energy_0094,"[7, 8]","[7, 8, 9]","[""page-7-chunk-1"", ""page-8-chunk-1"", ""page-9-chunk-1""]",HIT_AT_3,False,BLOCKED_INITIAL_TOP_K_3
unidoc_energy_0095,"[11, 12]","[11, 10, 9]","[""page-11-chunk-1"", ""page-10-chunk-1"", ""page-9-chunk-1""]",HIT_AT_3,False,BLOCKED_INITIAL_TOP_K_3
unidoc_energy_0096,"[5, 6]","[5, 6, 4]","[""page-5-chunk-1"", ""page-6-chunk-1"", ""page-4-chunk-1""]",HIT_AT_3,False,BLOCKED_INITIAL_TOP_K_3
unidoc_energy_0097,"[5, 6]","[5, 26, 27]","[""page-5-chunk-1"", ""page-26-chunk-1"", ""page-27-chunk-1""]",HIT_AT_3,False,BLOCKED_INITIAL_TOP_K_3
unidoc_energy_0098,"[3, 4]","[4, 3, 5]","[""page-4-chunk-1"", ""page-3-chunk-2"", ""page-5-chunk-1""]",HIT_AT_3,False,BLOCKED_INITIAL_TOP_K_3
unidoc_energy_0099,[6],"[6, 2, 5]","[""page-6-chunk-1"", ""page-2-chunk-1"", ""page-5-chunk-1""]",HIT_AT_3,False,BLOCKED_INITIAL_TOP_K_3
unidoc_energy_0100,[18],"[18, 19, 25]","[""page-18-chunk-1"", ""page-19-chunk-1"", ""page-25-chunk-1""]",HIT_AT_3,False,BLOCKED_INITIAL_TOP_K_3
unidoc_energy_0101,"[5, 6, 7]","[6, 7, 1]","[""page-6-chunk-1"", ""page-7-chunk-1"", ""page-1-chunk-2""]",HIT_AT_3,False,BLOCKED_INITIAL_TOP_K_3
unidoc_energy_0102,"[9, 10, 11, 12]","[11, 12, 3]","[""page-11-chunk-1"", ""page-12-chunk-1"", ""page-3-chunk-1""]",HIT_AT_3,False,BLOCKED_INITIAL_TOP_K_3
unidoc_energy_0103,"[17, 18]","[17, 12, 25]","[""page-17-chunk-1"", ""page-12-chunk-1"", ""page-25-chunk-1""]",HIT_AT_3,False,BLOCKED_INITIAL_TOP_K_3
unidoc_energy_0104,[5],"[5, 7, 3]","[""page-5-chunk-1"", ""page-7-chunk-1"", ""page-3-chunk-1""]",HIT_AT_3,False,BLOCKED_INITIAL_TOP_K_3
unidoc_energy_0105,"[3, 4]","[3, 1, 4]","[""page-3-chunk-1"", ""page-1-chunk-1"", ""page-4-chunk-1""]",HIT_AT_3,False,BLOCKED_INITIAL_TOP_K_3
unidoc_energy_0106,"[3, 4, 5]","[5, 4, 5]","[""page-5-chunk-1"", ""page-4-chunk-1"", ""page-5-chunk-2""]",HIT_AT_3,False,BLOCKED_INITIAL_TOP_K_3
unidoc_energy_0107,"[6, 7]","[6, 7, 5]","[""page-6-chunk-1"", ""page-7-chunk-1"", ""page-5-chunk-1""]",HIT_AT_3,False,BLOCKED_INITIAL_TOP_K_3
unidoc_energy_0108,"[4, 5]","[5, 3, 5]","[""page-5-chunk-1"", ""page-3-chunk-2"", ""page-5-chunk-2""]",HIT_AT_3,False,BLOCKED_INITIAL_TOP_K_3
unidoc_energy_0109,"[13, 14, 15]","[13, 14, 10]","[""page-13-chunk-1"", ""page-14-chunk-1"", ""page-10-chunk-1""]",HIT_AT_3,False,BLOCKED_INITIAL_TOP_K_3
unidoc_energy_0110,"[4, 5]","[4, 3, 5]","[""page-4-chunk-1"", ""page-3-chunk-1"", ""page-5-chunk-1""]",HIT_AT_3,False,BLOCKED_INITIAL_TOP_K_3
unidoc_energy_0111,[3],"[1, 3, 2]","[""page-1-chunk-1"", ""page-3-chunk-1"", ""page-2-chunk-1""]",HIT_AT_3,True,BLOCKED_INITIAL_TOP_K_3
unidoc_energy_0112,[14],"[13, 15, 1]","[""page-13-chunk-1"", ""page-15-chunk-1"", ""page-1-chunk-1""]",MISS_AT_3_DEPTH_UNMEASURED,False,BLOCKED_INITIAL_TOP_K_3
unidoc_energy_0113,"[1, 2]","[2, 9, 1]","[""page-2-chunk-1"", ""page-9-chunk-1"", ""page-1-chunk-1""]",HIT_AT_3,False,BLOCKED_INITIAL_TOP_K_3
unidoc_energy_0114,"[2, 3, 4, 5]","[4, 5, 3]","[""page-4-chunk-1"", ""page-5-chunk-1"", ""page-3-chunk-1""]",HIT_AT_3,False,BLOCKED_INITIAL_TOP_K_3
unidoc_energy_0115,[6],"[6, 5, 8]","[""page-6-chunk-1"", ""page-5-chunk-1"", ""page-8-chunk-1""]",HIT_AT_3,False,BLOCKED_INITIAL_TOP_K_3
unidoc_energy_0116,"[7, 8, 9]","[9, 8, 7]","[""page-9-chunk-1"", ""page-8-chunk-1"", ""page-7-chunk-1""]",HIT_AT_3,False,BLOCKED_INITIAL_TOP_K_3
unidoc_energy_0117,[8],"[8, 6, 5]","[""page-8-chunk-1"", ""page-6-chunk-1"", ""page-5-chunk-2""]",HIT_AT_3,False,BLOCKED_INITIAL_TOP_K_3
unidoc_energy_0118,[4],"[3, 4, 5]","[""page-3-chunk-1"", ""page-4-chunk-1"", ""page-5-chunk-1""]",HIT_AT_3,True,BLOCKED_INITIAL_TOP_K_3
unidoc_energy_0119,[5],"[2, 5, 4]","[""page-2-chunk-1"", ""page-5-chunk-1"", ""page-4-chunk-1""]",HIT_AT_3,True,BLOCKED_INITIAL_TOP_K_3
unidoc_energy_0120,"[4, 5, 6, 7, 8, 9, 10]","[5, 8, 7]","[""page-5-chunk-1"", ""page-8-chunk-1"", ""page-7-chunk-1""]",HIT_AT_3,False,BLOCKED_INITIAL_TOP_K_3
unidoc_energy_0121,"[1, 2]","[2, 1, 3]","[""page-2-chunk-1"", ""page-1-chunk-1"", ""page-3-chunk-1""]",HIT_AT_3,False,BLOCKED_INITIAL_TOP_K_3
unidoc_energy_0122,[3],"[3, 1, 2]","[""page-3-chunk-1"", ""page-1-chunk-1"", ""page-2-chunk-1""]",HIT_AT_3,False,BLOCKED_INITIAL_TOP_K_3
unidoc_energy_0123,[6],"[2, 1, 3]","[""page-2-chunk-1"", ""page-1-chunk-1"", ""page-3-chunk-1""]",MISS_AT_3_DEPTH_UNMEASURED,False,BLOCKED_INITIAL_TOP_K_3
unidoc_energy_0124,[3],"[3, 4, 4]","[""page-3-chunk-1"", ""page-4-chunk-1"", ""page-4-chunk-2""]",HIT_AT_3,False,BLOCKED_INITIAL_TOP_K_3
unidoc_energy_0125,"[3, 4, 5]","[3, 1, 4]","[""page-3-chunk-1"", ""page-1-chunk-1"", ""page-4-chunk-1""]",HIT_AT_3,False,BLOCKED_INITIAL_TOP_K_3
unidoc_energy_0126,"[7, 8, 9]","[8, 9, 6]","[""page-8-chunk-1"", ""page-9-chunk-1"", ""page-6-chunk-1""]",HIT_AT_3,False,BLOCKED_INITIAL_TOP_K_3
unidoc_energy_0127,"[5, 6]","[5, 1, 6]","[""page-5-chunk-1"", ""page-1-chunk-2"", ""page-6-chunk-1""]",HIT_AT_3,False,BLOCKED_INITIAL_TOP_K_3
unidoc_energy_0128,"[6, 7]","[6, 1, 5]","[""page-6-chunk-1"", ""page-1-chunk-1"", ""page-5-chunk-1""]",HIT_AT_3,False,BLOCKED_INITIAL_TOP_K_3
unidoc_energy_0129,"[9, 10]","[9, 8, 5]","[""page-9-chunk-1"", ""page-8-chunk-1"", ""page-5-chunk-1""]",HIT_AT_3,False,BLOCKED_INITIAL_TOP_K_3
unidoc_energy_0130,"[5, 6]","[6, 5, 1]","[""page-6-chunk-1"", ""page-5-chunk-1"", ""page-1-chunk-1""]",HIT_AT_3,False,BLOCKED_INITIAL_TOP_K_3
unidoc_energy_0131,[3],"[3, 4, 6]","[""page-3-chunk-1"", ""page-4-chunk-1"", ""page-6-chunk-2""]",HIT_AT_3,False,BLOCKED_INITIAL_TOP_K_3
unidoc_energy_0132,[9],"[8, 9, 2]","[""page-8-chunk-2"", ""page-9-chunk-1"", ""page-2-chunk-1""]",HIT_AT_3,True,BLOCKED_INITIAL_TOP_K_3
unidoc_energy_0133,[4],"[3, 4, 5]","[""page-3-chunk-1"", ""page-4-chunk-1"", ""page-5-chunk-1""]",HIT_AT_3,True,BLOCKED_INITIAL_TOP_K_3
unidoc_energy_0134,"[6, 7]","[7, 8, 6]","[""page-7-chunk-1"", ""page-8-chunk-1"", ""page-6-chunk-1""]",HIT_AT_3,False,BLOCKED_INITIAL_TOP_K_3
unidoc_energy_0135,"[4, 5]","[4, 2, 3]","[""page-4-chunk-1"", ""page-2-chunk-2"", ""page-3-chunk-1""]",HIT_AT_3,False,BLOCKED_INITIAL_TOP_K_3
unidoc_energy_0136,"[3, 4, 5]","[4, 5, 2]","[""page-4-chunk-1"", ""page-5-chunk-1"", ""page-2-chunk-1""]",HIT_AT_3,False,BLOCKED_INITIAL_TOP_K_3
unidoc_energy_0137,[4],"[4, 3, 2]","[""page-4-chunk-1"", ""page-3-chunk-1"", ""page-2-chunk-1""]",HIT_AT_3,False,BLOCKED_INITIAL_TOP_K_3
unidoc_energy_0138,[3],"[3, 1, 2]","[""page-3-chunk-1"", ""page-1-chunk-1"", ""page-2-chunk-1""]",HIT_AT_3,False,BLOCKED_INITIAL_TOP_K_3
unidoc_energy_0139,"[12, 13]","[17, 14, 11]","[""page-17-chunk-1"", ""page-14-chunk-1"", ""page-11-chunk-1""]",MISS_AT_3_DEPTH_UNMEASURED,False,BLOCKED_INITIAL_TOP_K_3
unidoc_energy_0140,"[2, 3, 4]","[3, 10, 11]","[""page-3-chunk-1"", ""page-10-chunk-1"", ""page-11-chunk-1""]",HIT_AT_3,False,BLOCKED_INITIAL_TOP_K_3
unidoc_energy_0141,"[17, 18, 19]","[17, 14, 13]","[""page-17-chunk-1"", ""page-14-chunk-1"", ""page-13-chunk-1""]",HIT_AT_3,False,BLOCKED_INITIAL_TOP_K_3
unidoc_energy_0142,[4],"[4, 3, 1]","[""page-4-chunk-1"", ""page-3-chunk-1"", ""page-1-chunk-1""]",HIT_AT_3,False,BLOCKED_INITIAL_TOP_K_3
unidoc_energy_0143,[10],"[10, 8, 9]","[""page-10-chunk-1"", ""page-8-chunk-1"", ""page-9-chunk-1""]",HIT_AT_3,False,BLOCKED_INITIAL_TOP_K_3
unidoc_energy_0144,[6],"[6, 1, 3]","[""page-6-chunk-1"", ""page-1-chunk-2"", ""page-3-chunk-1""]",HIT_AT_3,False,BLOCKED_INITIAL_TOP_K_3
unidoc_energy_0145,"[16, 17, 18]","[17, 18, 6]","[""page-17-chunk-1"", ""page-18-chunk-1"", ""page-6-chunk-1""]",HIT_AT_3,False,BLOCKED_INITIAL_TOP_K_3
unidoc_energy_0146,[7],"[7, 6, 11]","[""page-7-chunk-1"", ""page-6-chunk-1"", ""page-11-chunk-1""]",HIT_AT_3,False,BLOCKED_INITIAL_TOP_K_3
unidoc_energy_0147,"[22, 23]","[1, 22, 2]","[""page-1-chunk-1"", ""page-22-chunk-1"", ""page-2-chunk-1""]",HIT_AT_3,True,BLOCKED_INITIAL_TOP_K_3
unidoc_energy_0148,"[3, 5, 6]","[3, 1, 5]","[""page-3-chunk-1"", ""page-1-chunk-1"", ""page-5-chunk-1""]",HIT_AT_3,False,BLOCKED_INITIAL_TOP_K_3
unidoc_energy_0149,[16],"[7, 13, 8]","[""page-7-chunk-1"", ""page-13-chunk-1"", ""page-8-chunk-1""]",MISS_AT_3_DEPTH_UNMEASURED,False,BLOCKED_INITIAL_TOP_K_3
unidoc_energy_0150,[8],"[7, 8, 2]","[""page-7-chunk-1"", ""page-8-chunk-1"", ""page-2-chunk-1""]",HIT_AT_3,True,BLOCKED_INITIAL_TOP_K_3
unidoc_energy_0151,[7],"[7, 6, 11]","[""page-7-chunk-1"", ""page-6-chunk-2"", ""page-11-chunk-1""]",HIT_AT_3,False,BLOCKED_INITIAL_TOP_K_3
unidoc_energy_0152,"[11, 12, 13]","[11, 12, 13]","[""page-11-chunk-1"", ""page-12-chunk-1"", ""page-13-chunk-1""]",HIT_AT_3,False,BLOCKED_INITIAL_TOP_K_3
unidoc_energy_0153,"[10, 11, 16]","[12, 10, 13]","[""page-12-chunk-1"", ""page-10-chunk-1"", ""page-13-chunk-1""]",HIT_AT_3,True,BLOCKED_INITIAL_TOP_K_3
unidoc_energy_0154,"[4, 5]","[4, 8, 6]","[""page-4-chunk-1"", ""page-8-chunk-1"", ""page-6-chunk-1""]",HIT_AT_3,False,BLOCKED_INITIAL_TOP_K_3
unidoc_energy_0155,"[6, 7, 8]","[6, 8, 9]","[""page-6-chunk-1"", ""page-8-chunk-1"", ""page-9-chunk-1""]",HIT_AT_3,False,BLOCKED_INITIAL_TOP_K_3
unidoc_energy_0156,[14],"[14, 14, 13]","[""page-14-chunk-1"", ""page-14-chunk-2"", ""page-13-chunk-2""]",HIT_AT_3,False,BLOCKED_INITIAL_TOP_K_3
unidoc_energy_0157,[7],"[7, 1, 6]","[""page-7-chunk-1"", ""page-1-chunk-1"", ""page-6-chunk-1""]",HIT_AT_3,False,BLOCKED_INITIAL_TOP_K_3
unidoc_energy_0158,"[15, 16]","[15, 16, 17]","[""page-15-chunk-1"", ""page-16-chunk-1"", ""page-17-chunk-1""]",HIT_AT_3,False,BLOCKED_INITIAL_TOP_K_3
unidoc_energy_0159,[9],"[9, 5, 6]","[""page-9-chunk-1"", ""page-5-chunk-1"", ""page-6-chunk-1""]",HIT_AT_3,False,BLOCKED_INITIAL_TOP_K_3
unidoc_energy_0160,"[7, 8]","[8, 7, 6]","[""page-8-chunk-1"", ""page-7-chunk-2"", ""page-6-chunk-2""]",HIT_AT_3,False,BLOCKED_INITIAL_TOP_K_3
unidoc_energy_0161,"[2, 3]","[2, 3, 10]","[""page-2-chunk-1"", ""page-3-chunk-1"", ""page-10-chunk-1""]",HIT_AT_3,False,BLOCKED_INITIAL_TOP_K_3
unidoc_energy_0162,[10],"[2, 3, 10]","[""page-2-chunk-1"", ""page-3-chunk-1"", ""page-10-chunk-1""]",HIT_AT_3,True,BLOCKED_INITIAL_TOP_K_3
unidoc_energy_0163,"[3, 4]","[3, 2, 5]","[""page-3-chunk-1"", ""page-2-chunk-2"", ""page-5-chunk-1""]",HIT_AT_3,False,BLOCKED_INITIAL_TOP_K_3
unidoc_energy_0164,"[1, 2]","[1, 5, 3]","[""page-1-chunk-1"", ""page-5-chunk-1"", ""page-3-chunk-1""]",HIT_AT_3,False,BLOCKED_INITIAL_TOP_K_3
unidoc_energy_0165,"[3, 4]","[3, 4, 1]","[""page-3-chunk-1"", ""page-4-chunk-1"", ""page-1-chunk-1""]",HIT_AT_3,False,BLOCKED_INITIAL_TOP_K_3
unidoc_energy_0166,"[4, 5]","[3, 1, 6]","[""page-3-chunk-1"", ""page-1-chunk-1"", ""page-6-chunk-1""]",MISS_AT_3_DEPTH_UNMEASURED,False,BLOCKED_INITIAL_TOP_K_3
unidoc_energy_0167,"[16, 17]","[10, 2, 8]","[""page-10-chunk-1"", ""page-2-chunk-1"", ""page-8-chunk-1""]",MISS_AT_3_DEPTH_UNMEASURED,False,BLOCKED_INITIAL_TOP_K_3
unidoc_energy_0168,"[3, 4, 5]","[4, 5, 6]","[""page-4-chunk-1"", ""page-5-chunk-1"", ""page-6-chunk-1""]",HIT_AT_3,False,BLOCKED_INITIAL_TOP_K_3
unidoc_energy_0169,"[2, 3, 5, 6]","[2, 2, 3]","[""page-2-chunk-1"", ""page-2-chunk-2"", ""page-3-chunk-1""]",HIT_AT_3,False,BLOCKED_INITIAL_TOP_K_3
unidoc_energy_0170,"[1, 2, 3]","[4, 2, 1]","[""page-4-chunk-1"", ""page-2-chunk-1"", ""page-1-chunk-1""]",HIT_AT_3,True,BLOCKED_INITIAL_TOP_K_3
unidoc_energy_0171,"[6, 7]","[6, 2, 8]","[""page-6-chunk-1"", ""page-2-chunk-1"", ""page-8-chunk-1""]",HIT_AT_3,False,BLOCKED_INITIAL_TOP_K_3
unidoc_energy_0172,"[7, 8]","[4, 7, 8]","[""page-4-chunk-1"", ""page-7-chunk-1"", ""page-8-chunk-1""]",HIT_AT_3,True,BLOCKED_INITIAL_TOP_K_3
unidoc_energy_0173,"[4, 7]","[5, 1, 7]","[""page-5-chunk-1"", ""page-1-chunk-1"", ""page-7-chunk-1""]",HIT_AT_3,True,BLOCKED_INITIAL_TOP_K_3
unidoc_energy_0174,"[1, 2, 3, 4]","[1, 2, 3]","[""page-1-chunk-1"", ""page-2-chunk-1"", ""page-3-chunk-1""]",HIT_AT_3,False,BLOCKED_INITIAL_TOP_K_3
unidoc_energy_0175,"[6, 7, 8]","[8, 6, 3]","[""page-8-chunk-1"", ""page-6-chunk-1"", ""page-3-chunk-1""]",HIT_AT_3,False,BLOCKED_INITIAL_TOP_K_3
unidoc_energy_0176,"[15, 17]","[7, 17, 5]","[""page-7-chunk-1"", ""page-17-chunk-1"", ""page-5-chunk-1""]",HIT_AT_3,True,BLOCKED_INITIAL_TOP_K_3
unidoc_energy_0177,"[5, 6]","[5, 4, 13]","[""page-5-chunk-1"", ""page-4-chunk-1"", ""page-13-chunk-1""]",HIT_AT_3,False,BLOCKED_INITIAL_TOP_K_3
unidoc_energy_0178,[13],"[13, 9, 10]","[""page-13-chunk-1"", ""page-9-chunk-1"", ""page-10-chunk-1""]",HIT_AT_3,False,BLOCKED_INITIAL_TOP_K_3
unidoc_energy_0179,"[3, 4, 7, 8]","[1, 7, 3]","[""page-1-chunk-1"", ""page-7-chunk-1"", ""page-3-chunk-1""]",HIT_AT_3,True,BLOCKED_INITIAL_TOP_K_3
unidoc_energy_0180,"[9, 10]","[10, 6, 4]","[""page-10-chunk-1"", ""page-6-chunk-1"", ""page-4-chunk-1""]",HIT_AT_3,False,BLOCKED_INITIAL_TOP_K_3
unidoc_energy_0181,[3],"[14, 11, 3]","[""page-14-chunk-1"", ""page-11-chunk-1"", ""page-3-chunk-1""]",HIT_AT_3,True,BLOCKED_INITIAL_TOP_K_3
unidoc_energy_0182,"[4, 5, 6, 7]","[4, 2, 6]","[""page-4-chunk-1"", ""page-2-chunk-1"", ""page-6-chunk-1""]",HIT_AT_3,False,BLOCKED_INITIAL_TOP_K_3
unidoc_energy_0183,[3],"[3, 5, 4]","[""page-3-chunk-1"", ""page-5-chunk-1"", ""page-4-chunk-1""]",HIT_AT_3,False,BLOCKED_INITIAL_TOP_K_3
unidoc_energy_0184,[30],"[30, 1, 24]","[""page-30-chunk-1"", ""page-1-chunk-1"", ""page-24-chunk-1""]",HIT_AT_3,False,BLOCKED_INITIAL_TOP_K_3
unidoc_energy_0185,"[4, 5]","[3, 6, 5]","[""page-3-chunk-1"", ""page-6-chunk-1"", ""page-5-chunk-1""]",HIT_AT_3,True,BLOCKED_INITIAL_TOP_K_3
unidoc_energy_0186,"[4, 5]","[4, 3, 2]","[""page-4-chunk-1"", ""page-3-chunk-3"", ""page-2-chunk-2""]",HIT_AT_3,False,BLOCKED_INITIAL_TOP_K_3
unidoc_energy_0187,"[8, 9]","[8, 1, 4]","[""page-8-chunk-1"", ""page-1-chunk-2"", ""page-4-chunk-1""]",HIT_AT_3,False,BLOCKED_INITIAL_TOP_K_3
unidoc_energy_0188,"[15, 16]","[13, 15, 16]","[""page-13-chunk-1"", ""page-15-chunk-1"", ""page-16-chunk-1""]",HIT_AT_3,True,BLOCKED_INITIAL_TOP_K_3
unidoc_energy_0189,[7],"[7, 7, 8]","[""page-7-chunk-1"", ""page-7-chunk-2"", ""page-8-chunk-2""]",HIT_AT_3,False,BLOCKED_INITIAL_TOP_K_3
unidoc_energy_0190,"[1, 2]","[1, 2, 3]","[""page-1-chunk-1"", ""page-2-chunk-1"", ""page-3-chunk-1""]",HIT_AT_3,False,BLOCKED_INITIAL_TOP_K_3
unidoc_energy_0191,"[2, 3]","[3, 4, 4]","[""page-3-chunk-1"", ""page-4-chunk-2"", ""page-4-chunk-1""]",HIT_AT_3,False,BLOCKED_INITIAL_TOP_K_3
unidoc_energy_0192,"[14, 15, 16, 17]","[14, 2, 17]","[""page-14-chunk-1"", ""page-2-chunk-1"", ""page-17-chunk-1""]",HIT_AT_3,False,BLOCKED_INITIAL_TOP_K_3
unidoc_energy_0193,[4],"[6, 5, 4]","[""page-6-chunk-1"", ""page-5-chunk-1"", ""page-4-chunk-1""]",HIT_AT_3,True,BLOCKED_INITIAL_TOP_K_3
unidoc_energy_0194,[7],"[7, 6, 5]","[""page-7-chunk-1"", ""page-6-chunk-2"", ""page-5-chunk-2""]",HIT_AT_3,False,BLOCKED_INITIAL_TOP_K_3
unidoc_energy_0195,[5],"[5, 4, 4]","[""page-5-chunk-1"", ""page-4-chunk-1"", ""page-4-chunk-2""]",HIT_AT_3,False,BLOCKED_INITIAL_TOP_K_3
unidoc_energy_0196,"[6, 7]","[4, 3, 2]","[""page-4-chunk-1"", ""page-3-chunk-2"", ""page-2-chunk-1""]",MISS_AT_3_DEPTH_UNMEASURED,False,BLOCKED_INITIAL_TOP_K_3
unidoc_energy_0197,"[7, 8, 9, 10]","[10, 7, 9]","[""page-10-chunk-1"", ""page-7-chunk-1"", ""page-9-chunk-1""]",HIT_AT_3,False,BLOCKED_INITIAL_TOP_K_3
unidoc_energy_0198,[4],"[3, 1, 4]","[""page-3-chunk-1"", ""page-1-chunk-1"", ""page-4-chunk-1""]",HIT_AT_3,True,BLOCKED_INITIAL_TOP_K_3
unidoc_energy_0199,[3],"[3, 15, 14]","[""page-3-chunk-1"", ""page-15-chunk-1"", ""page-14-chunk-1""]",HIT_AT_3,False,BLOCKED_INITIAL_TOP_K_3
unidoc_energy_0200,"[1, 2]","[2, 1, 3]","[""page-2-chunk-1"", ""page-1-chunk-1"", ""page-3-chunk-1""]",HIT_AT_3,False,BLOCKED_INITIAL_TOP_K_3
unidoc_finance_0001,[14],"[14, 15, 10]","[""page-14-chunk-1"", ""page-15-chunk-1"", ""page-10-chunk-1""]",HIT_AT_3,False,BLOCKED_INITIAL_TOP_K_3
unidoc_finance_0002,"[9, 10]","[10, 4, 1]","[""page-10-chunk-1"", ""page-4-chunk-1"", ""page-1-chunk-1""]",HIT_AT_3,False,BLOCKED_INITIAL_TOP_K_3
unidoc_finance_0003,[15],"[15, 16, 6]","[""page-15-chunk-1"", ""page-16-chunk-1"", ""page-6-chunk-1""]",HIT_AT_3,False,BLOCKED_INITIAL_TOP_K_3
unidoc_finance_0004,"[6, 7]","[6, 7, 7]","[""page-6-chunk-1"", ""page-7-chunk-1"", ""page-7-chunk-2""]",HIT_AT_3,False,BLOCKED_INITIAL_TOP_K_3
unidoc_finance_0005,"[4, 5, 6]","[4, 3, 6]","[""page-4-chunk-1"", ""page-3-chunk-1"", ""page-6-chunk-1""]",HIT_AT_3,False,BLOCKED_INITIAL_TOP_K_3
unidoc_finance_0006,"[8, 9]","[8, 7, 13]","[""page-8-chunk-1"", ""page-7-chunk-1"", ""page-13-chunk-1""]",HIT_AT_3,False,BLOCKED_INITIAL_TOP_K_3
unidoc_finance_0007,"[6, 7]","[7, 9, 6]","[""page-7-chunk-1"", ""page-9-chunk-1"", ""page-6-chunk-1""]",HIT_AT_3,False,BLOCKED_INITIAL_TOP_K_3
unidoc_finance_0008,[3],"[3, 4, 2]","[""page-3-chunk-1"", ""page-4-chunk-1"", ""page-2-chunk-2""]",HIT_AT_3,False,BLOCKED_INITIAL_TOP_K_3
unidoc_finance_0009,"[7, 8]","[7, 2, 1]","[""page-7-chunk-1"", ""page-2-chunk-1"", ""page-1-chunk-1""]",HIT_AT_3,False,BLOCKED_INITIAL_TOP_K_3
unidoc_finance_0010,"[13, 14, 15]","[17, 13, 3]","[""page-17-chunk-1"", ""page-13-chunk-1"", ""page-3-chunk-1""]",HIT_AT_3,True,BLOCKED_INITIAL_TOP_K_3
unidoc_finance_0011,"[11, 12, 13]","[12, 12, 10]","[""page-12-chunk-1"", ""page-12-chunk-2"", ""page-10-chunk-2""]",HIT_AT_3,False,BLOCKED_INITIAL_TOP_K_3
unidoc_finance_0012,[9],"[1, 9, 5]","[""page-1-chunk-1"", ""page-9-chunk-1"", ""page-5-chunk-1""]",HIT_AT_3,True,BLOCKED_INITIAL_TOP_K_3
unidoc_finance_0013,[11],"[9, 11, 3]","[""page-9-chunk-1"", ""page-11-chunk-1"", ""page-3-chunk-1""]",HIT_AT_3,True,BLOCKED_INITIAL_TOP_K_3
unidoc_finance_0014,"[1, 2, 3, 4]","[2, 1, 3]","[""page-2-chunk-1"", ""page-1-chunk-1"", ""page-3-chunk-1""]",HIT_AT_3,False,BLOCKED_INITIAL_TOP_K_3
unidoc_finance_0015,"[5, 6, 7]","[5, 6, 3]","[""page-5-chunk-1"", ""page-6-chunk-1"", ""page-3-chunk-1""]",HIT_AT_3,False,BLOCKED_INITIAL_TOP_K_3
unidoc_finance_0016,"[2, 3, 4]","[4, 2, 9]","[""page-4-chunk-1"", ""page-2-chunk-1"", ""page-9-chunk-1""]",HIT_AT_3,False,BLOCKED_INITIAL_TOP_K_3
unidoc_finance_0017,[1],"[4, 5, 3]","[""page-4-chunk-1"", ""page-5-chunk-1"", ""page-3-chunk-1""]",MISS_AT_3_DEPTH_UNMEASURED,False,BLOCKED_INITIAL_TOP_K_3
unidoc_finance_0018,"[3, 4, 5]","[10, 5, 7]","[""page-10-chunk-1"", ""page-5-chunk-1"", ""page-7-chunk-1""]",HIT_AT_3,True,BLOCKED_INITIAL_TOP_K_3
unidoc_finance_0019,[7],"[21, 7, 20]","[""page-21-chunk-1"", ""page-7-chunk-1"", ""page-20-chunk-1""]",HIT_AT_3,True,BLOCKED_INITIAL_TOP_K_3
unidoc_finance_0020,[3],"[3, 9, 2]","[""page-3-chunk-1"", ""page-9-chunk-1"", ""page-2-chunk-2""]",HIT_AT_3,False,BLOCKED_INITIAL_TOP_K_3
unidoc_finance_0021,[13],"[10, 7, 2]","[""page-10-chunk-1"", ""page-7-chunk-1"", ""page-2-chunk-1""]",MISS_AT_3_DEPTH_UNMEASURED,False,BLOCKED_INITIAL_TOP_K_3
unidoc_finance_0022,"[19, 20, 21]","[20, 21, 19]","[""page-20-chunk-1"", ""page-21-chunk-1"", ""page-19-chunk-1""]",HIT_AT_3,False,BLOCKED_INITIAL_TOP_K_3
unidoc_finance_0023,[3],"[3, 4, 2]","[""page-3-chunk-1"", ""page-4-chunk-1"", ""page-2-chunk-2""]",HIT_AT_3,False,BLOCKED_INITIAL_TOP_K_3
unidoc_finance_0024,"[21, 22]","[21, 7, 20]","[""page-21-chunk-1"", ""page-7-chunk-1"", ""page-20-chunk-1""]",HIT_AT_3,False,BLOCKED_INITIAL_TOP_K_3
unidoc_finance_0025,"[8, 9, 10, 16, 17]","[8, 3, 11]","[""page-8-chunk-1"", ""page-3-chunk-1"", ""page-11-chunk-1""]",HIT_AT_3,False,BLOCKED_INITIAL_TOP_K_3
unidoc_finance_0026,"[2, 3]","[3, 4, 2]","[""page-3-chunk-1"", ""page-4-chunk-1"", ""page-2-chunk-1""]",HIT_AT_3,False,BLOCKED_INITIAL_TOP_K_3
unidoc_finance_0027,[15],"[4, 5, 6]","[""page-4-chunk-1"", ""page-5-chunk-1"", ""page-6-chunk-1""]",MISS_AT_3_DEPTH_UNMEASURED,False,BLOCKED_INITIAL_TOP_K_3
unidoc_finance_0028,[4],"[4, 2, 5]","[""page-4-chunk-1"", ""page-2-chunk-1"", ""page-5-chunk-1""]",HIT_AT_3,False,BLOCKED_INITIAL_TOP_K_3
unidoc_finance_0029,[16],"[16, 15, 13]","[""page-16-chunk-1"", ""page-15-chunk-1"", ""page-13-chunk-1""]",HIT_AT_3,False,BLOCKED_INITIAL_TOP_K_3
unidoc_finance_0030,"[11, 12, 13]","[12, 11, 12]","[""page-12-chunk-1"", ""page-11-chunk-1"", ""page-12-chunk-2""]",HIT_AT_3,False,BLOCKED_INITIAL_TOP_K_3
unidoc_finance_0031,"[2, 3]","[3, 7, 1]","[""page-3-chunk-1"", ""page-7-chunk-1"", ""page-1-chunk-1""]",HIT_AT_3,False,BLOCKED_INITIAL_TOP_K_3
unidoc_finance_0032,"[5, 6]","[6, 4, 3]","[""page-6-chunk-1"", ""page-4-chunk-1"", ""page-3-chunk-1""]",HIT_AT_3,False,BLOCKED_INITIAL_TOP_K_3
unidoc_finance_0033,"[4, 5, 6]","[6, 3, 2]","[""page-6-chunk-1"", ""page-3-chunk-1"", ""page-2-chunk-1""]",HIT_AT_3,False,BLOCKED_INITIAL_TOP_K_3
unidoc_finance_0034,[15],"[5, 8, 6]","[""page-5-chunk-1"", ""page-8-chunk-1"", ""page-6-chunk-1""]",MISS_AT_3_DEPTH_UNMEASURED,False,BLOCKED_INITIAL_TOP_K_3
unidoc_finance_0035,"[15, 16]","[18, 5, 6]","[""page-18-chunk-1"", ""page-5-chunk-1"", ""page-6-chunk-1""]",MISS_AT_3_DEPTH_UNMEASURED,False,BLOCKED_INITIAL_TOP_K_3
unidoc_finance_0036,"[15, 16]","[16, 14, 15]","[""page-16-chunk-1"", ""page-14-chunk-1"", ""page-15-chunk-1""]",HIT_AT_3,False,BLOCKED_INITIAL_TOP_K_3
unidoc_finance_0037,"[7, 8, 9]","[8, 7, 6]","[""page-8-chunk-1"", ""page-7-chunk-1"", ""page-6-chunk-1""]",HIT_AT_3,False,BLOCKED_INITIAL_TOP_K_3
unidoc_finance_0038,[4],"[4, 3, 2]","[""page-4-chunk-1"", ""page-3-chunk-1"", ""page-2-chunk-1""]",HIT_AT_3,False,BLOCKED_INITIAL_TOP_K_3
unidoc_finance_0039,"[4, 5]","[4, 5, 7]","[""page-4-chunk-1"", ""page-5-chunk-1"", ""page-7-chunk-1""]",HIT_AT_3,False,BLOCKED_INITIAL_TOP_K_3
unidoc_finance_0040,[5],"[5, 4, 4]","[""page-5-chunk-1"", ""page-4-chunk-1"", ""page-4-chunk-2""]",HIT_AT_3,False,BLOCKED_INITIAL_TOP_K_3
unidoc_finance_0041,"[16, 17]","[16, 17, 13]","[""page-16-chunk-1"", ""page-17-chunk-1"", ""page-13-chunk-1""]",HIT_AT_3,False,BLOCKED_INITIAL_TOP_K_3
unidoc_finance_0042,"[6, 7, 8]","[1, 6, 13]","[""page-1-chunk-1"", ""page-6-chunk-1"", ""page-13-chunk-1""]",HIT_AT_3,True,BLOCKED_INITIAL_TOP_K_3
unidoc_finance_0043,"[6, 7]","[6, 7, 3]","[""page-6-chunk-1"", ""page-7-chunk-1"", ""page-3-chunk-1""]",HIT_AT_3,False,BLOCKED_INITIAL_TOP_K_3
unidoc_finance_0044,"[1, 2, 5, 6]","[5, 2, 4]","[""page-5-chunk-1"", ""page-2-chunk-1"", ""page-4-chunk-1""]",HIT_AT_3,False,BLOCKED_INITIAL_TOP_K_3
unidoc_finance_0045,"[16, 17]","[16, 15, 13]","[""page-16-chunk-1"", ""page-15-chunk-1"", ""page-13-chunk-1""]",HIT_AT_3,False,BLOCKED_INITIAL_TOP_K_3
unidoc_finance_0046,"[6, 7, 8]","[7, 5, 9]","[""page-7-chunk-1"", ""page-5-chunk-1"", ""page-9-chunk-1""]",HIT_AT_3,False,BLOCKED_INITIAL_TOP_K_3
unidoc_finance_0047,"[2, 7, 8]","[4, 7, 6]","[""page-4-chunk-1"", ""page-7-chunk-1"", ""page-6-chunk-1""]",HIT_AT_3,True,BLOCKED_INITIAL_TOP_K_3
unidoc_finance_0048,"[2, 3]","[3, 7, 8]","[""page-3-chunk-1"", ""page-7-chunk-1"", ""page-8-chunk-1""]",HIT_AT_3,False,BLOCKED_INITIAL_TOP_K_3
unidoc_finance_0049,"[19, 20, 22, 23]","[21, 19, 18]","[""page-21-chunk-1"", ""page-19-chunk-1"", ""page-18-chunk-1""]",HIT_AT_3,True,BLOCKED_INITIAL_TOP_K_3
unidoc_finance_0050,[9],"[11, 10, 5]","[""page-11-chunk-1"", ""page-10-chunk-1"", ""page-5-chunk-1""]",MISS_AT_3_DEPTH_UNMEASURED,False,BLOCKED_INITIAL_TOP_K_3
unidoc_finance_0051,[13],"[11, 14, 9]","[""page-11-chunk-1"", ""page-14-chunk-2"", ""page-9-chunk-2""]",MISS_AT_3_DEPTH_UNMEASURED,False,BLOCKED_INITIAL_TOP_K_3
unidoc_finance_0052,"[1, 2]","[2, 4, 3]","[""page-2-chunk-1"", ""page-4-chunk-1"", ""page-3-chunk-1""]",HIT_AT_3,False,BLOCKED_INITIAL_TOP_K_3
unidoc_finance_0053,"[3, 4]","[5, 3, 4]","[""page-5-chunk-1"", ""page-3-chunk-1"", ""page-4-chunk-1""]",HIT_AT_3,True,BLOCKED_INITIAL_TOP_K_3
unidoc_finance_0054,"[19, 20]","[20, 14, 19]","[""page-20-chunk-1"", ""page-14-chunk-1"", ""page-19-chunk-1""]",HIT_AT_3,False,BLOCKED_INITIAL_TOP_K_3
unidoc_finance_0055,"[9, 10, 11, 12, 13]","[11, 9, 10]","[""page-11-chunk-1"", ""page-9-chunk-1"", ""page-10-chunk-1""]",HIT_AT_3,False,BLOCKED_INITIAL_TOP_K_3
unidoc_finance_0056,"[13, 14, 15, 16]","[14, 11, 24]","[""page-14-chunk-1"", ""page-11-chunk-1"", ""page-24-chunk-1""]",HIT_AT_3,False,BLOCKED_INITIAL_TOP_K_3
unidoc_finance_0057,[17],"[17, 16, 7]","[""page-17-chunk-1"", ""page-16-chunk-1"", ""page-7-chunk-1""]",HIT_AT_3,False,BLOCKED_INITIAL_TOP_K_3
unidoc_finance_0058,"[6, 7]","[7, 3, 2]","[""page-7-chunk-1"", ""page-3-chunk-1"", ""page-2-chunk-1""]",HIT_AT_3,False,BLOCKED_INITIAL_TOP_K_3
unidoc_finance_0059,"[2, 3]","[1, 2, 6]","[""page-1-chunk-1"", ""page-2-chunk-1"", ""page-6-chunk-1""]",HIT_AT_3,True,BLOCKED_INITIAL_TOP_K_3
unidoc_finance_0060,"[4, 5, 6]","[1, 6, 4]","[""page-1-chunk-1"", ""page-6-chunk-1"", ""page-4-chunk-2""]",HIT_AT_3,True,BLOCKED_INITIAL_TOP_K_3
unidoc_finance_0061,"[23, 24, 25, 26]","[18, 24, 22]","[""page-18-chunk-1"", ""page-24-chunk-1"", ""page-22-chunk-1""]",HIT_AT_3,True,BLOCKED_INITIAL_TOP_K_3
unidoc_finance_0062,[2],"[2, 5, 6]","[""page-2-chunk-1"", ""page-5-chunk-2"", ""page-6-chunk-1""]",HIT_AT_3,False,BLOCKED_INITIAL_TOP_K_3
unidoc_finance_0063,[9],"[6, 5, 10]","[""page-6-chunk-1"", ""page-5-chunk-1"", ""page-10-chunk-1""]",MISS_AT_3_DEPTH_UNMEASURED,False,BLOCKED_INITIAL_TOP_K_3
unidoc_finance_0064,"[7, 8, 9, 10]","[9, 1, 8]","[""page-9-chunk-1"", ""page-1-chunk-1"", ""page-8-chunk-1""]",HIT_AT_3,False,BLOCKED_INITIAL_TOP_K_3
unidoc_finance_0065,[8],"[11, 6, 7]","[""page-11-chunk-1"", ""page-6-chunk-1"", ""page-7-chunk-1""]",MISS_AT_3_DEPTH_UNMEASURED,False,BLOCKED_INITIAL_TOP_K_3
unidoc_finance_0066,"[1, 2, 7, 8]","[21, 7, 1]","[""page-21-chunk-1"", ""page-7-chunk-1"", ""page-1-chunk-1""]",HIT_AT_3,True,BLOCKED_INITIAL_TOP_K_3
unidoc_finance_0067,"[8, 9, 10, 16, 17]","[8, 3, 17]","[""page-8-chunk-1"", ""page-3-chunk-1"", ""page-17-chunk-1""]",HIT_AT_3,False,BLOCKED_INITIAL_TOP_K_3
unidoc_finance_0068,"[6, 7]","[6, 7, 3]","[""page-6-chunk-1"", ""page-7-chunk-1"", ""page-3-chunk-1""]",HIT_AT_3,False,BLOCKED_INITIAL_TOP_K_3
unidoc_finance_0069,"[7, 8]","[8, 9, 4]","[""page-8-chunk-1"", ""page-9-chunk-1"", ""page-4-chunk-1""]",HIT_AT_3,False,BLOCKED_INITIAL_TOP_K_3
unidoc_finance_0070,"[4, 5, 6]","[4, 8, 6]","[""page-4-chunk-1"", ""page-8-chunk-1"", ""page-6-chunk-1""]",HIT_AT_3,False,BLOCKED_INITIAL_TOP_K_3
unidoc_finance_0071,[28],"[17, 5, 3]","[""page-17-chunk-1"", ""page-5-chunk-1"", ""page-3-chunk-1""]",MISS_AT_3_DEPTH_UNMEASURED,False,BLOCKED_INITIAL_TOP_K_3
unidoc_finance_0072,"[22, 23]","[23, 8, 19]","[""page-23-chunk-1"", ""page-8-chunk-1"", ""page-19-chunk-1""]",HIT_AT_3,False,BLOCKED_INITIAL_TOP_K_3
unidoc_finance_0073,[9],"[9, 7, 2]","[""page-9-chunk-1"", ""page-7-chunk-1"", ""page-2-chunk-1""]",HIT_AT_3,False,BLOCKED_INITIAL_TOP_K_3
unidoc_finance_0074,"[11, 12]","[12, 2, 11]","[""page-12-chunk-1"", ""page-2-chunk-1"", ""page-11-chunk-1""]",HIT_AT_3,False,BLOCKED_INITIAL_TOP_K_3
unidoc_finance_0075,"[12, 13]","[13, 10, 4]","[""page-13-chunk-1"", ""page-10-chunk-1"", ""page-4-chunk-1""]",HIT_AT_3,False,BLOCKED_INITIAL_TOP_K_3
unidoc_finance_0076,"[6, 7]","[6, 3, 4]","[""page-6-chunk-1"", ""page-3-chunk-1"", ""page-4-chunk-1""]",HIT_AT_3,False,BLOCKED_INITIAL_TOP_K_3
unidoc_finance_0077,"[8, 9, 10, 11]","[10, 4, 11]","[""page-10-chunk-1"", ""page-4-chunk-1"", ""page-11-chunk-1""]",HIT_AT_3,False,BLOCKED_INITIAL_TOP_K_3
unidoc_finance_0078,[13],"[11, 14, 12]","[""page-11-chunk-1"", ""page-14-chunk-1"", ""page-12-chunk-1""]",MISS_AT_3_DEPTH_UNMEASURED,False,BLOCKED_INITIAL_TOP_K_3
unidoc_finance_0079,[13],"[9, 12, 6]","[""page-9-chunk-1"", ""page-12-chunk-1"", ""page-6-chunk-1""]",MISS_AT_3_DEPTH_UNMEASURED,False,BLOCKED_INITIAL_TOP_K_3
unidoc_finance_0080,[23],"[23, 11, 8]","[""page-23-chunk-1"", ""page-11-chunk-1"", ""page-8-chunk-1""]",HIT_AT_3,False,BLOCKED_INITIAL_TOP_K_3
unidoc_finance_0081,[10],"[10, 9, 12]","[""page-10-chunk-1"", ""page-9-chunk-1"", ""page-12-chunk-1""]",HIT_AT_3,False,BLOCKED_INITIAL_TOP_K_3
unidoc_finance_0082,"[1, 2, 3]","[2, 11, 6]","[""page-2-chunk-1"", ""page-11-chunk-1"", ""page-6-chunk-1""]",HIT_AT_3,False,BLOCKED_INITIAL_TOP_K_3
unidoc_finance_0083,"[17, 18]","[17, 18, 21]","[""page-17-chunk-1"", ""page-18-chunk-1"", ""page-21-chunk-1""]",HIT_AT_3,False,BLOCKED_INITIAL_TOP_K_3
unidoc_finance_0084,"[2, 3]","[2, 1, 6]","[""page-2-chunk-1"", ""page-1-chunk-1"", ""page-6-chunk-1""]",HIT_AT_3,False,BLOCKED_INITIAL_TOP_K_3
unidoc_finance_0085,[16],"[8, 16, 9]","[""page-8-chunk-1"", ""page-16-chunk-1"", ""page-9-chunk-1""]",HIT_AT_3,True,BLOCKED_INITIAL_TOP_K_3
unidoc_finance_0086,"[2, 3]","[3, 1, 4]","[""page-3-chunk-1"", ""page-1-chunk-1"", ""page-4-chunk-1""]",HIT_AT_3,False,BLOCKED_INITIAL_TOP_K_3
unidoc_finance_0087,"[3, 4]","[3, 2, 11]","[""page-3-chunk-1"", ""page-2-chunk-1"", ""page-11-chunk-1""]",HIT_AT_3,False,BLOCKED_INITIAL_TOP_K_3
unidoc_finance_0088,[6],"[7, 5, 6]","[""page-7-chunk-1"", ""page-5-chunk-1"", ""page-6-chunk-1""]",HIT_AT_3,True,BLOCKED_INITIAL_TOP_K_3
unidoc_finance_0089,[5],"[6, 5, 3]","[""page-6-chunk-1"", ""page-5-chunk-1"", ""page-3-chunk-1""]",HIT_AT_3,True,BLOCKED_INITIAL_TOP_K_3
unidoc_finance_0090,[28],"[18, 17, 15]","[""page-18-chunk-1"", ""page-17-chunk-1"", ""page-15-chunk-1""]",MISS_AT_3_DEPTH_UNMEASURED,False,BLOCKED_INITIAL_TOP_K_3
unidoc_finance_0091,"[2, 3]","[2, 3, 1]","[""page-2-chunk-1"", ""page-3-chunk-1"", ""page-1-chunk-1""]",HIT_AT_3,False,BLOCKED_INITIAL_TOP_K_3
unidoc_finance_0092,[3],"[1, 3, 6]","[""page-1-chunk-1"", ""page-3-chunk-1"", ""page-6-chunk-1""]",HIT_AT_3,True,BLOCKED_INITIAL_TOP_K_3
unidoc_finance_0093,"[12, 13]","[13, 12, 15]","[""page-13-chunk-1"", ""page-12-chunk-1"", ""page-15-chunk-1""]",HIT_AT_3,False,BLOCKED_INITIAL_TOP_K_3
unidoc_finance_0094,[24],"[17, 16, 24]","[""page-17-chunk-1"", ""page-16-chunk-1"", ""page-24-chunk-1""]",HIT_AT_3,True,BLOCKED_INITIAL_TOP_K_3
unidoc_finance_0095,"[5, 6, 7]","[6, 4, 5]","[""page-6-chunk-1"", ""page-4-chunk-1"", ""page-5-chunk-1""]",HIT_AT_3,False,BLOCKED_INITIAL_TOP_K_3
unidoc_finance_0096,"[7, 8, 9, 10]","[8, 7, 3]","[""page-8-chunk-1"", ""page-7-chunk-1"", ""page-3-chunk-1""]",HIT_AT_3,False,BLOCKED_INITIAL_TOP_K_3
unidoc_finance_0097,[3],"[3, 4, 2]","[""page-3-chunk-1"", ""page-4-chunk-1"", ""page-2-chunk-2""]",HIT_AT_3,False,BLOCKED_INITIAL_TOP_K_3
unidoc_finance_0098,"[4, 5, 6]","[2, 3, 6]","[""page-2-chunk-1"", ""page-3-chunk-1"", ""page-6-chunk-1""]",HIT_AT_3,True,BLOCKED_INITIAL_TOP_K_3
unidoc_finance_0099,"[2, 3, 6, 7]","[4, 6, 3]","[""page-4-chunk-1"", ""page-6-chunk-1"", ""page-3-chunk-1""]",HIT_AT_3,True,BLOCKED_INITIAL_TOP_K_3
unidoc_finance_0100,"[3, 4, 5]","[6, 5, 7]","[""page-6-chunk-1"", ""page-5-chunk-1"", ""page-7-chunk-1""]",HIT_AT_3,True,BLOCKED_INITIAL_TOP_K_3
unidoc_finance_0101,[4],"[4, 4, 3]","[""page-4-chunk-2"", ""page-4-chunk-1"", ""page-3-chunk-1""]",HIT_AT_3,False,BLOCKED_INITIAL_TOP_K_3
unidoc_finance_0102,"[9, 10, 11]","[10, 6, 4]","[""page-10-chunk-1"", ""page-6-chunk-1"", ""page-4-chunk-1""]",HIT_AT_3,False,BLOCKED_INITIAL_TOP_K_3
unidoc_finance_0103,[12],"[12, 9, 17]","[""page-12-chunk-1"", ""page-9-chunk-1"", ""page-17-chunk-1""]",HIT_AT_3,False,BLOCKED_INITIAL_TOP_K_3
unidoc_finance_0104,"[12, 13, 14, 15, 16]","[12, 14, 15]","[""page-12-chunk-1"", ""page-14-chunk-1"", ""page-15-chunk-1""]",HIT_AT_3,False,BLOCKED_INITIAL_TOP_K_3
unidoc_finance_0105,[5],"[5, 4, 7]","[""page-5-chunk-1"", ""page-4-chunk-1"", ""page-7-chunk-1""]",HIT_AT_3,False,BLOCKED_INITIAL_TOP_K_3
unidoc_finance_0106,[10],"[10, 9, 13]","[""page-10-chunk-1"", ""page-9-chunk-1"", ""page-13-chunk-1""]",HIT_AT_3,False,BLOCKED_INITIAL_TOP_K_3
unidoc_finance_0107,"[9, 10, 11]","[10, 11, 12]","[""page-10-chunk-1"", ""page-11-chunk-1"", ""page-12-chunk-1""]",HIT_AT_3,False,BLOCKED_INITIAL_TOP_K_3
unidoc_finance_0108,"[19, 20]","[16, 19, 14]","[""page-16-chunk-1"", ""page-19-chunk-1"", ""page-14-chunk-1""]",HIT_AT_3,True,BLOCKED_INITIAL_TOP_K_3
unidoc_finance_0109,[12],"[12, 9, 4]","[""page-12-chunk-1"", ""page-9-chunk-1"", ""page-4-chunk-1""]",HIT_AT_3,False,BLOCKED_INITIAL_TOP_K_3
unidoc_finance_0110,[6],"[12, 4, 1]","[""page-12-chunk-1"", ""page-4-chunk-1"", ""page-1-chunk-1""]",MISS_AT_3_DEPTH_UNMEASURED,False,BLOCKED_INITIAL_TOP_K_3
unidoc_finance_0111,"[2, 3, 4]","[4, 1, 3]","[""page-4-chunk-1"", ""page-1-chunk-1"", ""page-3-chunk-1""]",HIT_AT_3,False,BLOCKED_INITIAL_TOP_K_3
unidoc_finance_0112,"[2, 3]","[3, 3, 1]","[""page-3-chunk-2"", ""page-3-chunk-1"", ""page-1-chunk-1""]",HIT_AT_3,False,BLOCKED_INITIAL_TOP_K_3
unidoc_finance_0113,[10],"[7, 8, 3]","[""page-7-chunk-1"", ""page-8-chunk-1"", ""page-3-chunk-1""]",MISS_AT_3_DEPTH_UNMEASURED,False,BLOCKED_INITIAL_TOP_K_3
unidoc_finance_0114,[5],"[5, 7, 4]","[""page-5-chunk-1"", ""page-7-chunk-1"", ""page-4-chunk-1""]",HIT_AT_3,False,BLOCKED_INITIAL_TOP_K_3
unidoc_finance_0115,"[5, 6]","[6, 4, 7]","[""page-6-chunk-1"", ""page-4-chunk-1"", ""page-7-chunk-1""]",HIT_AT_3,False,BLOCKED_INITIAL_TOP_K_3
unidoc_finance_0116,"[6, 7, 8]","[7, 2, 1]","[""page-7-chunk-1"", ""page-2-chunk-1"", ""page-1-chunk-1""]",HIT_AT_3,False,BLOCKED_INITIAL_TOP_K_3
unidoc_finance_0117,[7],"[7, 9, 4]","[""page-7-chunk-1"", ""page-9-chunk-1"", ""page-4-chunk-1""]",HIT_AT_3,False,BLOCKED_INITIAL_TOP_K_3
unidoc_finance_0118,"[9, 10, 11, 12, 13]","[11, 10, 5]","[""page-11-chunk-1"", ""page-10-chunk-1"", ""page-5-chunk-1""]",HIT_AT_3,False,BLOCKED_INITIAL_TOP_K_3
unidoc_finance_0119,[20],"[20, 19, 8]","[""page-20-chunk-1"", ""page-19-chunk-1"", ""page-8-chunk-1""]",HIT_AT_3,False,BLOCKED_INITIAL_TOP_K_3
unidoc_finance_0120,"[5, 6, 7]","[6, 5, 2]","[""page-6-chunk-1"", ""page-5-chunk-1"", ""page-2-chunk-1""]",HIT_AT_3,False,BLOCKED_INITIAL_TOP_K_3
unidoc_finance_0121,[15],"[15, 16, 6]","[""page-15-chunk-1"", ""page-16-chunk-1"", ""page-6-chunk-1""]",HIT_AT_3,False,BLOCKED_INITIAL_TOP_K_3
unidoc_finance_0122,"[21, 22]","[23, 22, 26]","[""page-23-chunk-1"", ""page-22-chunk-1"", ""page-26-chunk-1""]",HIT_AT_3,True,BLOCKED_INITIAL_TOP_K_3
unidoc_finance_0123,"[5, 6]","[6, 3, 7]","[""page-6-chunk-1"", ""page-3-chunk-1"", ""page-7-chunk-1""]",HIT_AT_3,False,BLOCKED_INITIAL_TOP_K_3
unidoc_finance_0124,"[2, 3, 4, 5, 6]","[3, 2, 4]","[""page-3-chunk-1"", ""page-2-chunk-1"", ""page-4-chunk-1""]",HIT_AT_3,False,BLOCKED_INITIAL_TOP_K_3
unidoc_finance_0125,[18],"[17, 18, 19]","[""page-17-chunk-1"", ""page-18-chunk-1"", ""page-19-chunk-1""]",HIT_AT_3,True,BLOCKED_INITIAL_TOP_K_3
unidoc_finance_0126,"[5, 6]","[6, 5, 8]","[""page-6-chunk-1"", ""page-5-chunk-1"", ""page-8-chunk-1""]",HIT_AT_3,False,BLOCKED_INITIAL_TOP_K_3
unidoc_finance_0127,"[2, 3, 6, 7]","[3, 2, 6]","[""page-3-chunk-1"", ""page-2-chunk-1"", ""page-6-chunk-1""]",HIT_AT_3,False,BLOCKED_INITIAL_TOP_K_3
unidoc_finance_0128,"[1, 2, 3, 4]","[2, 3, 6]","[""page-2-chunk-1"", ""page-3-chunk-1"", ""page-6-chunk-1""]",HIT_AT_3,False,BLOCKED_INITIAL_TOP_K_3
unidoc_finance_0129,[2],"[1, 2, 3]","[""page-1-chunk-1"", ""page-2-chunk-1"", ""page-3-chunk-1""]",HIT_AT_3,True,BLOCKED_INITIAL_TOP_K_3
unidoc_finance_0130,[4],"[4, 2, 1]","[""page-4-chunk-1"", ""page-2-chunk-1"", ""page-1-chunk-1""]",HIT_AT_3,False,BLOCKED_INITIAL_TOP_K_3
unidoc_finance_0131,"[19, 20, 21, 22]","[19, 20, 1]","[""page-19-chunk-1"", ""page-20-chunk-1"", ""page-1-chunk-1""]",HIT_AT_3,False,BLOCKED_INITIAL_TOP_K_3
unidoc_finance_0132,"[16, 17]","[16, 13, 12]","[""page-16-chunk-1"", ""page-13-chunk-1"", ""page-12-chunk-1""]",HIT_AT_3,False,BLOCKED_INITIAL_TOP_K_3
unidoc_finance_0133,"[9, 10, 11]","[10, 6, 16]","[""page-10-chunk-1"", ""page-6-chunk-1"", ""page-16-chunk-1""]",HIT_AT_3,False,BLOCKED_INITIAL_TOP_K_3
unidoc_finance_0134,"[2, 3]","[2, 4, 7]","[""page-2-chunk-1"", ""page-4-chunk-1"", ""page-7-chunk-2""]",HIT_AT_3,False,BLOCKED_INITIAL_TOP_K_3
unidoc_finance_0135,"[3, 4, 5]","[5, 2, 2]","[""page-5-chunk-1"", ""page-2-chunk-2"", ""page-2-chunk-1""]",HIT_AT_3,False,BLOCKED_INITIAL_TOP_K_3
unidoc_finance_0136,"[7, 8, 9, 10]","[3, 9, 7]","[""page-3-chunk-1"", ""page-9-chunk-1"", ""page-7-chunk-1""]",HIT_AT_3,True,BLOCKED_INITIAL_TOP_K_3
unidoc_finance_0137,[3],"[5, 4, 3]","[""page-5-chunk-1"", ""page-4-chunk-1"", ""page-3-chunk-1""]",HIT_AT_3,True,BLOCKED_INITIAL_TOP_K_3
unidoc_finance_0138,[16],"[16, 3, 6]","[""page-16-chunk-1"", ""page-3-chunk-1"", ""page-6-chunk-1""]",HIT_AT_3,False,BLOCKED_INITIAL_TOP_K_3
unidoc_finance_0139,[18],"[18, 8, 1]","[""page-18-chunk-1"", ""page-8-chunk-1"", ""page-1-chunk-1""]",HIT_AT_3,False,BLOCKED_INITIAL_TOP_K_3
unidoc_finance_0140,"[1, 2, 3, 6, 7, 8]","[5, 6, 4]","[""page-5-chunk-1"", ""page-6-chunk-1"", ""page-4-chunk-1""]",HIT_AT_3,True,BLOCKED_INITIAL_TOP_K_3
unidoc_finance_0141,"[3, 4]","[4, 1, 4]","[""page-4-chunk-1"", ""page-1-chunk-1"", ""page-4-chunk-2""]",HIT_AT_3,False,BLOCKED_INITIAL_TOP_K_3
unidoc_finance_0142,"[5, 6, 7]","[5, 6, 4]","[""page-5-chunk-1"", ""page-6-chunk-1"", ""page-4-chunk-1""]",HIT_AT_3,False,BLOCKED_INITIAL_TOP_K_3
unidoc_finance_0143,[7],"[7, 6, 20]","[""page-7-chunk-1"", ""page-6-chunk-1"", ""page-20-chunk-1""]",HIT_AT_3,False,BLOCKED_INITIAL_TOP_K_3
unidoc_finance_0144,"[7, 8, 9]","[8, 7, 9]","[""page-8-chunk-1"", ""page-7-chunk-1"", ""page-9-chunk-1""]",HIT_AT_3,False,BLOCKED_INITIAL_TOP_K_3
unidoc_finance_0145,"[16, 17, 18]","[17, 16, 18]","[""page-17-chunk-1"", ""page-16-chunk-1"", ""page-18-chunk-1""]",HIT_AT_3,False,BLOCKED_INITIAL_TOP_K_3
unidoc_finance_0146,"[19, 20]","[20, 19, 21]","[""page-20-chunk-1"", ""page-19-chunk-1"", ""page-21-chunk-1""]",HIT_AT_3,False,BLOCKED_INITIAL_TOP_K_3
unidoc_finance_0147,"[1, 2, 3, 14, 15, 16, 17]","[6, 15, 9]","[""page-6-chunk-1"", ""page-15-chunk-1"", ""page-9-chunk-1""]",HIT_AT_3,True,BLOCKED_INITIAL_TOP_K_3
unidoc_finance_0148,"[5, 6, 7, 8]","[5, 7, 4]","[""page-5-chunk-1"", ""page-7-chunk-1"", ""page-4-chunk-1""]",HIT_AT_3,False,BLOCKED_INITIAL_TOP_K_3
unidoc_finance_0149,[7],"[7, 1, 8]","[""page-7-chunk-1"", ""page-1-chunk-1"", ""page-8-chunk-1""]",HIT_AT_3,False,BLOCKED_INITIAL_TOP_K_3
unidoc_finance_0150,"[7, 8, 9, 10]","[8, 7, 3]","[""page-8-chunk-1"", ""page-7-chunk-1"", ""page-3-chunk-1""]",HIT_AT_3,False,BLOCKED_INITIAL_TOP_K_3
unidoc_finance_0151,"[4, 5]","[10, 7, 1]","[""page-10-chunk-1"", ""page-7-chunk-1"", ""page-1-chunk-1""]",MISS_AT_3_DEPTH_UNMEASURED,False,BLOCKED_INITIAL_TOP_K_3
unidoc_finance_0152,[3],"[3, 5, 5]","[""page-3-chunk-1"", ""page-5-chunk-1"", ""page-5-chunk-2""]",HIT_AT_3,False,BLOCKED_INITIAL_TOP_K_3
unidoc_finance_0153,"[1, 2, 3, 5, 6, 7]","[3, 2, 5]","[""page-3-chunk-1"", ""page-2-chunk-1"", ""page-5-chunk-1""]",HIT_AT_3,False,BLOCKED_INITIAL_TOP_K_3
unidoc_finance_0154,"[4, 5, 6, 13, 14, 15, 16]","[14, 15, 11]","[""page-14-chunk-1"", ""page-15-chunk-1"", ""page-11-chunk-1""]",HIT_AT_3,False,BLOCKED_INITIAL_TOP_K_3
unidoc_finance_0155,"[20, 22, 24]","[24, 11, 10]","[""page-24-chunk-1"", ""page-11-chunk-1"", ""page-10-chunk-1""]",HIT_AT_3,False,BLOCKED_INITIAL_TOP_K_3
unidoc_finance_0156,[7],"[7, 20, 9]","[""page-7-chunk-1"", ""page-20-chunk-1"", ""page-9-chunk-1""]",HIT_AT_3,False,BLOCKED_INITIAL_TOP_K_3
unidoc_finance_0157,"[3, 4]","[3, 20, 19]","[""page-3-chunk-1"", ""page-20-chunk-1"", ""page-19-chunk-1""]",HIT_AT_3,False,BLOCKED_INITIAL_TOP_K_3
unidoc_finance_0158,"[7, 8, 9]","[7, 12, 11]","[""page-7-chunk-1"", ""page-12-chunk-1"", ""page-11-chunk-1""]",HIT_AT_3,False,BLOCKED_INITIAL_TOP_K_3
unidoc_finance_0159,"[9, 10, 11, 12, 13]","[11, 5, 10]","[""page-11-chunk-1"", ""page-5-chunk-1"", ""page-10-chunk-1""]",HIT_AT_3,False,BLOCKED_INITIAL_TOP_K_3
unidoc_finance_0160,"[5, 6, 7]","[5, 6, 14]","[""page-5-chunk-1"", ""page-6-chunk-1"", ""page-14-chunk-1""]",HIT_AT_3,False,BLOCKED_INITIAL_TOP_K_3
unidoc_finance_0161,"[3, 4]","[3, 8, 2]","[""page-3-chunk-1"", ""page-8-chunk-1"", ""page-2-chunk-1""]",HIT_AT_3,False,BLOCKED_INITIAL_TOP_K_3
unidoc_finance_0162,"[7, 8, 9]","[9, 10, 8]","[""page-9-chunk-1"", ""page-10-chunk-1"", ""page-8-chunk-1""]",HIT_AT_3,False,BLOCKED_INITIAL_TOP_K_3
unidoc_finance_0163,[9],"[10, 11, 5]","[""page-10-chunk-1"", ""page-11-chunk-1"", ""page-5-chunk-1""]",MISS_AT_3_DEPTH_UNMEASURED,False,BLOCKED_INITIAL_TOP_K_3
unidoc_finance_0164,"[18, 19, 20]","[18, 19, 8]","[""page-18-chunk-1"", ""page-19-chunk-1"", ""page-8-chunk-1""]",HIT_AT_3,False,BLOCKED_INITIAL_TOP_K_3
unidoc_finance_0165,[11],"[11, 12, 9]","[""page-11-chunk-1"", ""page-12-chunk-1"", ""page-9-chunk-1""]",HIT_AT_3,False,BLOCKED_INITIAL_TOP_K_3
unidoc_finance_0166,[2],"[2, 2, 1]","[""page-2-chunk-2"", ""page-2-chunk-1"", ""page-1-chunk-1""]",HIT_AT_3,False,BLOCKED_INITIAL_TOP_K_3
unidoc_finance_0167,"[3, 4, 5]","[4, 3, 1]","[""page-4-chunk-1"", ""page-3-chunk-1"", ""page-1-chunk-1""]",HIT_AT_3,False,BLOCKED_INITIAL_TOP_K_3
unidoc_finance_0168,[9],"[4, 6, 8]","[""page-4-chunk-1"", ""page-6-chunk-1"", ""page-8-chunk-1""]",MISS_AT_3_DEPTH_UNMEASURED,False,BLOCKED_INITIAL_TOP_K_3
unidoc_finance_0169,"[9, 10]","[9, 1, 1]","[""page-9-chunk-1"", ""page-1-chunk-2"", ""page-1-chunk-1""]",HIT_AT_3,False,BLOCKED_INITIAL_TOP_K_3
unidoc_finance_0170,"[6, 7]","[7, 2, 6]","[""page-7-chunk-1"", ""page-2-chunk-1"", ""page-6-chunk-1""]",HIT_AT_3,False,BLOCKED_INITIAL_TOP_K_3
unidoc_finance_0171,"[2, 3]","[2, 11, 1]","[""page-2-chunk-1"", ""page-11-chunk-1"", ""page-1-chunk-1""]",HIT_AT_3,False,BLOCKED_INITIAL_TOP_K_3
unidoc_finance_0172,"[18, 19, 20, 21, 22, 23, 24]","[7, 22, 5]","[""page-7-chunk-1"", ""page-22-chunk-1"", ""page-5-chunk-1""]",HIT_AT_3,True,BLOCKED_INITIAL_TOP_K_3
unidoc_finance_0173,"[1, 2, 3, 6, 7]","[6, 7, 5]","[""page-6-chunk-1"", ""page-7-chunk-1"", ""page-5-chunk-1""]",HIT_AT_3,False,BLOCKED_INITIAL_TOP_K_3
unidoc_finance_0174,"[2, 3, 4, 5, 6]","[2, 4, 6]","[""page-2-chunk-1"", ""page-4-chunk-1"", ""page-6-chunk-1""]",HIT_AT_3,False,BLOCKED_INITIAL_TOP_K_3
unidoc_finance_0175,[3],"[3, 2, 9]","[""page-3-chunk-1"", ""page-2-chunk-1"", ""page-9-chunk-1""]",HIT_AT_3,False,BLOCKED_INITIAL_TOP_K_3
unidoc_finance_0176,"[5, 6, 7]","[6, 8, 5]","[""page-6-chunk-1"", ""page-8-chunk-1"", ""page-5-chunk-1""]",HIT_AT_3,False,BLOCKED_INITIAL_TOP_K_3
unidoc_finance_0177,"[4, 5, 6]","[4, 6, 8]","[""page-4-chunk-1"", ""page-6-chunk-1"", ""page-8-chunk-1""]",HIT_AT_3,False,BLOCKED_INITIAL_TOP_K_3
unidoc_finance_0178,"[3, 4, 5]","[3, 4, 5]","[""page-3-chunk-1"", ""page-4-chunk-1"", ""page-5-chunk-1""]",HIT_AT_3,False,BLOCKED_INITIAL_TOP_K_3
unidoc_finance_0179,"[23, 24, 25, 26, 27]","[23, 19, 8]","[""page-23-chunk-1"", ""page-19-chunk-1"", ""page-8-chunk-1""]",HIT_AT_3,False,BLOCKED_INITIAL_TOP_K_3
unidoc_finance_0180,"[8, 9, 10]","[8, 9, 4]","[""page-8-chunk-1"", ""page-9-chunk-1"", ""page-4-chunk-1""]",HIT_AT_3,False,BLOCKED_INITIAL_TOP_K_3
unidoc_finance_0181,"[8, 9]","[8, 1, 18]","[""page-8-chunk-1"", ""page-1-chunk-1"", ""page-18-chunk-1""]",HIT_AT_3,False,BLOCKED_INITIAL_TOP_K_3
unidoc_finance_0182,"[8, 9]","[11, 7, 6]","[""page-11-chunk-1"", ""page-7-chunk-1"", ""page-6-chunk-1""]",MISS_AT_3_DEPTH_UNMEASURED,False,BLOCKED_INITIAL_TOP_K_3
unidoc_finance_0183,"[17, 18]","[9, 1, 11]","[""page-9-chunk-1"", ""page-1-chunk-1"", ""page-11-chunk-1""]",MISS_AT_3_DEPTH_UNMEASURED,False,BLOCKED_INITIAL_TOP_K_3
unidoc_finance_0184,"[4, 5]","[6, 2, 3]","[""page-6-chunk-1"", ""page-2-chunk-1"", ""page-3-chunk-1""]",MISS_AT_3_DEPTH_UNMEASURED,False,BLOCKED_INITIAL_TOP_K_3
unidoc_finance_0185,[11],"[12, 8, 3]","[""page-12-chunk-1"", ""page-8-chunk-1"", ""page-3-chunk-1""]",MISS_AT_3_DEPTH_UNMEASURED,False,BLOCKED_INITIAL_TOP_K_3
unidoc_finance_0186,"[7, 8]","[1, 7, 6]","[""page-1-chunk-1"", ""page-7-chunk-1"", ""page-6-chunk-1""]",HIT_AT_3,True,BLOCKED_INITIAL_TOP_K_3
unidoc_finance_0187,[7],"[7, 6, 11]","[""page-7-chunk-1"", ""page-6-chunk-1"", ""page-11-chunk-1""]",HIT_AT_3,False,BLOCKED_INITIAL_TOP_K_3
unidoc_finance_0188,"[4, 5]","[4, 5, 5]","[""page-4-chunk-1"", ""page-5-chunk-2"", ""page-5-chunk-1""]",HIT_AT_3,False,BLOCKED_INITIAL_TOP_K_3
unidoc_finance_0189,"[4, 5, 6]","[5, 4, 4]","[""page-5-chunk-1"", ""page-4-chunk-2"", ""page-4-chunk-1""]",HIT_AT_3,False,BLOCKED_INITIAL_TOP_K_3
unidoc_finance_0190,"[2, 3]","[1, 2, 3]","[""page-1-chunk-1"", ""page-2-chunk-1"", ""page-3-chunk-1""]",HIT_AT_3,True,BLOCKED_INITIAL_TOP_K_3
unidoc_finance_0191,"[2, 4, 5]","[5, 1, 6]","[""page-5-chunk-1"", ""page-1-chunk-1"", ""page-6-chunk-1""]",HIT_AT_3,False,BLOCKED_INITIAL_TOP_K_3
unidoc_finance_0192,[12],"[11, 13, 7]","[""page-11-chunk-1"", ""page-13-chunk-1"", ""page-7-chunk-1""]",MISS_AT_3_DEPTH_UNMEASURED,False,BLOCKED_INITIAL_TOP_K_3
unidoc_finance_0193,"[7, 8, 9, 10]","[9, 8, 1]","[""page-9-chunk-1"", ""page-8-chunk-1"", ""page-1-chunk-1""]",HIT_AT_3,False,BLOCKED_INITIAL_TOP_K_3
unidoc_finance_0194,"[4, 5, 8]","[8, 4, 5]","[""page-8-chunk-1"", ""page-4-chunk-2"", ""page-5-chunk-1""]",HIT_AT_3,False,BLOCKED_INITIAL_TOP_K_3
unidoc_finance_0195,[9],"[8, 17, 18]","[""page-8-chunk-1"", ""page-17-chunk-1"", ""page-18-chunk-1""]",MISS_AT_3_DEPTH_UNMEASURED,False,BLOCKED_INITIAL_TOP_K_3
unidoc_finance_0196,[13],"[10, 11, 9]","[""page-10-chunk-1"", ""page-11-chunk-1"", ""page-9-chunk-2""]",MISS_AT_3_DEPTH_UNMEASURED,False,BLOCKED_INITIAL_TOP_K_3
unidoc_finance_0197,"[21, 22]","[23, 22, 26]","[""page-23-chunk-1"", ""page-22-chunk-1"", ""page-26-chunk-1""]",HIT_AT_3,True,BLOCKED_INITIAL_TOP_K_3
unidoc_finance_0198,"[2, 3, 6, 7]","[6, 3, 2]","[""page-6-chunk-1"", ""page-3-chunk-1"", ""page-2-chunk-1""]",HIT_AT_3,False,BLOCKED_INITIAL_TOP_K_3
unidoc_finance_0199,[8],"[7, 2, 4]","[""page-7-chunk-1"", ""page-2-chunk-1"", ""page-4-chunk-1""]",MISS_AT_3_DEPTH_UNMEASURED,False,BLOCKED_INITIAL_TOP_K_3
unidoc_finance_0200,"[12, 13]","[13, 14, 12]","[""page-13-chunk-1"", ""page-14-chunk-1"", ""page-12-chunk-2""]",HIT_AT_3,False,BLOCKED_INITIAL_TOP_K_3
unidoc_healthcare_0001,"[3, 4, 5]","[3, 1, 4]","[""page-3-chunk-1"", ""page-1-chunk-1"", ""page-4-chunk-1""]",HIT_AT_3,False,BLOCKED_INITIAL_TOP_K_3
unidoc_healthcare_0002,"[2, 3, 4]","[3, 4, 5]","[""page-3-chunk-1"", ""page-4-chunk-1"", ""page-5-chunk-1""]",HIT_AT_3,False,BLOCKED_INITIAL_TOP_K_3
unidoc_healthcare_0003,"[14, 15, 16, 17, 18]","[17, 10, 16]","[""page-17-chunk-1"", ""page-10-chunk-1"", ""page-16-chunk-1""]",HIT_AT_3,False,BLOCKED_INITIAL_TOP_K_3
unidoc_healthcare_0004,"[5, 6]","[5, 6, 8]","[""page-5-chunk-1"", ""page-6-chunk-1"", ""page-8-chunk-1""]",HIT_AT_3,False,BLOCKED_INITIAL_TOP_K_3
unidoc_healthcare_0005,"[5, 6, 7]","[6, 4, 5]","[""page-6-chunk-1"", ""page-4-chunk-1"", ""page-5-chunk-2""]",HIT_AT_3,False,BLOCKED_INITIAL_TOP_K_3
unidoc_healthcare_0006,[9],"[9, 5, 3]","[""page-9-chunk-1"", ""page-5-chunk-1"", ""page-3-chunk-2""]",HIT_AT_3,False,BLOCKED_INITIAL_TOP_K_3
unidoc_healthcare_0007,[4],"[4, 3, 9]","[""page-4-chunk-1"", ""page-3-chunk-1"", ""page-9-chunk-1""]",HIT_AT_3,False,BLOCKED_INITIAL_TOP_K_3
unidoc_healthcare_0008,[5],"[8, 7, 6]","[""page-8-chunk-1"", ""page-7-chunk-1"", ""page-6-chunk-1""]",MISS_AT_3_DEPTH_UNMEASURED,False,BLOCKED_INITIAL_TOP_K_3
unidoc_healthcare_0009,"[4, 5]","[4, 4, 7]","[""page-4-chunk-2"", ""page-4-chunk-1"", ""page-7-chunk-1""]",HIT_AT_3,False,BLOCKED_INITIAL_TOP_K_3
unidoc_healthcare_0010,"[5, 6]","[5, 6, 2]","[""page-5-chunk-1"", ""page-6-chunk-1"", ""page-2-chunk-1""]",HIT_AT_3,False,BLOCKED_INITIAL_TOP_K_3
unidoc_healthcare_0011,[9],"[9, 7, 6]","[""page-9-chunk-1"", ""page-7-chunk-1"", ""page-6-chunk-1""]",HIT_AT_3,False,BLOCKED_INITIAL_TOP_K_3
unidoc_healthcare_0012,"[7, 8]","[8, 9, 3]","[""page-8-chunk-1"", ""page-9-chunk-1"", ""page-3-chunk-2""]",HIT_AT_3,False,BLOCKED_INITIAL_TOP_K_3
unidoc_healthcare_0013,"[4, 5]","[4, 2, 3]","[""page-4-chunk-1"", ""page-2-chunk-1"", ""page-3-chunk-1""]",HIT_AT_3,False,BLOCKED_INITIAL_TOP_K_3
unidoc_healthcare_0014,"[6, 7, 8]","[6, 4, 5]","[""page-6-chunk-1"", ""page-4-chunk-1"", ""page-5-chunk-1""]",HIT_AT_3,False,BLOCKED_INITIAL_TOP_K_3
unidoc_healthcare_0015,[5],"[4, 3, 2]","[""page-4-chunk-1"", ""page-3-chunk-1"", ""page-2-chunk-2""]",MISS_AT_3_DEPTH_UNMEASURED,False,BLOCKED_INITIAL_TOP_K_3
unidoc_healthcare_0016,"[7, 8]","[7, 22, 23]","[""page-7-chunk-1"", ""page-22-chunk-1"", ""page-23-chunk-1""]",HIT_AT_3,False,BLOCKED_INITIAL_TOP_K_3
unidoc_healthcare_0017,"[5, 6, 7, 9, 10, 11]","[5, 6, 4]","[""page-5-chunk-1"", ""page-6-chunk-1"", ""page-4-chunk-1""]",HIT_AT_3,False,BLOCKED_INITIAL_TOP_K_3
unidoc_healthcare_0018,[4],"[4, 8, 7]","[""page-4-chunk-1"", ""page-8-chunk-2"", ""page-7-chunk-1""]",HIT_AT_3,False,BLOCKED_INITIAL_TOP_K_3
unidoc_healthcare_0019,"[8, 9]","[8, 6, 5]","[""page-8-chunk-1"", ""page-6-chunk-1"", ""page-5-chunk-1""]",HIT_AT_3,False,BLOCKED_INITIAL_TOP_K_3
unidoc_healthcare_0020,[5],"[11, 7, 1]","[""page-11-chunk-1"", ""page-7-chunk-1"", ""page-1-chunk-1""]",MISS_AT_3_DEPTH_UNMEASURED,False,BLOCKED_INITIAL_TOP_K_3
unidoc_healthcare_0021,"[8, 9]","[6, 8, 7]","[""page-6-chunk-1"", ""page-8-chunk-1"", ""page-7-chunk-1""]",HIT_AT_3,True,BLOCKED_INITIAL_TOP_K_3
unidoc_healthcare_0022,"[3, 4, 5]","[3, 1, 7]","[""page-3-chunk-1"", ""page-1-chunk-1"", ""page-7-chunk-1""]",HIT_AT_3,False,BLOCKED_INITIAL_TOP_K_3
unidoc_healthcare_0023,"[8, 9, 10]","[9, 8, 20]","[""page-9-chunk-1"", ""page-8-chunk-1"", ""page-20-chunk-1""]",HIT_AT_3,False,BLOCKED_INITIAL_TOP_K_3
unidoc_healthcare_0024,"[2, 3, 4]","[3, 4, 5]","[""page-3-chunk-1"", ""page-4-chunk-1"", ""page-5-chunk-1""]",HIT_AT_3,False,BLOCKED_INITIAL_TOP_K_3
unidoc_healthcare_0025,"[6, 7, 8]","[7, 8, 1]","[""page-7-chunk-1"", ""page-8-chunk-1"", ""page-1-chunk-1""]",HIT_AT_3,False,BLOCKED_INITIAL_TOP_K_3
unidoc_healthcare_0026,"[6, 7]","[7, 8, 8]","[""page-7-chunk-1"", ""page-8-chunk-1"", ""page-8-chunk-2""]",HIT_AT_3,False,BLOCKED_INITIAL_TOP_K_3
unidoc_healthcare_0027,"[1, 2, 4, 5]","[5, 1, 2]","[""page-5-chunk-1"", ""page-1-chunk-1"", ""page-2-chunk-1""]",HIT_AT_3,False,BLOCKED_INITIAL_TOP_K_3
unidoc_healthcare_0028,"[3, 4, 14, 15]","[14, 15, 1]","[""page-14-chunk-1"", ""page-15-chunk-1"", ""page-1-chunk-2""]",HIT_AT_3,False,BLOCKED_INITIAL_TOP_K_3
unidoc_healthcare_0029,[2],"[2, 4, 2]","[""page-2-chunk-1"", ""page-4-chunk-2"", ""page-2-chunk-2""]",HIT_AT_3,False,BLOCKED_INITIAL_TOP_K_3
unidoc_healthcare_0030,[5],"[5, 2, 8]","[""page-5-chunk-2"", ""page-2-chunk-2"", ""page-8-chunk-1""]",HIT_AT_3,False,BLOCKED_INITIAL_TOP_K_3
unidoc_healthcare_0031,[9],"[7, 8, 6]","[""page-7-chunk-1"", ""page-8-chunk-1"", ""page-6-chunk-1""]",MISS_AT_3_DEPTH_UNMEASURED,False,BLOCKED_INITIAL_TOP_K_3
unidoc_healthcare_0032,[9],"[4, 4, 9]","[""page-4-chunk-1"", ""page-4-chunk-2"", ""page-9-chunk-1""]",HIT_AT_3,True,BLOCKED_INITIAL_TOP_K_3
unidoc_healthcare_0033,"[5, 6, 7]","[6, 1, 7]","[""page-6-chunk-1"", ""page-1-chunk-1"", ""page-7-chunk-1""]",HIT_AT_3,False,BLOCKED_INITIAL_TOP_K_3
unidoc_healthcare_0034,"[2, 3]","[2, 1, 3]","[""page-2-chunk-1"", ""page-1-chunk-1"", ""page-3-chunk-1""]",HIT_AT_3,False,BLOCKED_INITIAL_TOP_K_3
unidoc_healthcare_0035,"[1, 2, 3, 4]","[2, 3, 8]","[""page-2-chunk-1"", ""page-3-chunk-1"", ""page-8-chunk-1""]",HIT_AT_3,False,BLOCKED_INITIAL_TOP_K_3
unidoc_healthcare_0036,"[9, 10]","[12, 19, 6]","[""page-12-chunk-2"", ""page-19-chunk-2"", ""page-6-chunk-1""]",MISS_AT_3_DEPTH_UNMEASURED,False,BLOCKED_INITIAL_TOP_K_3
unidoc_healthcare_0037,[9],"[14, 6, 7]","[""page-14-chunk-1"", ""page-6-chunk-1"", ""page-7-chunk-1""]",MISS_AT_3_DEPTH_UNMEASURED,False,BLOCKED_INITIAL_TOP_K_3
unidoc_healthcare_0038,[6],"[5, 8, 5]","[""page-5-chunk-1"", ""page-8-chunk-1"", ""page-5-chunk-2""]",MISS_AT_3_DEPTH_UNMEASURED,False,BLOCKED_INITIAL_TOP_K_3
unidoc_healthcare_0039,"[3, 4]","[3, 2, 1]","[""page-3-chunk-1"", ""page-2-chunk-2"", ""page-1-chunk-1""]",HIT_AT_3,False,BLOCKED_INITIAL_TOP_K_3
unidoc_healthcare_0040,[11],"[1, 11, 10]","[""page-1-chunk-1"", ""page-11-chunk-1"", ""page-10-chunk-1""]",HIT_AT_3,True,BLOCKED_INITIAL_TOP_K_3
unidoc_healthcare_0041,"[7, 8]","[7, 7, 6]","[""page-7-chunk-1"", ""page-7-chunk-2"", ""page-6-chunk-1""]",HIT_AT_3,False,BLOCKED_INITIAL_TOP_K_3
unidoc_healthcare_0042,[4],"[4, 6, 7]","[""page-4-chunk-1"", ""page-6-chunk-1"", ""page-7-chunk-2""]",HIT_AT_3,False,BLOCKED_INITIAL_TOP_K_3
unidoc_healthcare_0043,[9],"[6, 3, 4]","[""page-6-chunk-1"", ""page-3-chunk-2"", ""page-4-chunk-1""]",MISS_AT_3_DEPTH_UNMEASURED,False,BLOCKED_INITIAL_TOP_K_3
unidoc_healthcare_0044,"[15, 16]","[15, 14, 13]","[""page-15-chunk-1"", ""page-14-chunk-1"", ""page-13-chunk-1""]",HIT_AT_3,False,BLOCKED_INITIAL_TOP_K_3
unidoc_healthcare_0045,"[2, 3]","[3, 2, 4]","[""page-3-chunk-1"", ""page-2-chunk-2"", ""page-4-chunk-1""]",HIT_AT_3,False,BLOCKED_INITIAL_TOP_K_3
unidoc_healthcare_0046,[4],"[1, 5, 4]","[""page-1-chunk-1"", ""page-5-chunk-1"", ""page-4-chunk-1""]",HIT_AT_3,True,BLOCKED_INITIAL_TOP_K_3
unidoc_healthcare_0047,"[7, 8]","[7, 6, 8]","[""page-7-chunk-1"", ""page-6-chunk-1"", ""page-8-chunk-2""]",HIT_AT_3,False,BLOCKED_INITIAL_TOP_K_3
unidoc_healthcare_0048,[4],"[4, 8, 7]","[""page-4-chunk-1"", ""page-8-chunk-2"", ""page-7-chunk-1""]",HIT_AT_3,False,BLOCKED_INITIAL_TOP_K_3
unidoc_healthcare_0049,"[3, 4]","[2, 4, 7]","[""page-2-chunk-1"", ""page-4-chunk-1"", ""page-7-chunk-1""]",HIT_AT_3,True,BLOCKED_INITIAL_TOP_K_3
unidoc_healthcare_0050,[4],"[3, 10, 9]","[""page-3-chunk-1"", ""page-10-chunk-2"", ""page-9-chunk-2""]",MISS_AT_3_DEPTH_UNMEASURED,False,BLOCKED_INITIAL_TOP_K_3
unidoc_healthcare_0051,"[5, 6]","[5, 4, 6]","[""page-5-chunk-1"", ""page-4-chunk-1"", ""page-6-chunk-1""]",HIT_AT_3,False,BLOCKED_INITIAL_TOP_K_3
unidoc_healthcare_0052,"[4, 5]","[4, 1, 6]","[""page-4-chunk-1"", ""page-1-chunk-1"", ""page-6-chunk-1""]",HIT_AT_3,False,BLOCKED_INITIAL_TOP_K_3
unidoc_healthcare_0053,"[7, 8]","[6, 5, 4]","[""page-6-chunk-1"", ""page-5-chunk-2"", ""page-4-chunk-1""]",MISS_AT_3_DEPTH_UNMEASURED,False,BLOCKED_INITIAL_TOP_K_3
unidoc_healthcare_0054,"[5, 6]","[5, 5, 6]","[""page-5-chunk-2"", ""page-5-chunk-1"", ""page-6-chunk-1""]",HIT_AT_3,False,BLOCKED_INITIAL_TOP_K_3
unidoc_healthcare_0055,[10],"[6, 6, 7]","[""page-6-chunk-2"", ""page-6-chunk-1"", ""page-7-chunk-1""]",MISS_AT_3_DEPTH_UNMEASURED,False,BLOCKED_INITIAL_TOP_K_3
unidoc_healthcare_0056,[4],"[3, 10, 9]","[""page-3-chunk-1"", ""page-10-chunk-2"", ""page-9-chunk-2""]",MISS_AT_3_DEPTH_UNMEASURED,False,BLOCKED_INITIAL_TOP_K_3
unidoc_healthcare_0057,"[5, 6]","[6, 5, 9]","[""page-6-chunk-1"", ""page-5-chunk-1"", ""page-9-chunk-2""]",HIT_AT_3,False,BLOCKED_INITIAL_TOP_K_3
unidoc_healthcare_0058,"[14, 15, 16]","[15, 16, 14]","[""page-15-chunk-1"", ""page-16-chunk-1"", ""page-14-chunk-1""]",HIT_AT_3,False,BLOCKED_INITIAL_TOP_K_3
unidoc_healthcare_0059,"[12, 13]","[13, 10, 12]","[""page-13-chunk-1"", ""page-10-chunk-1"", ""page-12-chunk-1""]",HIT_AT_3,False,BLOCKED_INITIAL_TOP_K_3
unidoc_healthcare_0060,"[3, 7, 8]","[6, 6, 7]","[""page-6-chunk-1"", ""page-6-chunk-2"", ""page-7-chunk-1""]",HIT_AT_3,True,BLOCKED_INITIAL_TOP_K_3
unidoc_healthcare_0061,"[4, 5]","[4, 5, 6]","[""page-4-chunk-1"", ""page-5-chunk-1"", ""page-6-chunk-1""]",HIT_AT_3,False,BLOCKED_INITIAL_TOP_K_3
unidoc_healthcare_0062,[7],"[7, 4, 6]","[""page-7-chunk-1"", ""page-4-chunk-1"", ""page-6-chunk-1""]",HIT_AT_3,False,BLOCKED_INITIAL_TOP_K_3
unidoc_healthcare_0063,[11],"[6, 6, 11]","[""page-6-chunk-1"", ""page-6-chunk-2"", ""page-11-chunk-1""]",HIT_AT_3,True,BLOCKED_INITIAL_TOP_K_3
unidoc_healthcare_0064,[7],"[3, 8, 7]","[""page-3-chunk-1"", ""page-8-chunk-1"", ""page-7-chunk-1""]",HIT_AT_3,True,BLOCKED_INITIAL_TOP_K_3
unidoc_healthcare_0065,"[3, 7, 8]","[6, 7, 6]","[""page-6-chunk-1"", ""page-7-chunk-1"", ""page-6-chunk-2""]",HIT_AT_3,True,BLOCKED_INITIAL_TOP_K_3
unidoc_healthcare_0066,[3],"[1, 4, 1]","[""page-1-chunk-1"", ""page-4-chunk-1"", ""page-1-chunk-2""]",MISS_AT_3_DEPTH_UNMEASURED,False,BLOCKED_INITIAL_TOP_K_3
unidoc_healthcare_0067,"[14, 15]","[1, 17, 14]","[""page-1-chunk-1"", ""page-17-chunk-1"", ""page-14-chunk-1""]",HIT_AT_3,True,BLOCKED_INITIAL_TOP_K_3
unidoc_healthcare_0068,[7],"[5, 7, 8]","[""page-5-chunk-2"", ""page-7-chunk-1"", ""page-8-chunk-1""]",HIT_AT_3,True,BLOCKED_INITIAL_TOP_K_3
unidoc_healthcare_0069,"[2, 3]","[1, 2, 3]","[""page-1-chunk-1"", ""page-2-chunk-1"", ""page-3-chunk-1""]",HIT_AT_3,True,BLOCKED_INITIAL_TOP_K_3
unidoc_healthcare_0070,[10],"[8, 9, 8]","[""page-8-chunk-1"", ""page-9-chunk-1"", ""page-8-chunk-2""]",MISS_AT_3_DEPTH_UNMEASURED,False,BLOCKED_INITIAL_TOP_K_3
unidoc_healthcare_0071,"[5, 6]","[4, 5, 1]","[""page-4-chunk-1"", ""page-5-chunk-1"", ""page-1-chunk-1""]",HIT_AT_3,True,BLOCKED_INITIAL_TOP_K_3
unidoc_healthcare_0072,"[4, 5]","[5, 7, 10]","[""page-5-chunk-1"", ""page-7-chunk-1"", ""page-10-chunk-1""]",HIT_AT_3,False,BLOCKED_INITIAL_TOP_K_3
unidoc_healthcare_0073,[13],"[13, 14, 13]","[""page-13-chunk-1"", ""page-14-chunk-1"", ""page-13-chunk-2""]",HIT_AT_3,False,BLOCKED_INITIAL_TOP_K_3
unidoc_healthcare_0074,[4],"[3, 6, 11]","[""page-3-chunk-1"", ""page-6-chunk-2"", ""page-11-chunk-1""]",MISS_AT_3_DEPTH_UNMEASURED,False,BLOCKED_INITIAL_TOP_K_3
unidoc_healthcare_0075,[13],"[12, 11, 19]","[""page-12-chunk-1"", ""page-11-chunk-1"", ""page-19-chunk-1""]",MISS_AT_3_DEPTH_UNMEASURED,False,BLOCKED_INITIAL_TOP_K_3
unidoc_healthcare_0076,"[8, 9]","[8, 9, 7]","[""page-8-chunk-1"", ""page-9-chunk-1"", ""page-7-chunk-1""]",HIT_AT_3,False,BLOCKED_INITIAL_TOP_K_3
unidoc_healthcare_0077,[4],"[3, 11, 6]","[""page-3-chunk-1"", ""page-11-chunk-1"", ""page-6-chunk-1""]",MISS_AT_3_DEPTH_UNMEASURED,False,BLOCKED_INITIAL_TOP_K_3
unidoc_healthcare_0078,[5],"[3, 2, 9]","[""page-3-chunk-1"", ""page-2-chunk-1"", ""page-9-chunk-1""]",MISS_AT_3_DEPTH_UNMEASURED,False,BLOCKED_INITIAL_TOP_K_3
unidoc_healthcare_0079,[2],"[2, 1, 5]","[""page-2-chunk-1"", ""page-1-chunk-1"", ""page-5-chunk-1""]",HIT_AT_3,False,BLOCKED_INITIAL_TOP_K_3
unidoc_healthcare_0080,"[3, 4]","[4, 1, 2]","[""page-4-chunk-1"", ""page-1-chunk-1"", ""page-2-chunk-2""]",HIT_AT_3,False,BLOCKED_INITIAL_TOP_K_3
unidoc_healthcare_0081,"[4, 5]","[3, 5, 2]","[""page-3-chunk-1"", ""page-5-chunk-1"", ""page-2-chunk-1""]",HIT_AT_3,True,BLOCKED_INITIAL_TOP_K_3
unidoc_healthcare_0082,[3],"[1, 5, 3]","[""page-1-chunk-1"", ""page-5-chunk-2"", ""page-3-chunk-1""]",HIT_AT_3,True,BLOCKED_INITIAL_TOP_K_3
unidoc_healthcare_0083,[29],"[27, 28, 14]","[""page-27-chunk-1"", ""page-28-chunk-1"", ""page-14-chunk-1""]",MISS_AT_3_DEPTH_UNMEASURED,False,BLOCKED_INITIAL_TOP_K_3
unidoc_healthcare_0084,"[3, 6]","[6, 2, 5]","[""page-6-chunk-1"", ""page-2-chunk-2"", ""page-5-chunk-2""]",HIT_AT_3,False,BLOCKED_INITIAL_TOP_K_3
unidoc_healthcare_0085,"[4, 5, 9, 10]","[6, 6, 7]","[""page-6-chunk-1"", ""page-6-chunk-2"", ""page-7-chunk-1""]",MISS_AT_3_DEPTH_UNMEASURED,False,BLOCKED_INITIAL_TOP_K_3
unidoc_healthcare_0086,[4],"[4, 4, 3]","[""page-4-chunk-1"", ""page-4-chunk-2"", ""page-3-chunk-1""]",HIT_AT_3,False,BLOCKED_INITIAL_TOP_K_3
unidoc_healthcare_0087,"[4, 5, 9, 10]","[4, 6, 10]","[""page-4-chunk-1"", ""page-6-chunk-1"", ""page-10-chunk-2""]",HIT_AT_3,False,BLOCKED_INITIAL_TOP_K_3
unidoc_healthcare_0088,"[10, 11]","[11, 10, 9]","[""page-11-chunk-1"", ""page-10-chunk-1"", ""page-9-chunk-1""]",HIT_AT_3,False,BLOCKED_INITIAL_TOP_K_3
unidoc_healthcare_0089,[11],"[11, 10, 4]","[""page-11-chunk-1"", ""page-10-chunk-1"", ""page-4-chunk-1""]",HIT_AT_3,False,BLOCKED_INITIAL_TOP_K_3
unidoc_healthcare_0090,"[5, 6]","[5, 1, 8]","[""page-5-chunk-1"", ""page-1-chunk-1"", ""page-8-chunk-1""]",HIT_AT_3,False,BLOCKED_INITIAL_TOP_K_3
unidoc_healthcare_0091,"[2, 3]","[3, 4, 2]","[""page-3-chunk-1"", ""page-4-chunk-1"", ""page-2-chunk-2""]",HIT_AT_3,False,BLOCKED_INITIAL_TOP_K_3
unidoc_healthcare_0092,[5],"[2, 5, 8]","[""page-2-chunk-2"", ""page-5-chunk-2"", ""page-8-chunk-1""]",HIT_AT_3,True,BLOCKED_INITIAL_TOP_K_3
unidoc_healthcare_0093,[4],"[4, 5, 3]","[""page-4-chunk-1"", ""page-5-chunk-2"", ""page-3-chunk-1""]",HIT_AT_3,False,BLOCKED_INITIAL_TOP_K_3
unidoc_healthcare_0094,[13],"[13, 14, 13]","[""page-13-chunk-1"", ""page-14-chunk-1"", ""page-13-chunk-2""]",HIT_AT_3,False,BLOCKED_INITIAL_TOP_K_3
unidoc_healthcare_0095,[8],"[6, 8, 5]","[""page-6-chunk-1"", ""page-8-chunk-1"", ""page-5-chunk-1""]",HIT_AT_3,True,BLOCKED_INITIAL_TOP_K_3
unidoc_healthcare_0096,"[4, 5]","[3, 1, 9]","[""page-3-chunk-1"", ""page-1-chunk-1"", ""page-9-chunk-1""]",MISS_AT_3_DEPTH_UNMEASURED,False,BLOCKED_INITIAL_TOP_K_3
unidoc_healthcare_0097,[7],"[7, 9, 6]","[""page-7-chunk-1"", ""page-9-chunk-1"", ""page-6-chunk-1""]",HIT_AT_3,False,BLOCKED_INITIAL_TOP_K_3
unidoc_healthcare_0098,[2],"[2, 2, 4]","[""page-2-chunk-1"", ""page-2-chunk-2"", ""page-4-chunk-1""]",HIT_AT_3,False,BLOCKED_INITIAL_TOP_K_3
unidoc_healthcare_0099,[2],"[2, 2, 4]","[""page-2-chunk-1"", ""page-2-chunk-2"", ""page-4-chunk-1""]",HIT_AT_3,False,BLOCKED_INITIAL_TOP_K_3
unidoc_healthcare_0100,[7],"[5, 4, 2]","[""page-5-chunk-2"", ""page-4-chunk-2"", ""page-2-chunk-2""]",MISS_AT_3_DEPTH_UNMEASURED,False,BLOCKED_INITIAL_TOP_K_3
unidoc_healthcare_0101,[6],"[5, 6, 3]","[""page-5-chunk-1"", ""page-6-chunk-1"", ""page-3-chunk-1""]",HIT_AT_3,True,BLOCKED_INITIAL_TOP_K_3
unidoc_healthcare_0102,"[5, 6]","[5, 3, 2]","[""page-5-chunk-1"", ""page-3-chunk-1"", ""page-2-chunk-1""]",HIT_AT_3,False,BLOCKED_INITIAL_TOP_K_3
unidoc_healthcare_0103,"[5, 6, 7]","[6, 3, 4]","[""page-6-chunk-1"", ""page-3-chunk-1"", ""page-4-chunk-1""]",HIT_AT_3,False,BLOCKED_INITIAL_TOP_K_3
unidoc_healthcare_0104,[3],"[3, 5, 4]","[""page-3-chunk-1"", ""page-5-chunk-1"", ""page-4-chunk-1""]",HIT_AT_3,False,BLOCKED_INITIAL_TOP_K_3
unidoc_healthcare_0105,[2],"[2, 6, 4]","[""page-2-chunk-1"", ""page-6-chunk-1"", ""page-4-chunk-1""]",HIT_AT_3,False,BLOCKED_INITIAL_TOP_K_3
unidoc_healthcare_0106,[13],"[12, 13, 10]","[""page-12-chunk-1"", ""page-13-chunk-2"", ""page-10-chunk-1""]",HIT_AT_3,True,BLOCKED_INITIAL_TOP_K_3
unidoc_healthcare_0107,"[4, 5]","[5, 2, 1]","[""page-5-chunk-1"", ""page-2-chunk-1"", ""page-1-chunk-1""]",HIT_AT_3,False,BLOCKED_INITIAL_TOP_K_3
unidoc_healthcare_0108,"[4, 5]","[1, 5, 4]","[""page-1-chunk-1"", ""page-5-chunk-1"", ""page-4-chunk-1""]",HIT_AT_3,True,BLOCKED_INITIAL_TOP_K_3
unidoc_healthcare_0109,[7],"[7, 4, 6]","[""page-7-chunk-1"", ""page-4-chunk-1"", ""page-6-chunk-1""]",HIT_AT_3,False,BLOCKED_INITIAL_TOP_K_3
unidoc_healthcare_0110,[5],"[5, 6, 4]","[""page-5-chunk-1"", ""page-6-chunk-1"", ""page-4-chunk-1""]",HIT_AT_3,False,BLOCKED_INITIAL_TOP_K_3
unidoc_healthcare_0111,[6],"[4, 5, 6]","[""page-4-chunk-1"", ""page-5-chunk-1"", ""page-6-chunk-1""]",HIT_AT_3,True,BLOCKED_INITIAL_TOP_K_3
unidoc_healthcare_0112,[9],"[9, 15, 11]","[""page-9-chunk-1"", ""page-15-chunk-1"", ""page-11-chunk-1""]",HIT_AT_3,False,BLOCKED_INITIAL_TOP_K_3
unidoc_healthcare_0113,"[2, 3, 4]","[2, 1, 5]","[""page-2-chunk-1"", ""page-1-chunk-2"", ""page-5-chunk-1""]",HIT_AT_3,False,BLOCKED_INITIAL_TOP_K_3
unidoc_healthcare_0114,[8],"[5, 3, 8]","[""page-5-chunk-1"", ""page-3-chunk-1"", ""page-8-chunk-1""]",HIT_AT_3,True,BLOCKED_INITIAL_TOP_K_3
unidoc_healthcare_0115,[18],"[8, 7, 10]","[""page-8-chunk-1"", ""page-7-chunk-1"", ""page-10-chunk-1""]",MISS_AT_3_DEPTH_UNMEASURED,False,BLOCKED_INITIAL_TOP_K_3
unidoc_healthcare_0116,"[10, 11, 12, 13]","[13, 4, 12]","[""page-13-chunk-1"", ""page-4-chunk-1"", ""page-12-chunk-1""]",HIT_AT_3,False,BLOCKED_INITIAL_TOP_K_3
unidoc_healthcare_0117,"[7, 8]","[7, 8, 6]","[""page-7-chunk-1"", ""page-8-chunk-1"", ""page-6-chunk-1""]",HIT_AT_3,False,BLOCKED_INITIAL_TOP_K_3
unidoc_healthcare_0118,"[12, 13]","[13, 14, 12]","[""page-13-chunk-1"", ""page-14-chunk-1"", ""page-12-chunk-1""]",HIT_AT_3,False,BLOCKED_INITIAL_TOP_K_3
unidoc_healthcare_0119,[18],"[23, 14, 3]","[""page-23-chunk-1"", ""page-14-chunk-1"", ""page-3-chunk-1""]",MISS_AT_3_DEPTH_UNMEASURED,False,BLOCKED_INITIAL_TOP_K_3
unidoc_healthcare_0120,"[10, 11]","[10, 9, 8]","[""page-10-chunk-1"", ""page-9-chunk-1"", ""page-8-chunk-1""]",HIT_AT_3,False,BLOCKED_INITIAL_TOP_K_3
unidoc_healthcare_0121,"[4, 5]","[3, 8, 2]","[""page-3-chunk-1"", ""page-8-chunk-1"", ""page-2-chunk-1""]",MISS_AT_3_DEPTH_UNMEASURED,False,BLOCKED_INITIAL_TOP_K_3
unidoc_healthcare_0122,"[6, 7, 8]","[1, 2, 7]","[""page-1-chunk-1"", ""page-2-chunk-1"", ""page-7-chunk-1""]",HIT_AT_3,True,BLOCKED_INITIAL_TOP_K_3
unidoc_healthcare_0123,[11],"[8, 6, 5]","[""page-8-chunk-2"", ""page-6-chunk-1"", ""page-5-chunk-1""]",MISS_AT_3_DEPTH_UNMEASURED,False,BLOCKED_INITIAL_TOP_K_3
unidoc_healthcare_0124,"[3, 4, 5, 6]","[4, 3, 2]","[""page-4-chunk-1"", ""page-3-chunk-2"", ""page-2-chunk-1""]",HIT_AT_3,False,BLOCKED_INITIAL_TOP_K_3
unidoc_healthcare_0125,"[4, 5]","[5, 1, 2]","[""page-5-chunk-2"", ""page-1-chunk-1"", ""page-2-chunk-1""]",HIT_AT_3,False,BLOCKED_INITIAL_TOP_K_3
unidoc_healthcare_0126,"[5, 6]","[4, 3, 2]","[""page-4-chunk-1"", ""page-3-chunk-1"", ""page-2-chunk-1""]",MISS_AT_3_DEPTH_UNMEASURED,False,BLOCKED_INITIAL_TOP_K_3
unidoc_healthcare_0127,"[4, 5, 6]","[5, 4, 1]","[""page-5-chunk-1"", ""page-4-chunk-1"", ""page-1-chunk-1""]",HIT_AT_3,False,BLOCKED_INITIAL_TOP_K_3
unidoc_healthcare_0128,[12],"[12, 10, 8]","[""page-12-chunk-2"", ""page-10-chunk-1"", ""page-8-chunk-2""]",HIT_AT_3,False,BLOCKED_INITIAL_TOP_K_3
unidoc_healthcare_0129,[3],"[1, 2, 4]","[""page-1-chunk-1"", ""page-2-chunk-2"", ""page-4-chunk-1""]",MISS_AT_3_DEPTH_UNMEASURED,False,BLOCKED_INITIAL_TOP_K_3
unidoc_healthcare_0130,[7],"[11, 7, 4]","[""page-11-chunk-2"", ""page-7-chunk-1"", ""page-4-chunk-1""]",HIT_AT_3,True,BLOCKED_INITIAL_TOP_K_3
unidoc_healthcare_0131,"[6, 7]","[1, 5, 6]","[""page-1-chunk-1"", ""page-5-chunk-1"", ""page-6-chunk-1""]",HIT_AT_3,True,BLOCKED_INITIAL_TOP_K_3
unidoc_healthcare_0132,"[5, 6]","[5, 2, 3]","[""page-5-chunk-1"", ""page-2-chunk-1"", ""page-3-chunk-1""]",HIT_AT_3,False,BLOCKED_INITIAL_TOP_K_3
unidoc_healthcare_0133,"[3, 4]","[3, 5, 4]","[""page-3-chunk-1"", ""page-5-chunk-1"", ""page-4-chunk-2""]",HIT_AT_3,False,BLOCKED_INITIAL_TOP_K_3
unidoc_healthcare_0134,"[5, 6]","[5, 4, 4]","[""page-5-chunk-1"", ""page-4-chunk-2"", ""page-4-chunk-1""]",HIT_AT_3,False,BLOCKED_INITIAL_TOP_K_3
unidoc_healthcare_0135,[8],"[5, 6, 9]","[""page-5-chunk-2"", ""page-6-chunk-1"", ""page-9-chunk-3""]",MISS_AT_3_DEPTH_UNMEASURED,False,BLOCKED_INITIAL_TOP_K_3
unidoc_healthcare_0136,"[10, 11, 12]","[10, 11, 19]","[""page-10-chunk-1"", ""page-11-chunk-1"", ""page-19-chunk-1""]",HIT_AT_3,False,BLOCKED_INITIAL_TOP_K_3
unidoc_healthcare_0137,"[12, 13, 14]","[13, 12, 3]","[""page-13-chunk-1"", ""page-12-chunk-1"", ""page-3-chunk-1""]",HIT_AT_3,False,BLOCKED_INITIAL_TOP_K_3
unidoc_healthcare_0138,"[2, 3, 4]","[5, 4, 3]","[""page-5-chunk-1"", ""page-4-chunk-1"", ""page-3-chunk-1""]",HIT_AT_3,True,BLOCKED_INITIAL_TOP_K_3
unidoc_healthcare_0139,"[2, 3, 5, 6]","[6, 8, 1]","[""page-6-chunk-1"", ""page-8-chunk-1"", ""page-1-chunk-1""]",HIT_AT_3,False,BLOCKED_INITIAL_TOP_K_3
unidoc_healthcare_0140,"[9, 10]","[2, 19, 12]","[""page-2-chunk-1"", ""page-19-chunk-2"", ""page-12-chunk-2""]",MISS_AT_3_DEPTH_UNMEASURED,False,BLOCKED_INITIAL_TOP_K_3
unidoc_healthcare_0141,[13],"[13, 11, 14]","[""page-13-chunk-1"", ""page-11-chunk-1"", ""page-14-chunk-1""]",HIT_AT_3,False,BLOCKED_INITIAL_TOP_K_3
unidoc_healthcare_0142,[5],"[4, 3, 4]","[""page-4-chunk-1"", ""page-3-chunk-2"", ""page-4-chunk-2""]",MISS_AT_3_DEPTH_UNMEASURED,False,BLOCKED_INITIAL_TOP_K_3
unidoc_healthcare_0143,[5],"[4, 4, 6]","[""page-4-chunk-2"", ""page-4-chunk-1"", ""page-6-chunk-1""]",MISS_AT_3_DEPTH_UNMEASURED,False,BLOCKED_INITIAL_TOP_K_3
unidoc_healthcare_0144,"[4, 5]","[4, 4, 5]","[""page-4-chunk-2"", ""page-4-chunk-1"", ""page-5-chunk-1""]",HIT_AT_3,False,BLOCKED_INITIAL_TOP_K_3
unidoc_healthcare_0145,"[8, 9]","[7, 8, 9]","[""page-7-chunk-1"", ""page-8-chunk-1"", ""page-9-chunk-1""]",HIT_AT_3,True,BLOCKED_INITIAL_TOP_K_3
unidoc_healthcare_0146,[9],"[6, 9, 3]","[""page-6-chunk-1"", ""page-9-chunk-1"", ""page-3-chunk-1""]",HIT_AT_3,True,BLOCKED_INITIAL_TOP_K_3
unidoc_healthcare_0147,[13],"[11, 16, 7]","[""page-11-chunk-1"", ""page-16-chunk-1"", ""page-7-chunk-1""]",MISS_AT_3_DEPTH_UNMEASURED,False,BLOCKED_INITIAL_TOP_K_3
unidoc_healthcare_0148,[9],"[6, 4, 8]","[""page-6-chunk-1"", ""page-4-chunk-1"", ""page-8-chunk-1""]",MISS_AT_3_DEPTH_UNMEASURED,False,BLOCKED_INITIAL_TOP_K_3
unidoc_healthcare_0149,"[9, 10]","[10, 9, 4]","[""page-10-chunk-1"", ""page-9-chunk-1"", ""page-4-chunk-1""]",HIT_AT_3,False,BLOCKED_INITIAL_TOP_K_3
unidoc_healthcare_0150,"[3, 4, 5]","[2, 1, 4]","[""page-2-chunk-2"", ""page-1-chunk-1"", ""page-4-chunk-1""]",HIT_AT_3,True,BLOCKED_INITIAL_TOP_K_3
unidoc_healthcare_0151,[13],"[17, 15, 16]","[""page-17-chunk-1"", ""page-15-chunk-1"", ""page-16-chunk-2""]",MISS_AT_3_DEPTH_UNMEASURED,False,BLOCKED_INITIAL_TOP_K_3
unidoc_healthcare_0152,"[5, 6, 7]","[6, 7, 5]","[""page-6-chunk-1"", ""page-7-chunk-1"", ""page-5-chunk-1""]",HIT_AT_3,False,BLOCKED_INITIAL_TOP_K_3
unidoc_healthcare_0153,[8],"[1, 3, 10]","[""page-1-chunk-1"", ""page-3-chunk-1"", ""page-10-chunk-1""]",MISS_AT_3_DEPTH_UNMEASURED,False,BLOCKED_INITIAL_TOP_K_3
unidoc_healthcare_0154,[4],"[4, 5, 8]","[""page-4-chunk-1"", ""page-5-chunk-1"", ""page-8-chunk-1""]",HIT_AT_3,False,BLOCKED_INITIAL_TOP_K_3
unidoc_healthcare_0155,"[6, 7]","[5, 7, 3]","[""page-5-chunk-1"", ""page-7-chunk-1"", ""page-3-chunk-1""]",HIT_AT_3,True,BLOCKED_INITIAL_TOP_K_3
unidoc_healthcare_0156,[2],"[2, 6, 9]","[""page-2-chunk-1"", ""page-6-chunk-1"", ""page-9-chunk-1""]",HIT_AT_3,False,BLOCKED_INITIAL_TOP_K_3
unidoc_healthcare_0157,"[3, 5, 6]","[1, 3, 4]","[""page-1-chunk-2"", ""page-3-chunk-1"", ""page-4-chunk-1""]",HIT_AT_3,True,BLOCKED_INITIAL_TOP_K_3
unidoc_healthcare_0158,[4],"[5, 5, 4]","[""page-5-chunk-1"", ""page-5-chunk-2"", ""page-4-chunk-2""]",HIT_AT_3,True,BLOCKED_INITIAL_TOP_K_3
unidoc_healthcare_0159,[4],"[4, 4, 3]","[""page-4-chunk-1"", ""page-4-chunk-2"", ""page-3-chunk-1""]",HIT_AT_3,False,BLOCKED_INITIAL_TOP_K_3
unidoc_healthcare_0160,[12],"[12, 10, 8]","[""page-12-chunk-2"", ""page-10-chunk-1"", ""page-8-chunk-2""]",HIT_AT_3,False,BLOCKED_INITIAL_TOP_K_3
unidoc_healthcare_0161,[2],"[2, 2, 4]","[""page-2-chunk-1"", ""page-2-chunk-2"", ""page-4-chunk-1""]",HIT_AT_3,False,BLOCKED_INITIAL_TOP_K_3
unidoc_healthcare_0162,"[4, 7]","[2, 5, 6]","[""page-2-chunk-1"", ""page-5-chunk-1"", ""page-6-chunk-1""]",MISS_AT_3_DEPTH_UNMEASURED,False,BLOCKED_INITIAL_TOP_K_3
unidoc_healthcare_0163,"[7, 8]","[8, 11, 6]","[""page-8-chunk-1"", ""page-11-chunk-1"", ""page-6-chunk-1""]",HIT_AT_3,False,BLOCKED_INITIAL_TOP_K_3
unidoc_healthcare_0164,"[1, 2, 11]","[1, 10, 11]","[""page-1-chunk-1"", ""page-10-chunk-1"", ""page-11-chunk-1""]",HIT_AT_3,False,BLOCKED_INITIAL_TOP_K_3
unidoc_healthcare_0165,"[10, 11]","[10, 12, 11]","[""page-10-chunk-1"", ""page-12-chunk-1"", ""page-11-chunk-1""]",HIT_AT_3,False,BLOCKED_INITIAL_TOP_K_3
unidoc_healthcare_0166,"[4, 5, 6]","[1, 3, 2]","[""page-1-chunk-1"", ""page-3-chunk-1"", ""page-2-chunk-1""]",MISS_AT_3_DEPTH_UNMEASURED,False,BLOCKED_INITIAL_TOP_K_3
unidoc_healthcare_0167,"[9, 10]","[7, 8, 6]","[""page-7-chunk-1"", ""page-8-chunk-1"", ""page-6-chunk-2""]",MISS_AT_3_DEPTH_UNMEASURED,False,BLOCKED_INITIAL_TOP_K_3
unidoc_healthcare_0168,"[5, 6]","[5, 6, 4]","[""page-5-chunk-1"", ""page-6-chunk-1"", ""page-4-chunk-1""]",HIT_AT_3,False,BLOCKED_INITIAL_TOP_K_3
unidoc_healthcare_0169,"[5, 6]","[1, 8, 3]","[""page-1-chunk-1"", ""page-8-chunk-1"", ""page-3-chunk-1""]",MISS_AT_3_DEPTH_UNMEASURED,False,BLOCKED_INITIAL_TOP_K_3
unidoc_healthcare_0170,[5],"[1, 2, 9]","[""page-1-chunk-1"", ""page-2-chunk-1"", ""page-9-chunk-1""]",MISS_AT_3_DEPTH_UNMEASURED,False,BLOCKED_INITIAL_TOP_K_3
unidoc_healthcare_0171,[2],"[3, 1, 3]","[""page-3-chunk-2"", ""page-1-chunk-1"", ""page-3-chunk-1""]",MISS_AT_3_DEPTH_UNMEASURED,False,BLOCKED_INITIAL_TOP_K_3
unidoc_healthcare_0172,[7],"[4, 5, 16]","[""page-4-chunk-2"", ""page-5-chunk-1"", ""page-16-chunk-2""]",MISS_AT_3_DEPTH_UNMEASURED,False,BLOCKED_INITIAL_TOP_K_3
unidoc_healthcare_0173,[4],"[5, 4, 3]","[""page-5-chunk-1"", ""page-4-chunk-1"", ""page-3-chunk-1""]",HIT_AT_3,True,BLOCKED_INITIAL_TOP_K_3
unidoc_healthcare_0174,"[3, 4]","[4, 1, 3]","[""page-4-chunk-1"", ""page-1-chunk-1"", ""page-3-chunk-1""]",HIT_AT_3,False,BLOCKED_INITIAL_TOP_K_3
unidoc_healthcare_0175,"[4, 7]","[4, 2, 6]","[""page-4-chunk-1"", ""page-2-chunk-1"", ""page-6-chunk-1""]",HIT_AT_3,False,BLOCKED_INITIAL_TOP_K_3
unidoc_healthcare_0176,"[9, 10]","[9, 11, 6]","[""page-9-chunk-1"", ""page-11-chunk-1"", ""page-6-chunk-1""]",HIT_AT_3,False,BLOCKED_INITIAL_TOP_K_3
unidoc_healthcare_0177,[6],"[9, 10, 10]","[""page-9-chunk-2"", ""page-10-chunk-2"", ""page-10-chunk-1""]",MISS_AT_3_DEPTH_UNMEASURED,False,BLOCKED_INITIAL_TOP_K_3
unidoc_healthcare_0178,"[5, 6]","[1, 4, 3]","[""page-1-chunk-1"", ""page-4-chunk-1"", ""page-3-chunk-1""]",MISS_AT_3_DEPTH_UNMEASURED,False,BLOCKED_INITIAL_TOP_K_3
unidoc_healthcare_0179,[8],"[5, 4, 8]","[""page-5-chunk-1"", ""page-4-chunk-1"", ""page-8-chunk-1""]",HIT_AT_3,True,BLOCKED_INITIAL_TOP_K_3
unidoc_healthcare_0180,[9],"[9, 7, 15]","[""page-9-chunk-1"", ""page-7-chunk-1"", ""page-15-chunk-1""]",HIT_AT_3,False,BLOCKED_INITIAL_TOP_K_3
unidoc_healthcare_0181,[3],"[4, 3, 3]","[""page-4-chunk-1"", ""page-3-chunk-1"", ""page-3-chunk-2""]",HIT_AT_3,True,BLOCKED_INITIAL_TOP_K_3
unidoc_healthcare_0182,[7],"[6, 5, 2]","[""page-6-chunk-1"", ""page-5-chunk-1"", ""page-2-chunk-2""]",MISS_AT_3_DEPTH_UNMEASURED,False,BLOCKED_INITIAL_TOP_K_3
unidoc_healthcare_0183,"[2, 3]","[1, 2, 5]","[""page-1-chunk-1"", ""page-2-chunk-1"", ""page-5-chunk-2""]",HIT_AT_3,True,BLOCKED_INITIAL_TOP_K_3
unidoc_healthcare_0184,"[4, 5]","[12, 11, 3]","[""page-12-chunk-1"", ""page-11-chunk-1"", ""page-3-chunk-1""]",MISS_AT_3_DEPTH_UNMEASURED,False,BLOCKED_INITIAL_TOP_K_3
unidoc_healthcare_0185,[5],"[12, 5, 5]","[""page-12-chunk-1"", ""page-5-chunk-2"", ""page-5-chunk-1""]",HIT_AT_3,True,BLOCKED_INITIAL_TOP_K_3
unidoc_healthcare_0186,"[3, 4]","[4, 5, 12]","[""page-4-chunk-1"", ""page-5-chunk-1"", ""page-12-chunk-2""]",HIT_AT_3,False,BLOCKED_INITIAL_TOP_K_3
unidoc_healthcare_0187,"[3, 4]","[8, 11, 11]","[""page-8-chunk-1"", ""page-11-chunk-1"", ""page-11-chunk-2""]",MISS_AT_3_DEPTH_UNMEASURED,False,BLOCKED_INITIAL_TOP_K_3
unidoc_healthcare_0188,"[8, 9]","[9, 22, 20]","[""page-9-chunk-1"", ""page-22-chunk-1"", ""page-20-chunk-1""]",HIT_AT_3,False,BLOCKED_INITIAL_TOP_K_3
unidoc_healthcare_0189,[1],"[1, 15, 14]","[""page-1-chunk-1"", ""page-15-chunk-1"", ""page-14-chunk-1""]",HIT_AT_3,False,BLOCKED_INITIAL_TOP_K_3
unidoc_healthcare_0190,[7],"[7, 4, 8]","[""page-7-chunk-1"", ""page-4-chunk-1"", ""page-8-chunk-1""]",HIT_AT_3,False,BLOCKED_INITIAL_TOP_K_3
unidoc_healthcare_0191,[4],"[4, 5, 4]","[""page-4-chunk-1"", ""page-5-chunk-2"", ""page-4-chunk-2""]",HIT_AT_3,False,BLOCKED_INITIAL_TOP_K_3
unidoc_healthcare_0192,"[2, 3]","[3, 4, 5]","[""page-3-chunk-1"", ""page-4-chunk-1"", ""page-5-chunk-1""]",HIT_AT_3,False,BLOCKED_INITIAL_TOP_K_3
unidoc_healthcare_0193,"[6, 7]","[6, 7, 4]","[""page-6-chunk-1"", ""page-7-chunk-1"", ""page-4-chunk-2""]",HIT_AT_3,False,BLOCKED_INITIAL_TOP_K_3
unidoc_healthcare_0194,[4],"[5, 4, 10]","[""page-5-chunk-1"", ""page-4-chunk-2"", ""page-10-chunk-1""]",HIT_AT_3,True,BLOCKED_INITIAL_TOP_K_3
unidoc_healthcare_0195,"[5, 6]","[5, 6, 4]","[""page-5-chunk-1"", ""page-6-chunk-1"", ""page-4-chunk-1""]",HIT_AT_3,False,BLOCKED_INITIAL_TOP_K_3
unidoc_healthcare_0196,"[4, 5]","[3, 2, 9]","[""page-3-chunk-1"", ""page-2-chunk-1"", ""page-9-chunk-1""]",MISS_AT_3_DEPTH_UNMEASURED,False,BLOCKED_INITIAL_TOP_K_3
unidoc_healthcare_0197,[7],"[4, 8, 6]","[""page-4-chunk-1"", ""page-8-chunk-1"", ""page-6-chunk-1""]",MISS_AT_3_DEPTH_UNMEASURED,False,BLOCKED_INITIAL_TOP_K_3
unidoc_healthcare_0198,"[4, 5, 10, 11]","[4, 8, 5]","[""page-4-chunk-1"", ""page-8-chunk-1"", ""page-5-chunk-1""]",HIT_AT_3,False,BLOCKED_INITIAL_TOP_K_3
unidoc_healthcare_0199,"[7, 8]","[7, 6, 6]","[""page-7-chunk-1"", ""page-6-chunk-2"", ""page-6-chunk-1""]",HIT_AT_3,False,BLOCKED_INITIAL_TOP_K_3
unidoc_healthcare_0200,[5],"[3, 2, 3]","[""page-3-chunk-1"", ""page-2-chunk-2"", ""page-3-chunk-2""]",MISS_AT_3_DEPTH_UNMEASURED,False,BLOCKED_INITIAL_TOP_K_3
unidoc_legal_0001,"[5, 6, 7]","[5, 11, 10]","[""page-5-chunk-1"", ""page-11-chunk-1"", ""page-10-chunk-1""]",HIT_AT_3,False,BLOCKED_INITIAL_TOP_K_3
unidoc_legal_0002,"[4, 5]","[5, 6, 4]","[""page-5-chunk-1"", ""page-6-chunk-1"", ""page-4-chunk-1""]",HIT_AT_3,False,BLOCKED_INITIAL_TOP_K_3
unidoc_legal_0003,"[10, 11]","[10, 3, 2]","[""page-10-chunk-1"", ""page-3-chunk-1"", ""page-2-chunk-1""]",HIT_AT_3,False,BLOCKED_INITIAL_TOP_K_3
unidoc_legal_0004,[21],"[28, 21, 24]","[""page-28-chunk-1"", ""page-21-chunk-1"", ""page-24-chunk-1""]",HIT_AT_3,True,BLOCKED_INITIAL_TOP_K_3
unidoc_legal_0005,"[7, 8]","[7, 8, 10]","[""page-7-chunk-1"", ""page-8-chunk-1"", ""page-10-chunk-1""]",HIT_AT_3,False,BLOCKED_INITIAL_TOP_K_3
unidoc_legal_0006,[3],"[3, 1, 4]","[""page-3-chunk-1"", ""page-1-chunk-1"", ""page-4-chunk-1""]",HIT_AT_3,False,BLOCKED_INITIAL_TOP_K_3
unidoc_legal_0007,[7],"[7, 2, 1]","[""page-7-chunk-1"", ""page-2-chunk-1"", ""page-1-chunk-1""]",HIT_AT_3,False,BLOCKED_INITIAL_TOP_K_3
unidoc_legal_0008,"[3, 4]","[4, 12, 2]","[""page-4-chunk-1"", ""page-12-chunk-1"", ""page-2-chunk-2""]",HIT_AT_3,False,BLOCKED_INITIAL_TOP_K_3
unidoc_legal_0009,"[7, 8]","[8, 12, 6]","[""page-8-chunk-1"", ""page-12-chunk-1"", ""page-6-chunk-1""]",HIT_AT_3,False,BLOCKED_INITIAL_TOP_K_3
unidoc_legal_0010,"[8, 9]","[8, 11, 12]","[""page-8-chunk-1"", ""page-11-chunk-1"", ""page-12-chunk-1""]",HIT_AT_3,False,BLOCKED_INITIAL_TOP_K_3
unidoc_legal_0011,[2],"[13, 2, 1]","[""page-13-chunk-1"", ""page-2-chunk-1"", ""page-1-chunk-1""]",HIT_AT_3,True,BLOCKED_INITIAL_TOP_K_3
unidoc_legal_0012,[17],"[17, 13, 14]","[""page-17-chunk-1"", ""page-13-chunk-1"", ""page-14-chunk-1""]",HIT_AT_3,False,BLOCKED_INITIAL_TOP_K_3
unidoc_legal_0013,[6],"[6, 13, 14]","[""page-6-chunk-1"", ""page-13-chunk-1"", ""page-14-chunk-1""]",HIT_AT_3,False,BLOCKED_INITIAL_TOP_K_3
unidoc_legal_0014,"[8, 9, 10]","[8, 1, 2]","[""page-8-chunk-1"", ""page-1-chunk-1"", ""page-2-chunk-1""]",HIT_AT_3,False,BLOCKED_INITIAL_TOP_K_3
unidoc_legal_0015,[7],"[12, 11, 1]","[""page-12-chunk-1"", ""page-11-chunk-1"", ""page-1-chunk-1""]",MISS_AT_3_DEPTH_UNMEASURED,False,BLOCKED_INITIAL_TOP_K_3
unidoc_legal_0016,[1],"[1, 6, 7]","[""page-1-chunk-1"", ""page-6-chunk-1"", ""page-7-chunk-1""]",HIT_AT_3,False,BLOCKED_INITIAL_TOP_K_3
unidoc_legal_0017,"[4, 5]","[5, 1, 4]","[""page-5-chunk-1"", ""page-1-chunk-1"", ""page-4-chunk-1""]",HIT_AT_3,False,BLOCKED_INITIAL_TOP_K_3
unidoc_legal_0018,[4],"[4, 1, 3]","[""page-4-chunk-1"", ""page-1-chunk-1"", ""page-3-chunk-1""]",HIT_AT_3,False,BLOCKED_INITIAL_TOP_K_3
unidoc_legal_0019,"[6, 7, 8, 12]","[13, 11, 1]","[""page-13-chunk-1"", ""page-11-chunk-1"", ""page-1-chunk-1""]",MISS_AT_3_DEPTH_UNMEASURED,False,BLOCKED_INITIAL_TOP_K_3
unidoc_legal_0020,"[4, 5, 14, 15]","[5, 5, 7]","[""page-5-chunk-1"", ""page-5-chunk-2"", ""page-7-chunk-1""]",HIT_AT_3,False,BLOCKED_INITIAL_TOP_K_3
unidoc_legal_0021,"[2, 3, 4]","[3, 4, 5]","[""page-3-chunk-1"", ""page-4-chunk-1"", ""page-5-chunk-1""]",HIT_AT_3,False,BLOCKED_INITIAL_TOP_K_3
unidoc_legal_0022,"[20, 21, 22]","[19, 20, 18]","[""page-19-chunk-1"", ""page-20-chunk-1"", ""page-18-chunk-1""]",HIT_AT_3,True,BLOCKED_INITIAL_TOP_K_3
unidoc_legal_0023,[9],"[13, 11, 7]","[""page-13-chunk-1"", ""page-11-chunk-1"", ""page-7-chunk-1""]",MISS_AT_3_DEPTH_UNMEASURED,False,BLOCKED_INITIAL_TOP_K_3
unidoc_legal_0024,[5],"[5, 4, 2]","[""page-5-chunk-1"", ""page-4-chunk-1"", ""page-2-chunk-1""]",HIT_AT_3,False,BLOCKED_INITIAL_TOP_K_3
unidoc_legal_0025,"[1, 2]","[2, 1, 1]","[""page-2-chunk-2"", ""page-1-chunk-1"", ""page-1-chunk-2""]",HIT_AT_3,False,BLOCKED_INITIAL_TOP_K_3
unidoc_legal_0026,"[6, 7]","[6, 10, 11]","[""page-6-chunk-1"", ""page-10-chunk-1"", ""page-11-chunk-1""]",HIT_AT_3,False,BLOCKED_INITIAL_TOP_K_3
unidoc_legal_0027,"[1, 2]","[1, 1, 2]","[""page-1-chunk-1"", ""page-1-chunk-2"", ""page-2-chunk-1""]",HIT_AT_3,False,BLOCKED_INITIAL_TOP_K_3
unidoc_legal_0028,[21],"[3, 19, 24]","[""page-3-chunk-1"", ""page-19-chunk-1"", ""page-24-chunk-1""]",MISS_AT_3_DEPTH_UNMEASURED,False,BLOCKED_INITIAL_TOP_K_3
unidoc_legal_0029,"[2, 3]","[3, 4, 2]","[""page-3-chunk-1"", ""page-4-chunk-1"", ""page-2-chunk-1""]",HIT_AT_3,False,BLOCKED_INITIAL_TOP_K_3
unidoc_legal_0030,"[4, 5]","[5, 12, 2]","[""page-5-chunk-1"", ""page-12-chunk-1"", ""page-2-chunk-1""]",HIT_AT_3,False,BLOCKED_INITIAL_TOP_K_3
unidoc_legal_0031,"[3, 4, 8, 9]","[3, 1, 15]","[""page-3-chunk-1"", ""page-1-chunk-1"", ""page-15-chunk-2""]",HIT_AT_3,False,BLOCKED_INITIAL_TOP_K_3
unidoc_legal_0032,[5],"[4, 5, 6]","[""page-4-chunk-1"", ""page-5-chunk-1"", ""page-6-chunk-1""]",HIT_AT_3,True,BLOCKED_INITIAL_TOP_K_3
unidoc_legal_0033,"[11, 12]","[5, 3, 2]","[""page-5-chunk-1"", ""page-3-chunk-1"", ""page-2-chunk-1""]",MISS_AT_3_DEPTH_UNMEASURED,False,BLOCKED_INITIAL_TOP_K_3
unidoc_legal_0034,"[2, 3]","[2, 3, 4]","[""page-2-chunk-1"", ""page-3-chunk-1"", ""page-4-chunk-1""]",HIT_AT_3,False,BLOCKED_INITIAL_TOP_K_3
unidoc_legal_0035,"[16, 17, 18]","[21, 16, 7]","[""page-21-chunk-1"", ""page-16-chunk-1"", ""page-7-chunk-1""]",HIT_AT_3,True,BLOCKED_INITIAL_TOP_K_3
unidoc_legal_0036,[7],"[6, 7, 5]","[""page-6-chunk-1"", ""page-7-chunk-1"", ""page-5-chunk-1""]",HIT_AT_3,True,BLOCKED_INITIAL_TOP_K_3
unidoc_legal_0037,"[3, 4, 7, 8]","[8, 4, 3]","[""page-8-chunk-1"", ""page-4-chunk-1"", ""page-3-chunk-2""]",HIT_AT_3,False,BLOCKED_INITIAL_TOP_K_3
unidoc_legal_0038,"[2, 3, 4, 5]","[4, 5, 2]","[""page-4-chunk-1"", ""page-5-chunk-1"", ""page-2-chunk-1""]",HIT_AT_3,False,BLOCKED_INITIAL_TOP_K_3
unidoc_legal_0039,[12],"[12, 14, 13]","[""page-12-chunk-1"", ""page-14-chunk-1"", ""page-13-chunk-1""]",HIT_AT_3,False,BLOCKED_INITIAL_TOP_K_3
unidoc_legal_0040,"[1, 2, 3]","[2, 1, 4]","[""page-2-chunk-1"", ""page-1-chunk-1"", ""page-4-chunk-1""]",HIT_AT_3,False,BLOCKED_INITIAL_TOP_K_3
unidoc_legal_0041,"[3, 4]","[4, 3, 2]","[""page-4-chunk-1"", ""page-3-chunk-1"", ""page-2-chunk-2""]",HIT_AT_3,False,BLOCKED_INITIAL_TOP_K_3
unidoc_legal_0042,"[9, 10]","[9, 20, 19]","[""page-9-chunk-1"", ""page-20-chunk-1"", ""page-19-chunk-1""]",HIT_AT_3,False,BLOCKED_INITIAL_TOP_K_3
unidoc_legal_0043,[12],"[12, 14, 13]","[""page-12-chunk-1"", ""page-14-chunk-1"", ""page-13-chunk-1""]",HIT_AT_3,False,BLOCKED_INITIAL_TOP_K_3
unidoc_legal_0044,"[2, 3, 4]","[4, 1]","[""page-4-chunk-1"", ""page-1-chunk-1""]",HIT_AT_3,False,BLOCKED_INITIAL_TOP_K_3
unidoc_legal_0045,"[8, 9, 10]","[9, 8, 13]","[""page-9-chunk-1"", ""page-8-chunk-1"", ""page-13-chunk-1""]",HIT_AT_3,False,BLOCKED_INITIAL_TOP_K_3
unidoc_legal_0046,[5],"[4, 5, 2]","[""page-4-chunk-1"", ""page-5-chunk-1"", ""page-2-chunk-1""]",HIT_AT_3,True,BLOCKED_INITIAL_TOP_K_3
unidoc_legal_0047,"[8, 9]","[8, 9, 4]","[""page-8-chunk-1"", ""page-9-chunk-1"", ""page-4-chunk-1""]",HIT_AT_3,False,BLOCKED_INITIAL_TOP_K_3
unidoc_legal_0048,[7],"[1, 7, 12]","[""page-1-chunk-1"", ""page-7-chunk-1"", ""page-12-chunk-1""]",HIT_AT_3,True,BLOCKED_INITIAL_TOP_K_3
unidoc_legal_0049,[1],"[1, 4, 3]","[""page-1-chunk-1"", ""page-4-chunk-1"", ""page-3-chunk-1""]",HIT_AT_3,False,BLOCKED_INITIAL_TOP_K_3
unidoc_legal_0050,"[5, 6]","[6, 1, 2]","[""page-6-chunk-1"", ""page-1-chunk-1"", ""page-2-chunk-1""]",HIT_AT_3,False,BLOCKED_INITIAL_TOP_K_3
unidoc_legal_0051,"[21, 22, 23, 24, 25, 26]","[23, 16, 5]","[""page-23-chunk-1"", ""page-16-chunk-1"", ""page-5-chunk-1""]",HIT_AT_3,False,BLOCKED_INITIAL_TOP_K_3
unidoc_legal_0052,"[1, 2, 3]","[3, 12, 10]","[""page-3-chunk-1"", ""page-12-chunk-1"", ""page-10-chunk-1""]",HIT_AT_3,False,BLOCKED_INITIAL_TOP_K_3
unidoc_legal_0053,"[9, 10]","[9, 12, 11]","[""page-9-chunk-1"", ""page-12-chunk-1"", ""page-11-chunk-1""]",HIT_AT_3,False,BLOCKED_INITIAL_TOP_K_3
unidoc_legal_0054,"[9, 10]","[9, 10, 7]","[""page-9-chunk-1"", ""page-10-chunk-1"", ""page-7-chunk-1""]",HIT_AT_3,False,BLOCKED_INITIAL_TOP_K_3
unidoc_legal_0055,[1],"[1, 2, 4]","[""page-1-chunk-1"", ""page-2-chunk-1"", ""page-4-chunk-1""]",HIT_AT_3,False,BLOCKED_INITIAL_TOP_K_3
unidoc_legal_0056,"[1, 2, 3]","[2, 3, 4]","[""page-2-chunk-1"", ""page-3-chunk-1"", ""page-4-chunk-1""]",HIT_AT_3,False,BLOCKED_INITIAL_TOP_K_3
unidoc_legal_0057,"[8, 9, 10]","[6, 8, 9]","[""page-6-chunk-1"", ""page-8-chunk-1"", ""page-9-chunk-1""]",HIT_AT_3,True,BLOCKED_INITIAL_TOP_K_3
unidoc_legal_0058,"[19, 20]","[19, 19, 20]","[""page-19-chunk-1"", ""page-19-chunk-2"", ""page-20-chunk-2""]",HIT_AT_3,False,BLOCKED_INITIAL_TOP_K_3
unidoc_legal_0059,"[8, 9, 10, 11, 12]","[12, 3, 9]","[""page-12-chunk-1"", ""page-3-chunk-1"", ""page-9-chunk-1""]",HIT_AT_3,False,BLOCKED_INITIAL_TOP_K_3
unidoc_legal_0060,[8],"[1, 3, 14]","[""page-1-chunk-1"", ""page-3-chunk-1"", ""page-14-chunk-1""]",MISS_AT_3_DEPTH_UNMEASURED,False,BLOCKED_INITIAL_TOP_K_3
unidoc_legal_0061,[5],"[4, 5, 3]","[""page-4-chunk-1"", ""page-5-chunk-1"", ""page-3-chunk-1""]",HIT_AT_3,True,BLOCKED_INITIAL_TOP_K_3
unidoc_legal_0062,"[7, 8, 9]","[8, 19, 9]","[""page-8-chunk-1"", ""page-19-chunk-1"", ""page-9-chunk-1""]",HIT_AT_3,False,BLOCKED_INITIAL_TOP_K_3
unidoc_legal_0063,"[10, 11]","[11, 10, 5]","[""page-11-chunk-1"", ""page-10-chunk-1"", ""page-5-chunk-1""]",HIT_AT_3,False,BLOCKED_INITIAL_TOP_K_3
unidoc_legal_0064,[19],"[16, 19, 18]","[""page-16-chunk-1"", ""page-19-chunk-1"", ""page-18-chunk-1""]",HIT_AT_3,True,BLOCKED_INITIAL_TOP_K_3
unidoc_legal_0065,[4],"[4, 1, 3]","[""page-4-chunk-1"", ""page-1-chunk-1"", ""page-3-chunk-1""]",HIT_AT_3,False,BLOCKED_INITIAL_TOP_K_3
unidoc_legal_0066,"[10, 11]","[10, 3, 6]","[""page-10-chunk-1"", ""page-3-chunk-1"", ""page-6-chunk-1""]",HIT_AT_3,False,BLOCKED_INITIAL_TOP_K_3
unidoc_legal_0067,"[18, 19, 20]","[16, 15, 12]","[""page-16-chunk-1"", ""page-15-chunk-1"", ""page-12-chunk-1""]",MISS_AT_3_DEPTH_UNMEASURED,False,BLOCKED_INITIAL_TOP_K_3
unidoc_legal_0068,"[6, 7, 8]","[7, 8, 1]","[""page-7-chunk-1"", ""page-8-chunk-1"", ""page-1-chunk-1""]",HIT_AT_3,False,BLOCKED_INITIAL_TOP_K_3
unidoc_legal_0069,"[4, 5]","[5, 1, 4]","[""page-5-chunk-1"", ""page-1-chunk-1"", ""page-4-chunk-1""]",HIT_AT_3,False,BLOCKED_INITIAL_TOP_K_3
unidoc_legal_0070,"[8, 9, 10]","[9, 8, 10]","[""page-9-chunk-1"", ""page-8-chunk-1"", ""page-10-chunk-1""]",HIT_AT_3,False,BLOCKED_INITIAL_TOP_K_3
unidoc_legal_0071,[6],"[13, 14, 11]","[""page-13-chunk-1"", ""page-14-chunk-1"", ""page-11-chunk-1""]",MISS_AT_3_DEPTH_UNMEASURED,False,BLOCKED_INITIAL_TOP_K_3
unidoc_legal_0072,"[14, 15, 16]","[15, 16, 5]","[""page-15-chunk-1"", ""page-16-chunk-1"", ""page-5-chunk-1""]",HIT_AT_3,False,BLOCKED_INITIAL_TOP_K_3
unidoc_legal_0073,"[16, 17]","[16, 21, 14]","[""page-16-chunk-1"", ""page-21-chunk-1"", ""page-14-chunk-1""]",HIT_AT_3,False,BLOCKED_INITIAL_TOP_K_3
unidoc_legal_0074,"[10, 11]","[10, 9, 6]","[""page-10-chunk-1"", ""page-9-chunk-1"", ""page-6-chunk-1""]",HIT_AT_3,False,BLOCKED_INITIAL_TOP_K_3
unidoc_legal_0075,"[1, 2]","[2, 12, 5]","[""page-2-chunk-1"", ""page-12-chunk-1"", ""page-5-chunk-1""]",HIT_AT_3,False,BLOCKED_INITIAL_TOP_K_3
unidoc_legal_0076,[5],"[4, 5, 3]","[""page-4-chunk-1"", ""page-5-chunk-1"", ""page-3-chunk-1""]",HIT_AT_3,True,BLOCKED_INITIAL_TOP_K_3
unidoc_legal_0077,"[3, 4, 5]","[3, 1, 5]","[""page-3-chunk-1"", ""page-1-chunk-1"", ""page-5-chunk-1""]",HIT_AT_3,False,BLOCKED_INITIAL_TOP_K_3
unidoc_legal_0078,[13],"[13, 1, 3]","[""page-13-chunk-1"", ""page-1-chunk-1"", ""page-3-chunk-2""]",HIT_AT_3,False,BLOCKED_INITIAL_TOP_K_3
unidoc_legal_0079,"[13, 14]","[13, 3, 9]","[""page-13-chunk-1"", ""page-3-chunk-1"", ""page-9-chunk-1""]",HIT_AT_3,False,BLOCKED_INITIAL_TOP_K_3
unidoc_legal_0080,"[2, 3]","[2, 3, 7]","[""page-2-chunk-1"", ""page-3-chunk-1"", ""page-7-chunk-1""]",HIT_AT_3,False,BLOCKED_INITIAL_TOP_K_3
unidoc_legal_0081,[2],"[2, 5, 1]","[""page-2-chunk-1"", ""page-5-chunk-1"", ""page-1-chunk-1""]",HIT_AT_3,False,BLOCKED_INITIAL_TOP_K_3
unidoc_legal_0082,[1],"[1, 2, 6]","[""page-1-chunk-1"", ""page-2-chunk-1"", ""page-6-chunk-1""]",HIT_AT_3,False,BLOCKED_INITIAL_TOP_K_3
unidoc_legal_0083,"[1, 2, 3, 4]","[1, 2, 3]","[""page-1-chunk-1"", ""page-2-chunk-1"", ""page-3-chunk-1""]",HIT_AT_3,False,BLOCKED_INITIAL_TOP_K_3
unidoc_legal_0084,"[1, 2]","[2, 3, 1]","[""page-2-chunk-1"", ""page-3-chunk-1"", ""page-1-chunk-1""]",HIT_AT_3,False,BLOCKED_INITIAL_TOP_K_3
unidoc_legal_0085,[5],"[5, 4, 3]","[""page-5-chunk-1"", ""page-4-chunk-1"", ""page-3-chunk-1""]",HIT_AT_3,False,BLOCKED_INITIAL_TOP_K_3
unidoc_legal_0086,[2],"[6, 2, 1]","[""page-6-chunk-1"", ""page-2-chunk-1"", ""page-1-chunk-2""]",HIT_AT_3,True,BLOCKED_INITIAL_TOP_K_3
unidoc_legal_0087,"[13, 14]","[14, 4, 4]","[""page-14-chunk-1"", ""page-4-chunk-1"", ""page-4-chunk-2""]",HIT_AT_3,False,BLOCKED_INITIAL_TOP_K_3
unidoc_legal_0088,"[2, 3, 4, 5]","[3, 11, 6]","[""page-3-chunk-1"", ""page-11-chunk-1"", ""page-6-chunk-1""]",HIT_AT_3,False,BLOCKED_INITIAL_TOP_K_3
unidoc_legal_0089,"[4, 5]","[4, 5, 3]","[""page-4-chunk-1"", ""page-5-chunk-1"", ""page-3-chunk-1""]",HIT_AT_3,False,BLOCKED_INITIAL_TOP_K_3
unidoc_legal_0090,"[5, 6, 7]","[5, 3, 9]","[""page-5-chunk-1"", ""page-3-chunk-1"", ""page-9-chunk-1""]",HIT_AT_3,False,BLOCKED_INITIAL_TOP_K_3
unidoc_legal_0091,[6],"[6, 2, 3]","[""page-6-chunk-1"", ""page-2-chunk-1"", ""page-3-chunk-1""]",HIT_AT_3,False,BLOCKED_INITIAL_TOP_K_3
unidoc_legal_0092,"[3, 6, 7]","[4, 3, 5]","[""page-4-chunk-1"", ""page-3-chunk-1"", ""page-5-chunk-1""]",HIT_AT_3,True,BLOCKED_INITIAL_TOP_K_3
unidoc_legal_0093,"[4, 5, 6, 7, 8]","[6, 10, 3]","[""page-6-chunk-1"", ""page-10-chunk-1"", ""page-3-chunk-1""]",HIT_AT_3,False,BLOCKED_INITIAL_TOP_K_3
unidoc_legal_0094,"[2, 3, 4, 5]","[3, 6, 2]","[""page-3-chunk-1"", ""page-6-chunk-1"", ""page-2-chunk-1""]",HIT_AT_3,False,BLOCKED_INITIAL_TOP_K_3
unidoc_legal_0095,[14],"[14, 12, 3]","[""page-14-chunk-1"", ""page-12-chunk-1"", ""page-3-chunk-1""]",HIT_AT_3,False,BLOCKED_INITIAL_TOP_K_3
unidoc_legal_0096,"[8, 9, 10]","[10, 8, 4]","[""page-10-chunk-1"", ""page-8-chunk-1"", ""page-4-chunk-1""]",HIT_AT_3,False,BLOCKED_INITIAL_TOP_K_3
unidoc_legal_0097,[2],"[4, 2, 1]","[""page-4-chunk-1"", ""page-2-chunk-1"", ""page-1-chunk-2""]",HIT_AT_3,True,BLOCKED_INITIAL_TOP_K_3
unidoc_legal_0098,"[1, 2, 3, 4]","[1, 10, 2]","[""page-1-chunk-1"", ""page-10-chunk-1"", ""page-2-chunk-1""]",HIT_AT_3,False,BLOCKED_INITIAL_TOP_K_3
unidoc_legal_0099,"[4, 5, 6]","[4, 1, 2]","[""page-4-chunk-1"", ""page-1-chunk-1"", ""page-2-chunk-1""]",HIT_AT_3,False,BLOCKED_INITIAL_TOP_K_3
unidoc_legal_0100,"[1, 2, 3]","[1, 2, 3]","[""page-1-chunk-1"", ""page-2-chunk-1"", ""page-3-chunk-1""]",HIT_AT_3,False,BLOCKED_INITIAL_TOP_K_3
unidoc_legal_0101,[2],"[1, 2, 3]","[""page-1-chunk-1"", ""page-2-chunk-1"", ""page-3-chunk-1""]",HIT_AT_3,True,BLOCKED_INITIAL_TOP_K_3
unidoc_legal_0102,"[5, 6, 7]","[7, 1, 3]","[""page-7-chunk-1"", ""page-1-chunk-1"", ""page-3-chunk-1""]",HIT_AT_3,False,BLOCKED_INITIAL_TOP_K_3
unidoc_legal_0103,"[2, 3, 4]","[2, 3, 4]","[""page-2-chunk-1"", ""page-3-chunk-1"", ""page-4-chunk-1""]",HIT_AT_3,False,BLOCKED_INITIAL_TOP_K_3
unidoc_legal_0104,"[7, 8]","[7, 8, 10]","[""page-7-chunk-1"", ""page-8-chunk-1"", ""page-10-chunk-1""]",HIT_AT_3,False,BLOCKED_INITIAL_TOP_K_3
unidoc_legal_0105,[7],"[13, 14, 11]","[""page-13-chunk-1"", ""page-14-chunk-1"", ""page-11-chunk-1""]",MISS_AT_3_DEPTH_UNMEASURED,False,BLOCKED_INITIAL_TOP_K_3
unidoc_legal_0106,"[7, 8]","[7, 8, 1]","[""page-7-chunk-1"", ""page-8-chunk-1"", ""page-1-chunk-1""]",HIT_AT_3,False,BLOCKED_INITIAL_TOP_K_3
unidoc_legal_0107,"[4, 5]","[3, 4, 5]","[""page-3-chunk-1"", ""page-4-chunk-1"", ""page-5-chunk-1""]",HIT_AT_3,True,BLOCKED_INITIAL_TOP_K_3
unidoc_legal_0108,[5],"[4, 7, 5]","[""page-4-chunk-1"", ""page-7-chunk-1"", ""page-5-chunk-1""]",HIT_AT_3,True,BLOCKED_INITIAL_TOP_K_3
unidoc_legal_0109,[1],"[1, 4, 3]","[""page-1-chunk-1"", ""page-4-chunk-1"", ""page-3-chunk-1""]",HIT_AT_3,False,BLOCKED_INITIAL_TOP_K_3
unidoc_legal_0110,"[6, 7]","[17, 11, 6]","[""page-17-chunk-1"", ""page-11-chunk-1"", ""page-6-chunk-1""]",HIT_AT_3,True,BLOCKED_INITIAL_TOP_K_3
unidoc_legal_0111,"[2, 3]","[2, 1, 5]","[""page-2-chunk-1"", ""page-1-chunk-1"", ""page-5-chunk-1""]",HIT_AT_3,False,BLOCKED_INITIAL_TOP_K_3
unidoc_legal_0112,"[1, 2, 3, 4]","[1, 2, 8]","[""page-1-chunk-1"", ""page-2-chunk-1"", ""page-8-chunk-1""]",HIT_AT_3,False,BLOCKED_INITIAL_TOP_K_3
unidoc_legal_0113,"[16, 17]","[16, 5, 14]","[""page-16-chunk-1"", ""page-5-chunk-1"", ""page-14-chunk-1""]",HIT_AT_3,False,BLOCKED_INITIAL_TOP_K_3
unidoc_legal_0114,"[3, 4, 5]","[3, 1, 5]","[""page-3-chunk-1"", ""page-1-chunk-1"", ""page-5-chunk-1""]",HIT_AT_3,False,BLOCKED_INITIAL_TOP_K_3
unidoc_legal_0115,[7],"[7, 3, 1]","[""page-7-chunk-1"", ""page-3-chunk-1"", ""page-1-chunk-1""]",HIT_AT_3,False,BLOCKED_INITIAL_TOP_K_3
unidoc_legal_0116,[6],"[6, 3, 4]","[""page-6-chunk-1"", ""page-3-chunk-1"", ""page-4-chunk-1""]",HIT_AT_3,False,BLOCKED_INITIAL_TOP_K_3
unidoc_legal_0117,"[5, 6]","[5, 19, 7]","[""page-5-chunk-1"", ""page-19-chunk-1"", ""page-7-chunk-1""]",HIT_AT_3,False,BLOCKED_INITIAL_TOP_K_3
unidoc_legal_0118,"[4, 5, 14, 15]","[8, 2, 4]","[""page-8-chunk-1"", ""page-2-chunk-1"", ""page-4-chunk-1""]",HIT_AT_3,True,BLOCKED_INITIAL_TOP_K_3
unidoc_legal_0119,"[11, 12]","[11, 4, 6]","[""page-11-chunk-1"", ""page-4-chunk-1"", ""page-6-chunk-1""]",HIT_AT_3,False,BLOCKED_INITIAL_TOP_K_3
unidoc_legal_0120,[1],"[1, 2, 3]","[""page-1-chunk-1"", ""page-2-chunk-1"", ""page-3-chunk-1""]",HIT_AT_3,False,BLOCKED_INITIAL_TOP_K_3
unidoc_legal_0121,"[7, 8, 9]","[9, 10, 2]","[""page-9-chunk-1"", ""page-10-chunk-1"", ""page-2-chunk-1""]",HIT_AT_3,False,BLOCKED_INITIAL_TOP_K_3
unidoc_legal_0122,"[18, 19, 20, 21, 22]","[19, 20, 18]","[""page-19-chunk-1"", ""page-20-chunk-1"", ""page-18-chunk-1""]",HIT_AT_3,False,BLOCKED_INITIAL_TOP_K_3
unidoc_legal_0123,[12],"[7, 12, 10]","[""page-7-chunk-1"", ""page-12-chunk-1"", ""page-10-chunk-1""]",HIT_AT_3,True,BLOCKED_INITIAL_TOP_K_3
unidoc_legal_0124,[5],"[5, 4, 3]","[""page-5-chunk-1"", ""page-4-chunk-1"", ""page-3-chunk-1""]",HIT_AT_3,False,BLOCKED_INITIAL_TOP_K_3
unidoc_legal_0125,"[4, 5, 6, 7]","[5, 8, 6]","[""page-5-chunk-1"", ""page-8-chunk-1"", ""page-6-chunk-1""]",HIT_AT_3,False,BLOCKED_INITIAL_TOP_K_3
unidoc_legal_0126,"[11, 12, 13]","[12, 10, 9]","[""page-12-chunk-1"", ""page-10-chunk-1"", ""page-9-chunk-1""]",HIT_AT_3,False,BLOCKED_INITIAL_TOP_K_3
unidoc_legal_0127,"[1, 2, 3, 4]","[1, 28, 2]","[""page-1-chunk-1"", ""page-28-chunk-1"", ""page-2-chunk-1""]",HIT_AT_3,False,BLOCKED_INITIAL_TOP_K_3
unidoc_legal_0128,[9],"[9, 6, 10]","[""page-9-chunk-1"", ""page-6-chunk-1"", ""page-10-chunk-1""]",HIT_AT_3,False,BLOCKED_INITIAL_TOP_K_3
unidoc_legal_0129,"[6, 7, 8, 9]","[7, 10, 6]","[""page-7-chunk-1"", ""page-10-chunk-1"", ""page-6-chunk-1""]",HIT_AT_3,False,BLOCKED_INITIAL_TOP_K_3
unidoc_legal_0130,"[9, 10, 11]","[9, 18, 13]","[""page-9-chunk-1"", ""page-18-chunk-1"", ""page-13-chunk-1""]",HIT_AT_3,False,BLOCKED_INITIAL_TOP_K_3
unidoc_legal_0131,"[7, 8]","[7, 8, 10]","[""page-7-chunk-1"", ""page-8-chunk-1"", ""page-10-chunk-1""]",HIT_AT_3,False,BLOCKED_INITIAL_TOP_K_3
unidoc_legal_0132,[10],"[10, 11, 9]","[""page-10-chunk-1"", ""page-11-chunk-1"", ""page-9-chunk-1""]",HIT_AT_3,False,BLOCKED_INITIAL_TOP_K_3
unidoc_legal_0133,"[6, 7, 8, 12]","[13, 1, 3]","[""page-13-chunk-1"", ""page-1-chunk-1"", ""page-3-chunk-1""]",MISS_AT_3_DEPTH_UNMEASURED,False,BLOCKED_INITIAL_TOP_K_3
unidoc_legal_0134,"[3, 4, 5]","[3, 2, 12]","[""page-3-chunk-1"", ""page-2-chunk-1"", ""page-12-chunk-1""]",HIT_AT_3,False,BLOCKED_INITIAL_TOP_K_3
unidoc_legal_0135,[3],"[1, 6, 5]","[""page-1-chunk-1"", ""page-6-chunk-1"", ""page-5-chunk-1""]",MISS_AT_3_DEPTH_UNMEASURED,False,BLOCKED_INITIAL_TOP_K_3
unidoc_legal_0136,[20],"[19, 18, 20]","[""page-19-chunk-1"", ""page-18-chunk-1"", ""page-20-chunk-1""]",HIT_AT_3,True,BLOCKED_INITIAL_TOP_K_3
unidoc_legal_0137,"[2, 3]","[2, 2, 3]","[""page-2-chunk-1"", ""page-2-chunk-2"", ""page-3-chunk-1""]",HIT_AT_3,False,BLOCKED_INITIAL_TOP_K_3
unidoc_legal_0138,"[3, 4, 5]","[4, 7, 5]","[""page-4-chunk-1"", ""page-7-chunk-1"", ""page-5-chunk-1""]",HIT_AT_3,False,BLOCKED_INITIAL_TOP_K_3
unidoc_legal_0139,"[11, 12]","[11, 13, 9]","[""page-11-chunk-1"", ""page-13-chunk-1"", ""page-9-chunk-1""]",HIT_AT_3,False,BLOCKED_INITIAL_TOP_K_3
unidoc_legal_0140,"[9, 10, 11]","[10, 9, 8]","[""page-10-chunk-1"", ""page-9-chunk-1"", ""page-8-chunk-1""]",HIT_AT_3,False,BLOCKED_INITIAL_TOP_K_3
unidoc_legal_0141,[4],"[11, 13, 5]","[""page-11-chunk-1"", ""page-13-chunk-1"", ""page-5-chunk-1""]",MISS_AT_3_DEPTH_UNMEASURED,False,BLOCKED_INITIAL_TOP_K_3
unidoc_legal_0142,"[8, 9, 10, 11, 12]","[9, 6, 3]","[""page-9-chunk-1"", ""page-6-chunk-1"", ""page-3-chunk-1""]",HIT_AT_3,False,BLOCKED_INITIAL_TOP_K_3
unidoc_legal_0143,"[10, 11, 12]","[11, 16, 18]","[""page-11-chunk-1"", ""page-16-chunk-1"", ""page-18-chunk-1""]",HIT_AT_3,False,BLOCKED_INITIAL_TOP_K_3
unidoc_legal_0144,"[7, 8, 9]","[7, 8, 6]","[""page-7-chunk-1"", ""page-8-chunk-1"", ""page-6-chunk-1""]",HIT_AT_3,False,BLOCKED_INITIAL_TOP_K_3
unidoc_legal_0145,"[14, 15]","[15, 14, 5]","[""page-15-chunk-1"", ""page-14-chunk-1"", ""page-5-chunk-1""]",HIT_AT_3,False,BLOCKED_INITIAL_TOP_K_3
unidoc_legal_0146,"[1, 2, 3, 4]","[1, 3, 8]","[""page-1-chunk-1"", ""page-3-chunk-1"", ""page-8-chunk-1""]",HIT_AT_3,False,BLOCKED_INITIAL_TOP_K_3
unidoc_legal_0147,"[3, 4, 5, 6]","[3, 4, 5]","[""page-3-chunk-1"", ""page-4-chunk-1"", ""page-5-chunk-1""]",HIT_AT_3,False,BLOCKED_INITIAL_TOP_K_3
unidoc_legal_0148,"[1, 2]","[2, 3, 1]","[""page-2-chunk-1"", ""page-3-chunk-1"", ""page-1-chunk-1""]",HIT_AT_3,False,BLOCKED_INITIAL_TOP_K_3
unidoc_legal_0149,"[14, 15]","[5, 3, 2]","[""page-5-chunk-1"", ""page-3-chunk-1"", ""page-2-chunk-1""]",MISS_AT_3_DEPTH_UNMEASURED,False,BLOCKED_INITIAL_TOP_K_3
unidoc_legal_0150,[12],"[12, 2, 6]","[""page-12-chunk-1"", ""page-2-chunk-1"", ""page-6-chunk-1""]",HIT_AT_3,False,BLOCKED_INITIAL_TOP_K_3
unidoc_legal_0151,"[3, 4]","[1, 7, 6]","[""page-1-chunk-1"", ""page-7-chunk-1"", ""page-6-chunk-1""]",MISS_AT_3_DEPTH_UNMEASURED,False,BLOCKED_INITIAL_TOP_K_3
unidoc_legal_0152,"[1, 2, 3, 4]","[1, 3, 28]","[""page-1-chunk-1"", ""page-3-chunk-1"", ""page-28-chunk-1""]",HIT_AT_3,False,BLOCKED_INITIAL_TOP_K_3
unidoc_legal_0153,[9],"[4, 3, 6]","[""page-4-chunk-1"", ""page-3-chunk-1"", ""page-6-chunk-1""]",MISS_AT_3_DEPTH_UNMEASURED,False,BLOCKED_INITIAL_TOP_K_3
unidoc_legal_0154,[6],"[5, 6, 11]","[""page-5-chunk-1"", ""page-6-chunk-1"", ""page-11-chunk-1""]",HIT_AT_3,True,BLOCKED_INITIAL_TOP_K_3
unidoc_legal_0155,[7],"[7, 6, 11]","[""page-7-chunk-1"", ""page-6-chunk-1"", ""page-11-chunk-1""]",HIT_AT_3,False,BLOCKED_INITIAL_TOP_K_3
unidoc_legal_0156,"[2, 3, 4]","[3, 5, 6]","[""page-3-chunk-1"", ""page-5-chunk-1"", ""page-6-chunk-1""]",HIT_AT_3,False,BLOCKED_INITIAL_TOP_K_3
unidoc_legal_0157,"[6, 7]","[6, 4, 3]","[""page-6-chunk-1"", ""page-4-chunk-1"", ""page-3-chunk-1""]",HIT_AT_3,False,BLOCKED_INITIAL_TOP_K_3
unidoc_legal_0158,"[12, 13]","[13, 4, 2]","[""page-13-chunk-1"", ""page-4-chunk-1"", ""page-2-chunk-1""]",HIT_AT_3,False,BLOCKED_INITIAL_TOP_K_3
unidoc_legal_0159,[21],"[3, 14, 24]","[""page-3-chunk-1"", ""page-14-chunk-1"", ""page-24-chunk-1""]",MISS_AT_3_DEPTH_UNMEASURED,False,BLOCKED_INITIAL_TOP_K_3
unidoc_legal_0160,"[2, 3]","[6, 1, 5]","[""page-6-chunk-1"", ""page-1-chunk-1"", ""page-5-chunk-2""]",MISS_AT_3_DEPTH_UNMEASURED,False,BLOCKED_INITIAL_TOP_K_3
unidoc_legal_0161,[16],"[10, 15, 9]","[""page-10-chunk-1"", ""page-15-chunk-1"", ""page-9-chunk-1""]",MISS_AT_3_DEPTH_UNMEASURED,False,BLOCKED_INITIAL_TOP_K_3
unidoc_legal_0162,"[5, 6]","[5, 2, 4]","[""page-5-chunk-1"", ""page-2-chunk-1"", ""page-4-chunk-1""]",HIT_AT_3,False,BLOCKED_INITIAL_TOP_K_3
unidoc_legal_0163,[2],"[1, 2, 3]","[""page-1-chunk-1"", ""page-2-chunk-1"", ""page-3-chunk-1""]",HIT_AT_3,True,BLOCKED_INITIAL_TOP_K_3
unidoc_legal_0164,[1],"[1, 2, 3]","[""page-1-chunk-1"", ""page-2-chunk-1"", ""page-3-chunk-1""]",HIT_AT_3,False,BLOCKED_INITIAL_TOP_K_3
unidoc_legal_0165,"[7, 8, 9]","[11, 9, 3]","[""page-11-chunk-1"", ""page-9-chunk-1"", ""page-3-chunk-1""]",HIT_AT_3,True,BLOCKED_INITIAL_TOP_K_3
unidoc_legal_0166,[26],"[14, 11, 1]","[""page-14-chunk-1"", ""page-11-chunk-1"", ""page-1-chunk-1""]",MISS_AT_3_DEPTH_UNMEASURED,False,BLOCKED_INITIAL_TOP_K_3
unidoc_legal_0167,[15],"[13, 15, 10]","[""page-13-chunk-1"", ""page-15-chunk-1"", ""page-10-chunk-1""]",HIT_AT_3,True,BLOCKED_INITIAL_TOP_K_3
unidoc_legal_0168,"[8, 9, 10]","[6, 10, 8]","[""page-6-chunk-2"", ""page-10-chunk-1"", ""page-8-chunk-1""]",HIT_AT_3,True,BLOCKED_INITIAL_TOP_K_3
unidoc_legal_0169,"[4, 5]","[5, 4, 1]","[""page-5-chunk-1"", ""page-4-chunk-1"", ""page-1-chunk-1""]",HIT_AT_3,False,BLOCKED_INITIAL_TOP_K_3
unidoc_legal_0170,"[5, 6, 7]","[7, 10, 9]","[""page-7-chunk-1"", ""page-10-chunk-1"", ""page-9-chunk-1""]",HIT_AT_3,False,BLOCKED_INITIAL_TOP_K_3
unidoc_legal_0171,"[3, 4, 7, 8]","[8, 4, 7]","[""page-8-chunk-1"", ""page-4-chunk-1"", ""page-7-chunk-1""]",HIT_AT_3,False,BLOCKED_INITIAL_TOP_K_3
unidoc_legal_0172,"[7, 8]","[8, 10, 4]","[""page-8-chunk-1"", ""page-10-chunk-1"", ""page-4-chunk-1""]",HIT_AT_3,False,BLOCKED_INITIAL_TOP_K_3
unidoc_legal_0173,[4],"[4, 3, 2]","[""page-4-chunk-1"", ""page-3-chunk-1"", ""page-2-chunk-1""]",HIT_AT_3,False,BLOCKED_INITIAL_TOP_K_3
unidoc_legal_0174,"[2, 3]","[3, 1, 2]","[""page-3-chunk-1"", ""page-1-chunk-1"", ""page-2-chunk-1""]",HIT_AT_3,False,BLOCKED_INITIAL_TOP_K_3
unidoc_legal_0175,"[10, 11]","[10, 1, 11]","[""page-10-chunk-1"", ""page-1-chunk-1"", ""page-11-chunk-1""]",HIT_AT_3,False,BLOCKED_INITIAL_TOP_K_3
unidoc_legal_0176,"[3, 4, 5]","[3, 7, 5]","[""page-3-chunk-1"", ""page-7-chunk-1"", ""page-5-chunk-1""]",HIT_AT_3,False,BLOCKED_INITIAL_TOP_K_3
unidoc_legal_0177,"[9, 10]","[11, 10, 12]","[""page-11-chunk-1"", ""page-10-chunk-1"", ""page-12-chunk-1""]",HIT_AT_3,True,BLOCKED_INITIAL_TOP_K_3
unidoc_legal_0178,[4],"[4, 3, 2]","[""page-4-chunk-1"", ""page-3-chunk-1"", ""page-2-chunk-1""]",HIT_AT_3,False,BLOCKED_INITIAL_TOP_K_3
unidoc_legal_0179,"[13, 14]","[13, 3, 9]","[""page-13-chunk-1"", ""page-3-chunk-2"", ""page-9-chunk-1""]",HIT_AT_3,False,BLOCKED_INITIAL_TOP_K_3
unidoc_legal_0180,"[2, 3]","[2, 3, 1]","[""page-2-chunk-1"", ""page-3-chunk-1"", ""page-1-chunk-1""]",HIT_AT_3,False,BLOCKED_INITIAL_TOP_K_3
unidoc_legal_0181,"[5, 6, 7, 8]","[4, 5, 3]","[""page-4-chunk-1"", ""page-5-chunk-1"", ""page-3-chunk-1""]",HIT_AT_3,True,BLOCKED_INITIAL_TOP_K_3
unidoc_legal_0182,[12],"[12, 10, 2]","[""page-12-chunk-1"", ""page-10-chunk-1"", ""page-2-chunk-1""]",HIT_AT_3,False,BLOCKED_INITIAL_TOP_K_3
unidoc_legal_0183,"[5, 6, 7]","[5, 9, 4]","[""page-5-chunk-1"", ""page-9-chunk-1"", ""page-4-chunk-1""]",HIT_AT_3,False,BLOCKED_INITIAL_TOP_K_3
unidoc_legal_0184,[16],"[20, 15, 16]","[""page-20-chunk-1"", ""page-15-chunk-1"", ""page-16-chunk-1""]",HIT_AT_3,True,BLOCKED_INITIAL_TOP_K_3
unidoc_legal_0185,"[4, 5, 6, 7]","[6, 5, 7]","[""page-6-chunk-1"", ""page-5-chunk-1"", ""page-7-chunk-1""]",HIT_AT_3,False,BLOCKED_INITIAL_TOP_K_3
unidoc_legal_0186,"[1, 2]","[1, 2, 5]","[""page-1-chunk-1"", ""page-2-chunk-1"", ""page-5-chunk-1""]",HIT_AT_3,False,BLOCKED_INITIAL_TOP_K_3
unidoc_legal_0187,[4],"[3, 1, 4]","[""page-3-chunk-1"", ""page-1-chunk-1"", ""page-4-chunk-1""]",HIT_AT_3,True,BLOCKED_INITIAL_TOP_K_3
unidoc_legal_0188,"[1, 2]","[1, 4, 2]","[""page-1-chunk-1"", ""page-4-chunk-1"", ""page-2-chunk-1""]",HIT_AT_3,False,BLOCKED_INITIAL_TOP_K_3
unidoc_legal_0189,[13],"[13, 6, 3]","[""page-13-chunk-1"", ""page-6-chunk-1"", ""page-3-chunk-2""]",HIT_AT_3,False,BLOCKED_INITIAL_TOP_K_3
unidoc_legal_0190,[2],"[2, 3, 1]","[""page-2-chunk-1"", ""page-3-chunk-1"", ""page-1-chunk-1""]",HIT_AT_3,False,BLOCKED_INITIAL_TOP_K_3
unidoc_legal_0191,"[2, 3]","[6, 2, 5]","[""page-6-chunk-1"", ""page-2-chunk-1"", ""page-5-chunk-1""]",HIT_AT_3,True,BLOCKED_INITIAL_TOP_K_3
unidoc_legal_0192,[6],"[6, 11, 14]","[""page-6-chunk-1"", ""page-11-chunk-1"", ""page-14-chunk-1""]",HIT_AT_3,False,BLOCKED_INITIAL_TOP_K_3
unidoc_legal_0193,[1],"[1, 2, 3]","[""page-1-chunk-1"", ""page-2-chunk-1"", ""page-3-chunk-1""]",HIT_AT_3,False,BLOCKED_INITIAL_TOP_K_3
unidoc_legal_0194,"[4, 5]","[5, 6, 4]","[""page-5-chunk-1"", ""page-6-chunk-1"", ""page-4-chunk-1""]",HIT_AT_3,False,BLOCKED_INITIAL_TOP_K_3
unidoc_legal_0195,"[8, 9, 10]","[10, 8, 9]","[""page-10-chunk-1"", ""page-8-chunk-1"", ""page-9-chunk-1""]",HIT_AT_3,False,BLOCKED_INITIAL_TOP_K_3
unidoc_legal_0196,[12],"[12, 3, 7]","[""page-12-chunk-1"", ""page-3-chunk-1"", ""page-7-chunk-1""]",HIT_AT_3,False,BLOCKED_INITIAL_TOP_K_3
unidoc_legal_0197,"[9, 10]","[9, 10, 13]","[""page-9-chunk-1"", ""page-10-chunk-1"", ""page-13-chunk-1""]",HIT_AT_3,False,BLOCKED_INITIAL_TOP_K_3
unidoc_legal_0198,"[10, 11]","[11, 10, 9]","[""page-11-chunk-1"", ""page-10-chunk-1"", ""page-9-chunk-1""]",HIT_AT_3,False,BLOCKED_INITIAL_TOP_K_3
unidoc_legal_0199,"[3, 4, 5]","[4, 6, 5]","[""page-4-chunk-1"", ""page-6-chunk-1"", ""page-5-chunk-1""]",HIT_AT_3,False,BLOCKED_INITIAL_TOP_K_3
unidoc_legal_0200,[7],"[22, 17, 25]","[""page-22-chunk-1"", ""page-17-chunk-1"", ""page-25-chunk-1""]",MISS_AT_3_DEPTH_UNMEASURED,False,BLOCKED_INITIAL_TOP_K_3
