query_id,cohort,evidence_state,population,actual_chunk_count,actual_unique_page_count,answer,generation_latency_ms,input_character_count,input_token_count,evidence_character_count,generation_prompt_sha256,status,error
unidoc_commerce_manufacturing_0003,MISS_AT_3_HIT_AT_6,E3,PRIMARY_224,3,3,The information regarding the approximate circuit area of the TPS62745 Buck Converter Evaluation Module is not supported by the currently retrieved evidence.,878.0308000277728,6269,,5013,c9bff3b925d2a380c77a39295d505ee127dc2ba4fed266c41290b26cb42f8e13,OK,
unidoc_commerce_manufacturing_0003,MISS_AT_3_HIT_AT_6,E6,PRIMARY_224,6,6,The information is not supported by the currently retrieved evidence.,604.9129000166431,8419,,7038,5735930fcf065672180845bfe93677f9c808c898b481461ae6794f3fc5fb3c62,OK,
unidoc_commerce_manufacturing_0003,MISS_AT_3_HIT_AT_6,E9,PRIMARY_224,9,9,The information is not supported by the currently retrieved evidence.,752.3089000023901,11561,,10057,02521e1ec7411b211df018de052ccb642a18b6714b46b3d2b8acdb4c5cb6d9ae,OK,
unidoc_commerce_manufacturing_0010,MISS_AT_3_HIT_AT_6,E3,PRIMARY_224,3,3,The information about the firmware version of the MEASURpoint instrument DT887x-48 is not provided in the given text.,1358.872399898246,10297,,9092,5e392dfc62d34c8ba561a2a3287e1daabf350380ed2ce0d898520999b45e9dc3,OK,
unidoc_commerce_manufacturing_0010,MISS_AT_3_HIT_AT_6,E6,PRIMARY_224,4,4,The firmware version of the MEASURpoint instrument DT887x-48 is not specified in the provided text.,1139.001200092025,13341,,12095,3a78c6f1ddfa9205d1a44cdd7a13c8041067407b37b584b0ab9ef33725b85e4b,OK,
unidoc_commerce_manufacturing_0010,MISS_AT_3_HIT_AT_6,E9,PRIMARY_224,4,4,The firmware version of the MEASURpoint instrument DT887x-48 is not specified in the provided text.,1324.0294000133872,13341,,12095,3a78c6f1ddfa9205d1a44cdd7a13c8041067407b37b584b0ab9ef33725b85e4b,OK,
unidoc_commerce_manufacturing_0011,MISS_AT_3_HIT_AT_6,E3,PRIMARY_224,3,3,"The compartment sizes for product types on Tour 1 in the genetic algorithm solution are not explicitly provided in the given text. The text provides information about the assignment of supplies to tours and compartments, but it does not specify the exact sizes of the compartments for product types on Tour 1.",2656.738599995151,4954,,3723,10bce6187df911054e2844630b7622ece254c48cd53775fcfe16540d2280c109,OK,
unidoc_commerce_manufacturing_0011,MISS_AT_3_HIT_AT_6,E6,PRIMARY_224,6,6,"The compartment sizes for product types on Tour 1 in the genetic algorithm solution are as follows:

- Product Type 1: 148
- Product Type 2: 0
- Product Type 3: 167",1723.907900042832,12052,,10696,54b519c4bdf378ca5eff160df10373571eedc7feccda517dc5ca3a97c91b31d9,OK,
unidoc_commerce_manufacturing_0011,MISS_AT_3_HIT_AT_6,E9,PRIMARY_224,9,9,"The compartment sizes for product types on Tour 1 in the genetic algorithm solution are as follows:

- Product Type 1: 148
- Product Type 2: 0
- Product Type 3: 167",1970.0072999112308,20122,,18639,b6e381a7055403cebec9ff5b5c3e6e22ce5ea14eca0ba2a6369b6c8f69241c78,OK,
unidoc_commerce_manufacturing_0022,MISS_AT_3_HIT_AT_6,E3,PRIMARY_224,3,3,"The document mentions that UNIVERZ aims to provide ""lowest cost fees in the market per successful transaction."" However, it does not specify the exact e-commerce fees per item sold for UNIVERZ or provide specific fee comparisons with major platforms like eBay, Amazon, or AliExpress. Therefore, the specific differences in e-commerce fees per item sold between these platforms are not supported by the currently retrieved evidence.",2264.9786999681965,6324,,5063,11d8bf2d33cc3970184667e043f181bab02de0975024fb03ef53eba7ff82ce2d,OK,
unidoc_commerce_manufacturing_0022,MISS_AT_3_HIT_AT_6,E6,PRIMARY_224,6,6,"The document mentions that Univerz aims to provide ""lowest cost fees in the market per successful transaction."" However, it does not specify the exact e-commerce fees per item sold for Univerz or provide specific fee comparisons with major platforms like eBay, Amazon, or AliExpress. Therefore, the specific differences in e-commerce fees per item sold between these platforms cannot be determined from the provided text.",3088.897000066936,10683,,9295,2be0f6cb1b875158767e0c1ae912e251010ccb74b8f0fc0cec2a167b89c9cae8,OK,
unidoc_commerce_manufacturing_0022,MISS_AT_3_HIT_AT_6,E9,PRIMARY_224,9,9,"The document mentions that the Univerz platform aims to provide ""lowest cost fees in the market per successful transaction."" However, it does not specify the exact e-commerce fees per item sold for Univerz or provide specific fee comparisons with major platforms like eBay, Amazon, or AliExpress. Therefore, the specific differences in e-commerce fees per item sold between these platforms cannot be determined from the provided information.",2947.9563999921083,14009,,12496,8fd91d9a44b743e8893e55a95afb79955fe3f868052024048d417ad258a813c2,OK,
unidoc_commerce_manufacturing_0032,MISS_AT_3_HIT_AT_6,E3,PRIMARY_224,3,3,"The expected weekly production volume for MALS A/Cs (assuming this refers to ""mostly assemble large sized A/Cs"") in the assembly process model is 485 units.",1282.4493000516668,5946,,4720,96b6323cd8fd84248271bdb07aa736faf4d880fd020c90cead48df19a10fb7f5,OK,
unidoc_commerce_manufacturing_0032,MISS_AT_3_HIT_AT_6,E6,PRIMARY_224,6,6,The expected weekly production volume for MALS A/Cs in the assembly process model is 32.,690.2695000171661,11611,,10262,b62cb62656dcad37bf4d8127ef1c74dd56405e61cbb71669e01c76f30dd8aa3c,OK,
unidoc_commerce_manufacturing_0032,MISS_AT_3_HIT_AT_6,E9,PRIMARY_224,9,9,The expected weekly production volume for MALS A/Cs in the assembly process model is 32.,1594.16700003203,18184,,16710,750dbe553c34bf98aef5211a6f4ba5c609e260c5fe6777be9e95d439883fe01f,OK,
unidoc_commerce_manufacturing_0034,MISS_AT_9,E3,PRIMARY_224,3,3,The information is not supported by the currently retrieved evidence.,1470.2161999884993,9361,,8128,1d249888d41fa38a49f5f891c6ce32cd7e32c2856aa7b1e2f4be10e6ac2b08e7,OK,
unidoc_commerce_manufacturing_0034,MISS_AT_9,E6,PRIMARY_224,6,5,The information is not supported by the currently retrieved evidence.,1348.7838000291958,19591,,18235,f999c29d63a2b97186b382aeac52512eda42be84fdda9736b954b107f3588ea2,OK,
unidoc_commerce_manufacturing_0034,MISS_AT_9,E9,PRIMARY_224,9,8,The information is not supported by the currently retrieved evidence.,1275.972899980843,31028,,29547,66f17b9cd77e71d262b1237246ed736c448947c5e81289e33fe9b012c668cc8b,OK,
unidoc_commerce_manufacturing_0036,MISS_AT_9,E3,PRIMARY_224,3,3,"The entities that implement Samsung's sustainable cobalt supply criteria include Tier 1 suppliers such as Glencore and Huayou, as well as critical stakeholders like NGOs, the DRC government, and the South Korean government. Samsung itself is also involved in implementing these criteria through initiatives like ""Cobalt for Development.""",1939.8190999636427,9493,,8285,382aab262a32c8106fad7377ad5e7d9891c0c6e63c98972d9be6d60d641f6a86,OK,
unidoc_commerce_manufacturing_0036,MISS_AT_9,E6,PRIMARY_224,6,6,"The entities that implement Samsung's sustainable cobalt supply criteria are its Tier 1 suppliers, specifically Glencore and Huayou. Samsung relies on these suppliers to enforce private codes of conduct down the value chain to eliminate human rights abuses. However, the document indicates that these suppliers have not sufficiently addressed the issues of child labor and unsafe working conditions in their supply chains.",2379.6287000877783,18535,,17202,155d3562e2d6c697941221a063a6377696906f92bdb835957215ff75fd7835f7,OK,
unidoc_commerce_manufacturing_0036,MISS_AT_9,E9,PRIMARY_224,9,9,"The entities that implement Samsung's sustainable cobalt supply criteria are its Tier 1 suppliers, specifically Glencore and Huayou. Samsung relies on these suppliers to enforce private codes of conduct down the value chain to address human rights abuses.",2494.075500057079,25994,,24536,2a5724f2ce019d84ab5818564964c3e98e50f7a8e96576a46d3b42e5e5f86d5e,OK,
unidoc_commerce_manufacturing_0042,MISS_AT_3_HIT_AT_6,E3,PRIMARY_224,3,3,"The distribution of product types across different tours and locations is influenced by the compartment sizes and the constraints of the MCVRP-CFCS. Each vehicle can be divided into a limited number of compartments, and the size of each compartment can be selected arbitrarily between 0 and the vehicle's total capacity, provided the sum of all compartment sizes does not exceed the vehicle's capacity. 

In the example provided, there are five customer locations, three product types, and two available vehicles. Each vehicle can transport at most two different product types. Vehicle 1 has compartments for product types 1 and 3 and collects all supplies at locations 2 and 5 as well as the supply at location 1 for product type 1. Vehicle 2 has compartments for product types 1 and 2 and collects all supplies at locations 3 and 4 and the supply at location 1 for product type 2. This indicates that the distribution of product types across tours is determined by the compartment configuration of each vehicle and the supply at each location.

The problem also allows for a customer location to be visited by more than one vehicle if a vehicle cannot transport all product types at that location. However, an individual supply of a product type at a certain location must not be split onto several vehicles. This ensures that the product types are distributed across different tours and locations based on the compartment sizes and the constraints of the problem.",7691.230700002052,9496,,8256,7be4c85b79e7120a3d1497ba9d68234d81c6bf5dbaf78c4bf12c3630178ba624,OK,
unidoc_commerce_manufacturing_0042,MISS_AT_3_HIT_AT_6,E6,PRIMARY_224,6,6,"The distribution of product types across different tours and locations is determined by the compartment sizes in the MCVRP-CFCS (Multi-Compartment Vehicle Routing Problem with Continuously Flexible Compartment Sizes). Each vehicle can be divided into a limited number of compartments, and the size of each compartment can be selected arbitrarily between 0 and the vehicle's total capacity, as long as the sum of all compartment sizes does not exceed the vehicle's capacity. 

Each compartment is dedicated to a specific product type, and the compartment size for a product type in a vehicle is determined by the sum of all supplies of that product type assigned to the vehicle. This means that the supply of a product type at a location must be assigned to a single vehicle and cannot be split across multiple vehicles. 

The decision-making process involves determining which product types are transported by each vehicle, assigning supplies to tours, and deciding the compartment sizes. The visiting sequence of locations within each tour is also part of the solution. 

For example, in a given scenario with five customer locations, three product types, and two available vehicles, one vehicle may have compartments for product types 1 and 3, collecting supplies from specific locations, while the other vehicle may have compartments for product types 1 and 2, collecting supplies from other locations. Some locations may be visited only once, while others may be visited multiple times, depending on the distribution of product types and the compartment constraints.",8157.592800096609,16219,,14854,66fa14b1c6d02304997f0866f729c05c9a1cdc1ed7cfe818c3b79d097052a8f8,OK,
unidoc_commerce_manufacturing_0042,MISS_AT_3_HIT_AT_6,E9,PRIMARY_224,9,9,"The distribution of product types across different tours and locations is influenced by the compartment sizes in the MCVRP-CFCS. Each vehicle can be divided into a limited number of compartments, and the size of each compartment can be selected arbitrarily within the limits of the vehicle's capacity. The supplies of a product type at a certain location must not be split onto several vehicles, and a customer location can be visited by more than one vehicle if the vehicle cannot transport all product types at the same time. The allocation of supplies to vehicles and the respective compartment sizes for the different product types are part of the solution derived from a chromosome in the genetic algorithm. The example in the text shows that vehicle 1 has compartments for product types 1 and 3 and collects all supplies at locations 2 and 5 as well as the supply at location 1 for product type 1, while vehicle 2 has compartments for product types 1 and 2 and collects all supplies at locations 3 and 4 and the supply at location 1 for product type 2.",7927.5752999819815,21548,,20056,9c37ab41154c19c92c2eca51394502db703047ac51a624b3bcf8a5a46854353a,OK,
unidoc_commerce_manufacturing_0051,MISS_AT_3_HIT_AT_6,E3,PRIMARY_224,3,3,The OSHA permissible exposure limit (PEL) for Ethyl Benzene is 125 ppm (as a TWA) and for Xylene is 100 ppm (as a TWA).,1246.4692000066862,6958,,5731,c1e51bc8e86ac81d6a8c194a5b97b81152fabc203c8bcadb6abd42513a4b575c,OK,
unidoc_commerce_manufacturing_0051,MISS_AT_3_HIT_AT_6,E6,PRIMARY_224,6,6,"According to the OSHA permissible exposure limits provided in the document:

- The PEL (Permissible Exposure Limit) for Ethyl Benzene is 100 ppm.
- The PEL for Xylene is also 100 ppm.

Therefore, the OSHA permissible exposure limit for Ethyl Benzene is the same as that for Xylene.",2755.9571999590844,16381,,15031,80d46ff68a3414f1b8d5047506cb2aa86d4a82867043f84066a6378a8a119e74,OK,
unidoc_commerce_manufacturing_0051,MISS_AT_3_HIT_AT_6,E9,PRIMARY_224,9,9,"According to the OSHA permissible exposure limits provided in the document:

- The PEL (Permissible Exposure Limit) for Ethyl Benzene is 100 ppm (435 mg/m³).
- The PEL for Xylene is also 100 ppm (435 mg/m³).

Therefore, the OSHA permissible exposure limit for Ethyl Benzene is the same as that for Xylene.",3717.07920008339,23468,,21991,59101753276b2d5957fb7ef12d15e15dd3ff65fe58f64b31aaf17f8f29ee87e7,OK,
unidoc_commerce_manufacturing_0083,MISS_AT_3_HIT_AT_6,E3,PRIMARY_224,3,3,The information provided does not include the estimated annual sales range for the store operated by Walmart Mexico y Centroamerica with the most outlets.,996.0811000782996,6695,,5437,e3b5abb6521b4d6266b790df4c8f653b3f877de1ac32d55c475e9c28a53fa101,OK,
unidoc_commerce_manufacturing_0083,MISS_AT_3_HIT_AT_6,E6,PRIMARY_224,6,6,"The store operated by Walmart Mexico y Centroamerica with the most outlets is Walmart Super Centers, which has 6 stores. The estimated annual sales range for Walmart Super Centers is over $150 million.",1762.5144999474287,15085,,13704,697b1604937adff380576550553792196a552c7cd66b5f537d9d6b77773914a9,OK,
unidoc_commerce_manufacturing_0083,MISS_AT_3_HIT_AT_6,E9,PRIMARY_224,9,9,The estimated annual sales range for the store operated by Walmart Mexico y Centroamerica with the most outlets (Walmart Super Centers) is over $150 million.,1534.0484000043944,17251,,15747,b776727face5717633436afe2a75bea64ac985e8bd2465ff9df9927206700c1d,OK,
unidoc_commerce_manufacturing_0099,MISS_AT_6_HIT_AT_9,E3,PRIMARY_224,3,3,"The information provided does not explicitly describe how energy flow is managed between manufacturing and distribution in the supply chain. The retrieved evidence focuses on carbon footprint analysis, particularly in distribution operations, and compares CO2 measuring standards in the context of logistics parameters such as distance, load factor, and transshipment schedules. However, it does not provide specific details on the management of energy flow between these stages.",3100.2838999265805,7450,,6228,d4b82d7c957338d9d9584f2c0858d9af09dbfa3e32a84e4fab60bc6a13ce9406,OK,
unidoc_commerce_manufacturing_0099,MISS_AT_6_HIT_AT_9,E6,PRIMARY_224,6,6,"The energy flow between manufacturing and distribution in the supply chain is managed through the transportation of goods from manufacturers to distribution centers (DCs). Supplies are delivered via various transportation channels, including road, sea, and air. Specifically, stock replenishment partially comes by road from Turkey, while supplies are predominantly delivered by sea from manufacturers located in Asia (Taiwan, India, and China). Urgent replenishment for High Value Low Volume (HVLV) goods can be arranged by air, although this is rarely used due to high costs. The carbon footprint associated with these transportation activities is calculated using the US EPA and UK DEFRA standards, considering factors such as distance, truck types, and emission factors.",4971.89809998963,13856,,12507,13d6735b3dd089462201a55333915c97ec329981de4d398ef423f17bf010819e,OK,
unidoc_commerce_manufacturing_0099,MISS_AT_6_HIT_AT_9,E9,PRIMARY_224,9,9,"The energy flow between manufacturing and distribution in the supply chain is managed through the transportation of goods from manufacturers to distribution centers (DCs). Supplies are delivered via various transportation channels, including road, sea, and air. Specifically, stock replenishment partially comes by road from Turkey, while supplies are predominantly delivered by sea from manufacturers in Asia (Taiwan, India, and China). Urgent replenishment for High Value Low Volume (HVLV) goods can be arranged by air, though this is rarely used due to high costs. The carbon footprint associated with these transportation activities is calculated using both US EPA and UK DEFRA standards, with the same distance and truck types used for all calculations to ensure consistency.",4113.793199998327,20429,,18957,7e630bb09660210da164019b559d72c8f18e783bfd6ed8f044461151cffdf818,OK,
unidoc_commerce_manufacturing_0108,MISS_AT_3_HIT_AT_6,E3,PRIMARY_224,3,3,"According to the provided document, the connection between developing high-end equipment manufacturing and improving the employment rate in the context of US strategic plans is that revitalizing manufacturing, particularly high-end equipment manufacturing, is considered a top priority for the US government to address unemployment issues. The weakening of the real economy, represented by manufacturing, is identified as a main reason for high unemployment in America. The document states that the US government, in response to the financial crisis and employment issues, has focused on ""re-industrialization"" as a long-term strategy. This strategy aims to ensure the US's ""engine"" status in the world economy and to capture domestic competitive advantage in advanced manufacturing. The implementation of this strategy includes policies such as the ""Advanced Manufacturing Partnership"" and the ""2009 American Recovery and Reinvestment Act,"" which are intended to support the development of high-end equipment manufacturing and, in turn, improve the employment rate.",7196.987299947068,12418,,11141,8a26c29dab169b5a801bd79d0e9b88f7da2b0f8651dd10a9259a3aa78a474f9d,OK,
unidoc_commerce_manufacturing_0108,MISS_AT_3_HIT_AT_6,E6,PRIMARY_224,6,6,"According to the provided document, the connection between developing high-end equipment manufacturing and improving the employment rate in the context of U.S. strategic plans is that revitalizing the manufacturing sector, particularly the high-end equipment manufacturing industry, is seen as a top priority for the U.S. government to address employment issues. The weakening of the real economy, represented by manufacturing, is identified as a main reason for high unemployment in America. The U.S. government's focus on ""re-industrialization"" aims to ensure the country's ""engine"" status in the world economy and to capture domestic competitive advantage in advanced manufacturing. This is part of a long-term strategy that includes increasing investment in R&D, encouraging innovation, and supporting competitive markets, all of which are intended to stimulate the manufacturing sector and, in turn, improve employment rates.",4069.494599942118,25148,,23748,100c3cbae07fb51cf060fd99bb333f16e9142ed5debbe8f92e071e30208b5a5a,OK,
unidoc_commerce_manufacturing_0108,MISS_AT_3_HIT_AT_6,E9,PRIMARY_224,8,6,"According to the provided document, the connection between developing high-end equipment manufacturing and improving the employment rate in the context of U.S. strategic plans is that revitalizing manufacturing, particularly high-end equipment manufacturing, is seen as a key measure to reduce unemployment. The document states that the weakening of the real economy, represented by manufacturing, is a main reason for high unemployment in America. It highlights that the U.S. government, through initiatives like ""re-industrialization,"" aims to focus on developing high-end manufacturing to restore economic growth and create quality jobs. The document also notes that after the release of the ""re-industrialization"" concept and related policies, the U.S. manufacturing output improved, and the unemployment rate decreased from 9.275% in 2009 to 8.2% by December 2012.",6694.875199929811,27677,,26195,e5a2980cd4ca53237480f4ec7b0fdd05be749383a1ea34cbd0126a599ce3cae9,OK,
unidoc_commerce_manufacturing_0120,MISS_AT_3_HIT_AT_6,E3,PRIMARY_224,3,3,"The information provided in the text context does not directly address the automotive trade value between the UK and Germany, Belgium, or Spain in 2017. The text discusses the European car market, new car registrations, and auto ABS (Asset-Backed Securities) market developments, but it does not provide specific data on the automotive trade value between the UK and these countries in 2017. Therefore, the information is not supported by the currently retrieved evidence.",3856.6805999726057,9291,,8054,994be4ee68271183defac8df66fc8756bfac010b0726fc387bab351e8df58cd5,OK,
unidoc_commerce_manufacturing_0120,MISS_AT_3_HIT_AT_6,E6,PRIMARY_224,6,6,"Based on the information provided in the text, Germany had the highest automotive trade value with the UK in 2017. The data from the text indicates the trade value of motor vehicles, automotive parts, and accessories for 2017, showing Germany's significant role in the UK's automotive trade.",2425.1088000601158,18036,,16672,92d9ef1fd97ebdab127490f01888b2584a7965c9897f395a276e0e1c71ac7970,OK,
unidoc_commerce_manufacturing_0120,MISS_AT_3_HIT_AT_6,E9,PRIMARY_224,9,9,"Based on the information provided in the document, Germany had the highest automotive trade value with the UK in 2017. The trade value between Germany and the UK was significant, with Germany being a key market for auto ABS in Europe. The document also mentions that the UK's auto ABS market share was 17.8% in 2017, which indicates a substantial trade relationship with Germany, the largest auto ABS market. The trade value of motor vehicles, automotive parts, and accessories between Germany and the UK was the highest compared to Belgium and Spain.",4566.100400057621,25618,,24129,50fc15593cd16a251cf3468a05d0fd252d66bdd4c26d594981eb7d434a2acb74,OK,
unidoc_commerce_manufacturing_0138,MISS_AT_3_HIT_AT_6,E3,PRIMARY_224,3,3,"When operating a trimmer in a high-risk environment, the following safety gear is recommended:

- Hearing protection
- Safety glasses marked Z87
- Heavy, long pants
- Long sleeves
- Boots
- Gloves
- A face or dust mask if the operation is dusty
- Safety leg guards (recommended)
- Secure hair above shoulder length
- Avoid wearing jewelry, loose clothing, or clothing with loose hanging straps, ties, tassels, etc.",2532.9018000047654,8183,,6963,fda85fc16754138330dd39242d5e78c3649ebcf9ff62b39af5d633a64be404cf,OK,
unidoc_commerce_manufacturing_0138,MISS_AT_3_HIT_AT_6,E6,PRIMARY_224,6,6,"When operating a trimmer in a high-risk environment, the recommended safety gear includes:

- Hearing protection
- Safety glasses marked Z87
- Heavy, long pants
- Long sleeves
- Boots
- Gloves
- A face or dust mask if the operation is dusty
- Safety leg guards (recommended)
- Secure hair above shoulder length
- Avoid wearing jewelry, loose clothing, or clothing with loose hanging straps, ties, tassels, etc.",2829.700900008902,16395,,15052,702410f1c0190d903bbe2ce2ce98ef793b8625ae393db4ab49fc9f73d7426022,OK,
unidoc_commerce_manufacturing_0138,MISS_AT_3_HIT_AT_6,E9,PRIMARY_224,9,9,"When operating a trimmer in a high-risk environment, the recommended safety gear includes:

- Hearing protection
- Safety glasses marked Z87
- Heavy, long pants
- Long sleeves
- Boots
- Gloves
- A face or dust mask if the operation is dusty
- Wearing safety leg guards is recommended
- Secure hair above shoulder length
- Avoid wearing jewelry, loose clothing, or clothing with loose hanging straps, ties, tassels, etc.",2901.936999987811,23437,,21969,85b65e458e33f7152ffa9995244a6c81e8490648fd4c22580a2d6371226798bb,OK,
unidoc_commerce_manufacturing_0143,MISS_AT_3_HIT_AT_6,E3,PRIMARY_224,3,3,"The system readiness setup using the C5535 eZdsp board involves the following components and indicators:

1. **C5535 eZdsp USB Stick Development Kit**:
   - TMS320C5535 fixed-point, ultra-low-power DSP.
   - Embedded XDS100 emulator for full source-level debug capability.
   - 8-MB serial flash memory.
   - TLV320AIC3204 programmable low-power stereo audio codec.
   - USB 2.0 high-speed interface.
   - microSD card slot with a 2-GB micro SD card.
   - Line-in/Mic-in and headphone-out audio jacks.
   - Earphone with mic.
   - 60-pin expansion connector.
   - 96 × 16-pixel OLED display.
   - Two push buttons.

2. **Software Requirements**:
   - Code Composer Studio (CCS), tested with version 6.1.2.
   - TIesr Speech recognition software package.
   - DSP/BIOS real-time operating system, version v5.42.0.7.
   - C55XCSL-LOWPOWER-3.00.00.02.

3. **Hardware Requirements**:
   - A C5535 eZdsp device with a microphone.
   - A PC with a Windows 7 operating system.

4. **Indicators**:
   - The voice trigger phrase ""TI voice trigger"" is displayed on the OLED during the demonstration.",9880.086399964057,5272,,4030,f6f7feb6db9690011e3c088c4ee9764b054d11ba2926f9e2ceea87c748171df4,OK,
unidoc_commerce_manufacturing_0143,MISS_AT_3_HIT_AT_6,E6,PRIMARY_224,6,6,"The system readiness setup using the C5535 eZdsp board involves the following components and indicators:

1. **Push Button (SW2)**: Pressing this button arms the system for microphone input.
2. **LED (DS2)**: This LED flashes rapidly to indicate that the system is ready to accept the keyword input.
3. **Microphone**: Used to capture the user's voice input for the system to recognize the keyword.
4. **OLED Display**: Displays the trigger phrase and recognition results. It shows ""TI voice trigger"" when the system is ready and indicates recognition results after the keyword is spoken.",5592.228199937381,9911,,8540,61c356204bd258a201a82f1a58e6362e674de4114604c1492d2d89b284cec375,OK,
unidoc_commerce_manufacturing_0143,MISS_AT_3_HIT_AT_6,E9,PRIMARY_224,9,9,"The system readiness setup using the C5535 eZdsp board involves the following components and indicators:

1. **Push Button (SW2)**: The user presses the SW2 button to arm the system.
2. **LED (DS2)**: The DS2 LED flashes rapidly to indicate that the system is ready to accept the keyword input.

These components are used to signal the system's readiness to accept microphone input for the voice trigger demonstration.",2875.413900008425,15119,,13625,eef5be4ea4520fa8a24a55e750aa5d260565209afab2471808531ce2cc0b1997,OK,
unidoc_commerce_manufacturing_0148,MISS_AT_3_HIT_AT_6,E3,PRIMARY_224,3,3,"The provided document does not specify the sequence of processing steps from raw materials A and B to the final products D and E. Therefore, the information is not supported by the currently retrieved evidence.",1350.0511999009177,7238,,6000,eee1cb1523eebcd884c02b2ab6411fe896ebedb4567cae12f80560b09664959d,OK,
unidoc_commerce_manufacturing_0148,MISS_AT_3_HIT_AT_6,E6,PRIMARY_224,6,6,"The sequence of processing steps from raw materials A and B to the final products D and E is as follows:

1. **Raw Materials A and B are introduced into the system** at time point $ t = 1 $, with 60 units of A and 40 units of B entering.

2. **Reaction (Rxn)** occurs in a reactor (RX) from $ t = 2 $ to $ t = 4 $, using a 100-unit batch with a 60A/40B feed ratio. This step transforms raw materials A and B into an intermediate product C.

3. **Separation (Sep)** takes place in two parallel distillation columns (DC1 and DC2) from $ t = 4 $ to $ t = 5 $. The intermediate product C is separated into 50-unit batches, producing products D and E.

4. **Final products D and E are shipped out** at $ t = 6 $, with 80 units of D and 20 units of E leaving the system.

This sequence is illustrated in the RTN representation and the schedule of events described in the document.",7074.212100007571,15471,,14108,78b3f0f061c8f32aee518dd869f67a94d8549f6ff666fe46b15302b14a7f94c7,OK,
unidoc_commerce_manufacturing_0148,MISS_AT_3_HIT_AT_6,E9,PRIMARY_224,9,9,"The sequence of processing steps from raw materials A and B to the final products D and E is as follows:

1. **Raw Material Input**: Raw materials A and B are introduced into the system. A shipment of 60 units of A and 40 units of B enters at time point $ t = 1 $.

2. **Reaction (Rxn)**: The reactor (RX) runs from $ t = 2 $ to $ t = 4 $, processing a 100-unit batch with a 60A/40B feed ratio. This step transforms the raw materials into an intermediate product, C.

3. **Separation (Sep)**: The intermediate product C is immediately processed in two parallel distillation columns (DC1 and DC2). Each column separates 50-unit batches simultaneously from $ t = 4 $ to $ t = 5 $, producing products D and E.

4. **Product Output**: The final products D and E are shipped out at $ t = 6 $. Specifically, 80 units of D and 20 units of E are shipped out.

This sequence is illustrated in the Resource-Task Network (RTN) representation, where resources are consumed when a task starts and produced when a task completes.",8426.102800061926,23643,,22155,1b7cfe2d0b0ed8bc740c03f4e3c1ee202e40a0b3dcacf01db650a02fc57b7fa2,OK,
unidoc_commerce_manufacturing_0158,MISS_AT_3_HIT_AT_6,E3,PRIMARY_224,3,3,"The lifetime planning window for various animals affects their availability as raw materials in the supply chain due to the differing growth times required before they are ready for slaughtering or catching. For example, chickens have a growth time of approximately 40 days, while beef cattle may require more than 24 months. These differences in growth time influence the total lead time for fresh meat products, which includes the time for animal growth, production, and the product's shelf life. 

Because fresh meat products have a short shelf life (up to 14 days), the long growth time of some animals creates a challenge for demand and supply chain planning. This is because the time required to produce the raw materials (animals) can exceed the forecast horizon, leading to scarcity after a certain point in time. As a result, demand planning must be closely aligned with supply planning to avoid waste and ensure availability. This makes fresh meat products more suitable for make-to-order planning rather than make-to-stock planning, due to the risk of waste from poor planning and the inability to store fresh meat for extended periods.",6828.245399985462,8665,,7408,471b44087b402ee156c548995648a11dc3f781fcadf2265254afe331fe9d67c4,OK,
unidoc_commerce_manufacturing_0158,MISS_AT_3_HIT_AT_6,E6,PRIMARY_224,6,6,"The lifetime planning window for various animals significantly affects their availability as raw materials in the supply chain. Animals with shorter lifetimes, such as chickens (around 40 days), require more precise and timely demand forecasting and information sharing, as their short growth time means they become unsuitable for production quickly if not planned for accurately. In contrast, animals with longer lifetimes, such as beef cattle (up to more than 24 months), allow for a longer planning horizon but require consistent and regular information sharing due to their extended growth period. 

For example, sharing demand information for chickens too early (e.g., two months before they are born) increases forecast errors and supply chain noise, whereas sharing it closer to the time they are born (around 40 days before order dispatch) reduces errors and waste. For pork, which takes about 5-6 months to reach slaughtering size, demand forecasts should be shared around six months before order dispatch and updated regularly. 

Fish, which are influenced by natural and climatic factors, require forecasting further in advance to avoid unavailability, and their availability is less sensitive to overestimation since larger fish yield more products. Beef animals, with a stepwise production process (veal, cattle, cow), can be repurposed if overestimated, reducing the risk of waste compared to other meat types. 

Overall, the lifetime of the animal determines the timing and frequency of information sharing in the supply chain, with shorter lifetimes requiring more immediate and accurate planning to avoid waste and ensure availability.",10241.057200008072,15801,,14421,09e611935775fad70b96b4db260d4f28e846a794c15dbf18eba650d6beaf3d28,OK,
unidoc_commerce_manufacturing_0158,MISS_AT_3_HIT_AT_6,E9,PRIMARY_224,9,9,"The lifetime planning window for various animals significantly affects their availability as raw materials in the supply chain. Animals with shorter lifetimes, such as chickens (around 40 days), require more precise and timely demand forecasting and information sharing, as their short growth time means they can be planned for with less lead time. In contrast, animals with longer lifetimes, such as beef cattle (over 24 months), require longer-term planning and more frequent information sharing due to the extended time needed to raise them to a suitable size for slaughter. 

For example, the study highlights that sharing demand information for chickens too early (e.g., two months before they are born) increases forecast errors and supply chain noise. Instead, demand information for chickens should be shared closer to the time they need to be born, reducing the risk of oversupply and waste. For pork, which takes about 5-6 months to reach slaughter size, demand forecasts should be shared around six months before order dispatch and updated regularly. Beef, with a stepwise growth process (veal, young cattle, cow), allows for some flexibility if there is an overestimation of raw materials, as animals can be moved into different product categories. Fish, influenced by natural and climatic factors, require longer-term forecasting to avoid unavailability, and their availability is governed by size and the ""the bigger the better"" principle, which affects planning differently.

Overall, the lifetime of the animal directly influences the timing and frequency of information sharing in the supply chain, with shorter lifetimes allowing for more immediate and less frequent planning, and longer lifetimes requiring more extended and regular planning to ensure availability and reduce waste.",10705.034899991006,24215,,22712,9f6fd8e7952aca87d7033c53c375a52f8947ef791715e0bb2f26aa70e5e44741,OK,
unidoc_commerce_manufacturing_0195,MISS_AT_3_HIT_AT_6,E3,PRIMARY_224,3,3,"The finance cost due to overdraft interest payable within five years for the half-year ending on 30 September 2014 was $216,000.",1200.124500086531,5357,,4092,50f19e116a171b265fe655350bc08453a8432d9fb0f54b100e5abac37d95ebd5,OK,
unidoc_commerce_manufacturing_0195,MISS_AT_3_HIT_AT_6,E6,PRIMARY_224,6,6,"For the half-year ending on 30 September 2014, the finance cost due to overdraft interest payable within five years was $216,000.",2641.04579994455,14217,,12827,53b298b046559de0246ead75f1fec5bafd4a8ce4f4918f2fd5db847caf8004e0,OK,
unidoc_commerce_manufacturing_0195,MISS_AT_3_HIT_AT_6,E9,PRIMARY_224,9,9,"For the half-year ending on 30 September 2014, the finance cost due to overdraft interest payable within five years was HK$216,000.",1829.5816000318155,23719,,22202,63c5ab32decdef9c82e4e3494323509e3b5758eb115b2bc99b085881f6bdc3f5,OK,
unidoc_construction_0001,MISS_AT_3_HIT_AT_6,E3,PRIMARY_224,3,3,"The retrieved text does not mention the specific features of the Hasselblad camera used in the UAV photogrammetry study. Therefore, the information is not supported by the currently retrieved evidence.",1248.2667999574915,7217,,5943,9fff3aa64b2be22ad6fbc24a6e4d861ea00d7fe8a873039d1c96c5dd42127fc4,OK,
unidoc_construction_0001,MISS_AT_3_HIT_AT_6,E6,PRIMARY_224,6,5,"The Hasselblad camera used in the UAV photogrammetry study detailed in the ISPRS journal has the following features:

- Aperture: f/2.8
- Electronic Shutter: 1/8000s
- Image size: 5472 × 3648 pixels
- Effective Pixels: 20 million
- Field of View (FOV): Roughly 77 degrees",3464.3028000136837,19543,,18144,53a63165d1f222cf6cfbb34737ac30257750c069f9715eb97ffb15559da3a74b,OK,
unidoc_construction_0001,MISS_AT_3_HIT_AT_6,E9,PRIMARY_224,9,8,"The Hasselblad camera utilized in the UAV photogrammetry study detailed in the ISPRS journal has the following features:

1. **Image Size**: The camera produces images with a resolution of 5472 × 3648 pixels.
2. **Effective Pixels**: It has an effective pixel count of 20 million.
3. **Aperture**: The camera has an aperture of f/2.8.
4. **Electronic Shutter**: The camera is equipped with an electronic shutter capable of speeds up to 1/8000 seconds.
5. **Field of View (FOV)**: The camera has a field of view of approximately 77 degrees.",5428.130000014789,31342,,29816,9a2827a75e110b8980427350e587f6eff51e57b1333c6ed6e0eeeba37b694437,OK,
unidoc_construction_0015,MISS_AT_3_HIT_AT_6,E3,PRIMARY_224,3,2,"The Vision Derby 2040 planning session held in September 2019 focused on mixed-use development and active transportation, with special attention given to these issues in Chapter 3, Chapter 4, and Chapter 6 of the plan. The session emphasized the importance of supporting mobility for all age groups and abilities, as well as proactively managing growth to ensure development and redevelopment do not occur sporadically or at the expense of transportation connections, public space, environmental adaptation, or excessive public costs. The plan also highlighted the need to encourage variety in housing types, public safety, recreation, physical and mental health, and inclusion of under-served communities. Additionally, the session aimed to strengthen the city's character through distinct transportation corridors, neighborhoods, parks, and commercial business areas, while anticipating change and welcoming new ideas, policies, and projects that align with the vision.",6470.774499932304,8315,,7090,ea46dbd7a659f27d0b3622030ebda8ec340ef8abf6e24348dd6aa4d6a981fcf2,OK,
unidoc_construction_0015,MISS_AT_3_HIT_AT_6,E6,PRIMARY_224,5,3,"The Vision Derby 2040 planning session held in September 2019, referred to as the Vision 2040 Design Studio, was one of the public engagement events that contributed to the development of the comprehensive plan. The findings from this session, along with other public input processes, helped shape the guiding principles and direction of Vision Derby 2040. Key themes that emerged included support for mobility for all, proactive management of growth, encouragement of variety in housing and community amenities, balancing market needs with resources, strengthening the city's character, and anticipating change through new ideas and projects. These themes were integrated into the plan's chapters, focusing on land use, transportation, community facilities, health, housing, and environmental image. Specific goals and action items were outlined to guide the city's development and implementation of the plan through 2040.",5033.897100016475,15042,,13735,7b0c4830b45af822ec0c23f454b2098deb55fe72235753a97f7d7dc34eebadd4,OK,
unidoc_construction_0015,MISS_AT_3_HIT_AT_6,E9,PRIMARY_224,5,3,"The Vision Derby 2040 planning session held in September 2019, referred to as the Vision 2040 Design Studio, was one of several public engagement events that contributed to the development of the comprehensive plan. The findings from this session, along with other input processes, helped shape the guiding principles and direction of the Vision Derby 2040 plan. Key themes that emerged included a focus on mixed-use development and active transportation, which were given special attention in the plan, particularly in Chapters 3, 4, and 6. The session also contributed to the identification of principles such as supporting mobility for all, proactively managing growth, encouraging variety, balancing markets and resources, strengthening the city's character, and anticipating change. These principles reflect the community's desire for a transportation system that supports all age groups and abilities, the need for thoughtful and connected development, and the importance of diversity and sustainability in shaping Derby's future.",6781.593900057487,15042,,13735,7b0c4830b45af822ec0c23f454b2098deb55fe72235753a97f7d7dc34eebadd4,OK,
unidoc_construction_0017,MISS_AT_3_HIT_AT_6,E3,PRIMARY_224,3,3,"The interaction diagram of the building control system reveals the connection between 'BlindAct' and 'TempSens' and their related tasks by showing how these components are linked through the tasks and needs they support. 'BlindAct' (BlindActuator) is connected to tasks T3 and T6, which are related to the needs of controlling illumination and avoiding glare. 'TempSens' (TemperatureSensor) is connected to task T9, which supports the need of controlling room temperature. The diagram shows that these components are part of a larger system structure where tasks and needs are interrelated, forming dependencies that can lead to feature interactions.",5559.981700032949,9883,,8597,2af2ceb43277ade54427ed4cc65088b4617ff3b8694a4169f60e7200422e18e9,OK,
unidoc_construction_0017,MISS_AT_3_HIT_AT_6,E6,PRIMARY_224,6,6,"The interaction diagram of the building control system reveals the connection between 'BlindAct' and 'TempSens' and their related tasks by showing how these components are involved in fulfilling specific needs and how they are interrelated through the tasks they support. 'BlindAct' is associated with tasks T3 and T6, which are related to controlling blinds to avoid glare and manage illumination. 'TempSens' is associated with task T9, which involves determining and reporting the current temperature for temperature control. The diagram indicates that these components are part of a larger system structure where tasks are connected through their realization of needs and their implementation by specific control object types. This structure helps identify points of interaction, such as how the control of blinds (BlindAct) and temperature (TempSens) might be interdependent in the context of the building's environment and control strategies.",5380.97589998506,18846,,17431,ff4898845e09afa72a1d4ece073ab9063b4aa0d0a3a20974df239e92b15dfb88,OK,
unidoc_construction_0017,MISS_AT_3_HIT_AT_6,E9,PRIMARY_224,9,9,"The interaction diagram of the building control system reveals the connection between 'BlindAct', 'TempSens', and their related tasks by showing the dependencies and relationships between the requirements and tasks in the system. 'BlindAct' is connected to tasks T3 and T6, which are related to the needs of avoiding glare and controlling illumination. 'TempSens' is connected to task T9, which is related to the need of controlling room temperature. The diagram also shows that 'BlindAct' and 'TempSens' are part of the same control object type hierarchy, with 'BlindAct' being a part of 'GlareCtrl' and 'TempSens' being a part of 'TempCtrl'. This indicates that the tasks related to 'BlindAct' and 'TempSens' are interconnected through the control object types and the needs they fulfill.",6001.747800037265,26356,,24814,c708ea3b846a07dfb9c1ff5305147c50a341f0658692d3f73b909e4e856277cb,OK,
unidoc_construction_0038,MISS_AT_3_HIT_AT_6,E3,PRIMARY_224,3,3,The reason behind suggesting an annual change of the spark plug in Poulan's maintenance routine is to ensure the engine starts easier and runs better.,2261.2379000056535,8686,,7440,caf313b96aa04c244acd1af1df633f88f41f5f2c45bfecb764a20587b7181c47,OK,
unidoc_construction_0038,MISS_AT_3_HIT_AT_6,E6,PRIMARY_224,6,5,The reason behind suggesting an annual change of the spark plug in Poulan's maintenance routine is to ensure the engine starts easier and runs better.,1386.6606999654323,18408,,17033,e85905ceafc50a80a290c618180ab2fb330da9a5fd634950a12a65b7b94b2735,OK,
unidoc_construction_0038,MISS_AT_3_HIT_AT_6,E9,PRIMARY_224,9,8,The reason behind suggesting an annual change of the spark plug in Poulan's maintenance routine is to ensure the engine starts easier and runs better.,1714.436599984765,25145,,23645,a66f8cf27a854bdf07dd9a2de76b541796975b0e8a78c2543c1e88b9b6b4ea19,OK,
unidoc_construction_0045,MISS_AT_9,E3,PRIMARY_224,3,3,The information provided does not specify how the scale is defined for Dennis' design of the landscape at the Winn Residence.,1013.6707000201568,9612,,8393,fc6acc046fad47074a89d0862e9ed93d7ecc0248394771e6c04388ea84d83fa6,OK,
unidoc_construction_0045,MISS_AT_9,E6,PRIMARY_224,6,6,The information provided does not explicitly define the scale for Dennis' design of the landscape at the Winn Residence.,1169.7079000296071,18481,,17139,91c3cfb6ffe2326d35e5aaac93b7dfe80cf64893b7b385294a67c570e779f819,OK,
unidoc_construction_0045,MISS_AT_9,E9,PRIMARY_224,6,6,The information provided does not explicitly define the scale for Dennis' design of the landscape at the Winn Residence.,1375.9667999111116,18481,,17139,91c3cfb6ffe2326d35e5aaac93b7dfe80cf64893b7b385294a67c570e779f819,OK,
unidoc_construction_0047,MISS_AT_3_HIT_AT_6,E3,PRIMARY_224,3,3,"In the iterative analysis of tensegrity structures using the finite element approach, the variation in cable lengths is adjusted to preserve the total cable length while minimizing the potential energy of the system. The algorithm modifies individual cable lengths iteratively, ensuring that the total cable length remains constant. This process is guided by first and second order information relating changes in bar lengths to changes in cable lengths. The convergence of these variations is demonstrated in examples, where the change in cable lengths (denoted as $|\Delta L_c|$) decreases over iterations until the system reaches equilibrium. The specific examples show that the cable length variations depend on the initial configuration and the constraints of the structure.",7656.503000063822,12827,,11532,db84ec2fb100fc944a8c280b62e4790a48575a272e4a0702772ba95ca6d2a6b6,OK,
unidoc_construction_0047,MISS_AT_3_HIT_AT_6,E6,PRIMARY_224,6,6,"In the iterative analysis of tensegrity structures using the finite element approach, the variation in cable lengths is modified such that the total cable length is preserved while minimizing the potential energy of the system. The algorithm iteratively adjusts the individual cable lengths, and the change in cable lengths is constrained by a maximum step size (DLc max) to ensure convergence. The convergence of the cable length variations is demonstrated in the examples, where the change in cable lengths (|ΔLc|) decreases over iterations until it reaches a minimum, indicating that the system has achieved an equilibrium configuration.",5081.672300002538,21188,,19770,82b7c9dac1997e82f3fc27251e18466fc6614decea88a4cb44cf982daff77aa8,OK,
unidoc_construction_0047,MISS_AT_3_HIT_AT_6,E9,PRIMARY_224,8,6,"In the iterative analysis of tensegrity structures using the finite element approach, the variation in cable lengths is modified such that the total cable length is preserved while minimizing the potential energy of the system. The algorithm iteratively adjusts the individual cable lengths, and the change in cable lengths is constrained by a maximum step size (DLc max) to ensure convergence. The convergence of the cable length variations is demonstrated through examples, where the change in cable lengths (|ΔLc|) decreases over iterations until it reaches a minimum, indicating that the system has achieved an equilibrium configuration. The specific variation patterns depend on the initial configuration and the constraints imposed during the form-finding process.",4154.1257000062615,26652,,25152,e81ec194fe2fb2aaed8f3648460fff4523ca0415f6d5d19dd50feec5c0c57a80,OK,
unidoc_construction_0052,MISS_AT_3_HIT_AT_6,E3,PRIMARY_224,3,2,"The provided text does not mention the National Night Out event or how community members engaged with one another during it. Therefore, the information is not supported by the currently retrieved evidence.",1074.6290000388399,8386,,7121,438b1a0872e9108b7bfab59b2ae407244a5f593cee5e28d5bb249df12fdcef5b,OK,
unidoc_construction_0052,MISS_AT_3_HIT_AT_6,E6,PRIMARY_224,5,3,The provided text does not mention how community members engaged with one another during the National Night Out event related to Vision Derby's future plans.,1191.134399967268,15082,,13735,eaa7751b055cc7e6eaf13557a1cb76f1b342065cc46aeefa36ff25cc6eac8058,OK,
unidoc_construction_0052,MISS_AT_3_HIT_AT_6,E9,PRIMARY_224,5,3,The provided text does not mention how community members engaged with one another during the National Night Out event related to Vision Derby's future plans.,1392.6051000598818,15082,,13735,eaa7751b055cc7e6eaf13557a1cb76f1b342065cc46aeefa36ff25cc6eac8058,OK,
unidoc_construction_0058,MISS_AT_3_HIT_AT_6,E3,PRIMARY_224,3,3,"The study conducted in Nantes during EWSHM 2014 used an Optical Backscatter Reflectometer, specifically employing the Rayleigh sensing technique, to monitor crack development in pavement. A fiber optic cable was embedded in the pavement layer and used as a distributed sensor. Strain profiles were measured at different load cycles by interrogating the fiber optic cable. 

Initially, the strain profiles remained consistent until the first cracks were visually detected after 350,000 load cycles. At this point, the strain profiles began to change, with peaks becoming wider and flatter. As cracks propagated, these changes in the strain profiles became more pronounced. For instance, at 400,000 load cycles, two strain peaks appeared at a position corresponding to two observed cracks. By 525,000 load cycles, the strain profile between x=7m and x=12m was strongly modified, reflecting the appearance and growth of various cracks in that area.

The study also tested a second method of post-treatment of the fiber optic measurements that did not require applying a static load on the pavement. This method used a reference measurement taken at the beginning of the experiment and compared subsequent measurements to this reference. This approach allowed for the observation of strain evolution along the optical fiber without the need for repeated static loading, making it more suitable for monitoring long pavement sections. The results showed that this method could successfully detect crack initiation and propagation by analyzing changes in the strain profiles.",8101.177199976519,9715,,8441,bc2cc16a9ba7aa7d8ab6635c31a15de9beb31020095924cc6925e564559fc4bf,OK,
unidoc_construction_0058,MISS_AT_3_HIT_AT_6,E6,PRIMARY_224,6,6,"The study conducted in Nantes during EWSHM 2014 used an Optical Backscatter Reflectometer (Luna's OBR) to observe crack development in pavement by embedding a fiber optic cable in the asphalt layer. The fiber optic cable was placed near the bottom of the asphalt layer at a depth of 70 mm. Strain profiles were measured using the Rayleigh sensing technique, which allows for high spatial resolution (less than 1 cm) over long lengths of fiber (approximately 70 m). 

The strain profiles were measured at different load cycles during the application of 728,000 heavy vehicle loads (65 kN dual wheel loads). By comparing the strain profiles measured at different times, changes in the strain profiles were linked to the initiation and propagation of cracks in the pavement. The study showed that significant changes in the shape of the strain profiles could be directly associated with crack initiation and propagation. 

Two methods of post-treatment of the fiber optic measurements were tested. One method required applying a static load on the pavement, while the other did not. The method that did not require a static load was found to be more suitable for monitoring long lengths of pavement. The results demonstrated that the distributed fiber optic sensor based on the Rayleigh sensing technique can detect crack initiation and propagation in pavements by monitoring the strain profiles in the bituminous layers.",7457.826400059275,16586,,15189,0c8558192dbf2f87611ee115b495f4db767a984046955f6adeaffa0363dd78d6,OK,
unidoc_construction_0058,MISS_AT_3_HIT_AT_6,E9,PRIMARY_224,9,9,"The study conducted in Nantes during EWSHM 2014 used an Optical Backscatter Reflectometer (Luna's OBR) to observe crack development in pavement by embedding a fiber optic cable in the asphalt layer. The fiber optic cable, placed near the bottom of the asphalt layer at a depth of 70 mm, was used as a distributed sensor to measure strain profiles. Strain profiles were obtained using the Rayleigh sensing technique, which measures the backscattering of light by fluctuations in the refractive index of the fiber. 

Measurements were performed at regular intervals during the application of heavy vehicle loads (65 kN and later 75 kN) on the pavement. Two methods of post-treatment of the Rayleigh signal measurements were tested. Method 1 compared measurements made under static wheel load and with no load, while Method 2 compared measurements at different load cycles to a reference measurement taken at the beginning of the experiment (zero load cycles). 

The evolution of strain profiles was analyzed to detect changes that indicated crack initiation and propagation. The results showed that significant changes in the shape of the strain profiles could be directly linked to the appearance and growth of cracks in the pavement. For example, at 400,000 load cycles, two strain peaks appeared at a specific position, corresponding to the two cracks observed in that area. At 525,000 load cycles, a strong modification of the strain profile between x=7m and x=12m corresponded to the appearance and growth of various cracks in that area. The method that did not require applying a load on the pavement was found to be more promising for monitoring long lengths of pavement.",11158.151299925521,23339,,21819,9610a84d17a2974a36bde2b1453240439953e3e0961d3a4f511f4137ea46f3d8,OK,
unidoc_construction_0065,MISS_AT_3_HIT_AT_6,E3,PRIMARY_224,3,3,"The highest ranked management priorities in infrastructure projects, based on their weighted significance, are the comprehensiveness of contract terms and contractor qualification. The comprehensiveness of contract terms is identified as the most effective category that needs enhancement, as the terms and conditions must meet all project requirements and be integrated with other project documentation. Contractor qualification follows closely, as the technical and managerial capacities of the contractor significantly impact project outcomes in terms of time, cost, and quality.",3109.5391999697313,8427,,7172,8e32b6456cb6fd84c62c95de9f4f94c00eac37cb52f050e70f2b26c3b6e7778c,OK,
unidoc_construction_0065,MISS_AT_3_HIT_AT_6,E6,PRIMARY_224,6,6,"The highest ranked management priorities in infrastructure projects, when considering their weighted significance, are the comprehensiveness of contract terms and the requirement of a reliable and controllable schedule. These categories had the highest weight values and interdependency weights, indicating their significant impact on the infrastructure project management process.",2006.72179996036,12654,,11272,86c8cbae837d5c741f31f4b712f2dfe3ec837527883b952c8c64fab003e272eb,OK,
unidoc_construction_0065,MISS_AT_3_HIT_AT_6,E9,PRIMARY_224,9,9,"The highest ranked management priorities in infrastructure projects, based on their weighted significance, are the comprehensiveness of contract terms and the requirement of a reliable and controllable schedule. These categories had the highest weight values and interdependency weights, indicating their significant role in the infrastructure project management process.",2252.9283999465406,19050,,17541,7bce38e01a6d64ac15a917569cd2dc3707a39109cd2b83ed661e25873236aaae,OK,
unidoc_construction_0067,MISS_AT_3_HIT_AT_6,E3,PRIMARY_224,3,3,"Information on what influences the lifespan of homes in Indonesia can be found in the Spire Indonesia report on page 19. The report discusses factors such as the durability of construction materials, workmanship quality, insect damage, and climate as key influences on the life expectancy of housing.",3267.08089991007,6829,,5570,1bd0b7f2dbedf48e41b6fb1ad947e5bb01947e34173209aa08335b974baa0c0f,OK,
unidoc_construction_0067,MISS_AT_3_HIT_AT_6,E6,PRIMARY_224,6,6,"Information on what influences the lifespan of homes in Indonesia can be located in the section titled ""Factors affecting life expectancy of house in Indonesian housing market,"" which is referenced in the Spire Indonesia report on page 14 (Figure 9).",1799.0009000059217,14551,,13167,00b30c2691b92362391c96234ef31b9d200383ff6f3d427be362c827d895305a,OK,
unidoc_construction_0067,MISS_AT_3_HIT_AT_6,E9,PRIMARY_224,9,9,"Information on what influences the lifespan of homes in Indonesia can be located in the section titled ""Factors affecting life expectancy of house in Indonesian housing market,"" which is referenced in the Spire Indonesia report on page 14 (Figure 9).",2042.6032999530435,19234,,17727,66ced4fe6c010f1f085b210e61382a9d5424e25a41edf96c60f3d930f5e77f0f,OK,
unidoc_construction_0070,MISS_AT_3_HIT_AT_6,E3,PRIMARY_224,3,3,The provided items do not specify the number of drainage hoses included with the model CMB-P1010V-G1.,1437.6340999733657,9186,,7958,96192c3abb76c5af3ababbbf7c6e2252bf62bd4bdd3976f85bdd2864c2e40091,OK,
unidoc_construction_0070,MISS_AT_3_HIT_AT_6,E6,PRIMARY_224,6,6,The model CMB-P1010V-G1 includes 1 drainage hose as per the provided items.,1224.5721000945196,18772,,17417,31daf93bda24456944a076e93c28650c803a7e2119b7365b869f472c6f7ab216,OK,
unidoc_construction_0070,MISS_AT_3_HIT_AT_6,E9,PRIMARY_224,9,8,The model CMB-P1010V-G1 includes one drainage hose as per the provided items.,2299.4122999953106,27529,,26049,0e163815a0b5a8162deb5b6a4f6e53527a52d1b309c38d8b3911fcefe8ffec6d,OK,
unidoc_construction_0073,MISS_AT_3_HIT_AT_6,E3,PRIMARY_224,3,3,"The size relationship for the 1/4 Section 2530 map concerning land utilization in Portland is defined by dividing the subject site into two parcels for attached housing, each measuring 2,800 square feet in area. The total site area is 5,601 square feet, and the R2.5 zoning allows a maximum density of two units (one unit per 2,500 square feet) and a minimum density of one unit (one unit per 5,000 square feet based on 80 percent of the site area). The proposal meets the density standards by creating two single dwelling parcels.",5397.623999975622,9046,,7804,e5b0ec2be7c788a3ea0410c1fdcbaa3a0b70552af68c46d2aa4631405a593487,OK,
unidoc_construction_0073,MISS_AT_3_HIT_AT_6,E6,PRIMARY_224,6,6,"The size relationship for the 1/4 Section 2530 map concerning land utilization in Portland is defined by the division of the subject site into two parcels, each measuring 2,800 square feet. The site, located in the R2.5 zoning district, has a total area of 5,601 square feet, and the maximum allowable density in the R2.5 zone is one unit per 2,500 square feet. The proposed partition meets the zoning requirements by creating two parcels that align with the density standards.",4086.792499991134,19681,,18310,a9796d7f47e5aa8046ffaea0902027124cfe9e1659fb85760ea297de45935138,OK,
unidoc_construction_0073,MISS_AT_3_HIT_AT_6,E9,PRIMARY_224,9,9,"The size relationship for the 1/4 Section 2530 map concerning land utilization in Portland is defined by dividing the subject site into two (2) parcels for attached housing, each parcel being 2,800 square feet in area. The site area is 5,601 square feet, and the maximum density in the R2.5 zone is one unit per 2,500 square feet, allowing for a maximum of 2 units. The minimum density is one unit per 5,000 square feet, based on 80 percent of the site area, which would require a minimum of 1 unit. The applicant's proposal meets these density standards by creating two single dwelling parcels.",4892.283000051975,30712,,29216,4328aa6c4ac52c52406df052666732abf2fe7af9f57ae96338d74cf5f485ee0b,OK,
unidoc_construction_0075,MISS_AT_3_HIT_AT_6,E3,PRIMARY_224,3,3,"The elements evaluated for choosing sites based on materials in the Maiduguri, Nigeria case study include local materials accessibility, quality and quantity, local transportation infrastructure, and population densities.",1469.0900000277907,13084,,11842,67f40ff7c544e640f8d856bbcafa2d10903d8498b1dcb94cc342022583a07790,OK,
unidoc_construction_0075,MISS_AT_3_HIT_AT_6,E6,PRIMARY_224,6,6,"In the Maiduguri, Nigeria case study, the elements evaluated for choosing sites based on materials include local materials accessibility, quality and quantity, local transportation infrastructure, and population densities.",3063.6979000410065,21225,,19858,165511f1ab11472a2f1dc37857256c466222f2f16f810a02035a5befae0de060,OK,
unidoc_construction_0075,MISS_AT_3_HIT_AT_6,E9,PRIMARY_224,9,9,"The elements evaluated for choosing sites based on materials in the Maiduguri, Nigeria case study include local materials accessibility, quality and quantity, local transportation infrastructure, and population densities.",2066.4061000570655,27037,,25545,556e78f3553905693376796d6037095914380830dac48ac11adad61fde159b6a,OK,
unidoc_construction_0078,MISS_AT_3_HIT_AT_6,E3,PRIMARY_224,3,2,"In a machine-made gabion as detailed in the ASTM specification, the panels are uniformly partitioned into internal cells and interconnected with other similar units. The gabion is a double-twisted wire mesh container of variable sizes, filled with stone at the project site to form flexible, permeable, monolithic structures. The front panel is connected to the back panel using a stiffener, which can be formed at the project site using wire of the same diameter as the lacing wire or as a preformed stiffener with a specified diameter.",4286.475399974734,11308,,10079,b3a85197060bf789f61bd8486e8a1d60c3a6374f57cbf216547195e707745707,OK,
unidoc_construction_0078,MISS_AT_3_HIT_AT_6,E6,PRIMARY_224,6,5,"In a machine-made gabion as detailed in the ASTM specification, the panels are configured as follows:

1. **Double-Twisted Wire Mesh**: The gabion is made from double-twisted hexagonal mesh, which is formed by twisting continuous pairs of wires through three one-half turns to create hexagonal-shaped openings. These openings are interconnected to form a nonraveling mesh.

2. **Edge and Selvedge Wires**: The wire mesh is edged with terminal wires. The edge wire is woven into the mesh parallel to the double twist, while the selvedge wire is used to edge the mesh perpendicular to the double twist. The selvedge wire is either mechanically wrapped around the mesh wires at least 2.5 times or inserted through the twists and folded one mesh length.

3. **Lacing Wire and Stiffeners**: Lacing wire is used to assemble and interconnect empty gabion units, close and secure stone-filled units, and provide internal stiffening. Stiffeners are used to support the facing by connecting the front panel to the back panel of a gabion or across the corners of a gabion cell.

4. **Fasteners**: Fasteners are an alternate method to lacing wire for binding operations. They are used to connect the wire mesh panels together and must meet specific tensile strength requirements.

5. **Manufacturing and Assembly**: Gabions are manufactured with all components mechanically connected at the production facility, except for the mattress lid, which is produced separately from the base. All gabions and revet mattresses are supplied in a collapsed form, either folded and bundled or rolled, for shipping.

6. **Panel to Panel Connections**: The panels are joined using fasteners, and the strength of these connections is tested to ensure they meet the specified requirements. The pull-apart resistance test is conducted to evaluate the strength of the jointed panels and the fasteners used.

These configurations ensure that the gabions are flexible, permeable, and monolithic structures suitable for erosion control projects.",10953.691100003198,19849,,18497,55855d50ef93bfccfba6383b5b08cc1c1174642a6cb5f7be0de0f26603a32512,OK,
unidoc_construction_0078,MISS_AT_3_HIT_AT_6,E9,PRIMARY_224,9,7,"In a machine-made gabion as detailed in the ASTM specification, the panels are configured with all components mechanically connected at the production facility, with the exception of the mattress lid, which is produced separately from the base. The gabions and revet mattresses are supplied in a collapsed form, either folded and bundled or rolled, for shipping. The panels are uniformly secured along the full width during testing, and the grips or clamps used are designed to transmit only tension forces. The panels are interconnected with other similar units and are filled with stone at the project site to form flexible, permeable, monolithic structures.",4294.705099891871,28755,,27280,e8766e96c71f5800ad5fb8dd5e0061af8c60aa1c4263775b7e073e5aa9cbfede,OK,
unidoc_construction_0093,MISS_AT_9,E3,PRIMARY_224,3,3,"The configuration of the overload device pulley affects safety protocols during crane usage by determining the Safe Working Load (SWL) based on the trolley radius, as the load chart is programmed into the PLC. When the winch lifts 90% of the SWL, a yellow warning lamp is activated, and at 100% of the SWL, a red warning lamp is activated. Hoisting and trolley-out motions are stopped, and brakes are applied at 103% of the SWL. This ensures that the crane does not exceed safe load limits, preventing potential damage or accidents.",5574.33710002806,6366,,5120,ac8f56e5fcaec3b4967bffd5a8d4d2ab7a0539baf3320f55fd57cc59f4d1b00d,OK,
unidoc_construction_0093,MISS_AT_9,E6,PRIMARY_224,6,6,"The configuration of the overload device pulley affects safety protocols during crane usage by determining the Safe Working Load (SWL) based on the trolley radius, as entered into the PLC. A yellow warning lamp indicates when the winch is lifting 90% of the SWL, and a red warning lamp indicates when the winch is lifting 100% of the SWL. Hoisting and trolley-out motions are stopped and brakes are applied at 103% of the SWL. These indicators and actions help prevent overloading and ensure safe operation.",3595.8162000169978,10567,,9196,0c8e66112819394b066a7ed8b9a7dc4aaae00fb2353d209935fd2224888c7067,OK,
unidoc_construction_0093,MISS_AT_9,E9,PRIMARY_224,9,9,"The configuration of the overload device pulley affects safety protocols during crane usage by determining the Safe Working Load (SWL) based on the trolley radius, as the load chart is programmed into the PLC. When the winch lifts 90% of the SWL, a yellow warning lamp is activated, and at 100% of the SWL, a red warning lamp is activated. Hoisting and trolley-out motions are stopped and brakes are applied at 103% of the SWL. These mechanisms ensure that the crane does not operate beyond its safe limits, preventing potential overloading and associated risks.",3720.4872000729665,13494,,11996,80b1fe775e90a2585f727049f9efddb40e032e3dfff17617b8eb701ec115ea3a,OK,
unidoc_construction_0101,MISS_AT_3_HIT_AT_6,E3,PRIMARY_224,3,3,The information is not supported by the currently retrieved evidence.,636.1163000110537,8824,,7573,6b25f5f7974d1b1fbc19d306d9f74f1efd6853b620f07d66a8af5aa50ecf3705,OK,
unidoc_construction_0101,MISS_AT_3_HIT_AT_6,E6,PRIMARY_224,6,6,The information is not supported by the currently retrieved evidence.,415.4022999573499,15300,,13926,2bac93a254cc5930399163db936cce320b516d94cd3304a1c716549e79a0c640,OK,
unidoc_construction_0101,MISS_AT_3_HIT_AT_6,E9,PRIMARY_224,6,6,The information is not supported by the currently retrieved evidence.,802.9039000393823,15300,,13926,2bac93a254cc5930399163db936cce320b516d94cd3304a1c716549e79a0c640,OK,
unidoc_construction_0102,MISS_AT_3_HIT_AT_6,E3,PRIMARY_224,3,2,"The provided text does not mention a Hasselblad drone camera or a shutter speed of 1/8000s. Therefore, there is no information on how such a rapid shutter speed enhances the detection of archaeological elements.",1661.7569999070838,10214,,8957,57c3327bd720a562b473eb3fdeadea8088dbf7b94a892975ec350f843f18d5f8,OK,
unidoc_construction_0102,MISS_AT_3_HIT_AT_6,E6,PRIMARY_224,6,5,"The document does not mention a Hasselblad drone camera with a 1/8000s shutter speed. It refers to a shutter speed of 1/640th of a second for capturing aerial images, which was adequate to reduce motion blur and obtain consistent extracted features. Therefore, there is no information provided about how a 1/8000s shutter speed of a Hasselblad drone camera enhances the detection of archaeological elements.",3351.9612000091,22312,,20928,a068ff147793b66dc99d7bbbebc6c49adf87fe1d362b8a779bd879ad8f6ce728,OK,
unidoc_construction_0102,MISS_AT_3_HIT_AT_6,E9,PRIMARY_224,9,8,"The rapid 1/8000s shutter speed of the Hasselblad drone camera enhances the detection of archaeological elements by reducing motion blur in the captured aerial images. This results in more consistent and clearer extracted features, which are essential for accurate photogrammetric reconstructions and the identification of subtle archaeological elements.",2584.328999975696,35057,,33546,d1b4f98cfc13fa7e9b2f95bd95b668aca26f66a9894c28cefea651333697b785,OK,
unidoc_construction_0112,MISS_AT_3_HIT_AT_6,E3,PRIMARY_224,3,3,"The proposed replacement habitat, in the form of a disposal site for excavated material, is located on the left bank of the Krka River, in the corner between the left bank of the Krka River and the highway embankment. This location was chosen to temporarily function as a levee to avert the intrusion of water from the Sava River's right floodplain into the channel of the Krka River, thereby improving flood safety for surrounding settlements during the construction phase of the HPP Brežice.",2967.36770006828,11844,,10567,0a5dd424d8440840367ca8bc53259c558acda5029508a59470500edb9f9fc9c4,OK,
unidoc_construction_0112,MISS_AT_3_HIT_AT_6,E6,PRIMARY_224,6,6,"The proposed replacement habitat, in the form of a disposal site for excavated material, is located on the left bank of the Krka River, in the corner between the left bank of the Krka River and the highway embankment. This placement was chosen to temporarily function as a levee to avert the intrusion of water from the Sava River's right floodplain into the channel of the Krka River, thereby improving flood safety for surrounding settlements during the construction phase of the HPP Brežice.",3929.6145000262186,21212,,19812,7054c99b19b39838882b044b4256f78ac5e0b4c447056c7a8cfbeccf62fb79e0,OK,
unidoc_construction_0112,MISS_AT_3_HIT_AT_6,E9,PRIMARY_224,9,8,"The proposed replacement habitat, in connection to the flood defense embankments near the hydropower plant at Brežice, is located on the left bank of the Krka River. This placement is described as being in the corner between the left bank of the Krka River and the highway embankment.",2871.4064999949187,25713,,24190,7ce1f02ca3acc054be32c87242c19acf6ed17e6fce163b8e45d2a0af2e5b7b56,OK,
unidoc_construction_0114,MISS_AT_3_HIT_AT_6,E3,PRIMARY_224,3,3,"Patrick Stewart-Blacker categorizes the components of a smart tech environment by taking an agnostic view of the technology required to make a space ""Smart."" This approach focuses on the higher-level conceptual principles of how the technology should be technically architected, rather than considering specific solutions or systems that make up a workspace. He emphasizes the importance of mapping functionality at an early stage in a deployment to help organizations define the smart tech investment value proposition and understand how the information can benefit the organization.",3513.4135000407696,4819,,3592,83c6a4beae26437e62d5a02eeafc32e8c05ec88bbfbdb09e7010d5ea9362a44e,OK,
unidoc_construction_0114,MISS_AT_3_HIT_AT_6,E6,PRIMARY_224,6,6,"Patrick Stewart-Blacker categorizes the components of a smart tech environment into five clearly defined functional layers: 

1. **Progress** (Evidence-based, KPI Measurable)
2. **Insights** (Dynamic)
3. **Machine Learning** (Intelligence)
4. **Big Data** (Aggregation)
5. **Internet of Things (IoT)** (Harvesting)

These layers represent the different processing elements that define the components of the technology and data ecosystem within a smart environment.",3009.770100004971,11354,,10004,8e38cb3c708dbccad212f6c00a2bac680b6f9ac19b54bbba1859728132709237,OK,
unidoc_construction_0114,MISS_AT_3_HIT_AT_6,E9,PRIMARY_224,9,9,"Patrick Stewart-Blacker categorizes the components of a smart tech environment into five clearly defined functional layers:

1. **Internet of Things (IoT)** - This layer involves the harvesting of data from connected devices and sensors within the space.
2. **Big Data** - This layer is responsible for the aggregation, collection, and processing of IoT data into structured formats for further use. It includes the concepts of a Data Lake and Data Warehousing.
3. **Machine Learning (Intelligence)** - This layer utilizes the aggregated data from the Big Data layer to provide insights and outputs through the use of data analytics tools, including Artificial Intelligence (AI).
4. **Insights** - This layer is dynamic and focuses on the actionable insights derived from the data analysis.
5. **Progress** - This layer is evidence-based and focuses on measurable key performance indicators (KPIs) to assess the effectiveness and success of the smart tech ecosystem.",5285.958899999969,16887,,15414,30adf1cb85fe956bfa6e94d6ce1c6b8a9e5df954eea394725ef54e55b664c95f,OK,
unidoc_construction_0125,MISS_AT_3_HIT_AT_6,E3,PRIMARY_224,3,3,"In the study by H. Liu and E. Song, the proximity of cutoff walls to a subway tunnel significantly reduces the upward movement of underground structures during earthquakes. The cutoff walls restrain the flow or deformation of liquefied soils, thereby inhibiting the uplift of the subway tunnel. The analysis showed that the installation of cutoff walls led to a considerable reduction in the uplift of the subway tunnel under earthquake excitation. Additionally, the cutoff walls reduced the ""squeezing"" of surrounding soils underneath the subway tunnel, which is a key mechanism contributing to uplift. However, the cutoff walls did not necessarily prevent the liquefaction of the enclosed soils.",4289.513700059615,13135,,11828,fb881b5d1d6d17e97e8a10d85fa9da47072a523f03e7c35461a505f2882df006,OK,
unidoc_construction_0125,MISS_AT_3_HIT_AT_6,E6,PRIMARY_224,6,5,"In the study by H. Liu and E. Song, the proximity of cutoff walls to a subway tunnel has a significant impact on the upward movement of underground structures during earthquakes. The study found that cutoff walls installed close to the subway tunnel can effectively reduce or even prevent the ""squeezing"" of liquefied soils underneath the structure, which is a primary mechanism for uplift. As the distance of the cutoff walls from the subway tunnel increases, the uplift of the structure increases rapidly. This indicates that for cutoff walls to be effective in mitigating uplift, they must be constructed as close as possible to the protected underground structure.",4148.571699974127,23599,,22163,63f1a426093454c8b633aaaa676b66dfbfd40517678cc1ef92b2b599791d570f,OK,
unidoc_construction_0125,MISS_AT_3_HIT_AT_6,E9,PRIMARY_224,9,7,"In the study by H. Liu and E. Song, the proximity of cutoff walls to a subway tunnel significantly reduces the upward movement of underground structures during earthquakes. The cutoff walls restrain the flow or deformation of liquefied soils, which inhibits the uplift of the subway tunnel. The study found that the closer the cutoff walls are to the subway tunnel, the more effective they are in reducing uplift. This is because the cutoff walls prevent the squeezing of liquefied soils underneath the tunnel, which is a key mechanism in the uplift process. Additionally, the study noted that the stiffness and thickness of the cutoff walls also play critical roles in their effectiveness.",4924.522400018759,32839,,31280,6dd18f8dfc2e7e6818dd5569502ecf16c98c221fc5847ad5d24fa5f489613c3d,OK,
unidoc_construction_0126,MISS_AT_3_HIT_AT_6,E3,PRIMARY_224,3,3,The provided text does not specify the components and amounts in the proposed shotcrete mix that includes TYTRO® RC 430 as an additive. The information is not supported by the currently retrieved evidence.,1385.94089995604,7409,,6164,739c97dd83a95e2b1ebe9cc913c64d82f07f214a7c14770141e19baf5a383fdb,OK,
unidoc_construction_0126,MISS_AT_3_HIT_AT_6,E6,PRIMARY_224,6,6,"The proposed shotcrete mix that includes TYTRO® RC 430 as an additive has the following components and amounts:

- Cement: 460 kg/m³
- Water: 210 kg/m³
- Water-to-cement ratio (w/c): 0.46
- Maximum aggregate size: 10 mm
- High-range water-reducing admixture (TYTRO® WR 130): 1.2% of total cement content
- Alkali-free set accelerator (TYTRO® SA 528): 6% of total cement content
- Pozzolanic-based rheology control agent (TYTRO® RC 430): 0.67% of total cement content",5082.031699945219,12793,,11425,96b905cb1c1f11fad095c2d9ed3bcd47f01a2cbba25738851556cdab51533b14,OK,
unidoc_construction_0126,MISS_AT_3_HIT_AT_6,E9,PRIMARY_224,9,9,"The proposed shotcrete mix that includes TYTRO® RC 430 as an additive has the following components and amounts:

- Cement: 460 kg/m³
- Water: 210 kg/m³
- Water-to-cement ratio (w/c): 0.46
- Maximum aggregate size: 10 mm
- High-range water-reducing admixture (TYTRO® WR 130): 1.2% of total cement content
- Alkali-free set accelerator (TYTRO® SA 528): 6% of total cement content
- Pozzolanic-based rheology control agent (TYTRO® RC 430): 0.67% of total cement content",4681.0692000435665,15743,,14248,649ee035d5e86765800745b91219882ad43cfafb95445586effbdeb2e5243ac9,OK,
unidoc_construction_0147,MISS_AT_6_HIT_AT_9,E3,PRIMARY_224,3,3,"The test checklist for dismantling operations at the Hydro Aluminium Kurri Kurri site includes the following primary criteria or details:

1. **Demolition Risk Assessment Planning Process**: A collaborative planning process involving CMA, Hydro, and expert consultants to assess and manage risks associated with the demolition.

2. **Stakeholder and Authority Notification Process**: A process to inform relevant stakeholders and authorities about the demolition activities.

3. **General Methodology for Stack Demolition**: An outlined methodology for the demolition of stacks, ensuring a structured and safe approach.

4. **ITP Review (Inspection Test Plan Review)**: A quality control document that details every step of the demolition process, requiring each step to be completed and verified before moving to the next.

5. **Site Security**: Measures to ensure the security of the site during the demolition process.",4619.17960003484,5374,,4101,de016a5ecfb7d5aea9e2ccf3b08d839971d90218f93a9d7914f9139432cb7130,OK,
unidoc_construction_0147,MISS_AT_6_HIT_AT_9,E6,PRIMARY_224,6,6,"The test checklist for dismantling operations at the Hydro Aluminium Kurri Kurri site includes the following primary criteria and details:

1. **Demolition Risk Assessment Planning Process**: A collective planning process involving CMA, Hydro, and expert consultants to assess risks associated with the demolition.

2. **Stakeholder and Authority Notification Process**: Notification of relevant stakeholders and authorities, including the EPA, Safe Work, CASA, gas/electrical/telecoms providers, NSW Ambulance, and Transport NSW.

3. **General Methodology for Stack Demolition**: A defined methodology for the demolition, including directional control and structural considerations to ensure the structures fall in the intended direction.

4. **ITP Review (Inspection Test Plan Review)**: A quality control document that outlines every step of the demolition process, which must be completed and approved before moving to the next step.

5. **Site Security**: Measures to ensure site security, including road closures and exclusion zones, with detailed aerial photograph mark-ups for the blast day.

6. **Work Method Statement and Planning Document**: A document developed in conjunction with the explosives sub-contractor to outline how the demolition would be carried out, including consultation with Hydro, third-party engineers, and demolition supervisors.

7. **JHA or SWMS (Job Hazard Analysis or Safe Work Method Statement)**: A document outlining how the job can be done safely, enforcing the hierarchy of controls.",8562.914500012994,11033,,9633,3cf7f59c103520bdfd4ea77a44a6f4a4b19af5f0f2586e9948b19a00a01aaa7a,OK,
unidoc_construction_0147,MISS_AT_6_HIT_AT_9,E9,PRIMARY_224,9,9,"The primary criteria or details outlined in the test checklist for dismantling operations at the Hydro Aluminium Kurri Kurri site include:

1. **Demolition Risk Assessment Planning Process**: A collective planning process involving CMA, Hydro, and expert consultants to assess and manage risks associated with the demolition.

2. **Stakeholder and Authority Notification**: A process to inform relevant stakeholders and authorities about the demolition plans, including the Environmental Protection Authority (EPA), Safe Work, the Civil Aviation Safety Authority (CASA), gas/electrical/telecoms providers, NSW Ambulance, and Transport NSW.

3. **General Methodology for Stack Demolition**: A defined approach for the demolition of stacks, including directional control, the orientation of explosive charges, and the cutting of hinges to ensure the structures fall in the intended direction.

4. **ITP Review (Inspection Test Plan Review)**: A quality control document that outlines every step of the demolition process, which must be completed and approved before moving to the next step.

5. **Site Security and Exclusion Zones**: Implementation of site-specific security measures and exclusion zones, which were enforced outside the site perimeter fence on the day of the demolition.

6. **Work Method Statement and Planning Document**: A detailed document submitted to Hydro and developed in conjunction with the explosives sub-contractor, outlining how the demolition would be carried out.

7. **Consultation and Distribution**: Involvement of CMA, Hydro, third-party engineers, and demolition supervisors in the planning and distribution of information related to the demolition.

8. **Pre-Works**: Removal of old duct work and other preparatory tasks, which were carried out using a combination of manual oxy cutting and machine work.

These criteria and details were part of a comprehensive planning and execution process to ensure the safe and controlled demolition of structures at the site.",10821.439799969085,17139,,15610,40b70c94778c70e427e26f37afed4d5854a3e3e508ee75ba3dba287a66ce6f15,OK,
unidoc_construction_0150,MISS_AT_3_HIT_AT_6,E3,PRIMARY_224,3,3,"For applications needing visible beams, PSL is preferred for its distinctive grain.",1109.5744000049308,4321,,3084,5e7235986307ba2d2edcc491f348bc78c903cc46d2eee20719ae199e82210690,OK,
unidoc_construction_0150,MISS_AT_3_HIT_AT_6,E6,PRIMARY_224,6,6,"For applications needing visible beams, LVL is preferred for its distinctive grain.",553.9789000758901,11271,,9907,1a8412fb2effe99348d231b775a587f480e53d4d788cd15e0e0a6cb694fff420,OK,
unidoc_construction_0150,MISS_AT_3_HIT_AT_6,E9,PRIMARY_224,9,9,"For applications needing visible beams, LVL is preferred for its distinctive grain.",916.8863999657333,14972,,13483,a3d8f0520794d15255ebbc78eb590782aecd951817b4dfae46586d9d7319d18c,OK,
unidoc_construction_0151,MISS_AT_6_HIT_AT_9,E3,PRIMARY_224,3,3,"The provided text does not address the time history curves for nodal coordinates or the deployment of a CTS cable dome. Therefore, there is no information to compare dynamic and static conditions in this context.",1598.4446000074968,7102,,5811,d38bc2c8bd2809948d465a27e97adcc20db472a8c83b4354b953aba582ae7b48,OK,
unidoc_construction_0151,MISS_AT_6_HIT_AT_9,E6,PRIMARY_224,6,6,The information is not supported by the currently retrieved evidence.,423.4131999546662,7237,,5817,946fa276fa378d14f29ad7fd1d5c71129ba7dc6de51bb1e6583b543407c7a4f0,OK,
unidoc_construction_0151,MISS_AT_6_HIT_AT_9,E9,PRIMARY_224,9,9,The provided text does not address the variation in time history curves for nodal coordinates between dynamic and static conditions during the deployment of the CTS cable dome.,1344.0128000220284,16647,,15102,c0caa2228587d9d7bd9c33bdd5f0b058043d32cbab45e63a4863ea48221f159e,OK,
unidoc_construction_0153,MISS_AT_3_HIT_AT_6,E3,PRIMARY_224,3,2,"The provided text does not mention the Vision Derby 2040 community event or how attendees engage with displayed materials at such an event. Therefore, the information is not supported by the currently retrieved evidence.",1349.9175999313593,8362,,7121,198e5a92fb0c4daa37fb1b5298cdab2976ec9cbdf4dca1fcd7db611d0911a3ca,OK,
unidoc_construction_0153,MISS_AT_3_HIT_AT_6,E6,PRIMARY_224,5,3,"The provided text does not mention the Vision Derby 2040 community event or how attendees engage with displayed materials at such an event. Therefore, the information is not supported by the currently retrieved evidence.",1080.2771999733523,15058,,13735,b1e5f46c54285348768f788ea4750904645809a54dcb8aea3b956d346c7a3a3c,OK,
unidoc_construction_0153,MISS_AT_3_HIT_AT_6,E9,PRIMARY_224,5,3,"The provided text does not mention the Vision Derby 2040 community event or how attendees engage with displayed materials at such an event. Therefore, the information is not supported by the currently retrieved evidence.",2317.742299987003,15058,,13735,b1e5f46c54285348768f788ea4750904645809a54dcb8aea3b956d346c7a3a3c,OK,
unidoc_construction_0165,MISS_AT_6_HIT_AT_9,E3,PRIMARY_224,3,3,The information regarding the reason for choosing a scale of 1 inch equals 200 feet for the design of Section 3825 in project LU 08-109725 LDP is not supported by the currently retrieved evidence.,1852.591299917549,11195,,9937,8fb9b85059fa65e91f1a7960548bcf87d0116457fed312b4421f3b675fa84cf9,OK,
unidoc_construction_0165,MISS_AT_6_HIT_AT_9,E6,PRIMARY_224,6,6,The information regarding the reason for choosing a scale of 1 inch equals 200 feet for the design of Section 3825 in project LU 08-109725 LDP is not supported by the currently retrieved evidence.,1951.0957000311464,20047,,18664,ebea90ab126c81ae2363fa34a1b61c53549567579a72e460ab1d575870f85971,OK,
unidoc_construction_0165,MISS_AT_6_HIT_AT_9,E9,PRIMARY_224,9,9,The information regarding the reason for choosing a scale of 1 inch equals 200 feet for the design of Section 3825 in project LU 08-109725 LDP is not supported by the currently retrieved evidence.,2679.322100011632,30233,,28721,84264fc9740e8f288856357d845ee113207ea2ec89ad4c707d8739faa12a97a0,OK,
unidoc_construction_0174,MISS_AT_3_HIT_AT_6,E3,PRIMARY_224,3,3,"The percentage change in material costs (12.4%) differs from the change in warehouse bid prices (1.7%) by 10.7 percentage points between March 2020 and March 2021, as per the Bureau of Labor Statistics data.",1793.3867999818176,9544,,8231,5071d0a5c9b40bec5f61d3b5fd6d5c8be572fc4db0e322588a13fa3dce718a76,OK,
unidoc_construction_0174,MISS_AT_3_HIT_AT_6,E6,PRIMARY_224,6,6,"The percentage change in material costs (12.4%) differs from the change in warehouse bid prices (1.7%) by 10.7 percentage points between March 2020 and March 2021, as per the Bureau of Labor Statistics data.",2436.0183000098914,16434,,14998,c0f3ede1a63725a71cb0ccd1f8e36f522e454bb3da9f9603f460a30d799fc68a,OK,
unidoc_construction_0174,MISS_AT_3_HIT_AT_6,E9,PRIMARY_224,8,8,"The percentage change in material costs (12.4%) differs from the change in warehouse bid prices (1.7%) by 10.7 percentage points between March 2020 and March 2021, as per the Bureau of Labor Statistics data. The question asks about the change between early 2006 and March 2021, but the provided evidence does not include data for early 2006. Therefore, the information is not supported by the currently retrieved evidence.",3402.864500065334,20024,,18506,7c27f1a7d670d7e1f3aba6c13997d613d98a4636530dedea161fb9642adb804b,OK,
unidoc_construction_0175,MISS_AT_3_HIT_AT_6,E3,PRIMARY_224,3,3,The information regarding the assignment of the SMART Board with serial SBB885-M2-B002848 is not supported by the currently retrieved evidence.,750.7142999675125,1538,,267,bca52b1b98829a196f5074d8128fd48c074557bbcc177c4b42f3905b5defed74,OK,
unidoc_construction_0175,MISS_AT_3_HIT_AT_6,E6,PRIMARY_224,6,6,"During the May 3, 2021 Limestone County Commission meeting, the SMART Board with serial number SBB885-M2-B002848 was assigned to the City of Athens.",1726.8146000569686,6299,,4901,cd00134b6e487ed67000d6ac040f4931b668df8677b1d252df94de96436d7237,OK,
unidoc_construction_0175,MISS_AT_3_HIT_AT_6,E9,PRIMARY_224,9,9,The SMART Board with serial number SBB885-M2-B002848 was assigned to the City of Athens.,1288.2285999367014,11110,,9587,8c5598121c48ac897d050f9440f41239f657c228329e85ee681bd77fff000883,OK,
unidoc_construction_0187,MISS_AT_9,E3,PRIMARY_224,3,3,The provided text does not mention any specific beam spread degrees for different lighting fixtures.,1043.6302999733016,8037,,6806,667d3af24bffd531ae1b390c20c2817ea1f4454f5edaf170bc8f4dae28320562,OK,
unidoc_construction_0187,MISS_AT_9,E6,PRIMARY_224,6,6,The provided text does not mention any specific beam spread degrees for different lighting fixtures.,593.4293000027537,19945,,18591,26ca410163385f84f825afc857960e075c9885079c05912caecbfc16a764d610,OK,
unidoc_construction_0187,MISS_AT_9,E9,PRIMARY_224,9,9,The information regarding beam spread degrees for different lighting fixtures is not provided in the given text.,1782.1596000576392,31231,,29754,ffcc4a228caa1ddafeeee78252919a35f1e3bed3b944673a4c42abe041ba124e,OK,
unidoc_construction_0190,MISS_AT_6_HIT_AT_9,E3,PRIMARY_224,3,3,"The retrieved evidence does not provide specific details about protective elements, like pedestrian barriers, in the New Carrollton station's layout plan.",602.1475000306964,4575,,3328,7ae7d7b88a5a47b3e15e8f3886ba4feecd03d0163dc61e61c5d4394aef56b010,OK,
unidoc_construction_0190,MISS_AT_6_HIT_AT_9,E6,PRIMARY_224,6,6,"The provided document does not mention any specific protective elements, like pedestrian barriers, in the New Carrollton station's layout plan.",1206.6344000631943,11819,,10449,5f30e7b7de6ac6fcdc61c2e110e3f9ad0f412a3b41e5f3773ccce5353eefa60f,OK,
unidoc_construction_0190,MISS_AT_6_HIT_AT_9,E9,PRIMARY_224,9,9,"The provided document does not mention any specific protective elements, such as pedestrian barriers, in the New Carrollton station's layout plan.",1150.5094000604004,17489,,15992,6c7338520810e182774ab710bc492b8e10633ca501ac1cbabd4b3c692041f702,OK,
unidoc_construction_0197,MISS_AT_3_HIT_AT_6,E3,PRIMARY_224,3,2,"The Vision Derby 2040 community meeting focused on several key points and topics, including:

1. **Balancing Markets and Resources**: Efficient and equitable use of resources to respond to market needs while respecting the character and values of Vision 2040.
2. **Strengthening the City’s Character**: Emphasizing distinct character in transportation corridors, neighborhoods, parks, and commercial business areas.
3. **Anticipating Change**: Welcoming changes that advance the intent of Vision 2040, particularly in new ideas, policies, and projects.
4. **Community Facilities**: Ensuring new community facilities do not overly strain the city budget and that water, sewer, and stormwater improvements align with Vision Derby 2040.
5. **Transportation & Mobility**: Developing a transportation framework accommodating private motor vehicles, bicycles, pedestrians, and public transit, with goals for accessibility and regional connections.
6. **Health & Play**: Focusing on parks and hike/bike paths for neighborhood connections and healthy lifestyles, including adding 128 acres of parkland.
7. **Housing & Neighborhoods**: Creating affordable and diverse housing options, supporting infill development, and preserving natural features.
8. **Community & Environmental Image**: Preserving and enhancing Derby's special environmental resources and reputation for being green, with a focus on sustainability and innovative approaches.
9. **Implementation**: The plan will be implemented through the City’s Capital Improvement Program and an annual action plan, involving multiple stakeholders and partners.",9733.505100011826,8350,,7121,c93e215497c7d8c52b356b5f71a8e904c12f59ce3ea2f12c4cd69a1a91dc7987,OK,
unidoc_construction_0197,MISS_AT_3_HIT_AT_6,E6,PRIMARY_224,5,3,"The Vision Derby 2040 community meeting focused on several key points and topics, including:

1. **Community Vision and Values**: Emphasizing the importance of maintaining high values, strong leadership, and ensuring that residents view Derby as a lifelong community.

2. **Regional Vision**: Derby's role in the Wichita metropolitan area, aiming to be a unique community offering local and regional amenities for both residents and non-residents.

3. **Support Mobility for All**: Developing a transportation system that supports all age groups, abilities, and mode choices, with a focus on walking and biking advancements.

4. **Proactive Growth Management**: Encouraging growth while ensuring development and redevelopment do not occur sporadically or at the expense of transportation connections, public space, environmental adaptation, or excessive public costs.

5. **Encourage Variety**: Promoting a community where everyone feels valued, including diverse housing types, public safety, recreation, physical and mental health, and underserved communities.

6. **Balance Markets & Resources**: Efficiently and equitably using resources to respond to market needs while respecting the character and values of Vision 2040.

7. **Strengthen the City’s Character**: Creating a community with a distinct character in transportation corridors, neighborhoods, parks, and commercial business areas.

8. **Anticipate Change**: Welcoming changes that advance the intent of Vision 2040, particularly as they relate to new ideas, policies, and projects.

9. **Future Land Use and Growth Projections**: Planning for a 1.85 percent annual growth rate, with proactive policies and investments to support and encourage action from the private market.

10. **Land Use and Urban Design**: Promoting diverse housing options, neighborhood reinvestment, community amenities, environmental protection, and mobility choices.

11. **Community Facilities and Services**: Ensuring the provision of health, safety, and welfare services through well-maintained or newly developed facilities.

12. **Transportation and Mobility**: Creating a transportation framework that accommodates private motor vehicles, bicycles, pedestrians, and public transit, with goals to make mobility easy, reliable, and aesthetically pleasing.

13. **Health and Play**: Focusing on parks and hike/bike paths as a basis for neighborhood connections and healthy lifestyles, with a goal to add 128 acres of parkland.

14. **Housing and Neighborhoods**: Creating affordable and diverse housing options, supporting infill development, and preserving natural features and connections.

15. **Community and Environmental Image**: Preserving and enhancing the community's image through innovative sustainability approaches, green spaces, and addressing vacant properties.

16. **Implementation and Moving Forward**: Outlining action items for Vision Derby 2040, with implementation led by City Staff, the City Council, and the Planning Commission, and supported by various community groups and individuals.",17689.7649000166,15046,,13735,c68a96010bae346835bcf6af7a01c01040bed3797606c4a096996b9898401f78,OK,
unidoc_construction_0197,MISS_AT_3_HIT_AT_6,E9,PRIMARY_224,5,3,"The Vision Derby 2040 community meeting focused on several key points and topics, including:

1. **Community Vision and Values**: Emphasizing growth while retaining high values, strong leadership, and a sense of Derby as a lifelong community. The guiding principles included supporting mobility for all, proactively managing growth, encouraging variety, balancing markets and resources, strengthening the city's character, and anticipating change.

2. **Transportation and Mobility**: The need for a transportation system that supports all age groups, abilities, and mode choices, with a focus on walking and biking advancements. The plan also highlighted the importance of reliable mobility networks connecting community amenities and destination centers.

3. **Land Use and Urban Design**: Promoting diverse housing options, neighborhood reinvestment, and efficient use of urban services. Special attention was given to mixed-use development and active transportation, with specific areas identified for retrofit and enhancement, such as the Buckner Business District and the Park2Park Cultural Corridor.

4. **Housing and Neighborhoods**: Creating affordable and diverse housing options to accommodate residents at all life stages, supporting infill development, and preserving natural features and connections.

5. **Parks, Health, and Recreation**: Expanding parkland to meet the needs of a growing population, connecting major park and gathering spaces, and using greenways as trail corridors to enhance physical and mental health.

6. **Community and Environmental Image**: Focusing on what makes Derby unique, welcoming new visitors, and taking innovative approaches to sustainability and green initiatives. The plan also emphasized addressing long-standing vacant properties.

7. **Implementation and Collaboration**: The plan's implementation will involve City Staff, the City Council, the Planning Commission, and other groups and individuals, including city advisory boards, private property owners, developers, the business community, and the general public. The plan will be implemented incrementally over time through the City's Capital Improvement Program and an annual action plan.",12614.254200016148,15046,,13735,c68a96010bae346835bcf6af7a01c01040bed3797606c4a096996b9898401f78,OK,
unidoc_construction_0198,MISS_AT_9,E3,PRIMARY_224,3,3,"The part in the KROLL GIANT CRANES setup responsible for avoiding excessive load is the Overload Device. It includes the PLC (Programmable Logic Controller) that has the load chart for the crane, and it provides visual warnings through yellow and red lamps on the monitor display when the winch is lifting 90% and 100% of the Safe Working Load (SWL), respectively. Additionally, hoisting and trolley-out motions are stopped and brakes are applied at 103% of the SWL.",3156.4732000697404,7588,,6362,e78446cd6106bff13b1e014985038ec213adf17d46406ddd41956dab7b9e6c84,OK,
unidoc_construction_0198,MISS_AT_9,E6,PRIMARY_224,6,6,"The part in the KROLL GIANT CRANES setup responsible for avoiding excessive load is the overload device. It includes features such as the load chart entered into the PLC, warning lamps indicating 90% and 100% of the Safe Working Load (SWL), and stopping hoisting and trolley-out motions with brakes applied at 103% of SWL.",1986.610500025563,10327,,8976,cd55644bc7a2fa3d2f64582f2dff189f6c73555f0c52e346bba820b66bab9f64,OK,
unidoc_construction_0198,MISS_AT_9,E9,PRIMARY_224,9,9,"The part in the KROLL GIANT CRANES setup responsible for avoiding excessive load is the overload device. It is mentioned that the load chart for the crane is entered into the PLC, and the display shows the Safe Working Load (SWL) compared to the trolley radius. A yellow warning lamp indicates 90% of SWL, a red warning lamp indicates 100% of SWL, and hoisting and trolley-out motions are stopped and brakes applied at 103% of SWL.",5447.683300008066,13090,,11612,96d8eed7b04dc615eba90463d4d8ed3551985d738deea2c2afa455928a8e0b07,OK,
unidoc_construction_0199,MISS_AT_3_HIT_AT_6,E3,PRIMARY_224,3,3,"Before each operation, the following checks should be performed for the chainsaw:

1. Check chain tension before first use, after 1 minute of operation, and each time before you start the chainsaw.
2. Ensure the chain brake is functioning properly. This involves two procedures:
   - With the engine running, grip the rear handle with your right hand and the front handle with your left hand. Apply full throttle and activate the chain brake by turning your left wrist against the hand guard without releasing your grip. The chain should stop immediately.
   - With the engine off, hold the chainsaw approximately 14 inches (35 cm) above a stump or wooden surface. Release your grip on the front handle and let the tip of the guide bar fall forward to contact the surface. The brake should activate when the tip hits the surface.
3. Make sure the chain brake is disengaged when cutting.
4. Check that the chain brake is not worn to less than 0.020 ″ (0.5 mm) thick. If it is, it should be replaced by an authorized service dealer.
5. Ensure the chain is free of dirt and sand, as these can dull the chain and increase the possibility of kickback.
6. Verify that the saw is not damaged, improperly adjusted, or not completely and securely assembled.
7. Confirm that all handles are dry, clean, and free of oil or fuel mixture.
8. Ensure fuel and oil caps, screws, and fasteners are securely tightened.
9. Make sure the work area is clear, with secure footing and a planned retreat path if felling trees.",8735.115999937989,10849,,9640,65b09ea479ae0c05a08b41a63f46e0c95cc900a2dc42a6a97ac295f4ab162485,OK,
unidoc_construction_0199,MISS_AT_3_HIT_AT_6,E6,PRIMARY_224,6,6,"Before each operation, the following checks should be performed for the chainsaw:

1. Check chain tension before first use, after 1 minute of operation, and each time before you start the chainsaw. 

2. Ensure the chain brake is functioning properly. The chain brake must be checked several times daily. The engine must be running when performing this procedure. Place the saw on firm ground, grip the rear handle with your right hand and the front handle with your left hand, apply full throttle by fully depressing the throttle trigger, and activate the chain brake by turning your left wrist against the hand guard without releasing your grip around the front handle. The chain should stop immediately.

3. Check the inertia-activated chain brake by holding the chainsaw approximately 14 inches (35 cm) above a stump or other wooden surface, releasing your grip on the front handle, and using the weight of the saw to let the tip of the guide bar fall forward and contact the stump. When the tip of the bar hits the stump, the brake should activate.

4. Ensure the ON/STOP switch functions properly by moving the switch to the STOP position and making sure the engine stops; then restart the engine and continue.

5. Check for any signs of damage or leaks in the fuel tank and oil tank.

6. Check for loose fasteners and parts, including bar nuts, chain, muffler, cylinder shield, air filter, handle screws, vibration mounts, starter housing, and front hand guard.

7. Check chain sharpness. A sharp chain makes wood chips, while a dull chain makes a sawdust powder and cuts slowly.

8. Check the condition of the guide bar. If the saw cuts to one side or at an angle, if the saw has to be forced through the cut, or if there is an inadequate supply of oil to the bar/chain, the guide bar may need maintenance. After each use, clean all sawdust from the guide bar and sprocket hole.

9. Check the fuel mixture level.

10. Ensure the lubrication system is functioning properly. The bar and chain require continuous lubrication provided by the automatic oiler system when the oil tank is kept filled.

11. Inspect and clean the unit and decals after each use. Wipe off the unit with a clean dry cloth.

12. Clean the air filter after 10 tanks of fuel or 5 hours of operation, whichever comes first. Replace the air filter with a new one after every 50 hours of operation or annually, whichever comes first.",14731.227800017223,20468,,19134,bc9360ec6d223c179073a8d4db2f4117060051344598e1c504f4139c8b2d7bb0,OK,
unidoc_construction_0199,MISS_AT_3_HIT_AT_6,E9,PRIMARY_224,9,9,"Before each operation, the following checks should be performed for the chainsaw:

1. Check chain tension before first use, after 1 minute of operation, and each time before you start the chainsaw.
2. Check the chain brake several times daily. This involves placing the saw on firm ground with the engine running, gripping the rear and front handles, applying full throttle, and activating the chain brake by turning your left wrist against the hand guard without releasing your grip around the front handle. The chain should stop immediately.
3. Check for loose fasteners and parts, including bar nuts, chain, muffler, cylinder shield, air filter, handle screws, vibration mounts, starter housing, and front hand guard.
4. Check for damaged or worn parts and replace them if necessary.
5. Check the fuel mixture level.
6. Check bar lubrication.
7. Check chain sharpness.
8. Check for loose caps.
9. Inspect and clean the bar, complete saw, air filter, chain brake, spark arresting screen, and muffler.
10. Ensure the ON/STOP switch functions properly by moving it to the STOP position and making sure the engine stops.
11. Check the fuel tank for signs of damage or leaks.
12. Check the oil tank for signs of damage or leaks.",8196.762599982321,28228,,26767,a2a98707efd0ed3c46b3242961f4b578cbe342090a20b24c43d32ad15aee90bf,OK,
unidoc_crm_0001,MISS_AT_9,E3,PRIMARY_224,3,3,The information regarding used beverage containers and the BOAA's collection event is not supported by the currently retrieved evidence.,761.055100010708,6755,,5507,5ed02187936bd7353b830f9db68276334daa969f3e776659c4f0a678c5eaf42c,OK,
unidoc_crm_0001,MISS_AT_9,E6,PRIMARY_224,6,6,The information regarding used beverage container collection events is not supported by the currently retrieved evidence.,1963.4511000476778,11136,,9763,2e0030ed75c56bf1e6ed3d29217b6899190cdb37ebca350e79a0a5ecd173fe47,OK,
unidoc_crm_0001,MISS_AT_9,E9,PRIMARY_224,9,9,"The provided information does not mention any details about the BOAA's collection event for used beverage containers, including the hours or locations for such an event.",1771.096199983731,15575,,14077,f85c4bd898552c6daf8889751d3850685f095bea66b518f5309b79a774e8f791,OK,
unidoc_crm_0008,MISS_AT_3_HIT_AT_6,E3,PRIMARY_224,3,3,"The study conducted at the Jakarta Nahdlatul Ulama Board found that perceived political behavior in organizations has no effect on organizational commitment. Additionally, it was found that impersonal trust positively affects organizational commitment, but it does not moderate the influence of perceived organizational politics on organizational commitment.",2299.9675000319257,8420,,7116,ed141a3344f023526aab4b72a920b934d21f8eca33645af5cfb75acc111383dc,OK,
unidoc_crm_0008,MISS_AT_3_HIT_AT_6,E6,PRIMARY_224,6,6,"The study conducted at the Jakarta Nahdlatul Ulama Board found that perceived political behavior in organizations has no effect on organizational commitment. Additionally, it was found that impersonal trust positively affects organizational commitment, but it does not play a role in moderating the influence of perceived organizational politics on organizational commitment.",1805.5413999827579,15797,,14370,246f09bf7a2ea18229766b65e46b6abf78ef0cefb26d96e9aea57a4edf5cc171,OK,
unidoc_crm_0008,MISS_AT_3_HIT_AT_6,E9,PRIMARY_224,9,9,"The study conducted at the Jakarta Nahdlatul Ulama Board found that perceived organizational politics has no effect on organizational commitment. Additionally, it was found that impersonal trust positively affects organizational commitment. However, impersonal trust does not play a role in moderating the influence of perceived organizational politics on organizational commitment.",3813.4803998982534,25357,,23803,3d03c80061a31dfce4281ef28a856a3c731b70f1d476938a7dfdc8018f920f3f,OK,
unidoc_crm_0012,MISS_AT_6_HIT_AT_9,E3,PRIMARY_224,3,3,"The Reeboc system uses k-means clustering to organize emojis into different groups based on chat-derived emotion analysis. It combines machine learning and k-means clustering to analyze the conversation of a chat, extract different emotions or topics, and recommend emojis that represent various contexts to the user.",1559.593699988909,11802,,10545,9bdb8a66e40e3ae18d45d61db1e2454c60ebcdf243899c9b68e9889d47230f0d,OK,
unidoc_crm_0012,MISS_AT_6_HIT_AT_9,E6,PRIMARY_224,6,6,"The Reeboc system uses a combination of machine learning and k-means clustering to organize emojis into different groups based on chat-derived emotion analysis. The system analyzes the conversation of a chat, extracts different emotions or topics, and recommends emojis that represent various contexts to the user. The context analyzer clusters the output vectors from the LSTM model through k-means clustering, using cosine similarity as the distance measure. Each cluster represents a distinct context or emotion, and emojis are recommended based on these clusters.",3539.4713000860065,22074,,20692,3c686fd91e4bbd8a70e0d033d1992851811c3da18ccb3578e558dbbfff108964,OK,
unidoc_crm_0012,MISS_AT_6_HIT_AT_9,E9,PRIMARY_224,9,9,"The Reeboc system uses k-means clustering to organize emojis into different groups based on chat-derived emotion analysis. The system clusters output vectors from an LSTM model, which analyzes the conversation context, to identify distinct emotions or topics. Each cluster represents a specific context or emotion, and emojis are recommended based on the cosine similarity between the cluster centroid and emoji vectors.",3602.8505000285804,33373,,31862,d1a549a10b9ce164eefc7b96f581e29332fd7f51ab398b241345cd98ead83139,OK,
unidoc_crm_0022,MISS_AT_3_HIT_AT_6,E3,PRIMARY_224,3,3,The information regarding the day on which Calero's analytics indicated the highest number of calls is not supported by the currently retrieved evidence.,1062.4155000550672,4152,,2944,79c49272dc61a1ea657889e04975bc5ea7baaba8d66101ad684e7a1df6ee5274,OK,
unidoc_crm_0022,MISS_AT_3_HIT_AT_6,E6,PRIMARY_224,6,6,The provided text does not include any information about the specific day on which Calero's analytics indicated the highest number of calls.,1038.0624000681564,9878,,8547,a8e2831d89a621f2a8c83074ba3bf7ea9c0d1949ee2808933d46e7bca8a4858e,OK,
unidoc_crm_0022,MISS_AT_3_HIT_AT_6,E9,PRIMARY_224,9,9,The information is not supported by the currently retrieved evidence.,759.3598999083042,13831,,12377,0445925a915b046c919a01ee2555a21cb33ae042a632cd655824a40948ed3b1d,OK,
unidoc_crm_0031,MISS_AT_9,E3,PRIMARY_224,3,3,The document does not provide a specific percentage of users who refused the 'Publish to Stream' option in the Firefox add-on.,1092.5221999641508,13025,,11739,390b23a8fb0c81e1d779fc8dd12ea648dfa60171a8064915fc5263927d147d44,OK,
unidoc_crm_0031,MISS_AT_9,E6,PRIMARY_224,6,6,The provided text does not specify the percentage of users who refused the 'Publish to Stream' option in the Firefox add-on.,721.3033000007272,21454,,20041,c0b22306d36b9a7041f4c7cabc2ed2673b7f070d7d01da4c6580a1c8ee0a63b7,OK,
unidoc_crm_0031,MISS_AT_9,E9,PRIMARY_224,9,8,The provided document does not specify the percentage of users who refused the 'Publish to Stream' option in the Firefox add-on.,1525.066199945286,31144,,29606,aa1f10fbb0829360c544b30d9f0c909e0d2d74e1ab6000b72ef1c4f314a7ef5d,OK,
unidoc_crm_0032,MISS_AT_3_HIT_AT_6,E3,PRIMARY_224,3,3,"The highest level of concurrency (maximum degree of parallelism) in the BPMN process for hiring employees varies depending on the version of the process. In the final version of the process (V3), the maximum degree of parallelism fluctuates between 3 and 4.",1887.4383000656962,6971,,5741,70f1af0c0257f5c675c347abd45d30cd5df9ece4a128fad807c0842edfecdfa3,OK,
unidoc_crm_0032,MISS_AT_3_HIT_AT_6,E6,PRIMARY_224,6,6,"The highest level of concurrency, or the maximum degree of parallelism, in the BPMN process for hiring employees varies depending on the version of the process. In the third version of the process, the degree of parallelism is 3 for both the top and bottom parts of the workflow. However, in the final version of the process, the maximum degree of parallelism fluctuates between 3 and 4. This variation is due to the optimization of certain tasks, such as executing the ""ask additional documents"" task in parallel with the rest of the final activities, which increases the degree of parallelism in that part of the workflow to 4.",4151.088200043887,15460,,14105,2f6aea8e00c9b4638ca8281275686684fe5c49c9f208dad0607708e485b9a0e7,OK,
unidoc_crm_0032,MISS_AT_3_HIT_AT_6,E9,PRIMARY_224,9,9,"The highest level of concurrency, or the maximum degree of parallelism, in the BPMN process for hiring employees varies depending on the version of the process. In the final version of the process (V4), the maximum degree of parallelism fluctuates between 3 and 4. In earlier versions, the degree of parallelism was lower, with the initial version having a degree of 2 and subsequent versions showing improvements by increasing the degree of parallelism through process optimizations.",3366.7205000529066,20829,,19347,39a41978c30b1511be51c12595e6f6f41c69851d59126f711ef19a60cebffd1d,OK,
unidoc_crm_0059,MISS_AT_6_HIT_AT_9,E3,PRIMARY_224,3,3,"The connection of cognitive capabilities and machine learning elements influences the functioning of reporting interfaces in the cloud architecture by enabling the recommendation engine to process and analyze social interactions. This includes determining the semantic meaning of social interactions, computing users' social influence, generating personalized incentives, and calculating rewards based on social behavior and past referrals. The results of these cognitive and machine learning processes are stored in a NoSQL database and subsequently used by the Reporting Dashboard to create dashboards for management teams. These dashboards assess the effectiveness of the referral system by measuring statistics such as the number of newly added customers and the number of rewards processed.",4290.7009000191465,7816,,6504,ab3a6d66d37283e63ae4a48f5a04d9cdc901209ed57fd64ca559babc8a264467,OK,
unidoc_crm_0059,MISS_AT_6_HIT_AT_9,E6,PRIMARY_224,6,6,"The connection of cognitive capabilities and machine learning elements in the cloud architecture influences the functioning of reporting interfaces by enabling the generation of recommendation information, such as successful referrals, customer social influence value, credibility, personalized offers, and incentives. This information is stored in a NoSQL database and subsequently used by the reporting dashboard to create dashboards for management teams to assess the effectiveness of the referral system.",2598.63000002224,13106,,11669,477e5edc94943c5f2751b3537650e0c0201e671e1192ccfa87c05df828669751,OK,
unidoc_crm_0059,MISS_AT_6_HIT_AT_9,E9,PRIMARY_224,9,9,"The connection of cognitive capabilities and machine learning elements influences the functioning of reporting interfaces in the cloud architecture by enabling the system to process and analyze Facebook user activities. Specifically, these capabilities are used to determine the semantic meaning of social interactions, compute users' social influence, and generate personalized incentives and offers based on social behavior and past referrals. The results of these analyses are stored in a NoSQL database and subsequently used by the reporting dashboard to create dashboards for management teams. These dashboards assess the effectiveness of the referral system by measuring statistics such as the number of newly added customers and the number of rewards processed.",4056.0553999384865,19158,,17594,b55b040b69e66a01c979f5ef128680bbe7821c551323f75285cc275c86f493bc,OK,
unidoc_crm_0080,MISS_AT_3_HIT_AT_6,E3,PRIMARY_224,3,3,The provided text does not specify which social networks are commonly utilized by charitable organizations for their digital strategy enhancements based on 2019 trends.,917.2429000027478,7098,,5828,6065e6f78de3eaf290d0640d99112bd03e6a56c718ced4d36fb0bc17cc438c4c,OK,
unidoc_crm_0080,MISS_AT_3_HIT_AT_6,E6,PRIMARY_224,4,4,The provided text does not specify which social networks are commonly utilized by charitable organizations for their digital strategy enhancements based on 2019 trends.,1104.1730999713764,11075,,9764,54b4462f0c6ca5ba7b59858cd7b075bc862c4e0960721fa258583e735ce87d4d,OK,
unidoc_crm_0080,MISS_AT_3_HIT_AT_6,E9,PRIMARY_224,4,4,The provided text does not specify which social networks are commonly utilized by charitable organizations for their digital strategy enhancements based on 2019 trends.,1279.8926000250503,11075,,9764,54b4462f0c6ca5ba7b59858cd7b075bc862c4e0960721fa258583e735ce87d4d,OK,
unidoc_crm_0082,MISS_AT_3_HIT_AT_6,E3,PRIMARY_224,3,3,"The PLM (Product Lifecycle Management) framework addresses the challenges of complexity for e-mobility offerings within smart energy solutions by providing an integrated product development and implementation approach. This framework supports the configuration of innovation and product management for energy service providers, enabling them to develop and implement new innovative Smart Energy Products faster and with higher quality. It ensures the appropriate management of multi-lifecycle environments, integrates organizational interfaces between departments and external value chain partners, and supports the development of a modular product structure through a well-defined product architecture. Additionally, it includes an IT-architecture that supports decision-making, operational processes, and the integration of supplemental business applications, which is essential for managing product-service-systems in the utility industry.",4270.195599994622,8652,,7385,65d6a0a4e1df30fb3e8569d363bd86b0579aec19579e39f25bc5af8b67eba8b2,OK,
unidoc_crm_0082,MISS_AT_3_HIT_AT_6,E6,PRIMARY_224,6,6,"The PLM (Product Lifecycle Management) framework addresses the challenges of complexity for e-mobility offerings within smart energy solutions by providing an integrated product development and implementation approach tailored for energy service providers. This framework is designed to manage the increasing complexity and diversity of product-service systems (PSS) in the utility industry, particularly in the context of e-mobility. Key aspects of the PLM framework include:

1. **PLM Strategy**: Aligns innovation and marketing strategies with the overall PLM strategy to synchronize product development, market management, and retirement processes. It ensures a strong link to customer needs and lifecycle-oriented product and project portfolio management.

2. **PLM Process**: Adapts to the changing requirements of the utility industry by introducing PLM process variants according to innovation levels. It supports agile processes for the development of various innovations, such as energy tariffs and complex e-mobility products and services.

3. **Product Architecture**: Defines a modular product structure that enables simplification, cost optimization, and sustainability through the reuse of production and service modules. It supports a clear definition of products across performance, process, and physical levels, ensuring consistency and reducing technical variance.

4. **PLM IT Architecture**: Provides the necessary IT support for efficient PLM process implementation. It supports decision-making, operational processes, and integration of supplemental business applications, reusing or customizing existing IT components as much as possible.

By integrating these dimensions, the PLM framework helps energy service providers manage the complexity of e-mobility offerings, streamline product development, and enhance innovation while reducing costs and time-to-market.",10142.447699909098,15610,,14220,f136dbb0fd5caa5ef4e7672b380ce6916e282a6488d14bf7b0d6f6cda26bc0a1,OK,
unidoc_crm_0082,MISS_AT_3_HIT_AT_6,E9,PRIMARY_224,9,9,"The PLM (Product Lifecycle Management) framework addresses the challenges of complexity for e-mobility offerings within smart energy solutions by providing an integrated product development and implementation approach tailored for energy service providers. This framework is designed to manage the increasing complexity and variety of product-service systems (PSS) in the utility industry, particularly in the context of e-mobility. Key aspects of how the PLM framework addresses these challenges include:

1. **PLM Strategy**: Aligns innovation and marketing strategies with the overall PLM strategy to synchronize product development, market management, and retirement processes. It ensures a strong link to customer needs and lifecycle-oriented product and project portfolio management, enabling utility companies to adapt their product portfolios quickly to market dynamics.

2. **PLM Process**: Adapts to the changing requirements of product development, especially for complex product-service systems. It supports the development of various innovations, including incremental innovations like energy tariffs and more complex innovations in e-mobility. The framework emphasizes the design of PLM process variants and agile processes to handle the development of diverse innovations efficiently.

3. **Product Architecture**: Addresses the need for modular product structures to simplify development, reduce technical variance, and enable re-use of production and service modules. This leads to cost optimization, sustainability, and faster time-to-market for products and services. For e-mobility, the product architecture considers the integration of components like charging stations and their functionalities.

4. **PLM IT-Architecture**: Provides the necessary IT support to implement efficient PLM processes. It supports decision-making, operational processes, and the integration of supplemental business applications. The framework suggests reusing or customizing existing IT components to support the development and management of product-service systems in the utility industry.

By integrating these dimensions, the PLM framework enables energy service providers to develop and implement innovative Smart Energy Products faster and with higher quality, effectively managing the complexity and variety inherent in e-mobility offerings.",10650.629899930209,23118,,21605,451f258d83c0ca27614d6d3bbee93739d1536f0c0343db2527469cd2c6710345,OK,
unidoc_crm_0086,MISS_AT_3_HIT_AT_6,E3,PRIMARY_224,3,3,"The step-by-step tasks outlined in version 4 of the BPMN for recruiting a new staff member are not explicitly described in the provided text. The information given discusses the optimization of the hiring process through different versions of the BPMN, focusing on the timed degree of parallelism and execution time improvements. However, the specific step-by-step tasks for version 4 are not detailed in the text provided.",3477.1607000147924,6987,,5741,b092075db55edfd788978b3a3a27ad165612aafd1aac2bec75c8a44724484d21,OK,
unidoc_crm_0086,MISS_AT_3_HIT_AT_6,E6,PRIMARY_224,6,6,"The provided text does not explicitly list the step-by-step tasks outlined in version 4 (V4) of the BPMN for recruiting a new staff member. It discusses the optimization of the BPMN process for employee hiring and mentions the existence of a fourth version (V4) in the context of figures and process improvements, but it does not provide a detailed list of the tasks involved in V4. Therefore, based on the given information, it is not possible to list the step-by-step tasks for version 4 of the BPMN for recruiting a new staff member.",3358.4694999735802,14295,,12922,dd4cc4aa699a5013e00dee2702922b3a735c9d77f31764d3ca2a1b82e06e2a6f,OK,
unidoc_crm_0086,MISS_AT_3_HIT_AT_6,E9,PRIMARY_224,9,9,"The step-by-step tasks outlined in version 4 (V4) of the BPMN for recruiting a new staff member are not explicitly listed in the provided text. The text discusses the optimization of the hiring process and the calculation of the degree of parallelism for different versions of the BPMN process, but it does not provide a detailed list of the step-by-step tasks for version 4.",4221.184000023641,21657,,20159,4b02a09fa073ef49df22d6a5c36b05b401ef0ed9674a7c542751df7ab40cc470,OK,
unidoc_crm_0090,MISS_AT_3_HIT_AT_6,E3,PRIMARY_224,3,3,The information about the specific computing journal in which Murata and Moriyasu's 2008 research on link prediction was published is not supported by the currently retrieved evidence.,1310.3326000273228,6420,,5180,1c69b624ddc4c35d0bb7cab5938754d0370294c4ed89cd76273038d41b46d0fe,OK,
unidoc_crm_0090,MISS_AT_3_HIT_AT_6,E6,PRIMARY_224,6,6,"Murata and Moriyasu's research on link prediction was published in the journal ""New Generation Computing.""",1222.8573000757024,12920,,11555,c87261eab82e90a3d842e54aa3f50152cbd9feeff40ebac4505d669579d9f384,OK,
unidoc_crm_0090,MISS_AT_3_HIT_AT_6,E9,PRIMARY_224,9,9,"Murata and Moriyasu's research on link prediction was published in the journal ""New Generation Computing.""",3583.113000029698,18103,,16615,6476941730202e0f3ed80bce65f8a9badabbd0661c3c64bf38f47e2c836b2db7,OK,
unidoc_crm_0100,MISS_AT_9,E3,PRIMARY_224,3,3,The visa application in the hiring workflow described using BPMN takes 2 weeks on average to process.,757.396399974823,6983,,5741,71191a1d100ca35f8a1fda0d4360dcaa7f3697e30f7f07fea0b4671331c7e7c4,OK,
unidoc_crm_0100,MISS_AT_9,E6,PRIMARY_224,6,6,The visa application in the hiring workflow described using BPMN takes 2 weeks on average.,1039.592800079845,14080,,12715,4d1992cc735e1acbdd647dcfe8c086a0c3a97dd98b782bc2f9c1605ee89b26e8,OK,
unidoc_crm_0100,MISS_AT_9,E9,PRIMARY_224,9,9,The visa application in the hiring workflow described using BPMN takes 2 weeks on average.,1318.2847000425681,21952,,20462,e2910f25bdb2e39423d38b1358b7eecc37338df724051a16cb32157419bde95a,OK,
unidoc_crm_0104,MISS_AT_3_HIT_AT_6,E3,PRIMARY_224,3,3,"According to the Mirai botnet example, the infection during a security breach in a smart home setup with a video camera originates from a single vulnerable device. This device can serve as the entry point for a cybercriminal to access the whole network, potentially compromising other devices such as webcams, computers, and house alarm systems.",2131.579600041732,10379,,9102,461b2da78866d669aae27c88157281ed408d462276af48e78f7aa8fc518ad4f2,OK,
unidoc_crm_0104,MISS_AT_3_HIT_AT_6,E6,PRIMARY_224,6,6,"According to the Mirai botnet example in the document, the infection originates from a single vulnerable device within the smart home setup. This device acts as the entry point for the cybercriminal to access the entire network, including the video camera and other connected devices.",1967.3370000673458,15828,,14428,ded985203568c41f90ed79b78cebc2c7a87ed1baf0c148ed6a45eb6d80f13a53,OK,
unidoc_crm_0104,MISS_AT_3_HIT_AT_6,E9,PRIMARY_224,8,8,"According to the Mirai botnet example provided in the document, the infection originates from a single vulnerable device within the smart home setup. This device can serve as the entry point for a cybercriminal to access the whole network, including the video camera and other connected devices.",3238.4788999333978,21620,,20138,dbf914877ead7775dc254a7a974e825f2a4b62bb46c8933d56549bc950a29f59,OK,
unidoc_crm_0106,MISS_AT_3_HIT_AT_6,E3,PRIMARY_224,3,3,"The Bosch codepad communicates through sounds such as beeps and specific tones to indicate the status or result of actions performed. For example:

- Three beeps sound when an output is successfully turned on.
- Two beeps sound when an output is turned off.
- One long beep from the codepad and one short beep from the horn speaker indicate a zone has been activated during testing in Walk Test Mode.
- The codepad beeps once every second while in Walk Test Mode to indicate the system is in test mode.

These sounds help users understand the outcome of their actions or the current system status without visual confirmation.",3371.6626000823453,11494,,10266,c5e4c6c7b19405c0f239d284efe0dbdf0d22433b5127dc10298b76c3af2f533e,OK,
unidoc_crm_0106,MISS_AT_3_HIT_AT_6,E6,PRIMARY_224,6,6,"The Bosch codepad communicates through a series of beeps to signify different actions and system states. Here's how it works:

1. **Three beeps** sound when an output is turned on.
2. **Two beeps** sound when an output is turned off.
3. **Three beeps** also sound when entering the function to turn outputs on or off, and **two beeps** sound when exiting this function.
4. **Two beeps** sound during a Bell Test or when resetting latching outputs.
5. **Three beeps** sound during a Strobe Test to initiate flashing, and **two beeps** sound to stop the strobe.
6. **One long beep** and a **short beep from the horn speaker** indicate a zone was activated during a Walk Test.
7. **One beep every second** indicates that Walk Test Mode is active.
8. **One short beep every minute** indicates a system fault waiting to be acknowledged.
9. **One short beep** indicates a button was pressed or the end of exit time in STAY Mode.
10. **Two short beeps** indicate the system accepted a code.
11. **Three short beeps** indicate a requested function was executed.
12. **One long beep** indicates the end of exit time in AWAY Mode or that a requested operation was denied or aborted.

These sounds help users understand the status and responses of the system without visual confirmation.",8084.866699995473,20010,,18655,773a96a4446ffbf4fe55b19c8aa63ed961c56a8ca3d20671177b4ebf32a985ce,OK,
unidoc_crm_0106,MISS_AT_3_HIT_AT_6,E9,PRIMARY_224,9,9,"The Bosch codepad communicates through a series of beeps to signify different actions and system states. According to the document:

- Three beeps sound when an output is turned on.
- Two beeps sound when an output is turned off.
- One short beep indicates a button was pressed on the codepad or the end of exit time when armed in STAY Mode.
- Two short beeps indicate the system accepted a code.
- Three short beeps indicate the requested function was executed.
- One long beep indicates the end of exit time when armed in AWAY Mode or that the requested operation was denied or aborted.
- One beep every second indicates Walk Test Mode is active or a warning before automatic arming takes place.
- One short beep every minute indicates a system fault is waiting to be acknowledged.

These beeps serve as audible feedback to the user, confirming the execution of commands and alerting the user to system status or faults.",7346.12660005223,29116,,27634,1b95eca779a1bda67cfa2d2f1761c84990d04038e660aa4a34791f3449142374,OK,
unidoc_crm_0112,MISS_AT_6_HIT_AT_9,E3,PRIMARY_224,3,3,"The detailed query coverage information indicates that changes in SQL query coverage led to an increase in coverage in the reduced database compared to the original database. Specifically, the coverage increased from 47.57% to 51.31%, and the mutation score slightly decreased from 63.43% to 63.04%. The increase in coverage is attributed to the removal of many rows during the reduction process, which created situations where some rows in a master table lacked related rows in the detail table, thereby improving coverage for rules intended to measure join coverage.",4030.345999985002,10844,,9555,85f3678fc4e76f8c1fb0204c668b41adc734b3c758e4ae20adb0e9d516064b2f,OK,
unidoc_crm_0112,MISS_AT_6_HIT_AT_9,E6,PRIMARY_224,6,4,"The changes in SQL query coverage led to an increase in coverage in the reduced HR database. Specifically, the coverage increased from 47.57% to 51.31% after the reduction process. This increase is attributed to the removal of many rows during the reduction, which created situations where some rows in a master table lacked related rows in the detail table, thereby fulfilling coverage rules intended to measure the coverage of joins.",2827.8386000311,18604,,17192,7d251db06703eb70a63f1e46851940fdcffece1e05c1a07403e21ae26b945b1d,OK,
unidoc_crm_0112,MISS_AT_6_HIT_AT_9,E9,PRIMARY_224,9,6,"The changes in SQL query coverage influenced the percentage decrease in the HR database by increasing the coverage in the reduced database. This increase in coverage was due to the reduction process removing many rows, which created situations where there were rows in a master table without any related rows in the detail table. This led to an increase in coverage, as these situations were not covered in the original database. The coverage increased from 47.57% to 51.31%, and the mutation score decreased by less than 0.5%, indicating that the reduced database maintained a very similar fault detection ability to the original database.",4578.825099975802,28219,,26684,a264dea0625f658d688a29874c5e8b8bf52ff71213e7d7ddeed66debf4b04f92,OK,
unidoc_crm_0138,MISS_AT_3_HIT_AT_6,E3,PRIMARY_224,3,3,The provided document does not mention any Office 365 components that remain unbacked by Barracuda's Cloud-to-Cloud Backup.,914.9526000255719,7127,,5859,c4521fdfb1c6ea0cd9557d550d37643f06414f9a23a564b2b3975d41431d7981,OK,
unidoc_crm_0138,MISS_AT_3_HIT_AT_6,E6,PRIMARY_224,6,6,The provided text does not mention any Office 365 components that remain unbacked according to the Cloud-to-Cloud sources from Barracuda's technical overview.,1293.1168000213802,14557,,13166,a0202283ebb565d6aa37523a231d6a08ef0411e9977e5b7ad40b42f4faff4c61,OK,
unidoc_crm_0138,MISS_AT_3_HIT_AT_6,E9,PRIMARY_224,7,7,"The provided document does not mention any Office 365 components that remain unbacked by Barracuda's Cloud-to-Cloud Backup. It outlines the components that are backed up, such as Exchange Online, SharePoint Online, and OneDrive for Business, but does not specify any components that are excluded or unbacked.",3553.076999960467,16217,,14785,b1564162ae2c85d5457451a7cd2ef536d1c6d828861309d5fe550bccae3942b4,OK,
unidoc_crm_0162,MISS_AT_6_HIT_AT_9,E3,PRIMARY_224,3,3,"The information regarding specific times recorded for the task ""order set items"" within the process shipment sequence from February to March 2008 is not supported by the currently retrieved evidence.",1335.6071999296546,11103,,9824,2262f57e822b77461b0f7a8a33d9cc1037fa4782090ebcc55a743e073f7f2779,OK,
unidoc_crm_0162,MISS_AT_6_HIT_AT_9,E6,PRIMARY_224,6,6,The information provided in the text does not include specific times recorded for the task 'order set items' within the process shipment sequence from February to March 2008.,1354.2678999947384,20239,,18837,42397351125fddada9ca71048901e6c66a95e426418ca65fc846fbd33d2538e8,OK,
unidoc_crm_0162,MISS_AT_6_HIT_AT_9,E9,PRIMARY_224,9,9,The information requested is not supported by the currently retrieved evidence. The provided text does not list specific times recorded for the task 'order set items' within the process shipment sequence from February to March 2008.,2051.568099996075,29926,,28397,5dba75b39aa999da6d48f53211b985d98a5f41a26f80648b0efeffc180ebd264,OK,
unidoc_crm_0168,MISS_AT_9,E3,PRIMARY_224,3,3,The provided text does not specify the cost of the Owner's Manual for an Independent Dealer.,895.4167999327183,8956,,7722,a47066ecf65a18a1bb9e0defc691f49ce0401fe0df3b49932b8dcd3b0dd97e35,OK,
unidoc_crm_0168,MISS_AT_9,E6,PRIMARY_224,6,6,The provided text does not specify the cost of the Owner's Manual for an Independent Dealer.,571.1177999619395,15106,,13745,30022e81d29c1fe64ed3a0943fc62dda0d5591460f17dcaaa7c58eb0b2f7d574,OK,
unidoc_crm_0168,MISS_AT_9,E9,PRIMARY_224,9,9,The provided text does not specify the cost of the Owner's Manual for an Independent Dealer.,1147.559600067325,19141,,17653,27879d70f7c182325fd35aee0928b75a2e378af66c218b634b542e015235fc77,OK,
unidoc_crm_0174,MISS_AT_3_HIT_AT_6,E3,PRIMARY_224,3,3,"According to the IBM Center's findings, big data and thick data play complementary roles in enhancing public communication strategies. Big data provides scale by offering insights that are generalizable to a large population, while thick data adds depth by identifying what stakeholders care about and painting a holistic picture of their experiences. By integrating big data and thick data (referred to as ""mixed analytics""), public communication strategies can be more effective and relevant. For example, the APHIS case study shows how thick data informed the design of a tailored social marketing campaign, and the LA Express Park program used mixed analytics to implement dynamic pricing and mobile app features based on both quantitative and qualitative insights. The report emphasizes that combining these data types allows for both scale and depth in understanding and addressing public needs.",5982.639999943785,11321,,10047,caa4bbbfc66c08271ed296554010809f79d443b2fa698b93f81f71088d2dbfe6,OK,
unidoc_crm_0174,MISS_AT_3_HIT_AT_6,E6,PRIMARY_224,4,4,"According to the IBM Center's findings on government services, big data and thick data play complementary roles in enhancing public communication strategies. Big data provides scale by offering insights that are generalizable to a large portion of or an entire population, while thick data adds depth by identifying what stakeholders care about and painting a holistic picture of their experiences. The integration of both, referred to as mixed analytics, can improve communication by revealing which messages resonate most with citizens and by enabling data scientists to understand the context and challenges of stakeholders. The report recommends combining big and thick data to improve communication, emphasizing that the most effective targeted marketing campaigns result from data scientists who understand both their data and the context in which it is used.",4047.3827000241727,14682,,13367,fe05fc4bb0043e1966a99853aa15efd6a0d08ba9f660fcf2d41477c64be6562a,OK,
unidoc_crm_0174,MISS_AT_3_HIT_AT_6,E9,PRIMARY_224,4,4,"According to the IBM Center's findings, big data and thick data play complementary roles in enhancing public communication strategies. Big data provides scale by offering insights that are generalizable to a large portion of or an entire population, while thick data adds depth by identifying what stakeholders care about and painting a holistic picture of their experiences. The integration of both, referred to as mixed analytics, can improve communication by revealing which messages resonate most with citizens and by enabling data scientists to understand the context and challenges of stakeholders. This combination allows for more effective targeted marketing campaigns and better-informed public services delivery.",3236.498999991454,14682,,13367,fe05fc4bb0043e1966a99853aa15efd6a0d08ba9f660fcf2d41477c64be6562a,OK,
unidoc_crm_0181,MISS_AT_3_HIT_AT_6,E3,PRIMARY_224,3,3,The provided document evidence does not mention any features defining the product setup of Yewdale Vitesse that utilizes a purple theme.,829.7871999675408,1684,,461,92cd18f83542fb4a6fef73c243e8a23c02ed662ca39c3139dfda9eb57dabdfda,OK,
unidoc_crm_0181,MISS_AT_3_HIT_AT_6,E6,PRIMARY_224,6,6,The retrieved evidence does not mention any features related to a purple theme for the product setup of Yewdale Vitesse.,1224.6909000677988,4601,,3255,d4d3415e37debc3393daf71e4f133ad21ecf12590d31e5baa7cdff0e89460592,OK,
unidoc_crm_0181,MISS_AT_3_HIT_AT_6,E9,PRIMARY_224,8,8,The retrieved evidence does not provide information about features defining the product setup of Yewdale Vitesse that utilizes a purple theme.,1018.4624999528751,5452,,4024,41e61ebb1cae120a86632d1979be043592eb479b1dad847446c686e463a6527f,OK,
unidoc_crm_0185,MISS_AT_3_HIT_AT_6,E3,PRIMARY_224,3,3,The information is not supported by the currently retrieved evidence.,431.4425999764353,1593,,368,d6fb88d2e811334ff2fa4476dc5e6c68c884faae8dbd8738587e8b1a8f6e9b20,OK,
unidoc_crm_0185,MISS_AT_3_HIT_AT_6,E6,PRIMARY_224,6,6,The information is not supported by the currently retrieved evidence.,490.45610008761287,3939,,2591,d38a46df8f7ac20331d2139f105fca04942d581b47942c434ba09b1af7e8d184,OK,
unidoc_crm_0185,MISS_AT_3_HIT_AT_6,E9,PRIMARY_224,8,8,"The main environment portrayed in the visuals associated with 'Yewdale Harrier' is not explicitly described in the provided text. Therefore, the information is not supported by the currently retrieved evidence.",1219.8531000176445,5454,,4024,8485835b62a391cb83dd58aa36b67a7bb45a7f3b64b199b72a2b85a71f6a7696,OK,
unidoc_crm_0193,MISS_AT_9,E3,PRIMARY_224,3,3,The provided text does not mention any specific details about a recycling event or when items can be dropped off for such an event.,1073.3262000139803,6706,,5507,57c6f86cc7bca9e165ded0f1281bbb4fad3431dcbfb81da8a831b9643bcb336f,OK,
unidoc_crm_0193,MISS_AT_9,E6,PRIMARY_224,6,6,The information about the BOAA's recycling event and the specific times for dropping off items is not supported by the currently retrieved evidence.,1405.068299965933,11692,,10370,9363c388c7a47593568b83c438c592526ad5bcb3d9144a765fd8506f3cbcbe76,OK,
unidoc_crm_0193,MISS_AT_9,E9,PRIMARY_224,9,9,The information about the BOAA's recycling event or item drop-off is not supported by the currently retrieved evidence.,1455.9444000478834,15526,,14077,454484b681c53810e451180fcdcc5d83e94b7a9100389369bcb497555b083ece,OK,
unidoc_education_0006,MISS_AT_3_HIT_AT_6,E3,PRIMARY_224,3,2,"The relationship observed between the error compared to the practice target and the average pitch error during transfer, as indicated by an R Squared of 0.476, suggests that 47.6% of the variance in the average pitch error during transfer can be explained by the error relative to the practice target. This implies a moderate correlation between the two variables, where a higher error during practice is associated with a higher average pitch error during transfer.",2909.908000030555,9699,,8390,bb52d410e488f709c05e35d5ae822a2152582e9a214ecde724c2af76f5365fd2,OK,
unidoc_education_0006,MISS_AT_3_HIT_AT_6,E6,PRIMARY_224,6,4,"The study observed a positive relationship between the error compared to the practice target and the average pitch error during transfer, as indicated by an R Squared value of 0.476. This suggests that as the error in transfer increased, the error relative to the practice target also tended to increase, though the relationship was underadditive, with a slope significantly lower than 1.00.",2684.175099944696,22020,,20582,5bf9247998445fbf3047baaf5ca6cbeb3aab41991487433b0b23daa983f02455,OK,
unidoc_education_0006,MISS_AT_3_HIT_AT_6,E9,PRIMARY_224,9,7,"The study observed a positive relationship between the error compared to the practice target and the average pitch error during transfer, as indicated by an R Squared value of 0.476. This suggests that as the error in transfer relative to the practice target increased, the mean absolute pitch error during transfer also tended to increase, though the relationship was underadditive.",3195.2265999279916,35791,,34228,a200bab27ae4eeb25341dad3c59b86525cace4721267f1380e86584f07c7516a,OK,
unidoc_education_0013,MISS_AT_9,E3,PRIMARY_224,3,3,The information provided does not include the ISSN for the Environmental Protection journal from SCIRP.,824.7770000016317,7628,,6415,bb997c0e980aee8014362d372c999e8cf64667749c320f96c24f4680ec949275,OK,
unidoc_education_0013,MISS_AT_9,E6,PRIMARY_224,6,5,The information is not supported by the currently retrieved evidence.,466.13430010620505,15450,,14114,b2bf50edf96e34b2e831d77017f8b30d666a5bbfc5dbfadda58c70ee4e9cd7d6,OK,
unidoc_education_0013,MISS_AT_9,E9,PRIMARY_224,9,8,The information regarding the ISSN for the Environmental Protection journal from SCIRP is not supported by the currently retrieved evidence.,1770.1003000838682,21662,,20203,075062c2682f3a37f05efb8c53454b31a9166aeb4f0a93a554b129837bf83582,OK,
unidoc_education_0015,MISS_AT_3_HIT_AT_6,E3,PRIMARY_224,3,3,"By February 14, 2020, 29 cases of coronavirus had been confirmed inside Japan, according to the report from the Australian newspaper. This number includes cases reported up to that date, but does not include the cases from the Diamond Princess cruise ship. The information about the confirmed cases in Japan is mentioned in the context of global case numbers as of February 14, 2020. 

The document does not provide a specific count of confirmed cases in Japan as of February 6, 2020.",3262.1573000214994,4963,,3742,f12e635ff6dfb6f4de9392873d49324bd84f96a5901db863b49603020b64ee4c,OK,
unidoc_education_0015,MISS_AT_3_HIT_AT_6,E6,PRIMARY_224,6,6,"By February 6, 2020, 29 confirmed cases of the virus had been reported in Japan.",1133.9221000671387,9785,,8437,d80475fa0e753187dd9ee597e9a73fba58bd6f18191415026164fe9c5991ca84,OK,
unidoc_education_0015,MISS_AT_3_HIT_AT_6,E9,PRIMARY_224,9,9,"By February 6, 2020, 29 confirmed cases of the virus were reported in Japan.",1368.8259000191465,17417,,15942,f256cb521416fec9ec07110515253bb44171d099dc5188a8554db88e605214a6,OK,
unidoc_education_0018,MISS_AT_3_HIT_AT_6,E3,PRIMARY_224,3,3,"The Sustainable Process Index (SPI) is quantified as the total arable area needed to embed a process into the ecosystem. This area is calculated by summing the individual areas required to assimilate emissions in the form of air, water, and soil per unit of product(s) produced. The arable area represents the ecological footprint of the process, reflecting the pressure exerted by human activities on the ecosystem for resources and emissions assimilation.",2620.4426999902353,9143,,7897,e203b6d903a3cc3e0d13e00166f6d2a19398d8e258809c241490601d32ee358f,OK,
unidoc_education_0018,MISS_AT_3_HIT_AT_6,E6,PRIMARY_224,6,6,"The Sustainable Process Index (SPI) is quantified by measuring the total arable area needed to embed a process into the ecosystem. This includes the areas required for resource generation (renewable and non-renewable energy, equipment installation, and raw material extraction) and for embedding emissions (air, water, and soil emissions) generated during the production of a product. The summation of these individual areas per unit of product(s) produced gives the SPI value.",3791.741499910131,19036,,17667,3bbab8008a5f570536facea3415d1808cc716304b97274a1dc9b2c3fb3bd862c,OK,
unidoc_education_0018,MISS_AT_3_HIT_AT_6,E9,PRIMARY_224,8,8,"The Sustainable Process Index (SPI) is quantified as the total arable area needed to embed a process into the ecosystem. This area is calculated by summing the individual areas required to accommodate the emissions (in the form of air, water, and soil) generated by the production of one unit of a product. The arable area represents the ecological footprint of the process, reflecting the impact on the ecosystem due to resource consumption and emissions.",4921.933099976741,25572,,24121,14b5e68732f0863c62f25acf95f66f91c3bacedf671200052759d211d2fa89f3,OK,
unidoc_education_0022,MISS_AT_3_HIT_AT_6,E3,PRIMARY_224,3,3,"The relationship between genistein, estradiol, and daidzein in supplements with the highest genistein levels is based on their estrogen receptor (ER) binding affinities. Genistein has a much higher binding affinity to estrogen receptors compared to daidzein, and this difference is used to calculate a ""Theoretical Efficacy Related to Estradiol (TERE)."" This model multiplies the amounts of isoflavones (genistein and daidzein) by their respective ER binding affinities to estimate their potential estrogen-like activity. Therefore, in supplements with the highest genistein levels, the theoretical efficacy related to estradiol would be significantly influenced by the higher genistein content due to its greater binding affinity compared to daidzein.",4629.278299980797,7751,,6477,8df45c00144c33cb7cbc3ec8101a44c02d00410a772527795b0fdc152bb4240d,OK,
unidoc_education_0022,MISS_AT_3_HIT_AT_6,E6,PRIMARY_224,6,6,"In supplements containing the greatest genistein levels, the relationship between genistein, estradiol, and daidzein is evaluated using a theoretical model called ""Theoretical Efficacy Related to Estradiol (TERE)."" This model calculates the bioactivity of isoflavones by multiplying their amounts by their binding affinities to estrogen receptors (ERs). Genistein has a much higher binding affinity to ERs compared to daidzein, making it significantly more active in terms of estrogen-like effects. 

For example, a supplement with 172.47 mg of genistein and 208.41 mg of daidzein was found to have a Theoretical Efficacy (TE) of almost 80% of estradiol's bioactivity. This indicates that the combination of genistein and daidzein in such supplements can achieve a high level of estrogenic activity, with genistein contributing more significantly due to its higher binding affinity.",6495.662200031802,13248,,11845,b20b777808659ff0e34a282bbbde2ccadea2e04bcf83da955cadec43f2d34bc6,OK,
unidoc_education_0022,MISS_AT_3_HIT_AT_6,E9,PRIMARY_224,9,9,"The supplement with the highest genistein levels (172.47 mg/g of pill) also contained 208.41 mg of daidzein. This indicates that in supplements with the greatest genistein content, daidzein is also present in significant amounts. The relationship between genistein, estradiol, and daidzein is evaluated through the ""Theoretical Efficacy Related to Estradiol (TERE)"" model, which considers the binding affinities of these compounds to estrogen receptors. Genistein has a much higher binding affinity to estrogen receptors compared to daidzein, making it more bioactive in relation to estradiol. The TERE model helps estimate the potential bioactivity of isoflavone mixtures in comparison to estradiol, considering both the amounts and the receptor affinities of genistein and daidzein.",6281.945700058714,21964,,20434,b07569118dc0d79d2edb41dd841b12e47c5979085e88fb91d966b2b6a1af3514,OK,
unidoc_education_0023,MISS_AT_9,E3,PRIMARY_224,3,3,The information provided does not specify the volume and issue of the 'Journal of Environmental Protection' from SCIRP corresponding to the release in February 2014.,1356.199000030756,10737,,9478,3e0047f52a98892d2185db510c297eb3d2d87c7ff42af11b3cd0f8f2f5943207,OK,
unidoc_education_0023,MISS_AT_9,E6,PRIMARY_224,6,6,The information provided does not specify a volume and issue of the 'Journal of Environmental Protection' from SCIRP corresponding to the release in February 2014.,1482.934399973601,15054,,13672,603f2928e49f01a920150a35947816ad8b8edf3bd20d09c785c075389f74bc21,OK,
unidoc_education_0023,MISS_AT_9,E9,PRIMARY_224,9,8,The information provided does not specify the volume and issue of the 'Journal of Environmental Protection' from SCIRP that corresponds to the release in February 2014.,1852.5173000525683,21708,,20203,f9b75a6cf232bf935555772443bddbe9bb97360b66921d1a3d768ce83c759252,OK,
unidoc_education_0024,MISS_AT_3_HIT_AT_6,E3,PRIMARY_224,3,2,The provided text does not include the average score or the consistency measure for the Raven Advanced Progressive Matrices test. The information is not supported by the currently retrieved evidence.,1238.6928000487387,9117,,7863,9e6fb1862179ac1cb184e04875bc584733401cb20bd8a1b167a8319e72d02056,OK,
unidoc_education_0024,MISS_AT_3_HIT_AT_6,E6,PRIMARY_224,6,5,"The average score for the Raven Advanced Progressive Matrices test is 10.42, with a standard deviation of 2.99. The consistency measure (reliability) for the Raven test is 0.74.",2226.7604999942705,18621,,17240,f218f0863efc09ca0185b87155e962aefea25e7298461cb3d3a041d82add14ce,OK,
unidoc_education_0024,MISS_AT_3_HIT_AT_6,E9,PRIMARY_224,9,7,"The average score for the Raven Advanced Progressive Matrices test is 10.42, and the consistency measure (reliability) is 0.74.",2539.6768999053165,29939,,28429,fcb46485eb2423f73fa184966d5b101df85687c1bf3f4bd2663564d608576f02,OK,
unidoc_education_0030,MISS_AT_3_HIT_AT_6,E3,PRIMARY_224,3,3,"In the S.I. (Systeme Internationale d'Unites) standard, force is measured in newtons (N), where 1 N is defined as 1 kg·m/s². Pressure in the S.I. system is measured in pascals (Pa), where 1 Pa is defined as 1 N/m².

In the E.S. (British Gravitational system), force is measured in pounds (lb), and pressure is measured in pounds per square foot (psf). In this system, 1 lb is the force exerted by gravity on a mass of 1 slug, and 1 psf is defined as 1 lb/ft².",4518.537199939601,7635,,6362,14f4f7d0ced8cd7176a5395b74fb3d8104b0bf144afdd478a8f22ca1daa17187,OK,
unidoc_education_0030,MISS_AT_3_HIT_AT_6,E6,PRIMARY_224,6,6,"In terms of dimensions and preferred units in the S.I. and E.S. standards:

- **Force** is measured in **newtons (N)** in the S.I. system, where 1 N = 1 kg·m/s². In the E.S. (British Gravitational) system, force is measured in **pounds (lb)**.
  
- **Pressure** is measured in **pascals (Pa)** in the S.I. system, where 1 Pa = 1 N/m². In the E.S. system, pressure is measured in **pounds per square foot (psf)** or **pounds per square inch (psi)**, with 1 psi = 144 psf.",4690.900000045076,13020,,11618,9eb1681f2264c873fecbd355ba75024eb281e6a419558dbc6a91595c8c4dcc58,OK,
unidoc_education_0030,MISS_AT_3_HIT_AT_6,E9,PRIMARY_224,9,9,"In terms of dimensions and preferred units in S.I. and E.S. standards:

- **Force** is measured in newtons (N) in the S.I. system and in pounds (lb) in the E.S. system. The dimension of force is MLT$^{-2}$ in the S.I. system and F in the E.S. system.

- **Pressure** is measured in pascals (Pa) in the S.I. system and in pounds per square foot (psf) in the E.S. system. The dimension of pressure is ML$^{-1}$T$^{-2}$ in the S.I. system and FL$^{-2}$ in the E.S. system.",5392.238900065422,18858,,17329,b99114e9b4f8fd514eba04d78c550238445be767200185a9f411ba21dd5e9282,OK,
unidoc_education_0034,MISS_AT_3_HIT_AT_6,E3,PRIMARY_224,3,3,"In the S.I. system, mass is expressed in kilograms (kg). In the B.G. (British Gravitational) system, mass is expressed in slugs (slug = lb sec² / ft).",1986.7363999364898,7585,,6362,829209a3978a1fb66d898a634dfd78c69377387d0bbc0300b0252b98df17623b,OK,
unidoc_education_0034,MISS_AT_3_HIT_AT_6,E6,PRIMARY_224,6,6,"In the S.I. system, mass is expressed in kilograms (kg), while in the B.G. (British Gravitational) system, mass is expressed in slugs.",1763.3770999964327,12883,,11531,8c7510e403c6e10f689e84ba47075511ca011ba04829e32469e9118d58728523,OK,
unidoc_education_0034,MISS_AT_3_HIT_AT_6,E9,PRIMARY_224,9,9,"In the S.I. system, mass is expressed in kilograms (kg), and in the E.S. (British Gravitational) system, mass is expressed in slugs.",2050.617799977772,18808,,17329,687d8cc4a05ed96a1bb5985f2c2f4ec0c0eca0b710145d6fb65a6e39ba82013b,OK,
unidoc_education_0046,MISS_AT_9,E3,PRIMARY_224,3,3,"Based on the information provided in the retrieved document evidence, it is not explicitly stated how many educators completely concur that students in diverse classrooms are more receptive to new social ideas. The study mentions the perception of multiculturalism and its impact on the social sphere of pupils, but the specific number of educators who completely concur with the statement in question is not provided.",2241.1962000187486,6035,,4735,1d3274fa6ae5c2203f2568c71d4b9050d96e81b9f498c3cef9cdc261ce517d18,OK,
unidoc_education_0046,MISS_AT_9,E6,PRIMARY_224,6,6,The information is not supported by the currently retrieved evidence.,866.1526000360027,13776,,12347,9c2a68b9078c331be92f2c3dce74142d23674b419bc7a8ca38c40d0df4f86383,OK,
unidoc_education_0046,MISS_AT_9,E9,PRIMARY_224,9,9,The information is not supported by the currently retrieved evidence.,975.6141999969259,19006,,17450,bda262a6395008320e23487e6a8977d44aca9d9579e77874679c6cf5aa5ceae6,OK,
unidoc_education_0048,MISS_AT_3_HIT_AT_6,E3,PRIMARY_224,3,3,"The 'Speed Is No Game' effort was financially supported by Desjardins Insurance through their Vision Zero sponsorship. Additionally, Ontario’s Ministry of Transportation provided a sponsorship in spring 2021 to create updated images and messaging for the campaign.",1555.1795000210404,6561,,5363,4dd5210cecb3f613b82c9aa7ae11fc678dfa9bf117fce64d1c59dd0ff89bb900,OK,
unidoc_education_0048,MISS_AT_3_HIT_AT_6,E6,PRIMARY_224,6,6,The 'Speed Is No Game' effort was financially supported by Desjardins Insurance through their Vision Zero sponsorship and by Ontario’s Ministry of Transportation.,2117.374200024642,12028,,10703,543505a7a8414ce4307dd04f8530deb00ce37908036f0775b85eafc8019a0a74,OK,
unidoc_education_0048,MISS_AT_3_HIT_AT_6,E9,PRIMARY_224,9,9,"The 'Speed Is No Game' effort was financially supported by Desjardins Insurance through their Vision Zero sponsorship, as mentioned in the context provided. Additionally, Ontario's Ministry of Transportation provided sponsorship in spring 2021 for creating updated images and renewed anti-speeding messaging for the campaign.",2601.9944000290707,17294,,15844,0c2e4300306966e725380ab26af43c1c0ba90c0344e587270dc2e5fcf1e3c92d,OK,
unidoc_education_0050,MISS_AT_3_HIT_AT_6,E3,PRIMARY_224,3,3,"The research by Nabirye, de Schryver, and Verhoeven reveals that Lusoga's sound transcriptions differ from its written forms in several ways. The Lusoga orthography has been based on the official language of instruction, which is Luganda, and Lusoga remains largely undocumented despite its role as a medium of instruction since 2005. The sound inventory presented in the research is based on fieldwork conducted in the Buwaabe area of Bugweri county, and the sound transcriptions include phonological contrasts and rare sounds not included in the numerical counts. The written forms, on the other hand, have been influenced by the official language policy and the existing orthography, which may not fully represent the phonological system of Lusoga. The research highlights the need for an updated orthography that accurately reflects the sound system of Lusoga.",7002.8354000533,10128,,8845,d7cb50384dcf00ebbfa2de0377639c2286114d45ce7fdb60a8b2510618d33eeb,OK,
unidoc_education_0050,MISS_AT_3_HIT_AT_6,E6,PRIMARY_224,6,6,"The research by Nabirye, de Schryver, and Verhoeven reveals that there are notable differences between the phonetic transcriptions of Lusoga sounds and their written forms. The phonetic transcriptions include a detailed inventory of consonants and vowels with specific diacritics and symbols to represent the phonological contrasts in the language. In contrast, the written forms (orthography) use a more simplified system, often lacking the diacritics and nuanced distinctions present in the phonetic transcriptions. For example, the orthography may not fully capture the labialized and palatalized variants of consonants or the tonal distinctions that are phonemically significant in Lusoga. The study highlights these discrepancies, showing how the orthography does not always reflect the full phonological complexity of the language as captured in the phonetic transcriptions.",7077.477000071667,15999,,14593,15c7508e772f49a0a5f33ae3f739aef223524ded16c3b37cf2f18b8a217b3f9f,OK,
unidoc_education_0050,MISS_AT_3_HIT_AT_6,E9,PRIMARY_224,9,8,"The research by Nabirye, de Schryver, and Verhoeven reveals that there are notable differences between Lusoga's sound transcriptions and its written forms. The phonetic transcriptions include a range of sounds with specific articulatory details, such as labialized and palatalized consonants, prenasalized plosives and fricatives, and distinct vowel systems with length distinctions. These transcriptions capture the phonological contrast and variability in the language, including rare sounds like the alveolar lateral flap. In contrast, the written forms of Lusoga, based on orthography, simplify these phonetic details. For example, the orthography does not always distinguish between labialized and plain consonants or between different realizations of the same phoneme. The orthography also does not reflect the phonetic length of vowels or the presence of diphthongs in all cases. This indicates that the written form of Lusoga is less detailed in representing the full phonetic inventory compared to the transcriptions.",8218.702900107019,24428,,22899,fb8a12d6dd6e343994077d019e5a4091c5ed5d579850b14e1e212f76462b0645,OK,
unidoc_education_0054,MISS_AT_3_HIT_AT_6,E3,PRIMARY_224,3,3,"The relationship between blinks and vocal occurrences during the recorded dialogue is examined in the context of different conversational states, such as when a subject is speaking, their partner is speaking, or neither is speaking. The data in Figure 9 show blink rates (blinks per second) as a function of speaking turn. For example, in some dyads, blink rates are higher when a subject has the speaking turn (SO) compared to when the partner has the turn (OS) or when no turn is evident (OO). However, the specific relationship varies across subjects and dyads, indicating individual differences in blink behavior during speech. The data also show that blink rates are not uniformly higher or lower during speaking turns, but rather depend on the specific conversational context and individual patterns.",4566.343600046821,9337,,8081,bb17e69ac273ac853daedd12c9a12c3141274b740645758613e3d4d6c920d603,OK,
unidoc_education_0054,MISS_AT_3_HIT_AT_6,E6,PRIMARY_224,6,6,"The relationship between blinks and vocal occurrences during the recorded dialogue, which spans 900 seconds, is primarily analyzed in terms of speech turn and back channels. The data indicate that blink rates vary depending on whether the subject has the speaking turn or the partner does. For example, Subjects E, H, A, and F blink substantially more when the partner has the turn than when they themselves do. However, this pattern is not universally present across all subjects. There is considerable consistency in blink behavior within individuals and across dyads, suggesting that the association of blinking and speaking turn is an individual characteristic rather than a dyadic one.

Regarding back channels, the data show that back channels occur preferentially during periods of mutual gaze, as all ratios for all subjects exceed 1.0. However, the association of blinks with back channels is not a stable characteristic of a specific speaker. For instance, Subjects C and E display a strong association in one dyad but not in another. Additionally, there is no correlation between the number of back channels and the total number of blinks in 900 seconds, with an overall correlation of 0.01, indicating that these two variables are independent of one another.",7510.13279997278,17243,,15860,3a2cf48007c7194406c2de12aa13f76771c226f3769a5f53b551329941df6cf0,OK,
unidoc_education_0054,MISS_AT_3_HIT_AT_6,E9,PRIMARY_224,9,9,"The relationship between blinks and vocal occurrences during the recorded dialogue, which spans 900 seconds, is characterized by individual differences and varying patterns. The data show that blink rates and blink types are primarily subject-specific attributes, with individuals displaying consistent blink behaviors across different dyads. The blink rate varies depending on the speaking turn state: for some individuals, blink rates are higher when the conversation partner has the turn (OS state) compared to when they themselves have the turn (SO state). However, this pattern is not universally present across all subjects. Additionally, there is no significant correlation between the number of back channels (vocal feedback) and the total number of blinks, as the correlation between these variables was found to be 0.01, indicating they are largely independent.",7488.4975999593735,27139,,25631,8e45b0a40386ae6401f4ab68067dd86d292928a907cf067336309a5579d1883b,OK,
unidoc_education_0056,MISS_AT_3_HIT_AT_6,E3,PRIMARY_224,3,3,"The artistic representations of women evolve significantly from the early Mother Goddess figure to Andy Warhol's iconic Marilyn Monroe across different historical periods, reflecting changes in societal, cultural, and technological dynamics.

1. **Palaeolithic Period**: In the early Mother Goddess figure, the value and meaning of the woman image centered on fertility, fruitfulness, and population growth. These figures were seen as life-giving and sustaining, representing the essential role of women in ensuring the survival and continuity of human life.

2. **Ancient Europe and Classical Antiquity**: In old Europe, the focus of religion encompassed birth, nurturing, growth, death, and regeneration. Goddesses were worshiped for their roles in these natural cycles. The image of the goddess, such as Venus in Roman mythology and Aphrodite in Greek mythology, evolved to include aspects of fertility, beauty, and love. These figures were not only religious symbols but also began to gain value as art pieces, reflecting the enrichment of society and the development of different artistic styles.

3. **Early Christian Era**: With the shift from Pagan to Christian beliefs, the ideal woman image transformed into religious figures such as the Madonna and Maria Magdalene. The depiction of women became more about religious devotion and moral purity, with strict rules governing the creation of religious icons.

4. **Renaissance**: The Renaissance marked a revival of Greco-Roman motives and proportions in art. The image of Venus returned, but with a new cultural context, as seen in Botticelli's ""The Birth of Venus."" This period emphasized the rediscovery of classical art and literature, scientific study, and a renewed focus on humanism and individualism.

5. **Baroque and Rococo Periods**: During these periods, the influence of the Church continued to shape the depiction of women, though there was a limited liberation in artistic expression. The subjects were still largely religious or mythological, but the styles became more dynamic and expressive.

6. **Modern Era**: The 19th century saw a shift with the rise of Realism and the breaking away from academic conventions. Artists like Manet challenged traditional depictions of women, as seen in ""Olympia,"" which portrayed a woman as a modern cultural exchange object. This period marked a turning point where the idealized image of women was questioned, and the nude became a subject of re-evaluation.

7. **Contemporary Era**: In the 20th century, the image of women, as seen in the work of Andy Warhol, such as his iconic Marilyn Monroe portraits, reflected a state of fixity, sterilization, and control. The influence of technology and mass media transformed the woman image into a commodified product, with the concept of anti-aging and control becoming prominent in advertising and popular culture.

These changes in the representation of women in art reflect the broader shifts in societal values, cultural norms, and technological advancements across different historical periods.",18730.605900054798,14359,,13063,30198428f172e38208ee41cf853f05711631b5daa2e9ec96b2fe8c7aaf589d88,OK,
unidoc_education_0056,MISS_AT_3_HIT_AT_6,E6,PRIMARY_224,6,5,"The artistic representations of women evolve significantly from the early Mother Goddess figure to Andy Warhol's iconic Marilyn Monroe across different historical periods, reflecting changes in societal, cultural, and technological dynamics.

In the **Paleolithic period**, the value and meaning of the woman image centered on **fertility, fruitfulness, and population growth**. Women were depicted as life-giving and sustaining figures, such as the Mother Goddess, symbolizing the essential role of women in ensuring the survival and continuity of human life.

During the **Middle Ages**, with the shift from Pagan to Christian beliefs, the image of women transformed into **religious icons**. The Virgin and Child or Madonna replaced figures like Venus, representing the ideal woman as a spiritual and moral figure. These depictions were governed by strict rules set by the Church and served an educational role for the uneducated population.

The **Renaissance** marked a return to Greco-Roman ideals, with a renewed interest in mythology and human proportions. Women were depicted in a more naturalistic and idealized form, as seen in Botticelli's *The Birth of Venus*. This period emphasized the rediscovery of classical art and literature, and the image of women was influenced by humanistic values and scientific study of the human body.

In the **Baroque and Rococo periods**, the Church's influence continued, but there was a limited liberation in art. Women were still depicted in religious or mythological contexts, but the art became more dynamic and expressive. The image of women remained within the constraints of religious and mythological narratives.

The **Modern Era**, particularly from the mid-19th century onward, saw a significant shift. Artists like Manet challenged traditional roles, as seen in *Olympia*, where the woman is portrayed as a **modern cultural exchange object**. The image of women became more realistic and critical, reflecting the changing social conditions and the rise of Realism. The invention of photography and technological advancements allowed for new interpretations of form and led to the commoditization of the woman image.

In the **contemporary period**, the image of women reflects a state of **fixity, sterilization, and control**, influenced by scientific and technological developments. The concept of anti-aging and the manipulation of images through technology have transformed the woman image into a product of control and commercial value, showing a parallel to the aims of enlightenment and scientific progress.

These shifts in the representation of women in art illustrate how the meaning and value of the woman image are shaped by the **social, cultural, and technological conditions** of each historical period.",15198.98739992641,15793,,14374,1f971f2c8d8848afe8f49a5e663f158947de3295dc837cf72c1d1e5898cca8ec,OK,
unidoc_education_0056,MISS_AT_3_HIT_AT_6,E9,PRIMARY_224,9,8,"The artistic representations of women evolve significantly from the early Mother Goddess figure to Andy Warhol's iconic Marilyn Monroe across different historical periods, reflecting changes in societal, cultural, and technological conditions.

1. **Palaeolithic Period**: In the early periods, women were represented as fertility figures, such as the Mother Goddess, symbolizing the essential role of women in ensuring the survival and growth of human populations. These figures were associated with life-giving and sustaining qualities, as well as death and renewal, reflecting the natural cycles of life and the importance of fertility in early human societies.

2. **Ancient Mythology and Classical Antiquity**: In ancient mythology, women were depicted as nurturing figures, such as the Roman goddess Venus and the Greek goddess Aphrodite. These representations emphasized fertility, beauty, and love. Over time, the focus on these goddesses shifted from religious worship to artistic appreciation, with sculptures like the Venus of Milo gaining value as art pieces. The changing proportions and craftsmanship of these figures reflected the evolving artistic styles and societal values in Greece.

3. **Early Christian Era**: With the shift from Pagan to Christian beliefs, the ideal woman image transformed into religious figures such as the Virgin Mary and Madonna. These depictions emphasized spiritual purity and motherhood, replacing the earlier Pagan goddesses. The Christian Church played a significant role in shaping these representations, using art to educate the population and convey religious messages.

4. **Renaissance**: The Renaissance period saw a revival of Greco-Roman motifs and ideals, with a renewed interest in classical beauty and mythology. Women were depicted with idealized beauty and nudity, as seen in Botticelli's ""The Birth of Venus."" This period emphasized humanism and the rediscovery of classical art, leading to a more naturalistic and human-centered representation of women.

5. **Baroque and Rococo Periods**: During the 17th and 18th centuries, the influence of the Church continued to shape the representation of women, though there was a limited liberation in artistic expression. Women were often depicted in religious or mythological contexts, with an emphasis on grandeur and emotion. The Baroque and Rococo styles reflected the opulence and complexity of the time.

6. **Modern Era (19th Century)**: The 19th century marked a significant shift in the representation of women, with the rise of Realism and the breaking away from academic conventions. Artists like Manet challenged traditional depictions, as seen in ""Olympia,"" which portrayed a woman as a prostitute, reflecting the changing social dynamics and the commodification of women. This period saw the emergence of new artistic movements that questioned traditional roles and values.

7. **20th Century and Contemporary Era**: The 20th century brought further changes with the influence of technology and mass media. Artists like Picasso reinterpreted the female form, influenced by primitive art and modern cultural exchange. The invention of photography and mass production techniques led to the commoditization of women's images, turning them into exchangeable products. In the contemporary era, the representation of women reflects a state of fixity, control, and scientific manipulation, paralleling the aims of the Enlightenment and technological advancements.

In summary, the evolution of the artistic representation of women from the early Mother Goddess to Andy Warhol's Marilyn Monroe reflects the dynamic interplay of cultural, social, and technological changes across different historical periods. Each era's representation of women is shaped by the prevailing ideologies, artistic movements, and technological innovations of the time.",20445.541199995205,26351,,24809,d087a0d35ae33a31aa2b120a4b6b997ff6d3d79570d6ce36cad2f92415cd5d5e,OK,
unidoc_education_0064,MISS_AT_3_HIT_AT_6,E3,PRIMARY_224,3,3,"The variation in PSC (percent signal change) response between tactile and auditory stimuli in blind individuals in the first experiment is not explicitly explained in the provided text. The text describes the experimental setup and behavioral results, such as differences in accuracy and reaction time, but does not directly address the neural causes or mechanisms for the variation in PSC response. Therefore, the information is not supported by the currently retrieved evidence.",3303.790400037542,14570,,13310,5d593781de1c1513587c43e9346419abc458967def829b2daa23927c39dde2b9,OK,
unidoc_education_0064,MISS_AT_3_HIT_AT_6,E6,PRIMARY_224,6,5,"The variation in PSC response between tactile and auditory stimuli in blind individuals in the first experiment is attributed to the modality-by-lexicality interaction. Specifically, the difference between Braille words (BWs) and tactile controls (TCs) was larger than the difference between auditory words (AWs) and backward speech sounds (ABs) in the vOTC of blind participants. This interaction suggests that the vOTC of blind individuals shows a greater sensitivity to the lexicality of tactile stimuli compared to auditory stimuli.",5125.929299974814,27769,,26386,3892779fb3cbb0704b87f256a6340ab47c96e926bf8ce1a37a3813aa15fda55c,OK,
unidoc_education_0064,MISS_AT_3_HIT_AT_6,E9,PRIMARY_224,9,7,"The variation in PSC response between tactile and auditory stimuli in blind individuals in the first experiment is attributed to the differential activation of the ventral occipitotemporal cortex (vOTC). The vOTC of blind participants showed a stronger response to Braille words (BWs) compared to tactile control stimuli (TCs), and a significant difference between Braille words and tactile control stimuli was larger than the difference between auditory words (AWs) and backward speech sounds (ABs). This suggests that the vOTC in blind individuals is more sensitive to the linguistic content of tactile stimuli (Braille words) than to non-linguistic tactile control stimuli, and this sensitivity is greater than the sensitivity to auditory stimuli.",6990.051599917933,37791,,36283,fd8ef121f6a308a8009752f54faa188f5792554b30e0a05dd1f7f5daca43546f,OK,
unidoc_education_0072,MISS_AT_9,E3,PRIMARY_224,3,3,"The retrieved document does not provide specific information on how elementary educators' opinions on the length of homework vary based on their distinct instructional methods. The information provided focuses on the general views of primary school teachers on homework, the reasons for assigning homework, homework types, homework sources, and evaluation methods, but does not delve into variations based on instructional methods.",2321.799000026658,7326,,6066,020d80787d993e68482a1165f50c120bd79a02449d73e8e5bf39ff2d2366685a,OK,
unidoc_education_0072,MISS_AT_9,E6,PRIMARY_224,6,6,"Elementary educators' opinions on the length of homework vary based on their distinct instructional methods in several ways:

1. **Perception of Homework's Purpose**: Teachers who viewed homework as essential for reinforcing classroom learning tended to assign it regularly, believing repetition was crucial for permanent learning. Others considered homework unnecessary, suggesting it could be omitted at the elementary level if subjects were taught in a playful and engaging manner.

2. **Homework Assignment Frequency and Length**: The amount of homework assigned varied between two and five pages per day, with an average of 3.14 pages. Teachers who emphasized repetition and reinforcement often assigned homework to ensure students reviewed what was taught in class. However, those who saw homework as less necessary still assigned it regularly but suggested it should be minimal and not overly burdensome.

3. **Student Engagement and Enjoyment**: Teachers who believed students would do homework gladly focused on making it enjoyable and not overly challenging. They incorporated varied and fun activities to maintain student interest, aligning with their instructional methods that prioritized engagement and playfulness.

4. **Homework Evaluation Methods**: Teachers had differing approaches to evaluating homework. Some relied on parents to check homework, emphasizing the importance of family involvement, while others checked homework themselves, considering it an absolute must. The time spent on evaluation ranged from five to thirty minutes, reflecting varying instructional priorities and classroom management styles.

These variations highlight how instructional methods influence teachers' perspectives on homework length and its role in student learning.",7964.865399990231,13923,,12538,d65f1980835df6b2ad1a38857cfd7b7842c818fd6966f5af4d8ca2894ba2e14f,OK,
unidoc_education_0072,MISS_AT_9,E9,PRIMARY_224,9,9,The retrieved document evidence does not provide specific information on how elementary educators' opinions on the length of homework vary based on their distinct instructional methods. The information is not supported by the currently retrieved evidence.,1939.4456000300124,24450,,22936,62ff59c0b61d6c7578b6a35a80f9c35cf0115320f4ea3754f88050f31b4c0a73,OK,
unidoc_education_0082,MISS_AT_3_HIT_AT_6,E3,PRIMARY_224,3,3,"Based on the IOJET 2021 study, the methods for assessing homework employed by over five educators include:

1. Parents checking homework.
2. Teachers checking homework themselves.",1554.1204999899492,9277,,8035,a5048051fd25a8bffec2c7a5076c20943f87b4ded01cbf8c92381a6b35b732e9,OK,
unidoc_education_0082,MISS_AT_3_HIT_AT_6,E6,PRIMARY_224,6,6,"Based on the IOJET 2021 study, over five educators employed the following methods for assessing homework:

1. Parents checking the homework.
2. Teachers checking the homework themselves.",1778.064899961464,17238,,15867,b380a47447ce629003b92c019292eca6cd829f0ee20a6506bd60b0500895316a,OK,
unidoc_education_0082,MISS_AT_3_HIT_AT_6,E9,PRIMARY_224,9,9,"Based on the IOJET 2021 study, over five educators employed the following methods for assessing homework:

1. Wanting parents to check homework.
2. Checking homework themselves.",2497.275899979286,27329,,25831,8b87e67b9883617dc58abc3c6c7d34ba22b27bcc2e3ddb605eec1a6131b54e72,OK,
unidoc_education_0099,MISS_AT_3_HIT_AT_6,E3,PRIMARY_224,3,2,"In the context of Figure 8, the correlation between transfer pitch errors and the disparity in song versus speech imitation errors reveals that individuals with higher overall pitch errors (poor-pitch singers) exhibit a larger song advantage. This means that poor-pitch singers show a greater difference in performance between song and speech imitation during transfer. The correlation suggests that as overall pitch imitation accuracy decreases, the difference in performance between song and speech imitation increases. This indicates that pitch processing is influenced by the domain (song or speech), with poorer imitators being more affected by this domain difference. The data also suggest that the mechanisms involved in pitch processing for song and speech are neither completely independent nor fully integrated, but rather involve factors such as the enhanced salience of sung pitch contour and a greater tendency to perseverate the contour of sung pitch during transfer.",5017.426999984309,13894,,12583,aa724e31bc0578a1c5c4183051583e0a160703ef1e5433040c9e8b572071dfe4,OK,
unidoc_education_0099,MISS_AT_3_HIT_AT_6,E6,PRIMARY_224,6,5,"In the context of Figure 8, the correlation between transfer pitch errors and the disparity in song versus speech imitation errors reveals that individuals with higher overall pitch errors (poor-pitch singers) exhibit a larger song advantage. This means that their performance in imitating song is significantly better compared to imitating speech during transfer trials. The correlation suggests that the song advantage increases with increasing overall error, indicating that individuals who are less accurate in pitch imitation generally perform better when imitating songs than when imitating speech. This relationship implies that the processing of pitch in song is more salient or easier for poor-pitch singers compared to speech, possibly due to the tonal encoding of pitch in music.",4940.7758000306785,27202,,25766,bfb6007c3d62fb58552e4582453fbb5c7114fd4003de675e5862f8334ee6d940,OK,
unidoc_education_0099,MISS_AT_3_HIT_AT_6,E9,PRIMARY_224,9,8,"The correlation between transfer pitch errors and the disparity in song versus speech imitation errors, as shown in Figure 8, reveals that individuals with higher overall pitch errors (poor-pitch singers) exhibit a larger song advantage. This means that when participants are less accurate in pitch imitation overall, they show a greater improvement in accuracy when imitating song compared to speech. This relationship suggests that the enhanced salience of sung pitch contours facilitates better imitation for individuals with poorer pitch imitation abilities. Additionally, the correlation indicates that worse imitators are more affected by changes in the stimulus, such as contour changes, during transfer trials, whereas good imitators maintain consistent accuracy.",4516.864100005478,35227,,33664,50e08501d928baee994bb93431e51e640c677048f24e93120cccaf54182b91db,OK,
unidoc_education_0109,MISS_AT_3_HIT_AT_6,E3,PRIMARY_224,3,3,"The design elements linked to buildings in Escher's reimagined *Prentententoonstelling* studies include a gallery in which a print exhibition is held, a seaport with quayside buildings, and one of the buildings being the original print gallery reduced by a factor of 256. Each of the four studies Escher made shows a portion of the previous one but blown up by a factor of 4, contributing to the overall lithograph.",2455.9314000653103,9655,,8408,45dfc57ceed9484efc8e6761d661a695e5c421883cccee80e4a9a4b070de8631,OK,
unidoc_education_0109,MISS_AT_3_HIT_AT_6,E6,PRIMARY_224,6,6,"The design elements linked to buildings in Escher's reimagined *Prentententoonstelling* studies include a gallery in which a print exhibition is held, a seaport with quayside buildings, and one of the buildings being the original print gallery itself but reduced by a factor of 256. These elements are part of the four studies Escher made for the four corners of the lithograph, each showing a portion of the previous one but blown up by a factor of 4.",4816.120099974796,17186,,15814,ab13c8b7e5eca6c372c4615831820873dd97e448f8a60982bbf3aefb89d1af2f,OK,
unidoc_education_0109,MISS_AT_3_HIT_AT_6,E9,PRIMARY_224,9,9,"The design elements linked to buildings in Escher's reimagined Prentententoonstelling studies include a gallery in which a print exhibition is held, a seaport with quayside buildings, and one of the buildings being the original print gallery reduced by a factor of 256.",3587.893799995072,24354,,22857,8eed576591b1e9ff3d2905f196173cca76e4223efaf39362863eb6f6528305fc,OK,
unidoc_education_0116,MISS_AT_9,E3,PRIMARY_224,3,2,"The distribution of factor scores across age groups in the density analysis using MAMBAC, MAXCOV, and L-Mode methods showed general consistency in supporting a continuous latent structure. The study evaluated antisocial indicators (callousness, aggression, noncompliance) across five age groups (6, 8, 10, 12, and 14) using these taxometric procedures. Seventeen of the 18 mean CCFI values were below 0.45, indicating strong support for a continuous latent structure. The only indeterminate result was for the 8-year-old female subsample, which fell just short of the 0.45 cutoff for continuous structure. The results across the three taxometric procedures, six indicator sets, and in the full sample and gender-specific subsamples were generally consistent, providing strong evidence for a continuous latent structure.",4707.294099964201,9466,,8206,c883634ddc96d15014e0294b33407beaa8480925a81d6b9a90fb3eed369b3c18,OK,
unidoc_education_0116,MISS_AT_9,E6,PRIMARY_224,6,5,"The distribution of factor scores varies by age in the density analysis using MAMBAC, MAXCOV, and L-Mode methods as follows:

1. **MAMBAC (Mean Above Minus Below a Cut)**:
   - The mean scores above and below successive cuts along the input variable (age) were calculated for each age group (6, 8, 10, 12, and 14 years).
   - The results showed that the mean differences (MAMBAC curves) for each age group were compared to categorical and dimensional comparison data. The empirical data curves for MAMBAC were more similar to the dimensional (continuous) comparison data curves than to the categorical comparison data curves.

2. **MAXCOV (Maximum Covariance)**:
   - Cases were sorted on the input indicator (age) and grouped into ordered subsamples. The covariance between two output indicators was computed for each subsample.
   - The MAXCOV curves for each age group were compared to the comparison data. The empirical data curves for MAXCOV also showed closer resemblance to the dimensional comparison data curves.

3. **L-Mode (Latent Mode)**:
   - The distribution of participants' scores on the first principal factor was plotted. The L-Mode procedure involves extracting the first principal factor of the modified indicator covariance matrix and plotting the distribution of participants' scores on this factor.
   - The L-Mode curves for each age group were compared to the comparison data. The empirical data curves for L-Mode were more similar to the dimensional comparison data curves.

Across all three methods, the results consistently supported a continuous latent structure for the antisocial behavior indicators (callousness, aggression, noncompliance) across the ages of 6 to 14. The Comparison Curve Fit Index (CCFI) values for most age groups were below 0.45, indicating strong support for a continuous model. The only indeterminate result was for the 8-year-old female subsample, which fell just short of the 0.45 cutoff for continuous structure.",12629.797299974598,21202,,19815,934d436dffcc8ff62a47011002dbd446fe9c67aa60f5741e0716039f1f5e71e3,OK,
unidoc_education_0116,MISS_AT_9,E9,PRIMARY_224,9,8,"The distribution of factor scores varies by age in the density analysis using the MAMBAC, MAXCOV, and L-Mode methods as follows:

1. **MAMBAC (Mean Above Minus Below a Cut):** 
   - The mean scores above and below successive cuts along the input variable were calculated and plotted. The results showed that the majority of the CCFI (Comparison Curve Fit Index) values were below 0.45, indicating support for a continuous latent structure across most age groups. For example, at age 6, the CCFI was 0.396, and at age 14, it was 0.226, both below the 0.45 threshold for continuous structure.

2. **MAXCOV (Maximum Covariance):**
   - The covariance between two output indicators was computed for each subsample and plotted. The CCFI values for MAXCOV also generally supported a continuous latent structure. For instance, at age 6, the CCFI was 0.270, and at age 14, it was 0.286, both below 0.45.

3. **L-Mode (Latent Mode Factor Analysis):**
   - The distribution of participants' scores on the first principal factor was plotted. The CCFI values for L-Mode were also mostly below 0.45, supporting a continuous latent structure. For example, at age 6, the CCFI was 0.355, and at age 14, it was 0.324.

In summary, the distribution of factor scores across ages, as analyzed by MAMBAC, MAXCOV, and L-Mode, consistently supported a continuous latent structure for antisocial behavior, with most CCFI values below the 0.45 threshold for continuous structure.",14506.748200044967,32742,,31228,52d010ff5391809508531c9ff3896362ea0a7d6f46dbfe4c41194a94bae01437,OK,
unidoc_education_0120,MISS_AT_9,E3,PRIMARY_224,3,3,"According to the 2017 SNAAP report, 53% of recent graduates felt confident in their ability to financially manage their careers.",895.2815999509767,13476,,12194,6728ca136d87b628f16106d620ab44c55d2a5ca5b9051d93073f80083c08a281,OK,
unidoc_education_0120,MISS_AT_9,E6,PRIMARY_224,6,6,"According to the 2017 SNAAP report, 82% of recent graduates indicated they would have benefited from learning more about managing finances.",1729.092700057663,23131,,21724,2f53eb402e85ec5b0fc93366bb058d7219aef00293ab049fdb32ba0398a4b429,OK,
unidoc_education_0120,MISS_AT_9,E9,PRIMARY_224,9,9,"According to the 2017 SNAAP report, 53% of recent graduates felt confident in their ability to financially manage their careers. This means that 47% of recent alumni were not confident in their ability to financially manage their careers.",2519.839399959892,35088,,33554,af320a9984fa863e5a459516196d2709094ccba8229e4f1dce154c6cbda24d9d,OK,
unidoc_education_0123,MISS_AT_3_HIT_AT_6,E3,PRIMARY_224,3,3,"Based on the SNAAP Special Report 2017, 80% of alumni overall reported a strong agreement with their exposure to a wide-ranging network of creatives and leaders during their educational development.",1573.5810999758542,10026,,8696,251360367546f29352ed1cb7b533ba935e62138f47db151253e7b0b98c6b5136,OK,
unidoc_education_0123,MISS_AT_3_HIT_AT_6,E6,PRIMARY_224,6,6,"Based on the SNAAP Special Report 2017, 80% of alumni overall reported strong agreement with their exposure to a wide-ranging network of creatives and leaders during their educational development. For the most recent cohort (2011–2015), this percentage was 84%.",4262.168099987321,19089,,17632,60097d9049d80a890776485745c40dc683fefc5188704fcf9f355e20cd8df1db,OK,
unidoc_education_0123,MISS_AT_3_HIT_AT_6,E9,PRIMARY_224,9,9,"Based on the SNAAP Special Report 2017, 80% of alumni overall reported a strong agreement or somewhat agreement with their exposure to a wide-ranging network of creatives and leaders during their educational development. Specifically for the most recent cohort (2011–2015), this figure was 84%.",3123.1571999378502,29142,,27556,d63458c8431e63eccafe7e110d01bd898a07415ad34cc3216fd2bda0f97843fd,OK,
unidoc_education_0124,MISS_AT_3_HIT_AT_6,E3,PRIMARY_224,3,3,"The variation in TERE (Theoretical Efficacy Related to Estradiol) values between traditional soy products and non-dairy soy alternatives, particularly concerning estradiol levels, is attributed to differences in isoflavone composition and their binding affinities to estrogen receptors. Traditional soy products and non-fermented soy derivatives typically contain isoflavones in the form of glucosides, while fermented soy foods contain mainly aglycones. These differences affect the bioavailability and subsequent bioactivity of the isoflavones.

Non-dairy soy products present very low bioactivity related to estradiol, whereas other groups show values between 7 and nearly 14% of estradiol bioactivity. The TERE calculation considers the binding affinities of isoflavones to alpha- and beta-estrogen receptors (ERs). Daidzein and genistein have different binding affinities to these receptors, with genistein being significantly more active than daidzein. The binding to alpha-ERs is considered a potential risk, particularly in relation to hormonal-dependent tumors, while binding to beta-ERs is associated with benefits such as improved bone and cardiovascular health.

The variation in TERE values is also influenced by the specific isoflavone profiles of different soy products, which can vary due to the use of different soy cultivars by suppliers. This results in a variable final product composition and potential health impact. The TERE calculation method allows for the theoretical evaluation of the estrogen-like activity of isoflavones in different products, considering their relative amounts and receptor binding affinities.",9165.100099984556,9738,,8449,99674fba7c548de524fc0b98bfc107faf7fdc49f69e23500a89a2273c6969875,OK,
unidoc_education_0124,MISS_AT_3_HIT_AT_6,E6,PRIMARY_224,6,6,"The variation in TERE (Theoretical Efficacy Related to Estradiol) values between traditional soy products and non-dairy soy alternatives, particularly concerning estradiol levels, is attributed to differences in isoflavone composition and their binding affinities to estrogen receptors. Traditional soy products and non-fermented soy derivatives, such as soy protein or soy milk, predominantly contain isoflavones in the form of glucosides, while fermented soy foods, like soy sauce, mainly contain aglycones. The form in which isoflavones are present affects their bioavailability and, consequently, their bioactivity. Daidzein and genistein, the primary isoflavones, have different binding affinities to alpha- and beta-estrogen receptors (ERs). Genistein has a much higher binding affinity to ERs compared to daidzein, which influences the theoretical efficacy and potential risk associated with these compounds. Non-dairy soy products present very low bioactivity related to estradiol, whereas traditional soy products have TERE values between 7 and almost 14% of estradiol bioactivity. The variation in isoflavone levels and their forms in different products leads to a wide range of TERE values, affecting the potential health benefits and risks.",7288.475299952552,13263,,11845,a58b2cdbc8d9c5c48dac9bc04b0fac16d4d8412e2914584d009de4fa4a59993f,OK,
unidoc_education_0124,MISS_AT_3_HIT_AT_6,E9,PRIMARY_224,9,9,"The variation in TERE (Theoretical Efficacy Related to Estradiol) values between traditional soy products and non-dairy soy alternatives, particularly concerning estradiol levels, is primarily due to differences in isoflavone composition and bioavailability. Traditional soy products and non-dairy soy alternatives differ in the types and amounts of isoflavones they contain, such as daidzein and genistein, which have different binding affinities for estrogen receptors (ERs). 

Non-dairy soy products present very low bioactivity related to estradiol, while traditional soy products and other groups have values between 7 and almost 14% of estradiol bioactivity. The TERE calculation considers the binding affinities of isoflavones to alpha- and beta-ERs, with genistein having a much higher binding affinity for beta-ERs compared to daidzein. This difference in binding affinities affects the theoretical efficacy and potential risk associated with these isoflavones.

Additionally, the form in which isoflavones are present (glucosides in non-fermented products versus aglycones in fermented products) influences their bioavailability, further contributing to the variation in TERE values. The variability in isoflavone levels is also influenced by factors such as the soy cultivars used, processing techniques, and the presence of different isoflavone profiles in the final products.",8960.167199955322,20841,,19296,9d259a8b6476b3945fbd255d56280a5ddfeec32e062ddd0c13169dd6dfb8d0aa,OK,
unidoc_education_0130,MISS_AT_3_HIT_AT_6,E3,PRIMARY_224,3,3,"The provided text does not include skewness figures for the measures OspanS, SymspanS, and RspanS in tasks assessing working memory storage.",980.1942000631243,12426,,11163,9519bdd07d8beb4c6bd61665b6cc604d166121ab43e05eda1fb1970a17e3ab04,OK,
unidoc_education_0130,MISS_AT_3_HIT_AT_6,E6,PRIMARY_224,6,6,"The skewness figures for the measures OspanS, SymspanS, and RspanS in tasks assessing working memory storage are as follows:

- OspanS: -1.61
- SymspanS: -0.83
- RspanS: -1.11",2395.9711000788957,21736,,20344,10e26783fd00b4f45418d5a42e42e973abf3cdfcab20cc5f44d5608c74f1bde3,OK,
unidoc_education_0130,MISS_AT_3_HIT_AT_6,E9,PRIMARY_224,9,8,"The skewness figures for the measures OspanS, SymspanS, and RspanS in tasks assessing working memory storage are as follows:

- OspanS: -1.61
- SymspanS: -0.83
- RspanS: -1.11",3822.2423000261188,29792,,28273,dddbf3d05e2ddace7a3a7938743ff849deb8c3762e485532fb9205b497848dee,OK,
unidoc_education_0141,MISS_AT_3_HIT_AT_6,E3,PRIMARY_224,3,3,The provided text does not specify the particular tasks students are engaged in during educational sessions dedicated to arts and music.,890.5408999416977,3917,,2675,7762e46e64422f837fa5fcf7a8cf313bd8a2d89fff9abdf27d038d197dbefa04,OK,
unidoc_education_0141,MISS_AT_3_HIT_AT_6,E6,PRIMARY_224,6,6,The provided text does not specify the particular tasks students are engaged in during educational sessions dedicated to arts and music.,950.2724000485614,12274,,10907,2ddf807ef40433158c8f5eb920490164f83ef5434bbfaec9403049f0a277eb24,OK,
unidoc_education_0141,MISS_AT_3_HIT_AT_6,E9,PRIMARY_224,9,9,"During educational sessions dedicated to arts and music, students are engaged in a variety of tasks that include art and design, music, dance, drama, and media arts. These activities are part of a broad and balanced curriculum, with art and design and music being compulsory subjects in key stages 1 to 3. Students participate in structured arts activities that can improve cognitive abilities, attainment in Maths and English, and develop skills and behaviors that lead to better school performance. Cultural education also supports health and wellbeing, helping to build confidence, resilience, and emotional expression. Additionally, students may engage in creative and cultural experiences that contribute to their spiritual, moral, social, and cultural development, as well as their life and employability skills.",4633.240299997851,20370,,18880,7b767c2d6d88fb4de6e32a731f109525dcd2fb2694f83c0d45669a65bf58a19d,OK,
unidoc_education_0152,MISS_AT_3_HIT_AT_6,E3,PRIMARY_224,3,2,"According to the data, the aggregation of red blood cells at 20 degrees Celsius increases the rate at which they settle. The exact analytic results indicate that the erythrocyte sedimentation rate (ESR) increases as the red blood cells form aggregates. The velocity of the red blood cells (RBCs) is shown to increase with both time and the number of RBCs in a cluster, as demonstrated in the figures for clusters of RBCs at 20 degrees Celsius.",3198.9909999538213,6662,,5391,88b64f201807e1d666397eb97380532183b0f9e529667693fbfbf8431d305f74,OK,
unidoc_education_0152,MISS_AT_3_HIT_AT_6,E6,PRIMARY_224,6,4,"According to the data, the aggregation of red blood cells at 20 degrees Celsius increases the rate at which they settle. The exact analytic results indicate that the erythrocyte sedimentation rate (ESR) increases as the red blood cells form aggregates. Specifically, the rate of sedimentation increases as the number of red blood cells that bind together in the sedimentation process increases.",3903.235699981451,17453,,16059,faa0556b738c355aa25b53543176d4ed62c6923d9ea013aba0876539b31b8e15,OK,
unidoc_education_0152,MISS_AT_3_HIT_AT_6,E9,PRIMARY_224,9,6,"According to the data, the aggregation of red blood cells at 20 degrees Celsius increases the rate at which they settle. The exact analytic results indicate that the erythrocyte sedimentation rate (ESR) increases as the red blood cells form aggregates. Specifically, the rate of sedimentation increases as the number of red blood cells that bind together in the sedimentation process increases.",3742.796399979852,26377,,24860,d7e7054f4f83b9e4a1b88ce4f2ca9fe87c89059ff940c7843598441b253b72f7,OK,
unidoc_education_0153,MISS_AT_9,E3,PRIMARY_224,3,3,"Based on the elaboration-likelihood model study, individuals with high levels of knowledge (high ability or motivation to think about the communication) are more persuaded by strong arguments than by weak arguments, regardless of the credibility of the source. In contrast, individuals with low levels of knowledge (low ability or motivation) are more persuaded by credible sources than by noncredible sources. Additionally, the impact of a communication is more likely to last over time when there is elaborative processing of the arguments, which is more common in individuals with higher ability and motivation.",4871.007099980488,10374,,9058,c00d219730656675f8d7201a64106148db40da873274805316aea2f79c1acc01,OK,
unidoc_education_0153,MISS_AT_9,E6,PRIMARY_224,6,5,"Based on the elaboration-likelihood model study, persuasion outcomes vary between individuals with high and low levels of knowledge in immediate and delayed assessments. The study suggests that individuals with high levels of knowledge (high ability and motivation) are more likely to engage in elaborative processing of persuasive messages. This leads to more persistent persuasion effects over time. In contrast, individuals with low levels of knowledge (low ability and motivation) are more influenced by heuristic cues and show less persistent persuasion effects. Specifically, the study found that when the discounting cue is presented after the message arguments, individuals with high prior knowledge show a significant increase in persuasion over time, while those with low or moderate prior knowledge show little to no increase.",4803.76400006935,20332,,18887,dacf502ec0532b81fb9d066f3038a5d5d71c4088b830b6660838df22d68c6c0e,OK,
unidoc_education_0153,MISS_AT_9,E9,PRIMARY_224,9,7,"Based on the elaboration-likelihood model study, persuasion outcomes vary between individuals with high and low levels of knowledge in immediate and delayed assessments. The sleeper effect, which refers to a delayed increase in persuasion over time, is more likely to occur when recipients have higher ability or motivation to think about the message and when the discounting cue is presented after the message arguments. Specifically, individuals with high prior knowledge showed a significant increase in persuasion over time when the discounting cue was presented after the message, with an effect size of 0.25 (p < 0.01). In contrast, individuals with low or moderate prior knowledge did not show a significant increase in persuasion over time when the discounting cue was presented after the message, with an effect size of 0.05. These findings suggest that the sleeper effect is contingent on the recipients' ability and motivation to process the message and the timing of the discounting cue.",5917.803700082004,33190,,31618,2107020bee7b44d436a002c30ab8bdb3fb9e09c47ea1b6039213ac8ec538766c,OK,
unidoc_education_0178,MISS_AT_3_HIT_AT_6,E3,PRIMARY_224,3,3,"Alterations in emotional states influence donation behaviors differently in interventions focused on kindness to others versus kindness to oneself. Specifically, an increase in positive affect is positively associated with increased donations for kindness to others. In contrast, increased negative affect is marginally associated with increased donations for kindness to oneself. These associations suggest that emotional states moderate the relationship between the type of kindness intervention and donation behavior.",1944.1165999742225,10871,,9583,7b7e1678dfecc0253ad5bcf314c0d34c7b2c85752f763f7a272e018825b67d77,OK,
unidoc_education_0178,MISS_AT_3_HIT_AT_6,E6,PRIMARY_224,6,6,"Alterations in emotional states influence donation behaviors differently in interventions focused on kindness to others versus kindness to oneself. For interventions focused on kindness to others, an increase in positive affect is positively associated with increased donations. In contrast, for interventions focused on kindness to oneself, an increase in negative affect is marginally associated with increased donations. Additionally, changes in positive affect, rather than negative affect or stress, are linked to greater prosocial giving for adolescents in the kindness to others condition.",4056.482799933292,20549,,19134,9b365486feb8ca4591d3edd8b188d2a421a02555901224f68629e005a1d73f30,OK,
unidoc_education_0178,MISS_AT_3_HIT_AT_6,E9,PRIMARY_224,9,9,"Alterations in emotional states influence donation behaviors differently in interventions focused on kindness to others versus kindness to oneself. Specifically, an increase in positive affect was positively associated with increased donations for kindness to others. In contrast, increased negative affect was marginally associated with increased donations for kindness to oneself. Additionally, changes in positive affect were linked to greater prosocial giving for adolescents in the kindness to others condition, while changes in negative affect showed a marginal positive association with giving behavior in the kindness to self condition.",4730.78640003223,29816,,28276,9cb6e6def15f4024d6691f8904b6faafbbc9253daac91f2072f865347e78827a,OK,
unidoc_education_0186,MISS_AT_6_HIT_AT_9,E3,PRIMARY_224,3,2,The information about how the weighting pattern of /i/-related cues changes from the first to the fifth duration step for group KA is not supported by the currently retrieved evidence.,1539.7603999590501,11153,,9898,11164744d163ea342c346c0c5cff47b3fe43bcdbbfbcceeec1a4f7e4f8f673fc,OK,
unidoc_education_0186,MISS_AT_6_HIT_AT_9,E6,PRIMARY_224,6,5,"The weighting pattern of /i/-related cues for group KA changes from the first to the fifth duration step as follows:

- At Time 1 (first duration step), group KA is categorized as ""Dur"", indicating that they primarily used duration cues to distinguish the vowel contrasts with positive bdur values.
- At Time 2, the group continues to rely on duration cues, as indicated by the positive bdur values, and there is no significant shift towards spectral cues.
- At Time 3, the group still primarily uses duration cues, with positive bdur values, and there is no significant shift towards spectral cues.
- At Time 4 (fifth duration step), the group continues to use duration cues, with positive bdur values, and there is no significant shift towards spectral cues.

Overall, the weighting pattern of /i/-related cues for group KA remains primarily on duration cues throughout the duration steps, with no significant shift towards spectral cues.",7319.287299993448,23736,,22352,6ae50380a50494e62ca61762116d1a24b17764c0042320be859cac10c425c20c,OK,
unidoc_education_0186,MISS_AT_6_HIT_AT_9,E9,PRIMARY_224,9,8,"For the group KA (Korean adults) and the /i/-/ɪ/ contrast, the weighting pattern of /i/-related cues changes from the first to the fifth duration step as follows:

- At Time 1, the group primarily used duration cues with positive bdur values, indicating a reliance on duration to distinguish the vowel contrast.
- Over time, the weighting pattern for the group KA shows a progression along the duration dimension, with an increasing use of duration cues in the native-like direction (i.e., longer vowel duration for /i/).
- By Time 3, all learners in the group used duration cues in the native-like direction, and there was still a significant use of duration cues at Time 4.
- There is no evidence of a shift towards the use of spectral cues for the group KA for the /i/-/ɪ/ contrast, as the majority of learners continued to use duration cues over time.

The information provided does not specify the exact weighting values for each of the five duration steps for the group KA, but it does indicate a consistent reliance on duration cues for the /i/-/ɪ/ contrast from the first to the fifth duration step.",8457.813000073656,32233,,30724,70c4cc4aedc8dec673980b18ad7f7820b7028418d1f8a252b109f0bfea56549c,OK,
unidoc_education_0191,MISS_AT_3_HIT_AT_6,E3,PRIMARY_224,3,3,"The genetic alterations ace-1(p1000);ace-2(g72) and unc-17(e113) affect dendritic spine density in C. elegans during different growth stages as follows:

1. **unc-17(e113) mutants**: These mutants have reduced acetylcholine release due to the elimination of the vesicular acetylcholine transporter (vAChT) in ventral cord cholinergic motor neurons. This results in reduced dendritic spine density in DD neurons at the L4 larval stage. The chronic reduction in acetylcholine levels impairs the developmentally regulated enhancement of spine density normally observed in wild-type animals.

2. **ace-1(p1000);ace-2(g72) mutants**: These mutants disrupt acetylcholinesterase activity, leading to increased acetylcholine levels. This results in a precocious elevation of spine density during development. Similar to the unc-17 mutants, the chronic elevation of acetylcholine levels also impairs the developmentally regulated enhancement of spine density in wild-type animals.

These findings indicate that cholinergic signaling positively regulates the formation of dendritic spines in C. elegans.",8881.327699986286,13310,,12022,0d8eb196edb553d2be100483104999bc3cda2ceab2833e098fbafd6afce5c974,OK,
unidoc_education_0191,MISS_AT_3_HIT_AT_6,E6,PRIMARY_224,6,6,"The genetic alterations ace-1(p1000);ace-2(g72) and unc-17(e113) affect dendritic spine density in C. elegans during different growth stages as follows:

1. **ace-1(p1000);ace-2(g72) mutants**: These mutants disrupt acetylcholinesterase activity, leading to increased acetylcholine levels. This results in a precocious elevation of dendritic spine density during development. Specifically, spine density is increased at earlier developmental stages compared to wild-type animals.

2. **unc-17(e113) mutants**: These mutants have reduced acetylcholine release due to the elimination of the vesicular acetylcholine transporter vAChT in cholinergic motor neurons. This leads to reduced dendritic spine density at the L4 larval stage.

Both genetic alterations impair the developmentally regulated enhancement of spine density that is normally observed in wild-type animals. This indicates that cholinergic signaling positively regulates the formation of dendritic spines in C. elegans.",7478.403399931267,23123,,21706,ec79b2507bf8f5a6d71828324901c1f8fe001ddf5cc72379bcecbefff2df7b37,OK,
unidoc_education_0191,MISS_AT_3_HIT_AT_6,E9,PRIMARY_224,9,7,"The genetic alterations ace-1(p1000);ace-2(g72) and unc-17(e113) affect dendritic spine density in C. elegans during different growth stages as follows:

1. **unc-17(e113) mutants**: These mutants have reduced acetylcholine release due to the elimination of the vesicular acetylcholine transporter vAChT in ventral cord cholinergic motor neurons. This results in reduced dendritic spine density at the L4 larval stage. The developmental elevation of spine density is impaired in these mutants.

2. **ace-1(p1000);ace-2(g72) mutants**: These mutants disrupt acetylcholinesterase activity, leading to increased acetylcholine levels. This results in a precocious elevation of spine density during development. The normal developmentally regulated enhancement of spine density is also impaired in these mutants.

These findings indicate that cholinergic signaling positively regulates the formation of dendritic spines in C. elegans.",7908.875900087878,31017,,29471,6e679b97d62afda976b9fcd87840bab78106731ce80fa565ce3416e1fa4e7e7f,OK,
unidoc_education_0193,MISS_AT_3_HIT_AT_6,E3,PRIMARY_224,3,2,"The document states that the study analyzed 2,070 single, static visualizations. These are described as stand-alone visualizations with one panel. The visual representations originating from scientific journals, particularly Nature, are not explicitly mentioned in the provided text. Therefore, the specific count of visual representations from scientific journals and Nature, as well as the count of those that stand alone, is not supported by the currently retrieved evidence.",2481.188500067219,11271,,10010,1edd065b298de2a4f3874c953cd6b62259764353688fe7e89d5e9aff7636ae23,OK,
unidoc_education_0193,MISS_AT_3_HIT_AT_6,E6,PRIMARY_224,6,5,"The document states that there are 2,178 visualizations originating from scientific publications, specifically from the journal Nature. Out of these, 348 are stand-alone visualizations.",1328.3185999607667,23295,,21911,8dbeed3ca6db2757f22cdb7317b846f3706be0d150b63490004990f069131b47,OK,
unidoc_education_0193,MISS_AT_3_HIT_AT_6,E9,PRIMARY_224,9,7,"The document states that there are 2,178 visualizations originating from scientific publications, specifically from Nature. Out of these, 348 are identified as stand-alone visualizations.",2828.389000031166,37081,,35574,fe84554ba80abe8fa65c30af77b3ba4f2866560c0a183ef7166434391912f11b,OK,
unidoc_education_0195,MISS_AT_3_HIT_AT_6,E3,PRIMARY_224,3,3,"In Study 3B, the comparison of standardized mean evaluations for groups based on accuracy in explicit assessments is not directly provided in the given text. The text mentions the distribution of explicit and implicit evaluations and the division of participants into groups based on their responses to the explicit inference item, but it does not specify the standardized mean evaluations for these groups.",2392.4975999398157,14155,,12897,d8ddd315ee568a884d249210b19058ccedde4d6254e0ef6927302ad9081f2be3,OK,
unidoc_education_0195,MISS_AT_3_HIT_AT_6,E6,PRIMARY_224,6,6,"In Study 3B, the comparison of standardized mean evaluations for groups based on accuracy in explicit assessments showed that explicit evaluations were considerably more positive in the error group than in the accurate group. The inferential hypothesis was preferred both to the null hypothesis (BF > 106) and to the co-occurrence hypothesis (BF > 108).",5211.600199923851,26881,,25498,7d14bd4abd45b9d81be13839620544b76afff01fc6d8251f45b2ac2a6fed013b,OK,
unidoc_education_0195,MISS_AT_3_HIT_AT_6,E9,PRIMARY_224,9,9,"In Study 3B, the comparison of standardized mean evaluations for groups based on accuracy in explicit assessments showed that explicit evaluations were considerably more positive in the error group than in the accurate group. The inferential hypothesis was strongly preferred over the co-occurrence hypothesis, with a Bayes Factor (BF) greater than 108. Additionally, for implicit evaluations, a significant and positive interaction effect was found (BF = 799), indicating that participants in the accurate group evaluated control and experimental primes equivalently, while participants in the error group exhibited an implicit preference for experimental over control primes.",5031.547000049613,40568,,39056,c44cf7a878d1990a7cfdce342f774ce0f4dd1f645bc0599754dbc5f8efce01bf,OK,
unidoc_energy_0007,MISS_AT_3_HIT_AT_6,E3,PRIMARY_224,3,3,"The retrieved evidence does not provide specific data on the difference in the share of high-magnitude seismic occurrences linked to wells used for fluid disposal compared to those utilized for hydraulic fracturing between 2010 and 2015 in the Western Canada Sedimentary Basin. Therefore, the information is not supported by the currently retrieved evidence.",1961.8339999578893,6724,,5359,abc521d1515ef787d21a714d419b8efcb5c99c98eeda366ee3c46e1a7d132786,OK,
unidoc_energy_0007,MISS_AT_3_HIT_AT_6,E6,PRIMARY_224,6,6,"The retrieved evidence does not provide specific data on the difference in the share of high-magnitude seismic occurrences linked to wells used for fluid disposal compared to those utilized for hydraulic fracturing in the Western Canada Sedimentary Basin between 2010 and 2015. While the text discusses induced seismicity and mentions that fluid disposal has occasionally led to felt events, it does not include a direct comparison of high-magnitude seismic occurrences between fluid disposal and hydraulic fracturing during the specified time period.",3027.390699950047,13572,,12082,13e6c85dcff615a0896faca315f8e7c402fac4ec2a2d19696977a04697ce3310,OK,
unidoc_energy_0007,MISS_AT_3_HIT_AT_6,E9,PRIMARY_224,9,9,"The retrieved evidence does not provide a direct comparison of the share of high-magnitude seismic occurrences between wells used for fluid disposal and those used for hydraulic fracturing in the Western Canada Sedimentary Basin between 2010 and 2015. While it mentions that induced seismicity from fluid disposal is rare and that approximately one percent of disposal wells have generated events greater than magnitude 3, it does not specify the share of high-magnitude events for hydraulic fracturing or provide a comparative analysis between the two practices during the specified time period.",3981.9764000130817,21499,,19882,f94f3eb82dbc127e698f700aa02e7a64942faed8038fb159771b47048e25165e,OK,
unidoc_energy_0015,MISS_AT_6_HIT_AT_9,E3,PRIMARY_224,3,3,The information provided in the given text does not explicitly acknowledge any specific entity as the central technology institution in the Q2 2021 overview addressing regulatory changes in net metering and distributed solar generation initiatives within The 50 States of Solar analysis.,1834.306399920024,7848,,6489,1b4c2c9c50979b0b5dab32975cb22ab18e889fcf5276c40a54d6c80d193c2b4b,OK,
unidoc_energy_0015,MISS_AT_6_HIT_AT_9,E6,PRIMARY_224,6,6,The central technology institution acknowledged in the Q2 2021 overview addressing regulatory changes in net metering and distributed solar generation initiatives within The 50 States of Solar analysis is the NC Clean Energy Technology Center.,1483.6085999850184,12030,,10548,f9226fb80d64a7ca4fe515206ad6bc5f1218518cde158b2ad1cf4aa4cd2f3bf8,OK,
unidoc_energy_0015,MISS_AT_6_HIT_AT_9,E9,PRIMARY_224,9,9,The central technology institution acknowledged in the Q2 2021 overview addressing regulatory changes in net metering and distributed solar generation initiatives within The 50 States of Solar analysis is the NC Clean Energy Technology Center.,2099.743300001137,16939,,15334,93570804fdbfb99650e1533e91b215f9b5776f59ca764b177874a2e88f163ea8,OK,
unidoc_energy_0016,MISS_AT_3_HIT_AT_6,E3,PRIMARY_224,3,3,"The sequence of changes in radiation monitoring readings over time indicates the arrival, movement, and settling of radioactive material at a site. For example, in the case of the Fukushima nuclear event, radioactive plumes were detected during two periods: the first between 15 and 16 March and the second between 20 and 23 March. These readings show that the simulations properly reproduce the signal's temporal evolution, validating the estimated temporal evolution of the release for the observed episodes. The simulations confirm the results obtained by comparing the simulations with the dose rate measurements, indicating that the radioactive material was detected and its movement over time was captured by the monitoring stations. The readings also show that the main peak of radioactive material was detected over a longer period in the simulations than in the actual measurements, and the simulation results are fairly consistent with the measurements in the case of the caesiums. The activity concentrations of 136Cs are slightly overestimated by a factor of 2 to 3, and the simulation results are most consistent with the measurements in the case of 137Cs. The 131I activity concentrations are overestimated but remain within a factor of 2 of the observations. The results are less conclusive in the case of the 132Te, as the activity concentrations are underestimated by a factor of 3 to 4 in the simulations. The 132Te/132I pair has a relatively short half-life of 3.26 days, and if several plumes are detected above the same monitoring station for a short period, the dose rate due to deposition between two successive plume passes is not measured for a long enough period to enable the inverse method to accurately estimate the releases' isotopic composition. In this context, the radioactive elements with relatively short half-lives, such as those of the 132Te/132I pair, are considered as noble gases by the inversion process, and the method will tend to emphasize the 133Xe in the release rather than the 132Te/132I pair. Two plumes are detected above the Tokai monitoring station on 15 and 16 March, and the underestimated 132Te value should therefore be compensated for by overestimating the 133Xe value. This hypothesis cannot be checked, as we do not have simultaneous noble gas and 132Te measurements, but all of the comparisons tend to support it. The simulation made using the Mathieu et al. (2012) ST tends to overestimate the activity concentrations, resulting in the simulated dose rate being overestimated after 15 March due to deposition during the event.",17364.27340004593,10839,,9493,57868255223dc7d272519a410acb58ae9c86f54cd327ef39dcdb5e7772c5d1da,OK,
unidoc_energy_0016,MISS_AT_3_HIT_AT_6,E6,PRIMARY_224,6,6,"The sequence of changes in radiation monitoring readings over time during the Fukushima nuclear event indicates the arrival, movement, and settling of radioactive material at a site. When a radioactive plume passes over a monitoring station, the ambient dose rate rises and reaches a peak, which is due to radioactivity in the air and the deposition forming in the vicinity of the monitoring device. As the plume moves further away, the dose rate decreases. After the plume has passed, the dose rate remains higher than before the plume, with the difference resulting from the deposits formed during the plume passage. The temporal evolution of the dose rate after the plume is mainly due to the radioactive decay of the radionuclides in the deposit, and the signal slope reflects the isotopic composition of the deposit. This sequence of changes in readings helps to identify the timing and characteristics of the radioactive plume's arrival, its movement away, and the subsequent settling of radioactive material at the site.",6362.630899995565,24487,,23016,58003814c41662218f46b9d569e78764e771b3a3f7adb3c676b8030a1cdd7720,OK,
unidoc_energy_0016,MISS_AT_3_HIT_AT_6,E9,PRIMARY_224,9,8,"The sequence of changes in radiation monitoring readings over time indicates the arrival, movement, and settling of radioactive material at a site. When a radioactive plume passes over a monitoring station, the dose rate rises and reaches a peak, which is due to radioactivity in the air and the deposition forming in the vicinity of the device. As the plume moves away, the dose rate decreases. After the plume has passed, the dose rate remains higher than before the plume, indicating the deposits formed during the plume passage. The temporal evolution of the dose rate after the plume is mainly due to the radioactive decay of the radionuclides in the deposit, and the signal slope reflects the isotopic composition of the deposit. This information helps in understanding the temporal evolution of the release and the isotopic composition of the emissions.",5055.8400000445545,30148,,28550,b5801ba9706992044bc1f792bd1a65c3594971285ede7c872d34aff758fbdc46,OK,
unidoc_energy_0027,MISS_AT_3_HIT_AT_6,E3,PRIMARY_224,3,2,The most powerful seismic event with a magnitude of 5.3 in the Raton Basin area occurred on 23 August 2011.,888.6974999913946,9016,,7746,3781e86b2a339780cc45cd44973ae9ad159bbbbe0a8f486b7382b724c5d9382b,OK,
unidoc_energy_0027,MISS_AT_3_HIT_AT_6,E6,PRIMARY_224,6,5,The most powerful seismic event with a magnitude of 5.3 in the Raton Basin area occurred on 23 August 2011.,1685.4208000004292,22327,,20932,762987be6382015713393fca4acebf75abb798cb4f0bcfcc1f0777eefd96bc87,OK,
unidoc_energy_0027,MISS_AT_3_HIT_AT_6,E9,PRIMARY_224,9,7,The most powerful seismic event with a magnitude of 5.3 in the Raton Basin area occurred on 23 August 2011.,1283.16539991647,29998,,28474,d24e91e46ec615f3f90f998bca5c32b7613df44438e87c490d99fefb447a5d17,OK,
unidoc_energy_0032,MISS_AT_3_HIT_AT_6,E3,PRIMARY_224,3,3,"The Department of Commerce tracked significant shifts and turning points in the monthly average petroleum cost (in USD) between the spring of 2008 and the end of winter 2012 as follows:

1. In the spring of 2008, the average price of crude oil increased from $84 per barrel in January 2008 to $117 per barrel in June 2008, representing a 39% increase. This led to the value of U.S. crude oil imports rising from about $27 billion a month in January 2008 to $35 billion a month in June 2008.

2. Petroleum prices reached nearly $140 per barrel in 2008 before falling at a historic rate between August 2008 and February 2009. During this period, average petroleum prices fell each month.

3. In February 2009, the average price of petroleum reversed course and rose by 85% between February and December 2009, climbing to nearly $80 per barrel at times.

4. In 2010, petroleum prices reached a peak average price of about $77 per barrel in April before falling to around $72 per barrel in July 2010. This marked one of only three times since January 2009 that average monthly petroleum prices declined.

5. In December 2010, petroleum import prices averaged nearly $80 per barrel and continued to increase, reaching over $112 per barrel at times in March, April, and May 2011.

6. Petroleum import prices then trended downward through the end of 2011, falling to an average price of $99.71 per barrel in December 2011.

7. In February 2012, the average price of imported oil was $103.6, up 19% from an average of $87.2 in February 2011, but slightly down from the average price per barrel of $103.8 in January 2012.

These shifts and turning points reflect the fluctuating nature of petroleum prices during the specified time period.",14381.888399948366,9606,,8276,1c557773c91dd7a7ff711851f9f201566266c334bf87dd9d151e65075a0502aa,OK,
unidoc_energy_0032,MISS_AT_3_HIT_AT_6,E6,PRIMARY_224,6,6,"The significant shifts and turning points in the monthly average petroleum cost (in USD) between the spring of 2008 and the end of winter 2012, as tracked by the Department of Commerce, include the following:

1. In spring 2008, petroleum prices reached nearly $140 per barrel before falling at a historic rate.
2. Between August 2008 and February 2009, average petroleum prices fell each month.
3. In February 2009, prices reversed course and rose by 85% between February and December 2009, climbing to nearly $80 per barrel at times.
4. In April 2010, petroleum prices reached a peak average price of about $77 per barrel before falling to around $72 per barrel in July 2010.
5. In December 2010, petroleum import prices averaged nearly $80 per barrel and continued to increase, reaching over $112 per barrel at times in March, April, and May 2011.
6. Petroleum import prices then trended downward through the end of 2011, falling to an average price of $99.71 per barrel in December 2011.
7. In February 2012, the average price of imported oil was $103.6, up 19% from an average of $87.2 in February 2011, but down slightly from the average price per barrel of $103.8 in January 2012.",10956.25689998269,15612,,14159,ee51e64d7a17d880298c4ddfe335fdf1d962c21de1faf02be0a663af8f4c6ed0,OK,
unidoc_energy_0032,MISS_AT_3_HIT_AT_6,E9,PRIMARY_224,9,9,"The significant shifts and turning points in the monthly average petroleum cost (in USD) between the spring of 2008 and the end of winter 2012, as tracked by the Department of Commerce, are as follows:

1. **Spring 2008**: Petroleum prices reached nearly $140 per barrel.
2. **August 2008 to February 2009**: Prices fell each month, reaching a low of under $40 per barrel in January and February 2009.
3. **February to December 2009**: Prices reversed course and rose by 85%, climbing to nearly $80 per barrel at times.
4. **April 2010**: Petroleum prices reached a peak average of about $77 per barrel before falling to around $72 per barrel in July 2010.
5. **March, April, and May 2011**: Prices reached over $112 per barrel at times.
6. **December 2011**: Average prices fell to $99.71 per barrel.
7. **February 2012**: The average price of imported oil was $103.6 per barrel, slightly down from January 2012's $103.8 per barrel.

These shifts reflect the fluctuations in petroleum prices during the specified period, influenced by economic factors, geopolitical events, and market dynamics.",9937.44089989923,22340,,20762,0a8bd18eb35fcdd3330e602a8fe0251f104d45bf068f30d49e78f0abf887a5bf,OK,
unidoc_energy_0033,MISS_AT_3_HIT_AT_6,E3,PRIMARY_224,3,3,"The high and statistically notable estimates for specific parameters in the B matrix of the asymmetric BEKK model, particularly the 11β coefficients (0.7403 in EUA-Brent and 0.7344 in EUA-gas), indicate a strong persistence effect of prior volatility on subsequent volatility in EUA returns during the second stage of the EU Emissions Trading System. These coefficients reflect the GARCH effect, which captures the influence of past volatility on future volatility. The large and statistically significant values of 11β suggest that the volatility of EUA returns in the first phase is significantly affected by its own past volatility, demonstrating that prior fluctuations have a lasting impact on future volatility. This persistence implies that the market retains a memory of past volatility, which continues to influence the dynamics of EUA returns.",5166.007699910551,9804,,8388,dee5f8563c9920b6f9bff0e76ae06154ff5e5282305a86a517e02966178f9b8e,OK,
unidoc_energy_0033,MISS_AT_3_HIT_AT_6,E6,PRIMARY_224,6,6,"The high and statistically notable estimates for specific parameters in the B matrix of the asymmetric BEKK model in the second stage of the EU Emissions Trading System (EU ETS) indicate a strong persistence of past volatility in influencing future volatility in EUA returns. This is evidenced by the significant and near-unity values of the 11β and 22β coefficients in the B matrix across all models in Table 4. These coefficients reflect the GARCH effect, showing that prior fluctuations in EUA returns have a lasting impact on subsequent volatility. This persistence suggests that historical volatility patterns in EUA returns are a key determinant of future volatility, highlighting the ongoing influence of prior market conditions.",3846.2629999266937,19404,,17861,b297f71accc9c0ce2c107a57f5195379cc3b028652d83461f15fdd0074cc83b6,OK,
unidoc_energy_0033,MISS_AT_3_HIT_AT_6,E9,PRIMARY_224,9,9,"The high and statistically notable estimates for specific parameters in the B matrix of the asymmetric BEKK model in the second stage of the EU Emissions Trading System (EU ETS) clarify the ongoing influence of prior fluctuations on subsequent volatility in EUA returns by indicating a strong persistence of past volatility. In the second phase (2008–2012), the coefficients 11β and 22β in the B matrix for all models are statistically significant and close to 1. This suggests that the volatility of EUA returns is highly persistent, meaning that past volatility has a substantial and enduring effect on future volatility. This persistence is a manifestation of the GARCH effect, where the impact of historical volatility remains influential over time. The high persistence implies that shocks or fluctuations in EUA returns during this phase have a prolonged influence, affecting the volatility dynamics in subsequent periods.",6684.758399962448,30274,,28604,3544395f3f0be50fdc9fe178afc734c3431a266a872516becacc1e0ddbe5efb7,OK,
unidoc_energy_0038,MISS_AT_3_HIT_AT_6,E3,PRIMARY_224,3,3,"The information provided in the given text does not directly address the specific events that triggered sharp downward movements in the price of EU Allowances in the first phase of the Emissions Trading Scheme, especially around the periods when actual emissions were disclosed and limits on carrying over allowances were imposed. Therefore, based on the provided evidence, the information is not supported.",2216.601200052537,11698,,10310,ebdfa56ca89b50862324dc8cf9c0cac047a0a800a96311814e0eb86d26cfc8b6,OK,
unidoc_energy_0038,MISS_AT_3_HIT_AT_6,E6,PRIMARY_224,6,6,"In the first phase of the Emissions Trading Scheme (EU ETS), sharp downward movements in the price of EU Allowances were triggered by the announcement of verified emission amounts, which implied an over-allocation of EUA in April 2006. Another significant slump occurred at the end of the first phase, which was caused by both over-allocation and the imposition of banking restrictions, leading to selling-off and a price collapse.",2826.939699938521,19894,,18379,0612b89489fa897ba1d5910c34386223298f8a222a4e3f1015d0b616a3d6e296,OK,
unidoc_energy_0038,MISS_AT_3_HIT_AT_6,E9,PRIMARY_224,9,9,"The sharp downward movements in the price of EU Allowances in the first phase of the Emissions Trading Scheme were triggered by the announcement of verified emission amounts, which implied an over-allocation of EUA. Another slump occurred at the end of the first phase due to over-allocation and the imposition of banking restrictions, leading to selling-off and a price collapse.",3764.3808000721037,30536,,28892,793b578c21c0cad5e7b379f08a67b17e7006ec0cbfb18a11cb824d32893725fb,OK,
unidoc_energy_0041,MISS_AT_3_HIT_AT_6,E3,PRIMARY_224,3,3,"The provided text does not include specific information about how petroleum use evolved in the Asia Pacific region compared to North America from 1990 to 2015. Therefore, the information is not supported by the currently retrieved evidence.",1665.4336999636143,4451,,3167,080d3e59eb9395b739a0aef14eac7d222f212bebbea874f987ab4730f4a06346,OK,
unidoc_energy_0041,MISS_AT_3_HIT_AT_6,E6,PRIMARY_224,6,6,"The provided evidence does not specifically address the differences in how petroleum use evolved in the Asia Pacific region compared to North America from 1990 to 2015. Therefore, the information is not supported by the currently retrieved evidence.",1544.6912000188604,14781,,13374,767afecae9a189e54404dfc34beaf83575741017d0f263f787a1e2efbdc792a7,OK,
unidoc_energy_0041,MISS_AT_3_HIT_AT_6,E9,PRIMARY_224,6,6,"The provided text does not contain specific information about the differences in how petroleum use evolved in the Asia Pacific region compared to North America from 1990 to 2015. Therefore, the information is not supported by the currently retrieved evidence.",1799.138700007461,14781,,13374,767afecae9a189e54404dfc34beaf83575741017d0f263f787a1e2efbdc792a7,OK,
unidoc_energy_0043,MISS_AT_3_HIT_AT_6,E3,PRIMARY_224,3,3,The range assigned to the vertical placement of the chimney connection was from 0.00 m to 1.25 m.,1255.0186000298709,10464,,9176,2fc9d354bb188d2e75d32078299b1ce03f15c0bbb14ad55fa41cc2a890ea6705,OK,
unidoc_energy_0043,MISS_AT_3_HIT_AT_6,E6,PRIMARY_224,6,6,"The range assigned to the vertical placement of the chimney connection (chimney attachment height, $ h_c $) in the computational scenarios was from 0 to 1.25 meters.",1217.5141999032348,16415,,15004,77a79d7e4c93d5537ff07c30b47249d3d696a7e190ed6bddd3d8eea0f209164a,OK,
unidoc_energy_0043,MISS_AT_3_HIT_AT_6,E9,PRIMARY_224,8,8,"The range assigned to the vertical placement of the chimney connection (chimney attachment height, $ h_c $) in the computational scenarios was from 0 to 1.25 meters.",2768.233700073324,21678,,20185,a0a537d4ec5441be87c6d153b5818233c10d55ec2a38437f19f7b175b74fcc2e,OK,
unidoc_energy_0052,MISS_AT_3_HIT_AT_6,E3,PRIMARY_224,3,3,"Based on the research by Adrian Rinscheid and colleagues, about 34% of respondents (strongly) supported policies to phase out fossil fuel-powered cars, while 20% (strongly) opposed such measures.",1590.3685999801382,9024,,7744,6dd8a1d49553353d0232621f86518cf5e6dc5b1fe3c98bdb9ebc8982ba665ac9,OK,
unidoc_energy_0052,MISS_AT_3_HIT_AT_6,E6,PRIMARY_224,6,6,"Based on the research by Adrian Rinscheid and colleagues, about 34% of respondents (strongly) support policies to phase out fossil fuel cars, while 20% (strongly) oppose such measures.",2800.591600011103,16842,,15435,c12d3c6329c1140695739821a470b0e80eeadaba31fbd8c72678702e141317cd,OK,
unidoc_energy_0052,MISS_AT_3_HIT_AT_6,E9,PRIMARY_224,9,9,"Based on the research by Adrian Rinscheid and colleagues, about 34% of respondents (strongly) support policies to phase out fossil fuel-powered cars, while 20% (strongly) oppose such measures.",1577.6370000094175,24942,,23408,cfe60e87a7aa66455e1eaff9e936cde21371f6cb478d3a56508eaf8a7d198a73,OK,
unidoc_energy_0060,MISS_AT_3_HIT_AT_6,E3,PRIMARY_224,3,3,"The provided text does not contain information about any filings made by FE and DP&L on February 21, 2019, or any proposed adjustment to the collection sum by DP&L.",1340.1301999110729,4821,,3511,be87b95f79888c80a1d9b265132d842a463455f102f479022eeb518118fec10f,OK,
unidoc_energy_0060,MISS_AT_3_HIT_AT_6,E6,PRIMARY_224,6,6,The information requested is not supported by the currently retrieved evidence.,556.184499990195,8157,,6724,df5c185d626cfb660845a2b98f56f843e0e8cbf9611e23eafda7dca163621b59,OK,
unidoc_energy_0060,MISS_AT_3_HIT_AT_6,E9,PRIMARY_224,8,8,"The information regarding which filings FE and DP&L made on February 21, 2019, seeking to continue the DMR for two additional years, and the adjustment to the collection sum proposed by DP&L is not supported by the currently retrieved evidence.",2963.836600072682,11745,,10230,0255e3d07a6e822416c7758e3a03c8e7d8095a431d13cbb25aa80dfebc818305,OK,
unidoc_energy_0071,MISS_AT_3_HIT_AT_6,E3,PRIMARY_224,3,3,"The document does not provide specific data on the variations in year-over-year shifts in auction outcomes across each LDA between the 2020/2021 and 2021/2022 delivery periods within the PJM market. Therefore, the information is not supported by the currently retrieved evidence.",2180.7986000785604,14075,,12778,2ecc6df4f2820d8f89e5a1bb521d4e507673e76cbe47e8badd692e4c860f51ac,OK,
unidoc_energy_0071,MISS_AT_3_HIT_AT_6,E6,PRIMARY_224,6,5,"The retrieved document provides information on the year-over-year shifts in auction outcomes across each Locational Deliverability Area (LDA) in the PJM market between the 2020/2021 and 2021/2022 delivery periods. According to the data, overall, PJM capacity prices increased by 28% during this period. Some areas experienced even more significant increases, with one area seeing a 132.8% increase in prices. The document highlights that the increase in prices was contrary to the expectations of some studies, as no area forecasted a decrease in prices that actually occurred. The document does not provide specific year-over-year shifts for each LDA, but it does indicate that the increase in prices occurred despite a forecast of surplus capacity and that the PJM market has become increasingly segmented, leading to highly concentrated sub-markets with pivotal suppliers exerting market power.",5995.650400058366,26380,,24960,2f0d74dbcb23b9be86c837afdced2300bfe99b362e64b0a3c366e5a10503d92a,OK,
unidoc_energy_0071,MISS_AT_3_HIT_AT_6,E9,PRIMARY_224,9,6,"The retrieved document evidence indicates that the PJM capacity market has experienced significant year-over-year shifts in auction outcomes across each Locational Deliverability Area (LDA) between the 2020/2021 and 2021/2022 delivery periods. Specifically, the overall capacity prices in the PJM market increased by 28% during this time. Some areas saw even more dramatic increases, with prices rising by as much as 132.8%. This increase in prices occurred despite a substantial rise in reserve margins, which are projected to reach 70% by 2024, according to the North American Electric Reliability Corporation (NERC). The combination of high prices and a massive surplus in capacity suggests inefficiencies in the market, potentially due to the market power of pivotal suppliers in the segmented LDAs.",6783.4442999446765,29988,,28445,1f946899eb1ed149350387c5c184bd1c276beb0369d4913a1e83efbe21986895,OK,
unidoc_energy_0074,MISS_AT_6_HIT_AT_9,E3,PRIMARY_224,3,3,"Between late April and early July, the GNOME simulation projected the spread and classification of petroleum in the Gulf region as follows:

- On 24 April (4 days after the oil spill started), the oil was transported to the north.
- By 16 May (26 days after the spill), the oil had covered a wider range, with most of it transported to the east and only a small amount to the west. Beaching was predicted for the Mississippi delta and the eastern Alabama barrier islands, while the west Mobile Bay regions were not exposed to oil.
- On 6 June (47 days after the spill), most of the oil continued to move towards the east.
- By 10 July (81 days after the spill), the oil had started movement towards the west of the Gulf of Mexico, with beaching predicted in the Mississippi area, the west Mobile Bay regions, and the western tip of Florida.

These projections show a shift in the direction of oil movement from north and east in the early stages to westward by early July, with changes in the areas predicted to be affected.",7052.339399931952,13974,,12670,a8ed8e2e7ce89d49c78b55f87b33881f9ac56cd9de8c17748b85f180e2bdff9d,OK,
unidoc_energy_0074,MISS_AT_6_HIT_AT_9,E6,PRIMARY_224,6,4,"Between late April and early July, the GNOME simulation projected the spread and classification of petroleum in the Gulf region as follows:

- On 24 April (4 days after the oil spill started), the oil was transported to the north.
- By 16 May (26 days after the spill), the oil had covered a wider range, with most of it transported to the east and only a small amount to the west. Beaching was predicted for the Mississippi delta and the eastern Alabama barrier islands, while the west Mobile Bay regions were not exposed to oil.
- On 6 June (47 days after the spill), most of the oil continued to move towards the east, with some oil transported to the west Mobile Bay regions and the western tip of Florida by 10 July (81 days after the spill).

The GNOME simulation indicated a general movement of oil to the east initially, with increasing spread and westward movement over time. The classification of petroleum in terms of oil exposure zones included heavy, medium, and light oil, with uncertainty areas. The beaching algorithm predicted specific landfall locations, marked by red crosses in the simulation.",7987.715800059959,23668,,22241,6a8876d1782d5bda9e0037f0279f2c68d7f6d05400ca8c11cb0d057fccad3abb,OK,
unidoc_energy_0074,MISS_AT_6_HIT_AT_9,E9,PRIMARY_224,9,6,"Between late April and early July, the GNOME simulation for the Gulf region projected the following differences in the spread and classification of petroleum:

1. **24 April (4 days after the oil spill started)**: The oil was transported to the north from the wellhead.
2. **16 May (26 days after the oil spill started)**: The oil continued to leak and covered a wider range, with most of it transported to the east and only a small amount to the west. Beaching was predicted for the Mississippi delta and the eastern Alabama barrier islands.
3. **6 June (47 days after the oil spill started)**: Most of the oil continued to move towards the east. The west Mobile Bay regions were not exposed to the oil according to the GNOME beached oil algorithm.
4. **10 July (81 days after the oil spill started)**: The oil had started movement towards the west of the Gulf of Mexico, with beaching predicted in the Mississippi area, the west Mobile Bay regions, and the western tip of Florida.",8080.58800001163,30152,,28602,dee41304b7873d24f43bc341df49c5d21c5717b88e34f325e3cf7f487ff344df,OK,
unidoc_energy_0086,MISS_AT_3_HIT_AT_6,E3,PRIMARY_224,3,3,The information is not supported by the currently retrieved evidence.,428.23479999788105,13724,,12386,2e03ecf761a99810c604738257ac551cae227755e656ada592cca53f7cdae8c8,OK,
unidoc_energy_0086,MISS_AT_3_HIT_AT_6,E6,PRIMARY_224,6,6,The information is not supported by the currently retrieved evidence.,997.8243999648839,20722,,19261,e5186683150f3150b0b61494bd0dfef27075fe7b91687b198699c52534b01b09,OK,
unidoc_energy_0086,MISS_AT_3_HIT_AT_6,E9,PRIMARY_224,9,7,"The information regarding the icons used to indicate major world monetary units such as the US, European, and British currencies in simulations of liberalized power sector markets using autonomous decision-making entities is not supported by the currently retrieved evidence.",2142.3374000005424,29904,,28320,b188262db65c7a61b00252201220d29d8a3e06107311a7239919f5533e9d0862,OK,
unidoc_energy_0092,MISS_AT_3_HIT_AT_6,E3,PRIMARY_224,3,3,"In the Nepal-TRNSCGE framework, household travel demand is organized into two main categories: **individually-owned (private transport)** and **externally-provided (purchased transport)**. 

1. **Individually-owned (private transport)**:
   - This is further broken down into **2-wheeler (TR2W)** and **car (TRCR)** categories.
   - Each of these categories is disaggregated into different technologies based on **motive power generation and fuel type**, including:
     - Diesel internal combustion (IC)
     - Gasoline internal combustion (IC)
     - Diesel-hybrid
     - Gasoline-hybrid
     - Full-electric

2. **Externally-provided (purchased transport)**:
   - This is further broken down into **air passenger transport (TAIR)** and **purchased land passenger transport (TLND)**.
   - **Purchased land passenger transport (TLND)** is further disaggregated into:
     - Road passenger transport (TPRD)
     - Ropeway passenger transport (TPRW)
     - Railway passenger transport (TPRL)

These breakdowns allow for a detailed analysis of transport demand based on **mode of vehicle** (e.g., 2-wheeler, car, bus, microbus, taxi, air, rail, ropeway) and **types of propulsion systems** (e.g., internal combustion, hybrid, full-electric).",13523.509100079536,10001,,8610,16622123b28115562caf68b632c87149d6b124af010f274c49fadd6f6b4b4053,OK,
unidoc_energy_0092,MISS_AT_3_HIT_AT_6,E6,PRIMARY_224,6,6,"In the Nepal-TRNSCGE framework, household travel demand is organized into two main categories: individually-owned (private transport) and externally-provided (purchased transport). The private transport (TRPR) is further broken down into 2-wheeler (TR2W) and car (TRCR) categories. The purchased transport (TRPU) is divided into air passenger transport (TAIR) and purchased land passenger transport (TLND). 

For the private transport category (TR2W and TRCR), there is a further breakdown based on the mode of vehicle and types of propulsion systems. Specifically, the car category (TRCR) is disaggregated into different technologies based on motive power generation and fuel type, including gasoline internal combustion (gasoline IC), diesel internal combustion (diesel IC), gasoline-hybrid, diesel-hybrid, full-electric, and hydrogen fuel cell (H2 fuel cell) vehicles.

The purchased land passenger transport (TLND) is further broken down into road passenger (TPRD), ropeway passenger (TPRW), and railway passenger (TPRL) transport modes. This detailed disaggregation allows for the analysis of transport electrification and its implications on household consumption and welfare.",9247.176000033505,17955,,16437,55e80986fb4ca11c23e824f732644fdabd851712986c7ed5b28a2ca9decb81cf,OK,
unidoc_energy_0092,MISS_AT_3_HIT_AT_6,E9,PRIMARY_224,9,9,"In the Nepal-TRNSCGE framework, household travel demand is organized into two main categories: **individually-owned (private transport)** and **externally-provided (purchased transport)**. 

1. **Individually-owned (private transport)**:
   - This is further broken down into **2-wheeler (TR2W)** and **car (TRCR)** categories.
   - Each category is disaggregated into different **technologies based on motive power generation and fuel type**:
     - **2-wheeler (TR2W)**: Includes various technologies based on motive power generation and fuel type.
     - **Car (TRCR)**: Disaggregated into six types:
       - Gasoline car (TRCR1)
       - Diesel car (TRCR2)
       - Gasoline hybrid car (TRCR3)
       - Diesel hybrid car (TRCR4)
       - Full electric car (TRCR5)
       - Hydrogen fuel cell car (TRCR6)

2. **Externally-provided (purchased transport)**:
   - This is further broken down into **air passenger transport (TAIR)** and **purchased land passenger transport (TLND)**.
   - **Purchased land passenger transport (TLND)** is disaggregated into:
     - **Road passenger transport (TPRD)**
     - **Ropeway passenger transport (TPRW)**
     - **Railway passenger transport (TPRL)**

These breakdowns allow for a detailed analysis of the impacts of transport electrification and different propulsion systems on household consumption and welfare.",9797.049000044353,28677,,27034,8cfa6d042f09e803b994988307e2c870c20fadefd7b38653b78de0c09fd23d87,OK,
unidoc_energy_0112,MISS_AT_6_HIT_AT_9,E3,PRIMARY_224,3,3,"Meteorological inputs and half-hourly operational checks play a significant role in the proposal, validation, and execution of electricity sales and delivery within a virtual power plant (VPP) arrangement. The VPP uses meteorological data such as wind direction and speed, water flow rate, temperature, and solar radiation coefficient to simulate energy production possibilities for different types of distributed energy resource (DER) units. This data is essential for accurate forecasting and decision-making processes, as it helps predict energy production under real conditions and reduces forecasting errors.

The VPP tool, ViProd, is split into two parts. The first part calculates energy production for the day ahead, while the second part simulates generation. These simulations take into account local demand, peaks, and time variations of factors that influence production. The use of real external data ensures that predictions about energy production are as accurate as possible, which is crucial for the effective management of the VPP.

Half-hourly operational checks are part of the process to ensure that the predicted amount of energy and power is verified. A checking procedure is performed regarding the predicted amount of energy and power, and a report is created about the reserve power of each unit at the operator's disposal. These checks are essential for maintaining the balance in the power network and ensuring that the VPP can respond to any unbalancing caused by factors such as the sudden turning off of a wind farm.

In summary, meteorological inputs and half-hourly operational checks are integral to the VPP's ability to manage and optimize the production, sale, and delivery of electricity. They support accurate forecasting, decision-making, and operational adjustments necessary for the effective functioning of the VPP.",8475.684100063518,10175,,8835,7819140b705a72b6b9f71e6f760a28903f0244c8abd8ecaf2085205bba1549ab,OK,
unidoc_energy_0112,MISS_AT_6_HIT_AT_9,E6,PRIMARY_224,6,6,"Meteorological inputs and half-hourly operational checks play a significant role in the proposal, validation, and execution of electricity sales and delivery within a virtual power plant (VPP) arrangement. The VPP structure relies on accurate forecasting and simulation of energy production, which is heavily influenced by meteorological data such as wind direction and speed, water flow rate, temperature, and solar radiation coefficient. These inputs are essential for predicting energy production from renewable sources like wind turbines, small hydroelectric plants, and photovoltaic units. The ViProd tool, used for VPP simulation and interaction with the market, utilizes these meteorological inputs to calculate energy production for the day ahead and simulate generation possibilities.

Half-hourly operational checks are part of the VPP's control and management process. These checks ensure that the predicted amount of energy and power is verified, and a report is created about the reserve power of each unit available to the operator. This process is crucial for maintaining the balance between energy production and demand, especially in the face of unpredictable renewable energy generation. The VPP's ability to perform these checks and adjust for any deviations from the schedule helps in managing the power network's stability and reducing the risk of unbalancing, which can lead to fines and operational inefficiencies.",8484.70280005131,22785,,21322,286679530bd441d14a61049460a57bdbbb9111e6a9e0e10b14446a532cd44255,OK,
unidoc_energy_0112,MISS_AT_6_HIT_AT_9,E9,PRIMARY_224,9,9,"Meteorological inputs and half-hourly operational checks influence the proposal, validation, and execution of electricity sales and delivery within a virtual power plant (VPP) arrangement by providing essential data for accurate forecasting and system optimization. Meteorological data, such as wind direction and speed, solar radiation, temperature, and water flow rate, are used to predict energy production from renewable sources like wind turbines, small hydroelectric plants, and photovoltaic systems. These predictions help in determining the energy production possibilities for each type of distributed energy resource (DER) unit, considering local demand, peaks, and time variations of influencing factors. This reduces forecasting errors and supports the decision-making process for energy sales and delivery.

Half-hourly operational checks ensure that the predicted energy amounts and power are verified, and reports on the reserve power of each unit are generated for the operator. These checks are crucial for maintaining system balance and ensuring that the VPP can respond to unexpected changes, such as the sudden shutdown of a wind farm. The combination of meteorological data and operational checks allows the VPP to optimize the distribution of power among DER units based on sold energy, production costs, and available power, thereby enhancing the reliability and efficiency of electricity sales and delivery.",9010.037099942565,30890,,29300,5f386db9ecf1777f67af03210a900f4940c815ab7edc032a7190ef382de97671,OK,
unidoc_energy_0123,MISS_AT_3_HIT_AT_6,E3,PRIMARY_224,3,3,"The provided text does not describe the specific hardware elements or their interconnections in the Helios 2 solar setup, such as components for electrical storage, regulation, or monitoring.",1773.1337998993695,7394,,6092,9847b578b83a38d83984386bf98714e04f9514078fa0527ee7d3a6c887b6bfca,OK,
unidoc_energy_0123,MISS_AT_3_HIT_AT_6,E6,PRIMARY_224,6,6,"The information provided in the retrieved text does not describe the specific hardware elements or their interconnections related to electrical storage, regulation, and monitoring in the Helios 2 solar setup. Therefore, the details about such components are not supported by the currently retrieved evidence.",3815.9660999663174,14206,,12781,14a8989e30467481bca622c71f5323bd3590eb49912c5e83369fa902db6d5bf3,OK,
unidoc_energy_0123,MISS_AT_3_HIT_AT_6,E9,PRIMARY_224,8,8,"The information provided in the retrieved text does not describe the specific hardware elements or their interconnections related to electrical storage, regulation, and monitoring in the Helios 2 solar setup. Therefore, the details about these components cannot be determined from the given evidence.",1613.8329000677913,20315,,18808,1d1c6ff486f0654ef9b5d2b7d1235ff9aa15458998086b3c69e8413cebaa6eed,OK,
unidoc_energy_0139,MISS_AT_3_HIT_AT_6,E3,PRIMARY_224,3,3,"In the second phase of the EU Emissions Trading Scheme, the estimated cross-market coefficients indicate that the volatility spillover from the natural gas market to the European Union Allowance (EUA) market demonstrates significant influence. Additionally, there is a volatility spillover from the EUA to Brent oil. However, there is no significant volatility spillover effect between the EU ETS and coal.",2906.2572999391705,10120,,8732,2672da7513a79183dcb43b90bece64716c79b5ee45b4d1b5861b3e58468907ec,OK,
unidoc_energy_0139,MISS_AT_3_HIT_AT_6,E6,PRIMARY_224,6,6,"In the second phase of the EU Emissions Trading Scheme, the direction of the estimated cross-market coefficients that demonstrates significant influence is from the natural gas market to the European Union Allowance (EUA) market and from the EUA market to the Brent oil market. Specifically, there is a volatility spillover from natural gas to EUA and from EUA to Brent oil.",3198.9605999551713,19292,,17775,b1137788aaa0c7dfc10c7a684f6d92ba72d50658f7bbf82bf33dd16cfda8033d,OK,
unidoc_energy_0139,MISS_AT_3_HIT_AT_6,E9,PRIMARY_224,9,9,"In the second phase of the EU Emissions Trading Scheme (EU ETS), the direction of the estimated cross-market coefficients that demonstrates significant influence is from the natural gas market to the European Union Allowance (EUA) market. This indicates a volatility spillover from natural gas to EUA. Additionally, the EUA has a significant volatility spillover effect on Brent oil only in phase II of the EU ETS.",4479.766399948858,28216,,26572,0ab2e1538ea80455dffe71df951bf1f40df243565f572e65a49383caf89c783f,OK,
unidoc_energy_0149,MISS_AT_3_HIT_AT_6,E3,PRIMARY_224,3,3,The provided text does not mention any specific shift in the share of API-based offerings for the electricity market platform operated by Nord Pool between 2016 and 2020.,1271.3048999430612,10542,,9267,a1e1f80bde9cdfd578778f2015804380cc492a2aaf817d180349aa1636537c63,OK,
unidoc_energy_0149,MISS_AT_3_HIT_AT_6,E6,PRIMARY_224,6,6,"Between 2016 and 2020, the share of API-based offerings for the electricity market platform operated by Nord Pool increased. The provided data shows that in 2016, the percentage of trading undertaken by Application Programming Interface (API) was 20%, while in 2020, it had increased to 60%.",1803.03399998229,12763,,11361,89a4c7832122625d452990e21aec6c6fc4f434894edae3a20bcd3edc8cb0c013,OK,
unidoc_energy_0149,MISS_AT_3_HIT_AT_6,E9,PRIMARY_224,9,9,"Between 2016 and 2020, the share of API-based offerings for the electricity market platform operated by Nord Pool increased significantly. In 2016, the percentage of trading undertaken by Application Programming Interface (API) was lower, but by 2020, the share of API-based trading had grown, as illustrated by the chart showing a rising trend in the percentage of API-based trading over the years.",4250.621800078079,18648,,17119,b8b8d4337d487d44d4883227f2daae84ea594d2801f2ba17e5daa855dfe923cf,OK,
unidoc_energy_0166,MISS_AT_6_HIT_AT_9,E3,PRIMARY_224,3,3,The provided text does not describe the specific setup for solar modules on a single-story masonry house’s pitched roof in a typical home solar installation in Plymouth.,1145.9608000004664,9839,,8570,5180385decbba05da6545f1bcc5111eba5ed48ab0015dd91da9736a947a86f74,OK,
unidoc_energy_0166,MISS_AT_6_HIT_AT_9,E6,PRIMARY_224,6,6,"The provided text does not describe the specific setup for solar modules on a single-story masonry house’s pitched roof in Plymouth. It discusses general solar potential assessments, data collection methods, and solar energy feasibility in the area, but no detailed information about the physical setup of solar modules on such a roof is given.",3205.688999965787,18293,,16899,b19f6c2a7d33979058fcf0a8b4542fe444a692b105fb4f0fdc58f4540b0c5677,OK,
unidoc_energy_0166,MISS_AT_6_HIT_AT_9,E9,PRIMARY_224,9,9,"The provided text does not describe the specific setup for solar modules on a single-story masonry house’s pitched roof in a typical home solar installation in Plymouth. It discusses general solar potential, data collection methods, and analysis for the city, but does not provide detailed information about the physical setup of solar modules on a specific type of roof.",3257.612599991262,27439,,25922,a179a40c3eb14a441d9974e7942ca8145a118b44167834394079be75524f52e8,OK,
unidoc_energy_0167,MISS_AT_3_HIT_AT_6,E3,PRIMARY_224,3,3,"To maintain crew communications during vessel loading or unloading, the following practices are specified:

1. Continuous communication should be maintained throughout the transfer operations between the supplier and the receiver.
2. Communication systems should be checked, and all signals used should be thoroughly understood by both parties before commencing operations.
3. The transfer supervisor should have the capability for ""full break-in"" to the radio system or network, or a radio channel dedicated exclusively to the transfer operation.
4. During the transfer of volatile, low flashpoint products, hand-held radios should be used that are intrinsically safe, operate on a VHF or UHF band with adequate range, and are on a channel or frequency agreed upon by suppliers and recipients.
5. Fresh batteries should be installed before the transfer begins, and replacements should be available to ensure continuous operation of the radios throughout the transfer period, considering that battery life may be shortened in cold weather conditions.
6. All personnel using radios should be on the same channel or frequency, and this should be verified.
7. For bunkering operations, adequate communication should be maintained between the deck bunkering station and the machinery control room.
8. Standard signals should be used in all transfer operations, including signals such as ""STANDBY TO START TRANSFER,"" ""START TRANSFER,"" ""SLOW DOWN TRANSFER,"" ""STAND BY TO STOP TRANSFER,"" ""STOP TRANSFER,"" and ""EMERGENCY STOP.""",9151.24839998316,9915,,8579,7da9d42dc2384df43a28cb46d6399c49090d783808ff697c77f73eaa2c6376a2,OK,
unidoc_energy_0167,MISS_AT_3_HIT_AT_6,E6,PRIMARY_224,6,6,"To maintain crew communications during vessel loading or unloading operations, the following practices are specified:

1. **Continuous Communication**: Communication should be continuously maintained throughout the transfer operations between the supplier and the receiver.

2. **Pre-Operation Checks**: Communication systems should be checked, and all signals used should be thoroughly understood by both parties before commencing operations.

3. **Dedicated Radio Capabilities**: The transfer supervisor should have the capability for ""full break-in"" to the radio system or network, or a radio channel dedicated exclusively to the transfer operation.

4. **Radio Equipment for Volatile Products**: During the transfer of volatile, low flashpoint products, hand-held radios should be used that are:
   - Intrinsically safe,
   - Operate on a VHF or UHF band with adequate range,
   - On a channel or frequency agreed to by suppliers and recipients.

5. **Battery Management**: Fresh batteries should be installed before the transfer commences, and replacements should be available to ensure continuous operation of the radios throughout the transfer period. Cold weather conditions can shorten battery life.

6. **Same Channel/Frequency**: All personnel using radios should be on the same channel or frequency, and this should be verified.

7. **Communication Between Stations**: For bunkering operations, there should be adequate communication between the deck bunkering station and the machinery control room.

8. **Standard Signals**: Standard signals should be used in all transfer operations. Suggested signals include:
   - STANDBY TO START TRANSFER
   - START TRANSFER
   - SLOW DOWN TRANSFER
   - STAND BY TO STOP TRANSFER
   - STOP TRANSFER
   - EMERGENCY STOP

9. **Emergency Situations**: Good communication is essential for a smooth transfer operation and is vital in a crisis. Each party has the right to suspend operations at any time if they decide it is necessary.",11725.000600097701,16344,,14879,35ccc8e0c33dcd7caff44c65172aa956a2b2355d23cfc92abac5ce50cdff674e,OK,
unidoc_energy_0167,MISS_AT_3_HIT_AT_6,E9,PRIMARY_224,9,9,"In the context of vessel loading or unloading, the specified practices for maintaining crew communications throughout the transfer include the following:

1. **Continuous Communication**: Means of communication should be continuously maintained throughout transfer operations between the supplier and the receiver.

2. **Pre-Operation Checks**: Communication should be checked and all signals used should be thoroughly understood by both parties before commencing operations.

3. **Dedicated Radio Capabilities**: The transfer supervisor should have the capability for ""full break-in"" to the radio system or network, where possible, or a radio channel dedicated exclusively to the transfer operation.

4. **Use of Intrinsically Safe Hand-Held Radios**: During the transfer of volatile, low flashpoint products, hand-held radios should be used that are intrinsically safe, operate on a VHF or UHF band with adequate range, and are on a channel or frequency agreed to by suppliers and recipients.

5. **Battery Management**: Fresh batteries should be installed before the transfer commences, and replacements should be available to ensure continuous operation of the radios throughout the transfer period. Battery life is noted to be shortened by cold weather conditions.

6. **Same Channel/Frequency**: All personnel using radios should be on the same channel or frequency, and this should be verified.

7. **Communication Between Stations**: For bunkering operations, there should be adequate communications between the deck bunkering station and the machinery control room.

8. **Standard Signals**: Standard signals should be used in all transfer operations, including signals such as ""STANDBY TO START TRANSFER,"" ""START TRANSFER,"" ""SLOW DOWN TRANSFER,"" ""STAND BY TO STOP TRANSFER,"" ""STOP TRANSFER,"" and ""EMERGENCY STOP.""

These practices ensure good communication is essential for a smooth transfer operation and are vital in a crisis situation. Each party has the right to suspend operations at any time if they decide it is necessary.",10307.184599922039,20219,,18631,ea82bfcf264df18cd8c08842d35e5d58af671b2d81ac8fe8e0f3118d7f372f78,OK,
unidoc_energy_0196,MISS_AT_3_HIT_AT_6,E3,PRIMARY_224,3,3,"The optical transparency of molybdenum oxide (MoOx) layers is affected by different post-treatment conditions as follows:

1. **Untreated MoOx films**: The untreated film shows high transparency in the wavelength range from 350 to 800 nm. This is important for minimizing parasitic absorption loss in perovskite applications.

2. **UV-ozone treated MoOx films**: The transmittance of the film does not show a substantial change compared to the untreated film. This suggests that UV-ozone treatment does not significantly affect the optical transparency in the visible range.

3. **Annealed in air or oxygen atmospheres**: Similar to UV-ozone treatment, the transmittance of the films annealed in air or oxygen atmospheres remains largely unchanged compared to the untreated film. However, these treatments result in an increase in the optical bandgap (Eg) of the MoOx films, which may be due to changes in crystallinity and stoichiometry.

4. **Annealed in nitrogen atmosphere**: The transmittance of the film annealed in a nitrogen atmosphere is lower compared to the untreated film. This decrease in transmittance might be attributed to the presence of oxygen vacancies in the film, as suggested by previous reports. Additionally, the optical bandgap of the nitrogen-annealed film is also increased, but the crystallization is weaker compared to films annealed in air or oxygen.

In summary, untreated and UV-ozone treated MoOx films maintain high optical transparency in the visible range, while annealing in air or oxygen atmospheres does not significantly alter the transmittance. However, annealing in a nitrogen atmosphere leads to a reduction in transmittance, likely due to the formation of oxygen vacancies.",10251.510399975814,12965,,11626,eec520de21ac42ddb9e9a18fdbb797a430eae1681270b54a9f17a0da0fc6e8cb,OK,
unidoc_energy_0196,MISS_AT_3_HIT_AT_6,E6,PRIMARY_224,6,6,"The optical transparency of molybdenum oxide (MoOx) layers is affected in the following ways based on the treatments:

1. **Untreated MoOx**: The untreated film shows high transparency in the region from 350 to 800 nm, which is important for avoiding parasitic absorption loss in perovskite solar cells.

2. **UV-Ozone Treatment**: The transmittance of the MoOx film treated with UV-ozone shows no substantial change compared to the untreated film. This suggests that UV-ozone treatment does not significantly affect the optical transparency of the MoOx layers.

3. **Elevated-Temperature Processing in Different Gaseous Atmospheres**:
   - **Air and Oxygen Atmospheres**: The transmittance of the MoOx films annealed in air and oxygen atmospheres also shows no substantial change compared to the untreated film. This indicates that annealing in air or oxygen does not significantly alter the optical transparency.
   - **Nitrogen Atmosphere**: The transmittance of the MoOx film annealed in a nitrogen atmosphere is lower compared to the untreated and other treated films. This decrease in transmittance might be attributed to the content of oxygen vacancies in the films, as suggested by previous reports.",9378.33049998153,25365,,23903,8be82d8ea5a8cadc4362449af683b7758deee77dbcba5f53599ba2a79565f242,OK,
unidoc_energy_0196,MISS_AT_3_HIT_AT_6,E9,PRIMARY_224,9,8,"The optical transparency of molybdenum oxide (MoOx) layers is affected by the following treatments:

1. **Untreated MoOx**: The untreated film shows high transparency in the range of 350 to 800 nm, which is important for avoiding parasitic absorption loss in perovskite solar cells.

2. **UV-Ozone Treatment**: The transmittance of the MoOx film shows no substantial change after UV-ozone treatment. However, the optical bandgap (Eg) increases significantly compared to the untreated film.

3. **Elevated-Temperature Processing in Different Gaseous Atmospheres**:
   - **Air and Oxygen Atmospheres**: The transmittance of the MoOx films annealed in air or oxygen atmospheres remains largely unchanged compared to the untreated film. However, the optical bandgap increases significantly.
   - **Nitrogen Atmosphere**: The transmittance of the MoOx film annealed in a nitrogen atmosphere is lower compared to the untreated and other treated films. This decrease in transmittance is attributed to the presence of oxygen vacancies in the film. The optical bandgap also increases significantly in this case.

In summary, while UV-ozone treatment and annealing in air or oxygen atmospheres do not significantly alter the transmittance of MoOx films, annealing in a nitrogen atmosphere leads to a notable decrease in transmittance, likely due to the presence of oxygen vacancies. All treatments result in an increase in the optical bandgap compared to the untreated film.",15816.479700035416,32688,,31103,567495787cc70030b745a9df76df848bad77ca01c3cd6283653a5b7db0096139,OK,
unidoc_finance_0017,MISS_AT_3_HIT_AT_6,E3,PRIMARY_224,3,3,"Based on the information provided, the association associated with managing European funds and assets is EFAMA (European Fund and Asset Management Association). EFAMA represents the European investment management industry and, at the end of Q2 2020, assets managed by European asset managers as investment funds and discretionary mandates amounted to an estimated EUR 24.9 trillion.",2542.9576000897214,10235,,8996,dfb90cdb7ec72df8abbd9020ef993694fd9352863e2db38e31fc37af80051e05,OK,
unidoc_finance_0017,MISS_AT_3_HIT_AT_6,E6,PRIMARY_224,6,6,"Based on the information provided, the Association of Global Custodians (AGC) is associated with managing European funds and assets. The AGC is a group of 12 global financial institutions that provide securities custody and asset-servicing functions primarily to institutional cross-border investors worldwide.",2161.0248000361025,19346,,17984,2aab18b17573cd3dd6d8b9f434000e9d6a143bb0f080b0c404e2e73796479f1e,OK,
unidoc_finance_0017,MISS_AT_3_HIT_AT_6,E9,PRIMARY_224,6,6,"Based on the information provided, the Association of Global Custodians (AGC) is associated with managing European funds and assets. The AGC is a group of 12 global financial institutions that provide securities custody and asset-servicing functions primarily to institutional cross-border investors worldwide.",2851.294699939899,19346,,17984,2aab18b17573cd3dd6d8b9f434000e9d6a143bb0f080b0c404e2e73796479f1e,OK,
unidoc_finance_0021,MISS_AT_9,E3,PRIMARY_224,3,3,The provided document does not include information about the change in the value of 1 EUR between the end of 2017 and the end of 2018.,1230.951999896206,5520,,4247,f1e18ee8e6689e86445fef2bb9092690709f93ef433beffc2c7f2f5a11ae2395,OK,
unidoc_finance_0021,MISS_AT_9,E6,PRIMARY_224,6,6,The provided financial statements do not include information about the change in the value of 1 EUR between the end of 2017 and the end of 2018. The statements are denominated in euros and do not provide exchange rate data or any indication of currency value fluctuations.,3855.810199980624,14116,,12716,47a91e2faa155fe77b78621059cf98328b6242a8f8ed104c7768de391255ff7a,OK,
unidoc_finance_0021,MISS_AT_9,E9,PRIMARY_224,9,9,"The information provided does not directly address how the value of 1 EUR changed between the end of 2017 and the end of 2018. The given text includes financial statements and reports for EXPRESSCREDIT SIA, detailing profits, equity changes, and other financial metrics, but it does not provide information on the exchange rate or the value of the euro during the specified period. Therefore, based on the provided evidence, the change in the value of 1 EUR is not supported by the information given.",4963.879300048575,23359,,21834,9512573af69b40349e2899090689ad88f49d47c27244191a50248bfc73fc1595,OK,
unidoc_finance_0027,MISS_AT_3_HIT_AT_6,E3,PRIMARY_224,3,3,"According to the hierarchical structure provided in the document, the following factors are considered important for investment decisions concerning the Business Angels' (BAs) role, the quality of the product or service, and market appeal:

1. **Market Attractiveness (C2)**:
   - Size of the market or niche (C21)
   - Growth potential of the market (C22)
   - Low initial cost to test the market (C23)
   - Competitive advantage (C24)
   - Low market risk (C25)
   - Well-established distribution channel (C26)

2. **Product/Service (C4)**:
   - Potential sales of the product (C41)
   - Product superiority (innovativeness, uniqueness) (C42)
   - Proprietary features (IP protection, patent, copyright) (C43)
   - Not easily imitated nor substituted (C45)

These factors are part of the five main criteria proposed in the research, which include financial considerations, market attractiveness, the entrepreneur/management team, product/service characteristics, and the BAs' involvement.",6382.814200012945,11043,,9723,c0e0f6647da8bb139109602c81e0680922cf363ed5265df0081b5cf2771c69b3,OK,
unidoc_finance_0027,MISS_AT_3_HIT_AT_6,E6,PRIMARY_224,6,6,"According to the hierarchical structure provided in the document, the following factors are considered important for investment decisions concerning Business Angels' (BAs) role, the quality of the product or service, and market appeal:

1. **Market Attractiveness (C2)**:
   - Size of the market or niche (C21)
   - Growth potential of the market (C22)
   - Low initial cost to test the market (C23)
   - Competitive advantage (C24)
   - Low market risk (C25)
   - Well-established distribution channel (C26)

2. **Product/Service Characteristics (C4)**:
   - Potential sales of the product (C41)
   - Product superiority (innovativeness, uniqueness) (C42)
   - Proprietary features (IP protection, patent, copyright) (C43)
   - High tech (C44)
   - Not easily imitated nor substituted (C45)

These factors are part of the hierarchical structure used to evaluate investment decisions by BAs, as outlined in the document.",8770.8804999711,20971,,19524,84035b9a41776d4b157636d7f22e58d9e8eb1e68fb9795fc5fc31c9e11ae36bf,OK,
unidoc_finance_0027,MISS_AT_3_HIT_AT_6,E9,PRIMARY_224,9,9,"According to the hierarchical structure presented in the document, the factors considered important for investment decisions concerning BA's role, the quality of the product or service, and market appeal are categorized under five main criteria:

1. **Financial Consideration (C1)**: This includes aspects like the size of investment, perceived financial rewards, clear exit opportunity, potential for high returns, and liquidity of investment. These factors are crucial in evaluating the financial viability and potential profitability of an investment.

2. **Market Attractiveness (C2)**: This criterion encompasses the size of the market or niche, growth potential of the market, low initial cost to test the market, competitive advantage, low market risk, and the presence of a well-established distribution channel. These factors are essential in assessing the market's potential and the business's ability to capture and sustain a market position.

3. **Entrepreneur/Management Team (C3)**: This includes the background of the investor, the track record of the entrepreneur, trustworthiness, commitment, market familiarity, ability to evaluate and react to risk, and having a clear idea about the business. The quality and capability of the management team are considered vital for the success of the venture.

4. **Product/Service Characteristics (C4)**: This criterion involves the potential sales of the product, product superiority (innovativeness and uniqueness), proprietary features (such as IP protection, patents, and copyrights), whether the product is high tech, and if it is not easily imitated or substituted. These factors help in evaluating the product's competitive edge and market differentiation.

5. **BA's Involvement (C5)**: This includes the desire to support small businesses and regional development, the investment being local, the desire to eventually take control of the business, the desire to reduce the risk of investment, ensuring that the management works in line with the BA's interests, and the desire to be involved with entrepreneurial ventures. These factors reflect the personal and strategic preferences of the BAs in their investment decisions.

These criteria and their sub-criteria form a comprehensive framework for BAs to evaluate potential investment opportunities, considering both the business's intrinsic qualities and the BAs' personal and strategic preferences.",12233.923000050709,30622,,29048,610ddbfb3e67a460d30183dc97540ee83534668078c2bb9948cea8d71cc0e387,OK,
unidoc_finance_0034,MISS_AT_3_HIT_AT_6,E3,PRIMARY_224,3,3,"The investment considerations emphasized for making decisions include:

1. **Involvement from business angels (BAs)**: The BAs' involvement in the investment venture is highlighted as a key consideration. This includes sub-criteria such as supporting small business, investment being local, wanting to take control of the business, reducing the risk, ensuring that the management works in line with the BA's interests, and being involved with entrepreneurial ventures.

2. **Appeal of products and markets**: The appeal of the product and market is emphasized through several sub-criteria. For the product, these include potential sales of the product, product superiority (innovativeness and uniqueness), proprietary features (IP protection, patent, copyright), high tech, and not being easily imitated nor substituted. For the market, the sub-criteria include the size of the market or niche, growth potential of the market, low initial cost to test the market, competitive advantage, low market risk, and well-established distribution channel.",6657.011799979955,10789,,9503,caba5dbf0b20af0c951a709f6f39d5dd218d1cc3c53fd10aae077773046d654a,OK,
unidoc_finance_0034,MISS_AT_3_HIT_AT_6,E6,PRIMARY_224,6,6,"The investment considerations emphasized for making decisions include:

1. **Involvement from Business Angels (BAs)**: The BAs' involvement in the investment venture is highlighted as a significant factor. This includes their willingness to support small businesses, the local nature of the investment, their desire to take control of the business, reduce investment risk, ensure that the management aligns with their interests, and their enjoyment of being involved with entrepreneurial ventures. The sub-criteria include:
   - Supporting small business (C51)
   - Investment is local (C52)
   - Take control of the business (C53)
   - Reducing the risk (C54)
   - Ensuring that the management works in line with the BA's interests (C55)
   - Being involved with entrepreneurial ventures (C56)

2. **Appeal of Products and Markets**: The appeal of the product and market is also emphasized. This includes the market's size and growth potential, the product's innovativeness and uniqueness, and the presence of competitive advantages. The sub-criteria include:
   - Size of the market or niche (C21)
   - Growth potential of the market (C22)
   - Low initial cost to test the market (C23)
   - Competitive advantage (C24)
   - Low market risk (C25)
   - Well-established distribution channel (C26)
   - Potential sales of the product (C41)
   - Product superiority (innovativeness and uniqueness) (C42)
   - Proprietary features (IP protection, patent, copyright) (C43)
   - High tech (C44)
   - Not easily imitated nor substituted (C45)

These considerations are part of a broader set of criteria used in the decision-making process for investment, which also includes financial considerations and the quality of the entrepreneurial/management team.",11590.629899990745,20770,,19357,8e09d042a38360da5cb9435fc00fdc203d55bd2ecc6345e4f77a37a8ed12e044,OK,
unidoc_finance_0034,MISS_AT_3_HIT_AT_6,E9,PRIMARY_224,9,9,"The investment considerations emphasized for making decisions include:

1. **Involvement from Business Angels (BAs)**:
   - BAs' involvement in the investment venture is voluntary and can vary from being a mentor to taking control of the business.
   - Sub-criteria include: supporting small business, investment being local, taking control of the business, reducing the risk, ensuring that management works in line with the BA's interests, and being involved with entrepreneurial ventures.

2. **Appeal of Products and Markets**:
   - **Market Attractiveness**:
     - Includes the size of the market or niche, growth potential of the market, low initial cost to test the market, competitive advantage, low market risk, and well-established distribution channels.
   - **Product/Service Characteristics**:
     - Includes potential sales of the product, product superiority (innovativeness and uniqueness), proprietary features (IP protection, patent, copyright), high tech, and not easily imitated nor substituted.

These considerations are part of a broader framework of five main criteria proposed in the research, which also includes financial considerations and the quality of the entrepreneurial/management team.",7324.657800025307,30588,,29048,be00ef5330fdd9a350fb238a721b42814fdfd895646e87bb34f5424bca4bf365,OK,
unidoc_finance_0035,MISS_AT_3_HIT_AT_6,E3,PRIMARY_224,3,3,"The factors prioritized for investment evaluation when assessing entrepreneurial engagement and market appeal within the outlined framework are:

1. Financial consideration (C1) with a weight of 0.234, which includes aspects such as the potential for high returns (C14) and clear exit opportunity (C13).
2. Management and entrepreneurial team (C3) with a weight of 0.221, which includes the track record of the entrepreneur (C32) and market familiarity (C35) and clear idea about the business (C37).
3. Market attractiveness (C2) with a weight of 0.195, which includes the growth potential of the market or niche (C22) and low initial cost to test the market (C23).
4. The BAs' involvement (C5) with a weight of 0.195, which includes taking control of the business (C53) and local investment (C52).
5. Product/service characteristics (C4) with a weight of 0.153, which includes proprietary features (C43) and high tech (C44).",6756.815999979153,10251,,8967,9dc29a4de8b8d2a401bc85f883953ff97c6bb5d237a0d320d27351509eaf3f57,OK,
unidoc_finance_0035,MISS_AT_3_HIT_AT_6,E6,PRIMARY_224,6,6,"The factors prioritized for investment evaluation when assessing entrepreneurial engagement and market appeal within the outlined framework are as follows:

1. **Financial Consideration (C1)**: This is the highest priority with a weight of 0.234. Key sub-criteria include:
   - Potential for high returns (C14) with a weight of 0.277.
   - Clear exit opportunity (C13) with a weight of 0.126.

2. **Management and Entrepreneurial Team (C3)**: This is the second priority with a weight of 0.221. Key sub-criteria include:
   - Track record (C32) with a weight of 0.155.
   - Market familiarity (C35) and clear idea about the business (C37) with a shared weight of 0.129.

3. **Market Attractiveness (C2)** and **BAs’ Involvement (C5)**: Both share the same priority with a weight of 0.195. Key sub-criteria for market attractiveness include:
   - Growth potential of the market or niche (C22) with a weight of 0.183.
   - Low initial cost to test the market (C23) with a weight of 0.138.

4. **Product/Service Characteristics (C4)**: This is the lowest priority with a weight of 0.153. Key sub-criteria include:
   - Proprietary features (IP protection, patent, copyright) (C43) with a weight of 0.23.
   - High tech (C44) with a weight of 0.131.

These factors and their sub-criteria are used in the decision-making process to evaluate investment opportunities.",11881.394200026989,20399,,18988,911047f46b9c304f90903caf55a4df64b9a69c87bd36f157bb9b5d3fe7f79be7,OK,
unidoc_finance_0035,MISS_AT_3_HIT_AT_6,E9,PRIMARY_224,9,9,"The factors prioritized for investment evaluation when assessing entrepreneurial engagement and market appeal within the outlined framework are as follows:

1. **Financial Consideration (C1)**: This is the highest priority with a weight of 0.234. The most important sub-criteria under this category is ""potential for high returns (C14)"" with a weight of 0.277.

2. **Management and Entrepreneurial Team (C3)**: This is the second priority with a weight of 0.221. The most important sub-criteria under this category is ""track record of the entrepreneur (C32)"" with a weight of 0.155.

3. **Market Attractiveness (C2)** and **BAs’ Involvement (C5)**: Both share the same priority with a weight of 0.195. Under market attractiveness, the most important sub-criteria is ""growth potential of the market or niche (C22)"" with a weight of 0.183. Under BAs’ involvement, the most important sub-criteria is ""taking control of the business (C53)"" with a weight of 0.174.

4. **Product/Service Characteristics (C4)**: This is the lowest priority with a weight of 0.153. The most important sub-criteria under this category is ""proprietary features (IP protection, patent, copyright) (C43)"" with a weight of 0.23.",9920.9220999619,31912,,30374,328b656b6cd5643a6db180f8ac32cb5d40b27cc7863c823f38c115d24eea3fdb,OK,
unidoc_finance_0050,MISS_AT_6_HIT_AT_9,E3,PRIMARY_224,3,3,"Based on the quantitative findings for the US financial market, VOL_DER (Volume of total future and option in US) has a positive correlation with SP500. This is indicated in the regression 4 Factors Model, where the coefficient for SP500 is 159.9 with a T-Statistic of 1.19. The equation derived from the model shows that an increase in SP500 is associated with an increase in the volume of total future and option transactions.",3365.333699970506,5699,,4463,857a14ad1c5b90e8639ef37976a9b5f06ad2411b83f3941ea75fbe8e1e8b7341,OK,
unidoc_finance_0050,MISS_AT_6_HIT_AT_9,E6,PRIMARY_224,6,6,"Based on the quantitative findings for the US financial market, VOL_DER (Volume of total future and option) has a positive correlation with SP500. This is indicated in the regression 4 factors model, where the coefficient for SP500 is positive (159.9), suggesting that an increase in the S&P500 index is associated with an increase in the volume of total future and option transactions.",3444.2476000403985,10602,,9241,0f60a0e2b5726e073022a89374416ee32b92abc114b28096589f9807887f0b6d,OK,
unidoc_finance_0050,MISS_AT_6_HIT_AT_9,E9,PRIMARY_224,9,9,"Based on the quantitative findings for the US financial market, VOL_DER (Volume of total future and option) has a positive correlation with SP500. The regression analysis in the 4 factors model shows that SP500 has a positive coefficient of 159.9, indicating that an increase in the S&P500 index is associated with an increase in the volume of total future and option transactions. This relationship is further supported by the correlation and covariance matrix analyses, which also indicate a positive correlation between total future and option volume (Y) and SP500.",3626.5368000604212,16349,,14863,ee971fc9b5e9fce489fc6ca269925380cc399dc82cb51df3d264aa854ba68adc,OK,
unidoc_finance_0051,MISS_AT_3_HIT_AT_6,E3,PRIMARY_224,3,3,"According to the 2003 Executive Opinion Survey, the quality of education systems was one of the factors assessed, but the specific rankings of countries by the quality of their education systems are not directly provided in the retrieved text. The text mentions the quality of the educational system in the context of other institutional factors but does not list the actual rankings for this specific component.",2100.3004000522196,7901,,6645,b16d9fc452a3fd0621efac7647497eff9a0ab3db0410b68be8b9488cee5368fa,OK,
unidoc_finance_0051,MISS_AT_3_HIT_AT_6,E6,PRIMARY_224,6,5,"According to the 2003 Executive Opinion Survey, the quality of the educational system was ranked as follows:

1. Israel
12. Estonia
26. Slovenia
29. Czech Republic
32. Latvia
33. Lithuania

(Source: page 14, chunk page-14-chunk-2)",2659.411199972965,21115,,19730,5b7b737611a98abe1f21f2732f75bffd1b92e255ec36ce4d786baa161a4c8a90,OK,
unidoc_finance_0051,MISS_AT_3_HIT_AT_6,E9,PRIMARY_224,9,7,"According to the 2003 Executive Opinion Survey, the countries ranked by the quality of their education systems are as follows:

1. Israel - Rank 12  
2. Estonia - Rank 29  
3. Czech Republic - Rank 32  
4. Hungary - Rank 35  
5. India - Rank 36  
6. Russian Federation - Rank 39  
7. Poland - Rank 44  
8. Korea - Rank 47  
9. Indonesia - Rank 49  
10. China - Rank 50  
11. Colombia - Rank 61  
12. Chile - Rank 66  
13. South Africa - Rank 68  
14. Brazil - Rank 72  
15. Mexico - Rank 74  
16. Turkey - Rank 75  
17. Argentina - Rank 77  
18. Nigeria - Rank 79  
19. Venezuela - Rank 97",8311.936400015838,32658,,31146,38dfaf78fae3502b072765d916716aba7649bd392ce8f8fe602d15d5d6e72d3b,OK,
unidoc_finance_0063,MISS_AT_3_HIT_AT_6,E3,PRIMARY_224,3,3,"The retrieved evidence does not provide the anticipated percentage shifts for the S&P 500, Europe Stoxx 600, and MSCI EM indices in the year 2020 according to the Nahmani Grunder forecast as of April 2021.",1855.6106999749318,8450,,7136,de56ec9b5f72b1c41eccbb2fe45b533f3d5db2e997f5cbd2ccd1e5bb07e75c5a,OK,
unidoc_finance_0063,MISS_AT_3_HIT_AT_6,E6,PRIMARY_224,6,6,"According to the Nahmani Grunder forecast as of April 2021, the anticipated percentage shifts for the indices in the year 2020 were as follows:
- S&P 500: -3.5%.
- Europe Stoxx 600: -31%.
- MSCI EM: -2.2%.",2120.388100040145,12196,,10759,af7f6f6b6e81da2b5b8b53dee2bba1e0dbc8dc02b5d045cb435bcdd3a46a7d7f,OK,
unidoc_finance_0063,MISS_AT_3_HIT_AT_6,E9,PRIMARY_224,9,9,"According to the Nahmani Grunder forecast as of April 2021, the anticipated percentage shifts for the indices in the year 2020 were as follows:

- S&P 500: -3.5% (annual GDP growth)
- Europe Stoxx 600: -5.3% (annual GDP growth for the Eurozone, which is the region the Stoxx 600 primarily represents)
- MSCI EM: -2.2% (annual GDP growth for Emerging Markets)",4927.70409991499,19273,,17713,87d20682d6feac1da0db9c1677bccac3f049b7da961b01bb0e35c197cbcec9bc,OK,
unidoc_finance_0065,MISS_AT_3_HIT_AT_6,E3,PRIMARY_224,3,3,The retrieved evidence does not provide information about the comparison between the COVID-19 basket inflation's annual rate change and the official inflation rate from early 2020 to March 2021.,1377.176099922508,6206,,4923,bd31563d37a4375a4d1abe56da1bca0d3fa91a8f34faf58b8e3e8a0ed0a5ddee,OK,
unidoc_finance_0065,MISS_AT_3_HIT_AT_6,E6,PRIMARY_224,6,6,The retrieved evidence does not provide information about the comparison between the COVID-19 basket inflation's annual rate change and the official inflation rate from early 2020 to March 2021.,1584.0390999801457,11713,,10307,de51f68c6e7182b7fee8f52fd070823a02926a0801344fea0b68f109093bab0a,OK,
unidoc_finance_0065,MISS_AT_3_HIT_AT_6,E9,PRIMARY_224,9,9,The retrieved evidence does not provide information about the comparison between the COVID-19 basket inflation's annual rate change and the official inflation rate from early 2020 to March 2021.,1530.8483000844717,16964,,15433,d6d1d935d0851b0b615723a6bff1c00a5136d7d5afa6fb6582689eedbb190fb9,OK,
unidoc_finance_0071,MISS_AT_3_HIT_AT_6,E3,PRIMARY_224,3,3,"The information provided in the given text does not specify the respective η2 measurements for the parameters ω2 and β2. Therefore, the requested data is not supported by the currently retrieved evidence.",1401.2668000068516,7914,,6682,31707632abfa2ddbf8d73771e62c6d53bc9662d6079e7dc4c0ed1d5d79de04b4,OK,
unidoc_finance_0071,MISS_AT_3_HIT_AT_6,E6,PRIMARY_224,6,6,"In comparing the various parameters like ω2 and β2, their respective η2 measurements are as follows:

- For ω2, the η2 measurements are:
  - CG: 4.275 (3.988, 4.536)
  - CM: 3.857 (3.689, 4.048)
  - CC: 3.516 (3.280, 3.699)
  - Bitstamp: 4.143 (3.959, 4.330)
  - Kraken: 3.543 (3.319, 3.759)

- For β2, the η2 measurements are:
  - CG: 4.275 (3.988, 4.536)
  - CM: 3.857 (3.689, 4.048)
  - CC: 3.516 (3.280, 3.699)
  - Bitstamp: 4.143 (3.959, 4.330)
  - Kraken: 3.543 (3.319, 3.759)",10271.811299957335,14689,,13328,9b7e6d8edfcf3a3deba2d44ab4e1a2845ad2f0c26b32be170127fa0b75e6e465,OK,
unidoc_finance_0071,MISS_AT_3_HIT_AT_6,E9,PRIMARY_224,9,9,"In comparing the various parameters like ω2 and β2, their respective η2 measurements are as follows:

- For ω2, the η2 measurements are:
  - CG: 51.933 (29.060, 70.020)
  - CM: 4.172 (3.895, 4.542)
  - CC: 4.165 (2.684, 4.835)
  - Bitstamp: 3.131 (2.860, 3.466)
  - Kraken: 65.485 (61.535, 69.464)

- For β2, the η2 measurements are:
  - CG: 51.933 (29.060, 70.020)
  - CM: 4.172 (3.895, 4.542)
  - CC: 4.165 (2.684, 4.835)
  - Bitstamp: 3.131 (2.860, 3.466)
  - Kraken: 65.485 (61.535, 69.464)",10059.153999900445,23939,,22451,01dce9a8443c4cb9e492d5f2656febaca379d787b8ce3c34abc5530f535388a9,OK,
unidoc_finance_0078,MISS_AT_3_HIT_AT_6,E3,PRIMARY_224,3,3,The information provided does not specify the quantity of entitlements given to Mr. Brayan within the framework of the Special plan for the fiscal year 2018. The retrieved evidence discusses entitlements related to the year ended 31 December 2021 and does not provide data about the fiscal year 2018.,1742.9488999769092,11841,,10574,d37fdf55515519115d0c54492094faf095263fdad7ef386c61d921ef46d92c69,OK,
unidoc_finance_0078,MISS_AT_3_HIT_AT_6,E6,PRIMARY_224,6,6,"For the fiscal year 2018, Mr. Brayan was given 150,000 entitlements within the framework of the Special plan.",2013.6859000194818,19519,,18125,8c111ddfed4aabc7161fa2403be4992a35cdc58efb26f413e7050b0cb721aa85,OK,
unidoc_finance_0078,MISS_AT_3_HIT_AT_6,E9,PRIMARY_224,9,9,"For the fiscal year 2018, Mr. Brayan was given 150,000 entitlements within the framework of the Special plan.",1385.814799927175,24352,,22835,102299148e60a21dc49b6125c7b1f043cf6fb90ade6ac87614ae5e0b8b9568ca,OK,
unidoc_finance_0079,MISS_AT_3_HIT_AT_6,E3,PRIMARY_224,3,3,"The provided text does not directly address how output per worker changed between 2010 and 2018 in Indonesia and Mexico. It discusses economic growth, investment, and productivity in various regions and countries, but specific data on output per worker for Indonesia and Mexico during the specified period is not included in the retrieved evidence.",2766.8423999566585,7232,,5985,54b17fda59297309ca8ada36e1498aa94b04bfe5edfdae73d585c21937fc6c5b,OK,
unidoc_finance_0079,MISS_AT_3_HIT_AT_6,E6,PRIMARY_224,6,6,"The retrieved document provides information on productivity trends in selected emerging economies, including Indonesia and Mexico, in Figure V on page 13. The figure shows output per employed person, with the data indexed to 2010 = 100. Based on the trends depicted in the figure, output per worker in Indonesia and Mexico increased between 2010 and 2018. However, the exact numerical values for the change in output per worker during this period are not explicitly provided in the text.",4516.388899995945,15949,,14573,9322d1d844f8f075a2f315480685d65e19cfb2879e49102af7b2f5e67129c047,OK,
unidoc_finance_0079,MISS_AT_3_HIT_AT_6,E9,PRIMARY_224,9,9,"The output per worker in Indonesia and Mexico between 2010 and 2018 is illustrated in the productivity trends data. The data shows that output per employed person in Indonesia increased from a base index of 100 in 2010 to approximately 120 in 2018. Similarly, Mexico's output per worker rose from the base index of 100 in 2010 to about 120 in 2018.",2817.0132000232115,21962,,20459,6962a4101ab1613139c878f8cab8b25bada13202d0a62215da0407954aa62277,OK,
unidoc_finance_0090,MISS_AT_3_HIT_AT_6,E3,PRIMARY_224,3,3,"The unique statistical measures identified in the evaluation of complex models, along with their intervals, are as follows:

- **ω2 (omega squared)**: 30.442 (27.905, 32.819)
- **γ2 (gamma squared)**: 0.297 (0.230, 0.364)
- **θ2 (theta squared)**: Not mentioned in the provided text.
- **β2 (beta squared)**: 0.009 (0.004, 0.028)
- **η2 (eta squared)**: 51.933 (29.060, 70.020)
- **ξ2 (xi squared)**: 0.710 (0.661, 0.775)
- **p22 (p squared)**: 0.772 (0.730, 0.815)
- **UV2 (Unexplained Variance squared)**: 115% (not provided with a specific interval in the text)

These values are derived from the Markov switching skewed Student-t GJR-GARCH model applied to BTC data from various sources.",7849.812900065444,11063,,9775,af55b03fc71f66964972af5a476ff77a71a5a370e484c5b1504ef398f8634e8b,OK,
unidoc_finance_0090,MISS_AT_3_HIT_AT_6,E6,PRIMARY_224,6,6,"The unique statistical measures ω2, γ2, θ2, β2, η2, ξ2, p22, and UV2 along with their intervals used in the evaluation of complex models are as follows:

1. **ω2 (State 2 constant term in GJR-GARCH model)**:
   - CG: 30.442 (27.905, 32.819)
   - CM: 2.377 (2.129, 2.645)
   - CC: 4.599 (0.168, 5.435)
   - Bitstamp: 24.312 (20.950, 28.351)
   - Kraken: 1.828 (1.675, 2.004)

2. **γ2 (State 2 leverage parameter in GJR-GARCH model)**:
   - CG: 0.297 (0.230, 0.364)
   - CM: -0.055 (-0.082, -0.031)
   - CC: 0.204 (-0.144, 0.262)
   - Bitstamp: 0.311 (0.185, 0.424)
   - Kraken: 0.168 (0.140, 0.202)

3. **θ2 (State 2 asymmetry parameter in EGARCH model)**:
   - CG: -0.045 (-0.083, -0.006)
   - CM: 0.015 (-0.010, 0.040)
   - CC: -0.063 (-0.096, -0.033)
   - Bitstamp: -0.055 (-0.086, -0.019)
   - Kraken: -0.132 (-0.173, -0.091)

4. **β2 (State 2 persistence parameter in GJR-GARCH and EGARCH models)**:
   - GJR-GARCH:
     - CG: 0.009 (0.004, 0.028)
     - CM: 0.767 (0.754, 0.779)
     - CC: 0.682 (0.657, 0.880)
     - Bitstamp: 0.308 (0.275, 0.348)
     - Kraken: 0.880 (0.862, 0.896)
   - EGARCH:
     - CG: 0.866 (0.830, 0.891)
     - CM: 0.919 (0.897, 0.933)
     - CC: 0.884 (0.865, 0.902)
     - Bitstamp: 0.895 (0.869, 0.918)
     - Kraken: 0.652 (0.570, 0.710)

5. **η2 (State 2 degrees of freedom parameter in skewed Student-t distribution)**:
   - GJR-GARCH:
     - CG: 51.933 (29.060, 70.020)
     - CM: 4.172 (3.895, 4.542)
     - CC: 4.165 (2.684, 4.835)
     - Bitstamp: 3.131 (2.860, 3.466)
     - Kraken: 65.485 (61.535, 69.464)
   - EGARCH:
     - CG: 9.669 (8.757, 10.665)
     - CM: 4.434 (4.156, 4.711)
     - CC: 3.827 (3.690, 3.988)
     - Bitstamp: 14.412 (12.849, 15.971)
     - Kraken: 5.7",31696.001300006174,18992,,17575,23797c8ed16293da40f527a97d6b77299e6de7b5fc8ad3a7847439d369967bb9,OK,
unidoc_finance_0090,MISS_AT_3_HIT_AT_6,E9,PRIMARY_224,9,9,"The unique statistical measures identified in the evaluation of complex models are as follows:

1. **ω2 (omega squared)**: This represents the constant term in the second state of the GJR-GARCH model. For example, in the Markov switching skewed Student-t GJR-GARCH model, the median and 25th and 75th percentiles for ω2 are reported for each data source. For CG, ω2 is 30.442 with an interval of (27.905, 32.819).

2. **γ2 (gamma squared)**: This is the leverage effect parameter in the second state of the GJR-GARCH model. For CG, γ2 is 0.297 with an interval of (0.230, 0.364).

3. **θ2 (theta squared)**: This is the asymmetry parameter in the second state of the EGARCH model. For example, in the Markov switching skewed Student-t EGARCH model, θ2 for CG is -0.045 with an interval of (-0.083, -0.006).

4. **β2 (beta squared)**: This is the persistence parameter in the second state of the GJR-GARCH or EGARCH model. For CG in the GJR-GARCH model, β2 is 0.009 with an interval of (0.004, 0.028).

5. **η2 (eta squared)**: This is the degrees of freedom parameter in the second state of the skewed Student-t distribution. For CG, η2 is 51.933 with an interval of (29.060, 70.020).

6. **ξ2 (xi squared)**: This is the skewness parameter in the second state of the skewed Student-t distribution. For CG, ξ2 is 0.710 with an interval of (0.661, 0.775).

7. **p22 (p squared)**: This is the transition probability from state 2 to state 2 in the Markov switching model. For CG, p22 is 0.772 with an interval of (0.730, 0.815).

8. **UV2 (Unconditional Variance squared)**: This is the steady-state volatility in the second state of the model. For CG, UV2 is 115% with an interval of (1991).

These measures are used to evaluate the parameters and performance of the Markov switching GJR-GARCH and EGARCH models on non-traded and traded BTC data.",18136.329200002365,25286,,23740,582be74d18cf8a40d95af4751cbc6858314878fbebb5c42786a8e426fb94b0d1,OK,
unidoc_finance_0110,MISS_AT_9,E3,PRIMARY_224,3,3,The retrieved document evidence does not provide the proportions of equity and liabilities in the May 2021 financial model by the KIUC Board.,1442.615400068462,3544,,2304,2b001b7518d0dc8eeda25ab43a9dc3d90ee9675b9715e03d48dc8bb28bd2f2c8,OK,
unidoc_finance_0110,MISS_AT_9,E6,PRIMARY_224,6,6,The information regarding the proportions of equity and liabilities in the May 2021 financial model by the KIUC Board is not supported by the currently retrieved evidence.,1031.4670000225306,3979,,2614,1ef95f1632f392e54d4512f8d4ac1cd81dedab1eee261d939cbf1e191f99c7a8,OK,
unidoc_finance_0110,MISS_AT_9,E9,PRIMARY_224,9,9,The information regarding the proportions of equity and liabilities in the May 2021 financial model by the KIUC Board is not supported by the currently retrieved evidence.,1209.0198000660166,4414,,2924,30907d58d45c3463e9b13d4eec4b83d1973cd4c07f604b8d058c55def24d2fa6,OK,
unidoc_finance_0113,MISS_AT_3_HIT_AT_6,E3,PRIMARY_224,3,3,"Based on the Commerce Department data, the value of U.S. energy-related petroleum imports decreased significantly from the start of 2012 to early 2015. In March 2015, the average value of energy-related petroleum product imports was $46.47 per barrel, which was a 45% decrease from the average price of $93.91 per barrel in March 2014. The general trend from January 2012 to March 2015 showed a downward movement in the value of these imports. Specifically, the average value of energy-related petroleum products imports fell by 45.1% in the January-March 2015 period compared with the same period in 2014, while the average value of crude oil imports fell by 48%.",6398.76330003608,7078,,5812,085f671a36fabea89f47c8f3de00b5746af727cc9716ea37d4df9e3336d2e019,OK,
unidoc_finance_0113,MISS_AT_3_HIT_AT_6,E6,PRIMARY_224,6,6,"Based on the provided information from the document, the value of U.S. energy-related petroleum imports, as per Commerce Department data, experienced a significant decline from the start of 2012 to early 2015. Specifically, the average price of imported oil in March 2015 was $46.47 per barrel, which marked a 45% decrease from the average price of $93.91 in March 2014. This decline in oil prices, combined with a reduction in the volume of imports, led to a substantial drop in the nominal value of energy-related petroleum imports. The data indicates that the value of these imports fell by 45.1% from 2014 to early 2015. This trend reflects a broader pattern of decreasing energy import values, with the average value of energy-related petroleum products imports falling by 45.1% in early 2015 compared to the same period in 2014.",6329.874700051732,14548,,13155,a6aba9c8945df2d83cc6863f6f0f1b3f827a6d1e7d302e10082518ade1c15617,OK,
unidoc_finance_0113,MISS_AT_3_HIT_AT_6,E9,PRIMARY_224,9,9,"Based on the Commerce Department data provided, the value of U.S. energy-related petroleum imports significantly decreased from the start of 2012 to early 2015. In 2014, the average price of imported crude oil was $91.23 per barrel, but by March 2015, it had dropped to $46.47 per barrel, a 45% decrease. This decline in price, combined with a reduction in the volume of imports, led to a 48% drop in the value of imported crude oil in the first three months of 2015 compared to the same period in 2014. The overall value of energy-related petroleum products imports fell by 45.1% in 2015 compared to 2014.",5857.99509997014,20255,,18737,6447a63e4128dc348fb382fb7fe22bd4a1440cce3504ba30a333b72c6d008221,OK,
unidoc_finance_0151,MISS_AT_3_HIT_AT_6,E3,PRIMARY_224,3,3,"Foreign Direct Investment (FDI) in Poland between 2005 and 2017 showed significant variation. The value of FDI flows was notably high in 2007, which was partly influenced by Poland's access to EU structures. However, a significant decline in FDI was observed in 2012, primarily due to the withdrawal of capital, often referred to as transit capital. The FDI flows in the years 2008-2010 were similar to those in 2014-2016, both periods being close to the average FDI value of 13,813.4 million USD for the entire 2005-2017 period. 

The cumulative value of Poland's liabilities due to FDI increased from 90,876.0 million USD in 2005 to 238,482.8 million USD in 2017. However, there were years when the value of these liabilities decreased compared to the previous year, such as 2008/2007, 2011/2010, and 2015/2014. A frequent cause of these decreases was the depreciation of the Polish zloty, as noted in 2011, which also saw a considerable outflow of foreign capital.

In terms of sectoral distribution, services and industrial processing were the dominant sectors in 2017, with the financial and insurance sector also playing a significant role. The outflow of foreign capital was observed in sectors such as wholesale and retail trade, electricity and gas distribution, and professional, scientific, and technical activities. The cumulative value of foreign capital was primarily concentrated in industrial processing (38.1%), wholesale and retail trade (19.6%), and financial and insurance services (11.7%).",11608.903800020926,8863,,7531,c80a7acde523869659c3366dc7cdfb428f670da37a4371e141a345a3a170ae5b,OK,
unidoc_finance_0151,MISS_AT_3_HIT_AT_6,E6,PRIMARY_224,6,6,"Foreign Direct Investment (FDI) in Poland between 2005 and 2017 showed a dynamic pattern. The highest FDI value was recorded in 2007, partly due to Poland's access to EU structures. However, the following years saw a significant outflow of capital, especially in 2012, which marked the highest decline. The FDI flows in 2008-2010 were similar to those in 2014-2016, both periods being close to the average FDI value of 13813.4 million USD for the entire period. The value of Poland's liabilities due to FDI increased from 90876.0 million USD in 2005 to 238482.8 million USD in 2017. The sectoral distribution of FDI showed a shift from industrial processing to services, with the share of services increasing from 57.7% to 60.0%. The share of industrial processing decreased from 36.6% to 30.9%. The share of liabilities due to FDI in high-tech services (11.1%) was higher than in high-tech industrial processing (8.2%). The aggregated share of liabilities due to FDI in high and medium-high tech sectors increased from 35.0% in 2005 to nearly 38.0% in 2017. The year 2009 saw the lowest share of liabilities in these sectors, possibly due to changes in capital inflow or currency exchange rates. The value of FDI flows into Poland in 2008-2010 was similar to that recorded in the years 2014-2016. The value of Poland's liabilities due to FDI in 2005-2017 rose from 90876.0 million USD to 238482.8 million USD in 2017. The value of FDI flows in 2008-2010 was similar to that recorded in the years 2014-2016. The value of Poland's liabilities due to FDI in 2005-2017 rose from 90876.0 million USD to 238482.8 million USD in 2017. The value of FDI flows in 2008-2010 was similar to that recorded in the years 2014-2016. The value of Poland's liabilities due to FDI in 2005-2017 rose from 90876.0 million USD to 238482.8 million USD in 2017. The value of FDI flows in 2008-2010 was similar to that recorded in the years 2014-2016. The value of Poland's liabilities due to FDI in 2005-2017 rose from 90876.0 million USD to 238482.8 million USD in 2017. The value of FDI flows in 2008-2010 was similar to that recorded in the years 2014-2016. The value of Poland's liabilities due to FDI in 2005-2017 rose from 90876.0 million USD to 238482.8 million USD in 2017. The value of FDI flows in 2008-2010 was similar to that recorded in the years 2014-2016. The value of Poland's liabilities due to FDI in 2005-2017 rose from 90876.0 million USD to 238482.8 million USD in 2017. The value of FDI flows in 2008-2010 was similar to that recorded in the years 2014-2016. The value of Poland's liabilities due to FDI in 2005-2017 rose from 90876.0 million USD to 238482.8 million USD in 2017. The value of FDI flows in 2008-2010 was similar to that recorded in the years 2014-2016. The value of Poland's liabilities due to FDI in 2005-2017 rose from 908",28296.584900002927,16593,,15134,bfcca7bf13eb91699161cf332d80271d5b10a0a2e5f7d224b4ac162b36b593d3,OK,
unidoc_finance_0151,MISS_AT_3_HIT_AT_6,E9,PRIMARY_224,9,9,"Foreign Direct Investment (FDI) in Poland between 2005 and 2017 showed a dynamic pattern. The highest value of FDI inflow was observed in 2007, which was partly stimulated by Poland's access to EU structures. This period marked a rapid increase in FDI. However, the following years saw a decline, with the most significant drop occurring in 2012, largely due to the withdrawal of transit capital. The years 2008-2010 and 2014-2016 showed similar FDI flow values, both being close to the average annual FDI inflow of 13,813.4 million USD for the entire period. The value of liabilities due to FDI in Poland increased from 90,876.0 million USD in 2005 to 238,482.8 million USD in 2017, but there were years, such as 2008/2007, 2011/2010, and 2015/2014, when the value of these liabilities was lower than the previous year, often due to the depreciation of the Polish zloty.",8846.666599973105,25598,,24012,f76a8dcb95432f254f49e78af12a82b8ae6b64da1463e187776d044608b9cd0c,OK,
unidoc_finance_0163,MISS_AT_3_HIT_AT_6,E3,PRIMARY_224,3,3,"The provided text does not explicitly state the calculated covariance for VOL_DER and CPI_US. Therefore, the information is not supported by the currently retrieved evidence.",1053.2776000909507,5694,,4463,2320fd3a299e906b07503effbb7f073a40ad17c04da88206112cb533bb55c73e,OK,
unidoc_finance_0163,MISS_AT_3_HIT_AT_6,E6,PRIMARY_224,6,6,The information is not supported by the currently retrieved evidence.,1231.201000045985,10007,,8653,77eb137146bec4640e4a2b612a927b07b6ab29bd217f1b8fd454b0a5393d5fe5,OK,
unidoc_finance_0163,MISS_AT_3_HIT_AT_6,E9,PRIMARY_224,9,9,The information is not supported by the currently retrieved evidence.,718.5916000744328,16030,,14551,86db02fca80d21753660de6c7ab4fd1df63f903d3b3146d339122e58112af163,OK,
unidoc_finance_0168,MISS_AT_3_HIT_AT_6,E3,PRIMARY_224,3,3,"Based on the Department of Commerce figures, the significant patterns in the fluctuations of oil prices from 2008 to 2012 include the following:

1. In 2008, petroleum prices reached nearly $140 per barrel before falling at a historic rate. Prices fell each month between August 2008 and February 2009.

2. From February to December 2009, average petroleum prices reversed course and rose by 85%, climbing to nearly $80 per barrel at times.

3. In 2010, petroleum prices reached a peak average price of about $77 per barrel in April before falling to around $72 per barrel in July 2010. This marked one of only three times average monthly petroleum prices had declined since January 2009.

4. In December 2010, petroleum import prices averaged nearly $80 per barrel and continued to increase, reaching over $112 per barrel at times in March, April, and May 2011.

5. Petroleum import prices then trended downward through the end of 2011, falling to an average price of $99.71 per barrel in December 2011.

6. In February 2012, the average price of imported oil was $103.6, up 19% from an average of $87.2 in February 2011, but slightly down from the average price per barrel of $103.8 in January 2012.

7. The value of total energy imports in February 2012 fell 16.8% from January 2012 to reach about $30.0 billion, but was up about 10% from the total value of energy imports in February 2011.",11706.153100007214,9544,,8276,dc173b59e4f134e9be55c0daf23fbc234c0349152e33f8a72e3eac70ef014be0,OK,
unidoc_finance_0168,MISS_AT_3_HIT_AT_6,E6,PRIMARY_224,6,6,"Based on the Department of Commerce figures, the significant patterns in the fluctuations of oil prices from 2008 to 2012 are as follows:

1. In 2008, petroleum prices reached nearly $140 per barrel before falling at a historic rate. Prices fell each month between August 2008 and February 2009.

2. After the decline, average petroleum prices reversed course and rose by 85% between February and December 2009, climbing to nearly $80 per barrel at times.

3. In 2010, petroleum prices reached a peak average price of about $77 per barrel in April before falling to around $72 per barrel in July 2010. This was one of only three times average monthly petroleum prices had declined since January 2009.

4. In December 2010, petroleum import prices averaged nearly $80 per barrel and continued to increase, reaching over $112 per barrel at times in March, April, and May 2011.

5. Petroleum import prices then trended downward through the end of 2011, falling to an average price of $99.71 per barrel in December 2011.

6. In 2012, the average price of imported oil in February was $103.6, up 19% from an average of $87.2 in February 2011, but slightly down from the average price per barrel of $103.8 in January 2012.

These fluctuations in oil prices had a significant impact on the U.S. trade deficit, with the cost of energy imports contributing to a large portion of the overall trade deficit during these years.",11114.218899980187,15550,,14159,016bc19bc3fc2e0957b31a36ac2de039db5d4e6776887316893565674d95fc23,OK,
unidoc_finance_0168,MISS_AT_3_HIT_AT_6,E9,PRIMARY_224,9,9,"Based on the Department of Commerce figures, the significant patterns in the fluctuations of oil prices from 2008 to 2012 are as follows:

1. In 2008, petroleum prices reached nearly $140 per barrel before falling at a historic rate. The prices dropped each month between August 2008 and February 2009.

2. After the decline, average petroleum prices reversed course and rose by 85% between February and December 2009, climbing to nearly $80 per barrel at times.

3. In 2010, petroleum prices reached a peak average price of about $77 per barrel in April before falling to around $72 per barrel in July 2010. This marked one of only three times average monthly petroleum prices had declined since January 2009.

4. In December 2010, petroleum import prices averaged nearly $80 per barrel and continued to increase, reaching over $112 per barrel at times in March, April, and May 2011.

5. Petroleum import prices then trended downward through the end of 2011, falling to an average price of $99.71 per barrel in December 2011.

6. In the first two months of 2012, the average price of petroleum products rose 20% over the same period in 2011 to reach an average price of $103 per barrel. The average price of imported oil in February 2012 was $103.6, up 19% from an average of $87.2 in February 2011, but down slightly from the average price per barrel of $103.8 in January 2012.

These fluctuations in oil prices had a significant impact on the U.S. trade deficit, with the value of energy-related imports rising and falling in response to the changes in oil prices.",14010.02500008326,22278,,20762,9b7700996d2e39c93754a7f20bc116b1a6558bd6574a8fc5b2e336af2b623704,OK,
unidoc_finance_0182,MISS_AT_9,E3,PRIMARY_224,3,3,"The method used to estimate the Pareto scale parameter concerning the wealth ranking of households, based on the approach by Clauset et al. (2009), involves systematically estimating Pareto distributions for increasing subsets of the data and selecting the subset and its corresponding parameters that exhibit the best fit to the data. This is done by employing the Cramer–Von-Mises (CvM) test statistics to compare the relative fit of the estimated distributions. The estimators ˆmi and ˆαi are determined by fitting Pareto distributions using maximum likelihood to increasingly large subsamples, starting from the 100th percentile and expanding the subsample by one additional percentile until reaching the 71st percentile. The ML estimator is used because it is considered superior for data following a power law.",4644.47719999589,9529,,8241,80493bd07ce05eb33497821f64e42303d2f73d055c62f9f4c47c409cac89779b,OK,
unidoc_finance_0182,MISS_AT_9,E6,PRIMARY_224,6,6,"The method used to estimate the Pareto scale parameter concerning the wealth ranking of households, based on the approach by Clauset et al. (2009), involves systematically fitting Pareto distributions to increasing subsets of the data and selecting the subset and its corresponding parameters that exhibit the best fit to the data. This is achieved by employing the Cramer–Von-Mises (CvM) test statistics to compare the relative fit of the estimated distributions. The estimators for the scale parameter $ m_i $ and the shape parameter $ \alpha_i $ are determined by fitting Pareto distributions using maximum likelihood estimation to increasingly large subsamples starting from the 100th percentile and expanding by one additional percentile until the 71st percentile. The scale parameter $ m_i $ is equal to the smallest observation within each subsample. The goodness of fit for each subsample is tested using the CvM statistic, with lower values indicating a better fit. The final selection of the scale parameter is further refined using a maximin model to ensure a reliable estimate across all five implicates.",6688.638299936429,21074,,19657,f2984e1058d562720abcd3396544b47c7e785c3f6ae608a35a2813f81ea2b7d0,OK,
unidoc_finance_0182,MISS_AT_9,E9,PRIMARY_224,9,9,"The method used to estimate the Pareto scale parameter concerning the wealth ranking of households, based on the approach by Clauset et al. (2009), involves systematically estimating Pareto distributions for increasing subsets of the data and selecting the subset and its corresponding parameters that exhibit the best fit to the data. This is achieved by employing the Cramer–Von-Mises (CvM) test statistics to compare the relative fit of the estimated distributions. The estimators for the scale parameter (mi) and the shape parameter (αi) are determined by fitting Pareto distributions using maximum likelihood estimation to increasingly large subsamples starting from the 100th percentile, expanding the subsample by one additional percentile until reaching the 71st percentile. The smallest observation within each subsample is taken as mi, and the goodness of fit is evaluated using the CvM statistic, with lower values indicating a better fit.",5863.331300090067,30274,,28732,73480aa544e0ae4df4e189c0dcc00cf4d49818827eab7a11c1e7d28f8dbfe921,OK,
unidoc_finance_0183,MISS_AT_3_HIT_AT_6,E3,PRIMARY_224,3,3,"The provided document does not include specific financial insights related to inventory and bank balances for the six months ending June 2018. Therefore, the information is not supported by the currently retrieved evidence.",1148.509900085628,3873,,2629,75271200edb247fadc22fd14ee99e564d45e9765727f466a76e232ee7556d34e,OK,
unidoc_finance_0183,MISS_AT_3_HIT_AT_6,E6,PRIMARY_224,6,6,"The main financial insights from inventory and bank balances for the six months ending June 2018 are as follows:

1. **Inventory (Stock-in-Trade):** The stock-in-trade for the half year ended June 30, 2018, was Rs. 19,212,045,000 (compared to Rs. 23,946,058,000 in the previous year). This indicates a decrease in inventory levels compared to the prior year.

2. **Inventory Write-Downs:** Finished goods were written down by Rs. 131.664 million to arrive at their net realizable value (2017: Rs. 106.38 million). This suggests a reduction in the value of finished goods inventory due to potential market or valuation factors.

3. **Cash and Bank Balances:** Cash and bank balances at the end of the period were Rs. 6,827,253,000 (June 30, 2018), compared to Rs. 9,189,552,000 at the beginning of the period (June 30, 2017). This reflects a decrease in cash and cash equivalents over the six-month period.

4. **Cash Flow from Operations:** Cash generated from operating activities was Rs. 4,908,396,000 for the half year ended June 30, 2018, compared to Rs. 9,696,214,000 in the prior year. This indicates a significant reduction in cash generated from operations.

5. **Cash Flow from Investing Activities:** Net cash used in investing activities was Rs. 5,146,817,000, primarily due to purchases of property, plant, and equipment, and intangible assets.

6. **Cash Flow from Financing Activities:** Dividends paid during the period were Rs. 1,379,611,000, contributing to a net decrease in cash and cash equivalents of Rs. 2,362,299,000 for the half year ended June 30, 2018.

These insights highlight a decrease in inventory levels and cash balances, along with a reduction in cash generated from operations compared to the prior year.",15848.930999985896,9888,,8517,08803c1d90eb57484e365588055addb611c6fe953369a738213db86863b3075c,OK,
unidoc_finance_0183,MISS_AT_3_HIT_AT_6,E9,PRIMARY_224,9,9,"The main financial insights from inventory and bank balances for the six months ending June 2018 are as follows:

1. **Inventory (Stock-in-Trade):**
   - The stock-in-trade for the half year ended 30 June 2018 was Rs. 19,212,045,000 (compared to Rs. 23,946,058,000 in 2017). This indicates a decrease in inventory levels.
   - The inventory was written down by Rs. 131.664 million to arrive at the net realizable value, compared to Rs. 106.38 million in 2017.

2. **Cash and Bank Balances:**
   - The cash and bank balances at the end of the period (30 June 2018) were Rs. 6,827,253,000, compared to Rs. 9,189,552,000 at the beginning of the period (31 December 2017).
   - The cash in hand was Rs. 11,763,000, and cash at banks included deposits, special deposit accounts, and current accounts totaling Rs. 6,807,686,000.
   - The cash flow from operating activities for the half year ended 30 June 2018 was Rs. 4,164,129,000, indicating cash generated from operations, although this was less than the previous year's Rs. 7,936,853,000.

3. **Working Capital Changes:**
   - There was a significant decrease in current assets, particularly in stock-in-trade and trade deposits and short-term prepayments, which contributed to the overall cash flow from operations.
   - The decrease in trade deposits and short-term prepayments was Rs. 1,249,441,000 compared to an increase in the previous year.

These insights reflect a reduction in inventory levels and a decrease in cash and bank balances, which may be attributed to operational and financial activities during the six months ending June 2018.",13698.701399960555,17717,,16219,c4d7d81ee0cd6f9129b81a7691b9ae6a8c69487296e8ca79d64b18399f62887f,OK,
unidoc_finance_0184,MISS_AT_6_HIT_AT_9,E3,PRIMARY_224,3,3,"The baseline scenario projects a significant reduction in global poverty from 22.4% in 2008 to 5.4% in 2030, implying a continued decline in poverty rates following the trend from 1990 to 2010. However, the authoritative figures and other projections, such as those from Ravallion and Kenny, Karver & Sumner, suggest a more varied range of outcomes. These alternative scenarios indicate that while some optimistic projections align with the baseline trend, others suggest a slower rate of reduction or even a flattening of progress after 2020. The difference in poverty reduction trends between the projected baseline and the authoritative figures highlights the uncertainty and variability in future poverty rates, with the baseline representing a central estimate and the other scenarios providing a range of possible outcomes.",5529.478500015102,7462,,6191,8743e48a29aee89853b0b457eab1ee4ae3411f8d3585f6aa92dc7ecab85dcf9f,OK,
unidoc_finance_0184,MISS_AT_6_HIT_AT_9,E6,PRIMARY_224,6,6,"The difference in poverty reduction trends between the projected baseline and the authoritative figures from 1990 through 2030 is that the baseline scenario projects a continued decline in the global poverty rate, but at a slowing pace. According to the baseline scenario, the global poverty rate falls from 22.4 percent in 2008 to 9.9 percent in 2020 and further to 5.4 percent in 2030. However, the baseline scenario shows that the rate of poverty reduction flattens around 2020 and does not maintain the historical trend of a percentage point of reduction per year. In contrast, the authoritative figures suggest that if the trend rate of global poverty reduction from the past 20 years is sustained, poverty could be eliminated by 2030. The baseline scenario, however, indicates that this is not achievable under current assumptions, highlighting the scale of the challenge in reaching zero poverty by 2030.",6690.7568000024185,14361,,12963,7690473248c05f8e46a0b1b9579078a48ee280db91dd1a5963fd9887cf6f2590,OK,
unidoc_finance_0184,MISS_AT_6_HIT_AT_9,E9,PRIMARY_224,9,9,"The difference in poverty reduction trends between the projected baseline and the authoritative figures from 1990 through 2030 is illustrated in the document. The baseline scenario projects a continued decline in the global poverty rate, starting from 22.4% in 2008 and decreasing to 9.9% in 2020 and further to 5.4% in 2030, with the number of people in poverty dropping to approximately 386 million by 2030. However, the document notes that the baseline scenario flattens around 2020 and does not reach zero poverty by 2030, indicating a slowdown in the rate of poverty reduction. This contrasts with the earlier historical trajectory, where the trend rate of global poverty reduction was a percentage point per year. The authoritative figures, as represented by the official estimates, show a significant reduction in poverty from 1990 to 2010, fulfilling the MDG1a goal five years ahead of schedule. The document suggests that the challenge of reaching zero poverty by 2030 is considerable, as the baseline scenario does not achieve this, and the number of people living just below the poverty line is expected to decrease significantly, making further reductions more difficult.",9000.906999921426,19235,,17714,a03b4dc5bf7afeb4c6b1d7c7b2bf22ac9930ee10d4a126848518ce9cae9e6606,OK,
unidoc_finance_0185,MISS_AT_3_HIT_AT_6,E3,PRIMARY_224,3,3,"The 2004 APEC Economic Outlook indicates that the establishment of an Asia-wide Free Trade Area (FTAAP) could result in competitive discrimination, providing market access advantages to countries within the APEC region while potentially straining relationships with markets outside the region. According to the CGE analysis conducted by Plummer and Wignaraja, the rest of Asia and Europe, which would be outside of the FTAAP, are likely to experience economic losses if the FTAAP is implemented. Additionally, the analysis suggests that ASEAN's economic gains in an FTAAP scenario are lesser compared to gains in an ASEAN+3 or ASEAN+6 FTA scenario.",4115.020400029607,7066,,5795,27fef8642d92fc366b7a527b624c133ad17035aedb1f49afddbf8a4a732098f5,OK,
unidoc_finance_0185,MISS_AT_3_HIT_AT_6,E6,PRIMARY_224,6,6,"The 2004 APEC Economic Outlook discusses the potential effects of an Asia-wide Free Trade Area (FTAAP) on various regions. According to the CGE analysis conducted by Plummer and Wignaraja, the establishment of an FTAAP could result in welfare gains for APEC member economies. However, it also indicates that regions outside of the APEC area, such as the rest of Asia and Europe, are likely to experience economic losses if an FTAAP is implemented. This outcome could lead to competitive discrimination, favoring market access within the APEC region while straining relationships with external markets.",3789.2740999814123,11213,,9817,33ec0338e75807817e505b3e6236b9c5356724677f96311c2e1289ee21502b71,OK,
unidoc_finance_0185,MISS_AT_3_HIT_AT_6,E9,PRIMARY_224,9,9,"The 2004 APEC Economic Outlook discusses the potential GDP effects of establishing an Asia-wide Free Trade Area (FTAAP). According to the CGE analysis conducted by Plummer and Wignaraja, the establishment of an FTAAP could result in competitive discrimination, favoring market access within the APEC region while potentially straining ties with markets outside the region. The analysis also suggests that the rest of Asia and Europe, which would be outside the FTAAP, are likely to experience economic losses if the FTAAP is implemented. However, the document does not provide specific GDP figures or a detailed breakdown of the GDP effects on various regions.",4902.133600087836,18385,,16864,9bdcf85dba35fcc7a33f9f9772fae3204c7ecaf1eb19902cb8dd293ebc30c0e5,OK,
unidoc_finance_0192,MISS_AT_3_HIT_AT_6,E3,PRIMARY_224,3,3,"The estimates for Pareto's Alpha (α) change from 95 to 70 across various implicate scenarios as the subsamples expand from the 100th percentile to the 71st percentile. This process involves systematically estimating Pareto distributions for increasingly large subsamples and selecting the subset with the best fit based on the Cramer–Von-Mises (CvM) test statistics. As the subsamples expand, the test statistics and corresponding α estimates vary significantly, especially in the initial subsamples, likely due to small sample sizes. The variation in α estimates is evident across all five implicates, with the highest variation observed in the top of the distribution. The procedure aims to identify a suitable scale parameter (mi) that balances sensitivity to sample size issues and avoids ad-hoc assumptions, ultimately leading to the selection of the 78th percentile as the most suitable threshold for a reliable estimate of mi.",5493.520800024271,9474,,8238,92d2bedc6fb07cefce563a0dfed5e85b080f990e3542325651bdb5d270c0b028,OK,
unidoc_finance_0192,MISS_AT_3_HIT_AT_6,E6,PRIMARY_224,6,6,"The estimates for Pareto's Alpha (α) change from 95 to 70 across various implicate scenarios as described in the document. The process involves fitting Pareto distributions to increasingly large subsamples of the data, starting from the 100th percentile and expanding by one additional percentile until reaching the 71st percentile. This results in 30 different estimates for each αi and mi, where mi is the smallest observation within each subsample. The smallest subset includes only the data points within the 100th percentile, and the largest contains all observations between the 100th and 71st percentile. The estimates for αi vary significantly between implicates, especially for the first few subsamples, likely due to small sample sizes in the top of the distribution. The variation in the estimates is evident in the Cramer–Von-Mises (CvM) test statistics, which increase with the difference between the observed sample and the estimated Pareto distribution. The results show that the test statistics and α estimates vary considerably between implicates, with the highest variation observed in the top of the distribution. The final estimation results across all implicates are collected in Table 1, showing the average α estimate and the corresponding scale parameter mi.",8481.556099955924,15731,,14366,ea70a118e30e88eba7574c811d31bc57b654ada5596e6db9320844024dbe4fa3,OK,
unidoc_finance_0192,MISS_AT_3_HIT_AT_6,E9,PRIMARY_224,9,9,"The estimates for Pareto's Alpha (α) change from 95 to 70 across various implicate scenarios as described in the document. The process involves fitting Pareto distributions to increasingly large subsamples of the data, starting from the 100th percentile and expanding by one additional percentile until reaching the 71st percentile. This results in 30 different estimates for each αi and mi, where mi is the smallest observation within each subsample.

The variation in the estimates of αi is particularly notable for the first few subsamples, likely due to small sample sizes in the top percentiles, as each percentile contains roughly 24 observations. The estimates for αi and the corresponding Cramer–Von-Mises (CvM) test statistics are plotted for the upper 30 percentile subsamples across all five implicates. The test statistics vary considerably between implicates, and the α estimates show even more variation, especially for the first few subsamples.

The method used to determine the most suitable scale parameter (mi) involves applying Wald’s maxi–min model, which focuses on the worst-case fit across all implicates. The threshold value of the 78th percentile is identified as the most suitable candidate for providing a statistically reliable estimate for the true value of mi. This approach ensures that the estimates are not overly influenced by exceptionally well-fitting subsamples and introduces a degree of conservatism to the results.

The final estimation results for Pareto's Alpha across all five implicates are collected in Table 1, showing specific values for each implicate and an average value. The detailed procedure and results are documented in the online Appendix and the main text of the paper.",9792.921700049192,24131,,22639,5c3059f0336bb215152c17cc9c225f2aee7b3eec3ed034474aa9744de339a03c,OK,
unidoc_finance_0195,MISS_AT_9,E3,PRIMARY_224,3,3,"In the primary scenario of the HFCS research, the threshold set for the original dataset regarding household net wealth is €4 million. Observations with reported net wealth beyond this cut-off point are eliminated from the sample and replaced with data points based on the previously estimated Pareto distribution.",1725.8815000532195,8574,,7306,178d4d4039a191c89e6620a7cdd7bdc477fe6175b7cb2c4465d06355fb7b670c,OK,
unidoc_finance_0195,MISS_AT_9,E6,PRIMARY_224,6,6,"In the primary scenario of the HFCS research, the threshold set for the original dataset regarding household net wealth is €4 million. Observations with reported net wealth beyond this cut-off point are eliminated from the sample and replaced with data points based on the previously estimated Pareto distribution.",2760.597400018014,18511,,17116,831d248470782de778889432069a4aca7281b96fb7e37ff807468d70139234db,OK,
unidoc_finance_0195,MISS_AT_9,E9,PRIMARY_224,9,9,"In the primary scenario of the HFCS research, the threshold set for the original dataset regarding household net wealth is €4 million. Observations with reported net wealth beyond this cut-off point are eliminated from the sample and replaced with data points based on the previously estimated Pareto distribution.",2463.9405999332666,28720,,27196,2a74dc8483c82584b7cec6a4f1ec1304bf1968728337e02ca834df493d0bcef2,OK,
unidoc_finance_0196,MISS_AT_3_HIT_AT_6,E3,PRIMARY_224,3,3,The provided text does not include information about how different nations ranked in terms of limiting foreign ownership according to the 2003 Executive Opinion Survey.,1077.4722999194637,10766,,9508,0e2b81aaa2bd83a1d1fdff72f7f09932a18a4f9609f5aaab4b3778fa1ec3070d,OK,
unidoc_finance_0196,MISS_AT_3_HIT_AT_6,E6,PRIMARY_224,6,6,"According to the 2003 Executive Opinion Survey, the ranking of different nations in terms of foreign ownership restrictions is as follows:

1. Chile - Rank 10  
2. Hungary - Rank 12  
3. Nigeria - Rank 21  
4. Israel - Rank 23  
5. Mexico - Rank 26  
6. Estonia - Rank 29  
7. South Africa - Rank 30  
8. Czech Republic - Rank 35  
9. Argentina - Rank 38  
10. India - Rank 41  
11. Brazil - Rank 42  
12. Poland - Rank 51  
13. Turkey - Rank 66  
14. Korea - Rank 68  
15. Venezuela - Rank 76  
16. Colombia - Rank 79  
17. China - Rank 81  
18. Indonesia - Rank 95  
19. Russian Federation - Rank 99",7421.103100059554,25060,,23673,1de05358287e748aeda40d3576d990ad85c80c23d4fdc966f37ae8ae0396c63d,OK,
unidoc_finance_0196,MISS_AT_3_HIT_AT_6,E9,PRIMARY_224,9,8,"According to the 2003 Executive Opinion Survey, the ranking of different nations in terms of foreign ownership restrictions is as follows:

1. Chile - Rank 10
2. Hungary - Rank 12
3. Nigeria - Rank 21
4. Israel - Rank 23
5. Mexico - Rank 26
6. Estonia - Rank 29
7. South Africa - Rank 30
8. Czech Republic - Rank 35
9. Argentina - Rank 38
10. India - Rank 41
11. Brazil - Rank 42
12. Poland - Rank 51
13. Turkey - Rank 66
14. Korea - Rank 68
15. Venezuela - Rank 76
16. Colombia - Rank 79
17. China - Rank 81
18. Indonesia - Rank 95
19. Russian Federation - Rank 99",7936.070100055076,36191,,34677,af4cf4c166db6ad121eb10f354e73f74a243bb75a7cee8c8c9bb8af32d607c94,OK,
unidoc_finance_0199,MISS_AT_3_HIT_AT_6,E3,PRIMARY_224,3,3,"Based on the information provided, the unemployment rate in Southern Africa, particularly in South Africa, has shown an increasing trend from 1995 to 2020. The unemployment rate was significantly impacted by the Covid-19 crisis, which led to a sharp increase, with the unemployment rate approaching 35% of the labor force by the end of 2020. Youth unemployment was especially high at 56%. The data indicates that unemployment has been a persistent issue, with high rates observed even before the pandemic, and it has been exacerbated by the crisis.",2962.039400008507,11675,,10442,1b15b34502a12bb75d13cd0cd50b80b5db86b45ad81e953ad9b20bb1dae1c8b9,OK,
unidoc_finance_0199,MISS_AT_3_HIT_AT_6,E6,PRIMARY_224,6,6,"Based on the information provided, the unemployment rate in South Africa increased significantly due to the impact of the Covid-19 crisis in 2020, with the unemployment rate approaching 35% of the labour force by the end of that year. This marked a substantial rise from previous years, indicating a negative trend in unemployment rates over the years from 1995 to 2020, especially with the sharp increase in 2020.",2989.5471000345424,20685,,19329,9883d1378890e131a4af2f3ae32e73ca96ee69fa5085bbe8e5d6a1650bc9daba,OK,
unidoc_finance_0199,MISS_AT_3_HIT_AT_6,E9,PRIMARY_224,9,9,"Based on the information provided, the trend observed in unemployment rates over the years from 1995 to 2020 is that unemployment in Southern Africa, particularly in South Africa, has been persistently high and has worsened over time. The unemployment rate was already at low levels (40-45%) in the mid-1990s, and it remained broadly stable at these levels until the 2020 period. The unemployment rate was approaching 35% of the labour force by the end of 2020, placing it among the highest globally. This indicates a significant increase in unemployment from the mid-1990s to 2020, with the situation being exacerbated by the impact of the Covid-19 crisis.",5837.074600043707,29446,,27965,ce45ec2b5144ff29f097cf1483c76f0792e8d1feaf7090a7526857dc00c403e2,OK,
unidoc_healthcare_0008,MISS_AT_3_HIT_AT_6,E3,PRIMARY_224,3,3,"Varying amounts of keratinocyte supernatants influence the movement of CD1a+ Langerhans cell (LC) precursors under the influence of IL-1β and TNF-α. Activated keratinocyte supernatants induce migration of CD1a+ LC precursors, with a migration index ranging from 5 to 20. The addition of anti–MIP-3a consistently results in a complete block of this supernatant-induced activity, indicating that MIP-3a is a key chemokine in this process. The chemotactic effect of the supernatants is suppressed in the presence of anti–MIP-3a, while a control antibody has no effect. These findings suggest that MIP-3a plays a major role in the attraction of LC precursors by keratinocyte supernatants activated with IL-1β and TNF-α.",5391.299899900332,13008,,11733,50bc2bc90d0ca3e7279dfd7c4b0ca83827ee26c40c72b0475919585bd59e193f,OK,
unidoc_healthcare_0008,MISS_AT_3_HIT_AT_6,E6,PRIMARY_224,6,6,"Varying amounts of keratinocyte supernatants, when activated by IL-1β and TNF-α, influence the movement of CD1a+ Langerhans cell (LC) precursors. Specifically, activated keratinocyte supernatants induce migration of CD1a+ LC precursors, with a migration index ranging from 5 to 20. This effect is mediated by MIP-3α, as the migration is completely blocked by the addition of anti–MIP-3α antibody. Supernatants from unactivated keratinocytes do not induce migration, and the chemotactic effect of activated keratinocyte supernatants is dose-dependent, with as low as 12.5% of the supernatant inducing migration comparable to recombinant MIP-3α.",4497.669399948791,22311,,20913,75f7c5f452085005e99af86ea5ee1ed6fe80f38d52b08909251d05b55ce383a6,OK,
unidoc_healthcare_0008,MISS_AT_3_HIT_AT_6,E9,PRIMARY_224,9,8,"Varying amounts of keratinocyte supernatants influence the movement of CD1a+ Langerhans cell (LC) precursors under the influence of IL-1β and TNF-α. Specifically, activated keratinocyte supernatants induce migration of CD1a+ LC precursors, and this migration is completely blocked by the addition of an anti–MIP-3a antibody. The migration index of CD1a+ LC precursors induced by activated keratinocyte supernatants ranges from 5 to 20, and the anti–MIP-3a antibody consistently abolishes this activity. This indicates that MIP-3a is a key chemokine secreted by keratinocytes in response to IL-1β and TNF-α, and it plays a major role in attracting CD1a+ LC precursors.",7848.841300001368,34892,,33369,c664acefa335c4bd67dbcadd8dfe0448fb8ae5602469c08788a76a45a73a815d,OK,
unidoc_healthcare_0015,MISS_AT_3_HIT_AT_6,E3,PRIMARY_224,3,3,"In a cardiac rehab interval workout described in the document, the stages and their durations are as follows:

1. **Hospitalisation in the rehabilitation centre (Day 1 to Day 5):**
   - **Admission (Day 1):** This includes the definition of objectives with medical and nursing staff, a personalized education report, clinical examination, and a cardio-pulmonary exercise test (CPET).
   - **Exercise training program (Day 1 to Day 5):** Daily group sessions of interval training exercise at VAT level, using a stationary bicycle and outdoor group aerobic activities, supervised by a physical education teacher, in daily group sessions of 1 hour each.
   - **Education program (Day 1 to Day 5):** Both individual and group sessions with multidisciplinary management (psychologist, dietician, and specialist nurse).
   - **Physical therapy (Day 1 to Day 5):** 1 individual session per day with a physiotherapist, including stretching, resistance, breathing, and thoracic extension exercises.

2. **Home-based training program (Week 2 to Week 12):**
   - **Exercise sessions:** 2 individual exercise sessions per week, each lasting 1 hour, using a stationary bicycle, with interval-training exercise at VAT level, supervised by a physical education teacher.

3. **Recall sessions at the rehabilitation centre (Week 4-5, Week 8-9, and Week 12):**
   - **Interval-training exercise (1 day each):** 1-hour group session at VAT level using a stationary bicycle, supervised by a physical education teacher.
   - **Reinforced education support (1 day each):** Individual or group session with the specialist nurse.
   - **Physical therapy (1 day each):** 1 individual session with a physiotherapist, including stretching, resistance, breathing, and thoracic extension exercises.

4. **End of program at the rehabilitation centre (End of Week 12):**
   - **Final evaluation:** Includes similar outcomes as on Day 1, including a CPET.",14207.29020005092,10696,,9465,806742c3f98edbdf828342d37f680265e342ce30ab26c7801340778f7c745cba,OK,
unidoc_healthcare_0015,MISS_AT_3_HIT_AT_6,E6,PRIMARY_224,6,6,"In a cardiac rehab interval workout as described in the QUALI-REHAB program, the stages and their durations are as follows:

1. **Hospitalization in the rehabilitation centre (Day 1 to Day 5):**
   - **Admission (Day 1):** This includes the definition of objectives with medical and nursing staff, a personalized education report, clinical examination, and a cardio-pulmonary exercise test (CPET).
   - **Exercise training program (Day 1 to Day 5):** Daily group-sessions of interval training exercise at the ventilatory anaerobic threshold (VAT) level, using a stationary bicycle and outdoor group aerobic activities, supervised by a physical education teacher, in daily group sessions of 1 hour each.
   - **Education program:** Both individual and group sessions with a multidisciplinary team (psychologist, dietician, and specialist nurse).
   - **Physical therapy:** 1 individual session per day with a physiotherapist, including stretching, resistance, breathing, and thoracic extension exercises.

2. **Home-based training program (Week 2 to Week 12):**
   - **Exercise sessions:** 2 individual exercise sessions per week, each lasting 1 hour, using a stationary bicycle, with the same interval-training exercise at VAT level, supervised by a physical education teacher.

3. **Recall sessions at the rehabilitation centre (Week 4-5, Week 8-9, and Week 12):**
   - **Interval-training exercise:** 1 hour group session at VAT level using a stationary bicycle, supervised by a physical education teacher.
   - **Reinforced education support:** Individual or group session with the specialist nurse.
   - **Physical therapy:** 1 individual session with a physiotherapist, including stretching, resistance, breathing, and thoracic extension exercises.

4. **End of program at the rehabilitation centre (End of Week 12):**
   - **Final evaluation:** Includes similar outcomes as on Day 1, including a CPET.",10931.6647000378,20466,,19112,06933415de5fa4fd0cbe8d49e316f7c6541cf6da96357ff0850b07478d08d4a7,OK,
unidoc_healthcare_0015,MISS_AT_3_HIT_AT_6,E9,PRIMARY_224,9,7,"In a cardiac rehab interval workout as described in the QUALI-REHAB program, the stages and their durations are as follows:

1. **Hospitalization in the rehabilitation centre (Day 1 to Day 5):**
   - **Admission (Day 1):** This includes the definition of objectives with medical and nursing staff, a personalized education report, clinical examination, and a cardio-pulmonary exercise test (CPET).
   - **Exercise training program (Day 1 to Day 5):** Daily group-sessions of interval training exercise at the ventilatory anaerobic threshold (VAT) level, using a stationary bicycle and outdoor group aerobic activities, supervised by a physical education teacher, in daily group sessions of 1 hour each.
   - **Education program:** Both individual and group sessions involving multidisciplinary management (psychologist, dietician, and specialist nurse).
   - **Physical therapy:** 1 individual session per day with a physiotherapist, including stretching, resistance, breathing, and thoracic extension exercises.

2. **Home-based training program (Week 2 to Week 12):**
   - 2 individual exercise sessions per week, each lasting 1 hour, using a stationary bicycle, with the same interval-training exercise at VAT level, supervised by a physical education teacher.

3. **Recall sessions at the rehabilitation centre:**
   - Three recall sessions at the rehabilitation centre, for 1 day each, every three weeks (between week 4 and 5, between week 8 and 9, and at week 12), including:
     - Interval-training exercise at VAT level, using a stationary bicycle, supervised by a physical education teacher, in a 1-hour group session.
     - Reinforced education support: individual or group session with the specialist nurse.
     - Physical therapy: 1 individual session with a physiotherapist, including stretching, resistance, breathing, and thoracic extension exercises.

4. **End of program at the rehabilitation centre (End of Week 12):**
   - Final evaluation with similar outcomes as of day 1, including a CPET.",14119.45180001203,27436,,25959,368c22267a2b083ad54336ec99ac4179a0e84cf59e62f761b65a1aab4d6008a7,OK,
unidoc_healthcare_0020,MISS_AT_3_HIT_AT_6,E3,PRIMARY_224,3,3,"The cause identified for individuals experiencing amnesia with a history of encephalitis examined in the 1990s was postencephalitic amnesia. This condition was associated with extensive retrograde amnesia and severe anterograde amnesia, often due to damage involving not just the hippocampal formation but also the medial and lateral temporal cortical regions.",2695.1937000267208,14587,,13325,ff7a97627c82fc247161e36c5e379f902057cf6ae2b53061d5e0b16a7f8aa076,OK,
unidoc_healthcare_0020,MISS_AT_3_HIT_AT_6,E6,PRIMARY_224,6,6,The cause identified for individuals experiencing amnesia with a history of encephalitis examined in the 1990s was herpes simplex encephalitis.,2807.14910000097,26316,,24929,a1ed6e18ac72fb42fe5feb3ba8a7f350c8a0c58a3a085cb94c59313b9c3e1081,OK,
unidoc_healthcare_0020,MISS_AT_3_HIT_AT_6,E9,PRIMARY_224,9,8,The cause identified for individuals experiencing amnesia with a history of encephalitis examined in the 1990s was herpes simplex encephalitis.,3311.5643999772146,37210,,35696,1db22eb077a3b986cb72924c19bd8148cecd6450c3d8c2533a021fa407200a2f,OK,
unidoc_healthcare_0031,MISS_AT_9,E3,PRIMARY_224,3,3,The information regarding the ISSN and edition details for the February 2014 issue of the Journal of Environmental Protection is not supported by the currently retrieved evidence.,1341.598300030455,9219,,7965,9464b80fdf6e6383d835e4c9ab1a25eeff03267abfbf11dfb3ac275317e2fae9,OK,
unidoc_healthcare_0031,MISS_AT_9,E6,PRIMARY_224,6,5,The information regarding the ISSN and edition details for the February 2014 issue of the Journal of Environmental Protection is not supported by the currently retrieved evidence.,1748.5197000205517,17952,,16575,20832ee7012ce122f8ccbd8d126605392bb4b355d854699761e7e78cb1b42612,OK,
unidoc_healthcare_0031,MISS_AT_9,E9,PRIMARY_224,9,7,The information regarding the ISSN and edition details for the February 2014 issue of the Journal of Environmental Protection is not supported by the currently retrieved evidence.,1328.9386000251397,26483,,24983,8979426ffc8adf3b6d4b9aa3844ca39e1d7e99b9e0f347ec492eae5c5e3bca02,OK,
unidoc_healthcare_0036,MISS_AT_3_HIT_AT_6,E3,PRIMARY_224,3,3,"The information provided does not directly address the impact of the age of typically developing children on the variance in Theory of Mind (ToM) emotions and beliefs. Therefore, the question cannot be answered based on the given evidence.",1715.7357999822125,11290,,10033,9b8bcfaf155e1d2cdb4fc97b5e192abffc556eeccd27de76b6bebc85b16d08bd,OK,
unidoc_healthcare_0036,MISS_AT_3_HIT_AT_6,E6,PRIMARY_224,6,5,"In the group of typically developing children (TD), chronological age explained 32.6% of the variance in Theory of Mind (ToM) emotions and 31.3% of the variance in ToM beliefs.",1855.9570999350399,23308,,21922,900dc82890fafd1d4ba8d45a51dcf86c2f3241fb2d56969c723f109bc5e9b53b,OK,
unidoc_healthcare_0036,MISS_AT_3_HIT_AT_6,E9,PRIMARY_224,9,8,"In the group of typically developing children (TD), chronological age explained 32.6% of the variance in Theory of Mind (ToM) emotions and 31.3% of the variance in ToM beliefs. This indicates that the age of typically developing children had a significant impact on the variance in both ToM emotions and beliefs.",3954.333100002259,36087,,34578,6696142f40659d896db8ca7ecb3b979853f5c611f3d0672d723ef38c790f9343,OK,
unidoc_healthcare_0037,MISS_AT_6_HIT_AT_9,E3,PRIMARY_224,3,3,The information regarding the z-scores for the group categorized as the third class for aspects such as 'TV in Room' and 'Can buy Salty Snacks at School' is not supported by the currently retrieved evidence.,2599.280699971132,14242,,12898,739d1fb54883b51c80a1136ad2690a4e21fc5b9620fb2808829e0bbe703ffa98,OK,
unidoc_healthcare_0037,MISS_AT_6_HIT_AT_9,E6,PRIMARY_224,6,6,"The z-scores for the group categorized as the third class for aspects such as 'TV in Room' and 'Can buy Salty Snacks at School' are not explicitly provided in the retrieved text. The text discusses the classification of latent classes and their characteristics, but it does not include specific z-scores for these variables in the third class.",3180.4738000500947,22787,,21314,9b186ad4040797417bb31d5e3a7c68f4f1d60e59c7542f0741196957713840e3,OK,
unidoc_healthcare_0037,MISS_AT_6_HIT_AT_9,E9,PRIMARY_224,9,8,The z-scores for the group categorized as the third class for aspects such as 'TV in Room' and 'Can buy Salty Snacks at School' are not explicitly provided in the retrieved text. The information about z-scores for these specific variables within the third class is not supported by the currently retrieved evidence.,2765.6785999424756,27735,,26135,0daaf4724a16a78dfd70fd076284dd52f4e385fec658034e61b565f2b6b828d9,OK,
unidoc_healthcare_0038,MISS_AT_3_HIT_AT_6,E3,PRIMARY_224,3,2,A172R-exo treatment leads to an increase in spheroid size in U87 and A172 cell cultures. This is evidenced by the observation that U87 and A172 cells treated with A172R-exo formed larger colonies in soft agar compared with the cells treated with A172-exo.,4180.4310999577865,10965,,9745,8e70699225db6314b60f40db7a5eb6845b9faf8707f712192fad8a4adfc996e7,OK,
unidoc_healthcare_0038,MISS_AT_3_HIT_AT_6,E6,PRIMARY_224,6,5,A172R-exo treatment leads to an increase in spheroid size in both U87 and A172 cell cultures. This is evidenced by the observation that U87 and A172 cells treated with A172R-exo formed larger colonies in soft agar compared with the cells treated with A172-exo.,3417.8289000410587,22140,,20795,d1865fdcd235eeabcbf8bad9e203ca1410f6bfaa6888817e1f069a479b496730,OK,
unidoc_healthcare_0038,MISS_AT_3_HIT_AT_6,E9,PRIMARY_224,9,8,A172R-exo treatment increases the spheroid size in U87 and A172 cell cultures. This is evidenced by the observation that U87 and A172 cells treated with A172R-exo formed larger colonies in soft agar compared with the cells treated with A172-exo.,4094.8725000489503,35225,,33753,037b637ca55f0919cbdea3f719fb6b2d4dd719a38638be6fd462173ef8bcc871,OK,
unidoc_healthcare_0043,MISS_AT_3_HIT_AT_6,E3,PRIMARY_224,3,3,"In CRT-overexpressed cells, the relative CRT mRNA expression was increased compared to the vector control group (P<0.001).",920.0876000104472,8776,,7502,30abb531548f54b00db2fe78bcf359533ee80b6e7bf0c8a0d473f76778f6c0a7,OK,
unidoc_healthcare_0043,MISS_AT_3_HIT_AT_6,E6,PRIMARY_224,6,6,"In CRT-overexpressed cells, relative CRT mRNA expression was increased compared to the Vector group, as measured by RT-qPCR (P<0.001).",999.3954000528902,22255,,20858,f6ed624bc3ccd2c4da24fcc453be5491f65b3541e3a4e92ac0727b983f70c3e5,OK,
unidoc_healthcare_0043,MISS_AT_3_HIT_AT_6,E9,PRIMARY_224,9,8,"In CRT-overexpressed cells, the relative CRT mRNA expression was increased compared to the vector control group (P<0.001).",2351.5237000538036,33361,,31839,8774cb079f2275d3359e4208f261eaada262c8fa917f701fcb760205cbb604a7,OK,
unidoc_healthcare_0050,MISS_AT_3_HIT_AT_6,E3,PRIMARY_224,3,3,"According to the 2017 study in BMC Systems Biology, the impact on Cyc D* levels as ks_egr3 changes is that when Egr3 is highly expressed, the system cannot yield a bistability that increases the levels of the cell cycle checkpoint-determinants, which includes Cyc D*. This implies that high expression of Egr3 suppresses the increase in Cyc D* levels that would otherwise be associated with cell cycle acceleration.",2523.9727000007406,9654,,8409,a13015578dc69255e8bc67526d71ce9c94c04e3102d563543ca06dbd7a7017c1,OK,
unidoc_healthcare_0050,MISS_AT_3_HIT_AT_6,E6,PRIMARY_224,6,6,"According to the 2017 study in BMC Systems Biology, as the transcription rate (ks_egr3) of Egr3 increases, the steady-state levels of Cyc D* decrease. This indicates that higher Egr3 expression suppresses Cyc D* levels.",1376.2858998961747,19966,,18598,02928d881c67a9d730f1314a5fedc056a22d755f6c619fde054759bee0766a9a,OK,
unidoc_healthcare_0050,MISS_AT_3_HIT_AT_6,E9,PRIMARY_224,9,9,"According to the 2017 study in BMC Systems Biology, as the transcription rate (ks_egr3) of Egr3 increases, the levels of Cyc D* decrease. This indicates that higher Egr3 expression suppresses Cyc D* levels, which is associated with the suppression of the cell cycle.",3083.4787999046966,32640,,31147,5adbdf4d0b9bc6e26540a576d186ed60c8943357f9a969a77a4e541dd516aa54,OK,
unidoc_healthcare_0053,MISS_AT_3_HIT_AT_6,E3,PRIMARY_224,3,3,The provided text does not mention specific markers indicating activation in CD3+ cells in the research involving EKTOMUN and NB69 neuroblastoma cells.,1254.1387000819668,8314,,7066,1a3907e94c4449acee7c77c12dbe74f13b7ec13bea6552d3549c7d1d1397489e,OK,
unidoc_healthcare_0053,MISS_AT_3_HIT_AT_6,E6,PRIMARY_224,6,5,"In the research involving EKTOMUN and NB69 neuroblastoma cells, the markers indicating activation in CD3+ cells are CD25 and CD69.",1827.6598999509588,20705,,19334,7df2082bb79423bb54cd9a4744ab7d375a6632b6abbd52ece8a46b70456ace8b,OK,
unidoc_healthcare_0053,MISS_AT_3_HIT_AT_6,E9,PRIMARY_224,9,8,"In the research involving EKTOMUN and NB69 neuroblastoma cells, the markers indicating activation in CD3+ cells are CD25 and CD69.",2587.4984000111,32869,,31375,2052d2de696779ccc0f4dfcec2cee0b2bcc3102270d18ec0187fae390cdc5cc2,OK,
unidoc_healthcare_0055,MISS_AT_3_HIT_AT_6,E3,PRIMARY_224,3,2,"The survival chances for patients with Stage I LMS (uterine leiomyosarcoma) tumors vary based on tumor size and mitotic index (MI). The document provides survival data stratified into three risk groups defined by these factors. However, the specific survival rates for each of these three risk groups are not directly stated in the retrieved text. The text does mention survival rates for Stage I LMS tumors categorized by texture feature values, with 69% 5-year crude survival for high texture feature value and 42% for low texture feature value. The retrieved evidence does not provide the exact survival rates for the three risk groups based on tumor size and MI.",5691.731099970639,9895,,8635,35998610da502fe7f73bee4dee13a03fdb04218955045c26d92bdf740c13d380,OK,
unidoc_healthcare_0055,MISS_AT_3_HIT_AT_6,E6,PRIMARY_224,6,4,"The survival chances among the LMS Stage I risk categories defined by tumor size and MI over a five-year period are as follows:

- **Low risk group**: Tumor size ≤10 cm and MI ≤10 per high power field (HPF). The 5-year crude survival for this group is 77%.
- **Medium risk group**: Either tumor size >10 cm or MI >10 per 10 HPF. The 5-year crude survival for this group is 57%.
- **High risk group**: Tumor size >10 cm and MI >10 per 10 HPF. The 5-year crude survival for this group is 34%.",5131.7829000763595,18958,,17573,5c33787293c56a5cb4665de0b7e6a3b787715d7878bd9638c760fc84fd76ba03,OK,
unidoc_healthcare_0055,MISS_AT_3_HIT_AT_6,E9,PRIMARY_224,9,7,"The survival chances among the LMS Stage I risk categories defined by tumor size and MI over a five-year period are as follows:

- **Low risk group**: Tumor size ≤10 cm and MI ≤10 per high power field (HPF). The 5-year crude survival for this group is 69%.
- **Medium risk group**: Either tumor size >10 cm or MI >10 per 10 HPF. The 5-year crude survival for this group is 42%.
- **High risk group**: Tumor size >10 cm and MI >10 per 10 HPF. The 5-year crude survival for this group is 34%.

These survival rates are based on the study by Abeler et al. and are further stratified in the current study by nuclear texture features.",6481.10460001044,30086,,28578,688c7aa0b8c03b66ac59fa3153c8022b73986de8ea4f35478941bcb05cc18041,OK,
unidoc_healthcare_0056,MISS_AT_3_HIT_AT_6,E3,PRIMARY_224,3,3,"The expression of Egr3 has an inhibitory effect on the concentrations of Cyc D* and Cyc E* as the ks_egr3 values rise. This is indicated by the molecular actions ""Egr3 −⊣ Cdk2(:CyclinE)"" and ""Egr3 −⊣ Cdk4/6(:CyclinD)"", which are necessary for the observed experimental phenomena. When Egr3 is highly expressed, the system does not generate a bistability that increases the levels of the cell cycle checkpoint-determinants, suggesting that the inhibitory power of Egr3 is more potent, leading to suppressed concentrations of Cyc D* and Cyc E*.",5095.096200006083,9662,,8409,23318a2c928e448e0dd285205764d0a9a753770c7ab7476ff277e328bbe1228b,OK,
unidoc_healthcare_0056,MISS_AT_3_HIT_AT_6,E6,PRIMARY_224,6,6,"As the expression level of Egr3 increases (represented by rising $ k_{s\_egr3} $ values), the concentrations of activated forms of Cyclin D (Cyc D*) and Cyclin E (Cyc E*) decrease. This is observed as the steady-state levels of Cyc D* and Cyc E* shift downward with increasing $ k_{s\_egr3} $, especially showing a sharp decline in Cyc E* and E2F in a bistable manner. When $ k_{s\_egr3} $ exceeds certain values, the levels of Cyc D*, Cyc E*, and E2F are all suppressed to very low levels, indicating that high Egr3 expression potently suppresses the cell cycle.",3769.2551999352872,21139,,19763,3a656bb226d78b2eca2f05fe3921c0855bbdb9c6d65b64708984bf79edf0b3f1,OK,
unidoc_healthcare_0056,MISS_AT_3_HIT_AT_6,E9,PRIMARY_224,9,9,"As the expression level of Egr3 increases (rising ks_egr3 values), the concentrations of activated forms of Cyclin D (Cyc D*) and Cyclin E (Cyc E*) decrease. This is observed through the steady-state molecular quantities of Cyc D* and Cyc E*, which shift downward as ks_egr3 increases. The decline in Cyc D* and Cyc E* is especially pronounced for Cyc E*, which shows a sharp decrease in steady-state levels in a bistable manner. This indicates that higher Egr3 expression potently suppresses the concentrations of Cyc D* and Cyc E*, thereby inhibiting the progression of the cell cycle.",5044.582100003026,33848,,32347,9c1fcc975aa77360f59b3f000c6235ad80388afec44aad80ac2464002cbf87eb,OK,
unidoc_healthcare_0066,MISS_AT_3_HIT_AT_6,E3,PRIMARY_224,3,2,"The provided evidence indicates that B3GALT5-AS1 expression was upregulated in MKN-45 cells compared with the control group. However, the evidence does not specify the expression levels of B3GALT5-AS1 in the GES-1, AGS, or HGC-27 cell lines. Therefore, the variation in B3GALT5-AS1 expression among the gastric cell lines GES-1, AGS, HGC-27, and MKN-45 is not fully supported by the currently retrieved evidence.",11863.336800015531,9624,,8384,741ab0fa69e264c826de5f1ddc9b8884f7dd9992a9357858f6e9f01dd2a5a1c0,OK,
unidoc_healthcare_0066,MISS_AT_3_HIT_AT_6,E6,PRIMARY_224,6,5,"The expression levels of B3GALT5-AS1 were determined in different gastric cell lines, including GES-1, AGS, HGC-27, and MKN-45. The results showed that B3GALT5-AS1 expression was significantly higher in MKN-45 cells compared with the control group (GES-1 cells). Additionally, B3GALT5-AS1 expression in HGC-27 cells was higher compared with that in GES-1 cells. However, the specific expression levels in AGS cells were not mentioned in the provided text.",5177.386000053957,21994,,20631,d830757bb33bbb9cdaf79b804574d141310ec44f7ebe44584a1df04b6b49a05f,OK,
unidoc_healthcare_0066,MISS_AT_3_HIT_AT_6,E9,PRIMARY_224,9,7,"The expression levels of B3GALT5-AS1 were determined in different gastric cell lines (GES-1, AGS, HGC-27, and MKN-45) using reverse transcription-quantitative PCR. The results showed that B3GALT5-AS1 expression was significantly higher in MKN-45 cells compared with the control group (GES-1 cells). The expression levels of B3GALT5-AS1 in HGC-27 cells were also higher compared with that in GES-1 cells. However, the specific expression levels in AGS cells were not mentioned in the provided text.",5335.022100014612,31899,,30413,558158353c458933639e3e13e269ef0e3ba9fc8b118a4de5f387aa67b6ea4987,OK,
unidoc_healthcare_0070,MISS_AT_3_HIT_AT_6,E3,PRIMARY_224,3,2,"AX2 cells typically have less than 5% of the population as multinucleated cells. In contrast, AT-Kneg cells show a small but consistent shift, with roughly 35% of the population being multinucleated.",1736.4403000101447,8705,,7495,6896ca624ac3dae2fff04e24b791565317528b0bab153de495d6dc4a4bceec57,OK,
unidoc_healthcare_0070,MISS_AT_3_HIT_AT_6,E6,PRIMARY_224,6,5,"In AX2 cells, the number of nuclei per cell is typically low, with less than 5% of the cells being multinucleated. In contrast, AT-Kneg cells show a small but consistent shift toward multinucleated cells, with roughly 35% of the population being multinucleated.",3200.8026000112295,19913,,18578,a8bd10c2a62ebf7f4d3c1f44bf84631354bf0d12f3922ec655281d6b8e7e5adc,OK,
unidoc_healthcare_0070,MISS_AT_3_HIT_AT_6,E9,PRIMARY_224,9,8,"AX2 cells typically have less than 5% of the population being multinucleated, while AT-Kneg cells show a small but consistent shift, with roughly 35% of the population being multinucleated.",2381.85100001283,26221,,24761,19ba2867ff6f6c7cb9518ad1b68832d81a40ee0690945ef2c10c7d2feb20d85e,OK,
unidoc_healthcare_0074,MISS_AT_3_HIT_AT_6,E3,PRIMARY_224,3,3,"The study described in the BMC Systems Biology 2017 paper indicates that Egr3 influences the proportion of cells remaining in the G0 phase by suppressing the HSC (hematopoietic stem cell) cell cycle. Specifically, the overexpression of Egr3 significantly suppresses the cell cycle, as demonstrated by the observed decrease in the ratio of HSCs staying in the G0 phase after Egr3 transduction. This suggests that high Egr3 expression inhibits the transition of HSCs from the G0 phase to later cycling phases.",3956.486799987033,11194,,9931,9f32523a6ef54f8f5f9802f2f96508414238f540d3dd7705688d87b2673da8de,OK,
unidoc_healthcare_0074,MISS_AT_3_HIT_AT_6,E6,PRIMARY_224,6,5,"Egr3 influences the proportion of cells remaining in the G0 phase by potently suppressing cell cycle progression. According to the study, high Egr3 expression arrests hematopoietic stem cells (HSCs) in the G0 phase, as evidenced by a significant increase in the ratio of HSCs staying in G0 phase after Egr3 over-expression. This suppression is achieved through Egr3's inhibitory actions on key cell cycle regulators, specifically ""Egr3 −⊣ Cdk2(:CyclinE)"" and ""Egr3 −⊣ Cdk4/6(:CyclinD)"", which are necessary for the observed experimental phenomena. The study also indicates that Egr3's inhibitory power on the cell cycle is more potent than the activatory ability of Maff.",6488.382100011222,24317,,22931,f80803c66b409109dcbe32d5811d6ddad507d1228d386bc48ebcd06cf2b5dbcd,OK,
unidoc_healthcare_0074,MISS_AT_3_HIT_AT_6,E9,PRIMARY_224,9,8,"In the BMC Systems Biology 2017 study, Egr3 influences the proportion of cells remaining in the G0 phase by suppressing the cell cycle. Specifically, high expression of Egr3 potently suppresses the transition from G0 to G1 and G1 to S phases. This is achieved through Egr3's inhibitory actions on key cell cycle regulators, including ""Egr3 −⊣ Cdk2(:CyclinE)"" and ""Egr3 −⊣ Cdk4/6(:CyclinD)"". These molecular actions reduce the levels of cell cycle checkpoint-determining molecules such as Cyc D*, Cyc E*, and E2F. As a result, the ratio of HSCs staying in the G0 phase is significantly heightened when Egr3 is highly expressed, indicating that Egr3 arrests HSCs in the G0 phase and reduces the number of HSCs entering the later phases of the cell cycle.",6646.720199962147,35083,,33574,eea392eb2a02f809cb9e477cfc1aa468bdbba10e03e7780e89f35292ccd8e144,OK,
unidoc_healthcare_0075,MISS_AT_3_HIT_AT_6,E3,PRIMARY_224,3,3,"Based on the CRISPR screening results, CARBENOXOLONE interacts with HSD11B1 by inhibiting it. The document states that HSD11B1, identified as a susceptible gene by the CRISPR-Cas9 screen, is inhibited by Carbenoxolone. However, there is no mention of CARBENOXOLONE interacting with NAAA in the provided text.",2915.960400016047,12957,,11727,b3578bfa6e3be9cb18b3602c047bc0041be0e531c18a271bec91058242cc01d4,OK,
unidoc_healthcare_0075,MISS_AT_3_HIT_AT_6,E6,PRIMARY_224,6,6,"Based on the CRISPR screening results, CARBENOXOLONE interacts with NAAA and HSD11B1 as an inhibitor. Specifically, CARBENOXOLONE is noted as an inhibitor of HSD11B1, which was identified as a susceptible gene in the CRISPR-Cas9 screen. However, for NAAA, which was identified as a protective gene in the CRISPR screen, CARBENOXOLONE is also listed as an inhibitor, indicating that its inhibitory effect does not align with the protective role of NAAA as per the CRISPR screening results.",4641.956800012849,25949,,24592,358991231cf6b0fc23593b016487683de234f69ed3894f3935161ff5cd3e604b,OK,
unidoc_healthcare_0075,MISS_AT_3_HIT_AT_6,E9,PRIMARY_224,9,8,"Based on the CRISPR screening results, CARBENOXOLONE interacts with HSD11B1 as an inhibitor. However, there is no direct information provided about the interaction of CARBENOXOLONE with NAAA in the context of the CRISPR screening results.",3417.8186000790447,33245,,31759,82d7cb11f3d88a91bbcd2da612314e10846b7a1a704552c017582c3e7bd99258,OK,
unidoc_healthcare_0077,MISS_AT_3_HIT_AT_6,E3,PRIMARY_224,3,3,"Introducing Egr3 suppresses the growth rate of cells relative to a non-transduced control. The experimental data and in silico tests indicate that overexpression of Egr3 greatly suppresses HSC cell cycle progression. This suppression is achieved through Egr3 genetically suppressing CyclinD:Cdk4/6 and CyclinE:Cdk2, which are key regulators of the cell cycle transitions. The results show that when Egr3 is highly expressed, cell cycle is not accelerated, and the system cannot yield a bistability that increases the levels of the cell cycle checkpoint-determinants.",3544.164999970235,14765,,13529,740fa09cbc37c72acbe55c4942eca229266eb8e4be941db9b449f8e33cca0f03,OK,
unidoc_healthcare_0077,MISS_AT_3_HIT_AT_6,E6,PRIMARY_224,6,6,"Introducing Egr3 suppresses the growth rate of cells relative to a non-transduced control. Over-expression of Egr3 significantly lowers the proliferation capability of hematopoietic stem cells (HSCs) and increases the ratio of HSCs staying in the G0 phase, indicating that high Egr3 expression arrests HSCs in the G0 phase, reducing the number of HSCs entering the later phases of the cell cycle.",3662.180899991654,27829,,26470,c7000f847d2be23f9e3690d57291e48e72cc9b26e216a07d24397edc7e678cb0,OK,
unidoc_healthcare_0077,MISS_AT_3_HIT_AT_6,E9,PRIMARY_224,9,8,"Introducing Egr3 suppresses the growth rate of cells relative to a non-transduced control. Over-expression of Egr3 significantly lowers the proliferation capability of hematopoietic stem cells (HSCs) and increases the ratio of HSCs staying in the G0 phase, indicating that high Egr3 expression arrests HSCs in the G0 phase, reducing the number of HSCs entering the later phases of the cell cycle.",4076.6518999589607,35056,,33574,84a14c546f29a0e1716e6b34cf929e3f2ba3f2c8dc96582802dca39802cb504c,OK,
unidoc_healthcare_0078,MISS_AT_3_HIT_AT_6,E3,PRIMARY_224,3,3,"After an average follow-up of 3.2 years, the phenotypic distribution of functional movement disorders (FMD) shifted in some patients. The study categorized the evolution of the phenotype into two groups: (1) ""Unchanged FMD,"" where the same symptoms were present at both initial and final examination, and (2) ""Changed FMD plus phenotype (FMD plus),"" where patients developed additional FMD and/or functional neurological disorder (FND) symptoms at the final examination. These additional symptoms were categorized as ""Dystonia plus,"" ""Tremor plus,"" ""Parkinsonism plus,"" ""Gait disorder plus,"" and ""Mixed plus."" The study found that a significant number of FMD patients experienced phenotypic changes over time.",3868.9877999713644,14978,,13727,3b234047e35b374ac5a0f4f1d196e9e095c463cfc93337484cac4b98779efca6,OK,
unidoc_healthcare_0078,MISS_AT_3_HIT_AT_6,E6,PRIMARY_224,6,6,"After an average follow-up of 3.2 years, the phenotypic distribution of functional movement disorders (FMD) shifted as follows:

- **48% of patients** developed additional functional neurological symptoms, resulting in an ""FMD plus"" phenotype. This means their initial FMD phenotype was enriched with new symptoms.
- **52% of patients** remained unchanged, maintaining their initial FMD phenotype.

Specifically:
- **Dystonia** predominantly remained as a single, unchanged phenotype in 68.2% of patients, while 31.7% progressed to ""Dystonia plus.""
- **Tremor** patients had 62.5% progressing to ""Tremor plus.""
- **Gait disorder** patients had half (50%) progressing to ""Gait plus.""
- **Parkinsonism** patients all (100%) evolved into ""Parkinsonism plus.""
- **Mixed phenotype** patients all (100%) developed into ""Mixed plus.""

This shift indicates a tendency for progression and enrichment of functional symptoms in FMD patients over time.",7609.335399931297,26204,,24830,b763a4932073479a1bfe03a8011cb30517be2b865ae6ab328ba70c61f4bde493,OK,
unidoc_healthcare_0078,MISS_AT_3_HIT_AT_6,E9,PRIMARY_224,9,9,"After an average follow-up of 3.2 years, the phenotypic distribution of functional movement disorders (FMD) shifted as follows:

- **Dystonia** remained the most prevalent phenotype, increasing slightly from 67% at initial examination to 71% at final examination. However, 31.7% of patients with initial dystonia developed additional FMD or functional neurological disorder (FND) symptoms, evolving into a ""Dystonia plus"" phenotype.
- **Tremor** increased in prevalence from 26% at initial examination to 36% at final examination.
- **Gait disorder** was observed in 12% of patients initially, but one-third of patients developed such symptoms by the final examination.
- **Parkinsonism** and **myoclonus/jerks** were observed in less than 5% of patients both at initial and final examination.
- **Mixed phenotype** (combination of FMD symptoms or with other FND symptoms) evolved into ""Mixed plus"" at final examination, as all patients with Mixed phenotype developed additional FMD or FND symptoms.

Overall, 48% of patients experienced changes in their phenotypic pattern, developing additional FMD or FND symptoms (FMD plus phenotype), while 52% remained with an unchanged FMD phenotype.",10540.786299970932,37521,,36024,51368381038d6903bddda494cae74c3d287b70f33a7811392da853dd370805df,OK,
unidoc_healthcare_0083,MISS_AT_3_HIT_AT_6,E3,PRIMARY_224,3,3,"The interval noted for the coverage probability in the PEACE analysis is [60, 72].",680.9193000663072,4505,,3259,64b3f91c434773b6999aa77b0ad6466b24bc2a7e80be88d398133d888894c543,OK,
unidoc_healthcare_0083,MISS_AT_3_HIT_AT_6,E6,PRIMARY_224,6,6,"In the PEACE analysis using Kaplan-Meier estimates, the interval noted for the coverage probability is [60, 72].",1410.1625999901444,9825,,8452,da09e6ccd828629db564a4bbff1105c647cc11d97248c1f0586f6f0fd4ddf4dd,OK,
unidoc_healthcare_0083,MISS_AT_3_HIT_AT_6,E9,PRIMARY_224,9,9,"In the PEACE analysis using Kaplan-Meier estimates, the interval noted for the coverage probability is [60, 72].",1138.2922999328002,14745,,13245,2cb1de871cdc0f21433b2df2d3a064480495b08902a27f9536f91aeed501f132,OK,
unidoc_healthcare_0085,MISS_AT_3_HIT_AT_6,E3,PRIMARY_224,3,2,"Regarding neuron loss in A.B.'s medial temporal lobe, the entorhinal cortex is described as thin at all levels, with the most obvious cell loss in layer III, extending into layers V and VI, particularly at rostral levels. The amygdala shows profound cell loss throughout all rostrocaudal levels bilaterally, with the loss being particularly evident in the deep nuclei (lateral, basal, and accessory basal). In the cerebral cortex, there are regions of various forms of focal neuropathology that are widely distributed, including clear infarcts and regions of patchy cell loss, especially in the cingulate cortex, frontal cortex (particularly ventromedially and in the orbitofrontal region), temporal cortex, and insular cortex. Additionally, the occipital lobe shows damage to the optic radiations and an unusual patchy appearance affecting area V1 and adjacent visual areas.",6415.476300055161,10623,,9321,2bcb325ee9d3dd8372399bd304d7931948ed78e7e93ec7b4895e39b5669a18dc,OK,
unidoc_healthcare_0085,MISS_AT_3_HIT_AT_6,E6,PRIMARY_224,6,5,"Regarding neuron loss in A.B.'s medial temporal lobe, the amygdala showed profound cell loss throughout all rostrocaudal levels bilaterally. The cell loss was not confined to any particular nucleus but was particularly obvious in the deep nuclei (lateral, basal, and accessory basal), where the loss of larger cells was easily observable. There were islands of intact cells in the region of the deep nuclei, but it was difficult to determine in which nuclei these islands were located. Superficial regions, such as the periamygdaloid cortex, appeared to be more intact, although the central nucleus was difficult to identify.

The entorhinal cortex was thin at all levels and appeared particularly abnormal at rostral levels. Loss of cells was most obvious rostrally in layer III, extending also into layers V and VI. The islands of cells that constitute layer II were apparent at all levels of the entorhinal cortex. As one progressed through the caudal half, all layers were present although they appeared thinner than in the control and in other control cases.

In the cerebral cortex, there were regions of various forms of focal neuropathology that were widely distributed. Damage ranged from clear infarcts that removed cortical tissue to regions of patchy cell loss, particularly in the cingulate cortex. Patchy cell loss was common in the frontal cortex, particularly ventromedially and in the orbitofrontal region. Patches of cell loss were also common in the temporal cortex as well as in the insular cortex. The occipital lobe demonstrated damage to the optic radiations and an unusual patchy appearance that affected area V1 and adjacent visual areas.",10801.897199940868,24248,,22821,4bbcb8f537f19fc90a1de0a7e585b736ba2807b55dadc17c2eac8073dffbdafd,OK,
unidoc_healthcare_0085,MISS_AT_3_HIT_AT_6,E9,PRIMARY_224,9,8,"In A.B.'s medial temporal lobe, the amygdala showed profound cell loss throughout all rostrocaudal levels bilaterally, particularly in the deep nuclei (lateral, basal, and accessory basal). The entorhinal cortex was thin at all levels, with the most obvious cell loss in layer III, extending into layers V and VI, especially at rostral levels. The cerebral cortex exhibited various forms of focal neuropathology, including clear infarcts, patchy cell loss, and regions of expanded blood vessels. These damages were widely distributed, with patchy cell loss common in the frontal cortex, particularly ventromedially and in the orbitofrontal region, as well as in the temporal and insular cortices. The occipital lobe showed damage to the optic radiations and an unusual patchy appearance affecting area V1 and adjacent visual areas.",6727.702499949373,35087,,33537,967c4a6ef72c98b820c4ab3495ab803b33f9cf2a98c427da8535f25f6bb878fd,OK,
unidoc_healthcare_0096,MISS_AT_3_HIT_AT_6,E3,PRIMARY_224,3,3,"In the iLogDemons setup, the incompressibility parameters are adjusted by incorporating a physiological constraint into the elastic regularizer. This is achieved by filtering the correspondence velocities using an elastic-like kernel defined as:

$$ v = ( GσId + \frac{σ^2κ}{1+κ} HGσ ) ⋆ vc = Gσ,κ ⋆ vc, $$

where $ HGσ $ is the Hessian of the Gaussian kernel $ Gσ $, and $ Gσ,κ $ represents the elastic-like kernel. This formulation introduces the incompressibility constraint by modifying the regularization process to account for both elasticity and incompressibility.",5794.378299964592,7420,,6181,579816b6e8b28db1056ac5e67b4d4cb68e0b2632083dee4853caa39777dee6e9,OK,
unidoc_healthcare_0096,MISS_AT_3_HIT_AT_6,E6,PRIMARY_224,6,6,"In the iLogDemons setup for tracking heart movement, the incompressibility parameters are adjusted by constraining the stationary velocity field $ v(x) $ to be divergence-free. This is achieved by solving $ \Delta p = \nabla \cdot v_n $ with 0-Dirichlet boundary conditions and then projecting the velocity field as $ v_n \leftarrow v_n - \nabla p $. This projection ensures the incompressibility constraint is enforced during the registration process.",2877.5943000800908,11764,,10400,6ca411e001cc6b3127de865d519597d3b422d5e186728f7549fd03dd47c56123,OK,
unidoc_healthcare_0096,MISS_AT_3_HIT_AT_6,E9,PRIMARY_224,9,9,"In the iLogDemons setup for tracking heart movement, incompressibility is achieved by constraining the stationary velocity field $ v(x) $ to be divergence-free. This is implemented by solving $ \Delta p = \nabla \cdot v_n $ with 0-Dirichlet boundary conditions and then projecting the velocity field as $ v_n \leftarrow v_n - \nabla p $. The incompressibility constraint can be toggled by setting the ""Incompressibility velocity field"" parameter to 0 (Disable) or 1 (Enable).",3308.8952999096364,18556,,17069,944ec5e6bb4807c5600a2ba3bac7a2cafe790daff2a99eb8efe701b2b9b8c661,OK,
unidoc_healthcare_0100,MISS_AT_3_HIT_AT_6,E3,PRIMARY_224,3,3,"The provided text does not mention any specific effect of administering corticosterone on the duration of exploration for either younger or older test subjects. Therefore, the information is not supported by the currently retrieved evidence.",1280.227500014007,7466,,6194,6e7c73ecbea8611997c5c9eff2af033ee10a27fcadac7cfefd01c05beaf948a6,OK,
unidoc_healthcare_0100,MISS_AT_3_HIT_AT_6,E6,PRIMARY_224,6,5,"Administering corticosterone (CORT) did not influence the duration of exploration for either younger or older test subjects. The total exploration time at both T1 and T2 trials in the object location test was not significantly different between the groups, indicating that neither age nor CORT treatment affected overall exploratory behavior or mobility.",2715.182999963872,19120,,17725,e288915441dd610fd256a0a08fae3bb016a37db22cdaa491de9f22425c7fec18,OK,
unidoc_healthcare_0100,MISS_AT_3_HIT_AT_6,E9,PRIMARY_224,9,8,"Administering corticosterone (CORT) did not affect the duration of exploration for either younger or older test subjects in the study. The total exploration time at T1 and T2 trials in the object location test was not significantly different between the groups, indicating that CORT did not influence overall mobility or exploratory behavior.",2689.56289999187,32824,,31306,7a867d8ee26ac846a7f3e33bb03ee782f638b438b10c8dc91d834322293174ff,OK,
unidoc_healthcare_0115,MISS_AT_3_HIT_AT_6,E3,PRIMARY_224,3,3,"The retrieved text does not provide specific information about the staining patterns of p-H2AX and Ki67 at 24 hours post-radiation exposure of 5 Gy compared to untreated samples. Therefore, the requested comparison cannot be made based on the provided evidence.",1716.2617000285536,8023,,6754,65e6469c3ce110faa3e9f5401d8983944eb5969fe72df9f988d0253702480ec7,OK,
unidoc_healthcare_0115,MISS_AT_3_HIT_AT_6,E6,PRIMARY_224,6,6,The retrieved evidence does not provide specific information on how the staining patterns of p-H2AX and Ki67 changed at 24 hours post-radiation exposure of 5 Gy compared to untreated samples.,1696.9416999490932,14058,,12662,2a4b2e32e440daa06908550c8c84944edbe9c60512b84cc4ccf1390f8792c5ba,OK,
unidoc_healthcare_0115,MISS_AT_3_HIT_AT_6,E9,PRIMARY_224,9,9,The retrieved text does not provide specific information about the staining patterns of p-H2AX and Ki67 at 24 hours post-radiation exposure of 5 Gy compared to untreated samples.,2159.8799999337643,21682,,20159,beba824363251fca84cf1947b0aba4d7e211cacbf721106e67e8c4d8ce718d1c,OK,
unidoc_healthcare_0119,MISS_AT_3_HIT_AT_6,E3,PRIMARY_224,3,3,The information regarding the alteration in Lgr5 expression 24 hours following exposure to a 5 Gy radiation dose in comparison to no treatment is not supported by the currently retrieved evidence.,1387.7323999768123,10090,,8825,aeb5c62cea8ae0799cd36519c69c3df601b3f3eff7901a1d69995e229323dd37,OK,
unidoc_healthcare_0119,MISS_AT_3_HIT_AT_6,E6,PRIMARY_224,6,6,The provided text does not specify the alteration in Lgr5 expression 24 hours following exposure to a 5 Gy radiation dose in comparison to no treatment.,1639.5471999421716,16684,,15290,dffa62e4149f9f6c07ff7eea88e840fb85c7a6ab0229b188f5818b1200c0b2e8,OK,
unidoc_healthcare_0119,MISS_AT_3_HIT_AT_6,E9,PRIMARY_224,9,9,"The provided text does not explicitly state the alteration in Lgr5 expression 24 hours following exposure to a 5 Gy radiation dose in comparison to no treatment. Therefore, the information is not supported by the currently retrieved evidence.",2111.1847000429407,23229,,21708,3353c823b0a8d84ca5a3ca328f5cba30c827634190b1a619709486c37abb70b8,OK,
unidoc_healthcare_0121,MISS_AT_3_HIT_AT_6,E3,PRIMARY_224,3,3,The retrieved text does not provide specific information on how fundamental color pairings influence the capacity to distinguish colors.,978.9610999869183,8854,,7639,4b78663b8091d7434255ba34f73fce7436d840793d20be7a3d89897ff2b8e5f1,OK,
unidoc_healthcare_0121,MISS_AT_3_HIT_AT_6,E6,PRIMARY_224,6,6,"Fundamental color pairings influence the capacity to distinguish colors by affecting the legibility and recognition speed of visual elements, particularly for elderly individuals. The document provides data on how different color combinations impact the time required to recognize basic visual elements. For example, the time required to recognize a letter or word varies depending on the color used. For young people, the time to recognize a letter in white is 31.44 ms (50% correct) and 39.12 ms (80% correct), while for elderly people, it increases to 38.40 ms (50% correct) and 47.49 ms (80% correct). These differences are observed across various color pairings, indicating that certain colors may be more effective in enhancing visibility and reducing recognition time. The study also mentions the importance of considering color combinations based on fundamental colors to improve the ability to categorize and distinguish colors, especially for older users.",5769.847000017762,14234,,12894,dc010bf1caace30f50bb5d90b100758a23c19d59213acaed37bf7e2d82586b3d,OK,
unidoc_healthcare_0121,MISS_AT_3_HIT_AT_6,E9,PRIMARY_224,9,9,"Fundamental color pairings influence the capacity to distinguish colors by affecting the time required for recognition and legibility, particularly for different age groups. The document provides data on how various color pairings (e.g., white, gray, lime, aqua, yellow, fuchsia) impact the recognition speed of visual elements like letters and words. For instance, the time required to recognize a letter varies depending on its color, with younger people generally recognizing white letters faster than other colors. For elderly individuals, the differences in recognition times across colors are more pronounced. These findings suggest that the choice of color pairings can significantly affect visibility and readability, especially for older users.",4640.2955000521615,21523,,20060,7391f0aa06a41a773e5ed13f37e61630e1b41346025a2f86228abcc4cd60982b,OK,
unidoc_healthcare_0123,MISS_AT_3_HIT_AT_6,E3,PRIMARY_224,3,3,"The administration of nandrolone alone or in combination with swimming training led to a decrease in androgen receptor (AR) immunopositivity in rat testicular tissue. Specifically, nandrolone administration alone reduced AR immunoreactivity by 28% compared to the swimming training group and by 21% compared to the group receiving both swimming training and nandrolone. Swimming training alone increased AR immunoreactivity by 10% compared to the group receiving both swimming training and nandrolone.",4721.84140002355,8969,,7703,53d97063b36b696c3384f907c8785c9679483dd90d3084471cfbef990297cc10,OK,
unidoc_healthcare_0123,MISS_AT_3_HIT_AT_6,E6,PRIMARY_224,6,6,"The administration of nandrolone alone reduced the immunoreactivity of the androgen receptor (AR) in rat testicular tissue by 28% compared to the swimming training group (T+N-) and by 21% compared to the swimming training with nandrolone group (T+N+). Swimming training alone increased AR immunoreactivity by 10% compared to the T+N+ group. Four weeks of nandrolone administration, either alone or combined with swimming training, led to a decrease in the amount of androgen receptor in the testicular tissue.",3940.503799938597,22347,,20956,f2ca34b39bbb21c0c93c2b1b05f36c970f4821eddc9ed974333ba2bac106784f,OK,
unidoc_healthcare_0123,MISS_AT_3_HIT_AT_6,E9,PRIMARY_224,9,8,"The impact of using nandrolone alongside swimming training on androgen receptor (AR) positivity in rat testicular tissue was a decrease in the amount of AR. Specifically, four weeks of administration of nandrolone decanoate alone or combined with swimming training led to a reduction in AR immunoreactivity. Nandrolone administration alone reduced AR immunoreactivity by 22%, while the combination with swimming training resulted in a 9% reduction compared to the control group.",3583.1334999529645,30920,,29406,f0d0140b2db36a74bafeaba8521eaea25fde2b8e990d9e197a876ecfce69dc92,OK,
unidoc_healthcare_0126,MISS_AT_3_HIT_AT_6,E3,PRIMARY_224,3,3,"When exposed to 1 µM DBMIB, there was no significant decrease in NIA1 message levels in Chlamydomonas reinhardtii at different time intervals (1-way ANOVA followed by LSD comparison of treatments, p<0.05). In contrast, when exposed to DCMU, the abundance of NIA1 message decreased over 80% within 3 h and dropped to only 15% of the control after 6 h. The variation in NIA1 transcript abundance in control cultures between the initial time point and the 6-hour time point was not statistically significant (t-test, p = 0.206).",3922.5819000275806,12885,,11610,b57077f9d2a4cbf2a4f6b84a920a3d67afab907376d95922c3de14eff598fd29,OK,
unidoc_healthcare_0126,MISS_AT_3_HIT_AT_6,E6,PRIMARY_224,6,5,"When Chlamydomonas reinhardtii is exposed to 1 µM DBMIB, the abundance of NIA1 message does not show a significant decrease at different time intervals (3 h and 6 h) compared to the control. In contrast, when exposed to DCMU, the abundance of NIA1 message decreases significantly, with over 80% reduction within 3 h and dropping to 15% of the control after 6 h. The variation in NIA1 transcript abundance in control cultures between the initial time point and the 6-hour time point was not statistically significant.",4431.229299982078,22446,,21048,4e356ca625b6c711523132fabd3b0795b5e429e03cce7ade5bfd0e656d247a6c,OK,
unidoc_healthcare_0126,MISS_AT_3_HIT_AT_6,E9,PRIMARY_224,9,7,"When Chlamydomonas reinhardtii is exposed to 1 µM DBMIB, the expression of NIA1 is not significantly affected at different time intervals. In contrast, when exposed to DCMU, the abundance of NIA1 message decreases over 80% within 3 h and drops to only 15% of the control after 6 h. The variation in NIA1 transcript abundance in control cultures between the initial time point and the 6-hour time point was not statistically significant.",5485.969800036401,29177,,27656,af20ecce06da8e94f4d5c6e7b652b88d9b60fbc4dc04aefa6ba0016e51fcae5d,OK,
unidoc_healthcare_0129,MISS_AT_3_HIT_AT_6,E3,PRIMARY_224,3,3,"In the French study on cardiac rehabilitation for congenital heart disease (CHD) patients, the number of individuals assigned to the intervention group following randomisation was 65.",1015.6051999656484,15556,,14262,02067388ed1825d0556e3898fa89db2a2e67f626aeb412eaa7c907609683d9bf,OK,
unidoc_healthcare_0129,MISS_AT_3_HIT_AT_6,E6,PRIMARY_224,6,5,"In the French study on cardiac rehabilitation for CHD patients (QUALI-REHAB trial), a total of 130 patients were planned to be recruited, with 65 individuals assigned to the intervention group following randomisation.",3590.1392000960186,25423,,24006,32d5ba7d2eb8884e74911beb23b977071d7c6046535ff06d718e994c622df3a8,OK,
unidoc_healthcare_0129,MISS_AT_3_HIT_AT_6,E9,PRIMARY_224,9,6,"In the French study on cardiac rehabilitation for congenital heart disease (CHD) patients, 65 individuals were assigned to the intervention group following randomisation.",2294.933500001207,35711,,34171,5bedd9be53bdbecc29ef502600ad3a1e62bd64b8a9f3bb0f1ef014dd17a2cea1,OK,
unidoc_healthcare_0135,MISS_AT_3_HIT_AT_6,E3,PRIMARY_224,3,3,"The I2S (Iduronic acid 2-sulfate) percentage in Batch11 differs from that in Enoxaparin based on their saccharide compositions. NMR analysis showed that Batch11 has a higher IdoA2S (Iduronic acid 2-sulfate) content compared to Enoxaparin. Additionally, Batch11 has lower levels of GlcNAc (N-acetylglucosamine) and IdoA (Iduronic acid) than Enoxaparin. These differences in monosaccharide composition suggest variations in the structural characteristics of the two samples.",4944.393599987961,9692,,8447,5b63c5a156e3e61583dfd71ee5cf3914e1a6e05c73fd7eaef52d84e1d1a6a59b,OK,
unidoc_healthcare_0135,MISS_AT_3_HIT_AT_6,E6,PRIMARY_224,6,5,"The I2S (Iduronic acid 2-sulfate) percentage in Batch 11 differs from that in Enoxaparin based on their saccharide compositions. According to the NMR analysis, Batch 11 showed higher IdoA2S (Iduronic acid 2-sulfate) levels compared to Enoxaparin. This indicates that the I2S content is higher in Batch 11 than in Enoxaparin.",3954.935700050555,18703,,17335,e1ddfddba99344f2bfdf56e1805bc337c4f17f40e5eb10c58f44dec05d7276bb,OK,
unidoc_healthcare_0135,MISS_AT_3_HIT_AT_6,E9,PRIMARY_224,9,6,"Based on the saccharide compositions, the I2S percentage in Batch11 differs from that in Enoxaparin. Batch11 has a higher IdoA2S (Iduronic acid 2-sulfate) content but lower GlcNAc (N-acetylglucosamine) and IdoA (Iduronic acid) levels compared to Enoxaparin. This indicates that the structural composition of I2S in Batch11 is distinct from that in Enoxaparin, with a relative increase in IdoA2S and a decrease in GlcNAc and IdoA.",5197.388699976727,31929,,30438,05c3188cdfc06147823d0601cf3b259872684f521f74216b4edee35b17ab697e,OK,
unidoc_healthcare_0140,MISS_AT_6_HIT_AT_9,E3,PRIMARY_224,3,3,"In the 2013 research on externalizing behavior disorders, Theory of Mind (ToM) emotions are related to various developmental and self-regulatory variables in children. The study found that children with externalizing behavior (EB) disorders presented lower comprehension of the causes of emotions and lower self-regulation of joint attention and attention compared to children with intellectual disabilities (ID) and typically developing (TD) children. In the EB group, general adaptation was predicted by ToM emotions and self-regulation, interactions with peers were predicted by ToM beliefs, and a low level of externalizing problems was predicted by ToM emotions. Additionally, variable patterns of positive correlations were observed between self-regulation strategies and ToM abilities, with the most numerous positive links found in the EB group.",4687.30410002172,10810,,9507,19861fee4c2e5fd75298cf3ded4493cb70b08f1fc08c8f68e30f05998752f3cb,OK,
unidoc_healthcare_0140,MISS_AT_6_HIT_AT_9,E6,PRIMARY_224,6,6,"In the 2013 research on externalizing behavior disorders, Theory of Mind (ToM) emotions are related to various developmental and self-regulatory variables in children as follows:

1. **ToM Emotions and General Adaptation**: In children with externalizing behavior disorders (EB), ToM emotions strongly predicted general adaptation, explaining 35.9% of the variance. Additionally, self-regulation also predicted general adaptation, explaining 48.4% of the variance.

2. **ToM Beliefs and Interactions with Peers**: ToM beliefs explained 36.8% of the variance in interactions with peers for children with EB.

3. **Developmental Age and Affective Adaptation**: Developmental age explained 20.3% of the variance in affective adaptation for children with EB.

4. **Developmental Age and Interactions with Peers and Adults**: Developmental age explained 21.6% of the variance in interactions with peers and 29.4% of the variance in interactions with adults for children with EB.

5. **ToM Emotions and Externalizing Problems**: ToM emotions strongly predicted a low level of externalizing problems, explaining 45.2% of the variance in children with EB.

These findings indicate that ToM emotions and self-regulation are significant predictors of social adjustment and maladjustment in children with externalizing behavior disorders.",8713.622600072995,20562,,19132,a88c89ecb4fa5fd30f94b17a064959b3130bc50490036be7a5adaa007d7fdc00,OK,
unidoc_healthcare_0140,MISS_AT_6_HIT_AT_9,E9,PRIMARY_224,9,8,"In the 2013 research on externalizing behavior disorders, Theory of Mind (ToM) emotions are related to various developmental and self-regulatory variables in children as follows:

1. **Developmental Age**: Developmental age was found to be a significant predictor of ToM emotions and beliefs in both children with externalizing behavior (EB) disorders and children with intellectual disabilities (ID). In the EB group, general adaptation was predicted by ToM emotions and self-regulation, while in the ID group, ToM emotions predicted general adaptation, affective adaptation, interactions with peers and adults, and low internalizing problems.

2. **Self-Regulation**: Children with EB showed lower self-regulation of joint attention and attention compared to children with ID and typically developing (TD) children. In the EB group, self-regulation was positively linked with ToM abilities, and regression analyses showed that self-regulation predicted general adaptation. In contrast, the ID group showed fewer positive links between self-regulation and ToM abilities.

3. **Social Adjustment Profiles**: Children with EB presented lower comprehension of the causes of emotions and lower self-regulation of joint attention and attention than children with ID and TD children. In the EB group, ToM emotions predicted general adaptation and a low level of externalizing problems. In the ID group, ToM emotions predicted general adaptation, affective adaptation, interactions with peers and adults, and low internalizing problems.

4. **Behavioral Outcomes**: Children with EB were significantly angrier than children with ID. The study found that ToM emotions and self-regulation were positively linked with social adjustment abilities and lower levels of externalizing problems in the EB group. In the ID group, ToM emotions were positively linked with social adjustment abilities and lower levels of internalizing problems.

These findings suggest that ToM emotions play a significant role in predicting social adjustment and behavioral outcomes in children with EB and ID, with specific patterns of relationships observed in each group.",13851.120500010438,33208,,31653,6eb498501984258c710f3f844a4d0eeff6b0b53dfb4785c412097bb7f80a155a,OK,
unidoc_healthcare_0142,MISS_AT_9,E3,PRIMARY_224,3,2,"The digestion simulation procedure using the TIM-2 model with standardized faecal material from donors of varying body compositions involves several key steps. First, standardized faecal samples from lean (FMLI) and obese (FMOI) individuals were collected, homogenized, and stored at -80°C until use. These samples were thawed at 37°C for 1 hour in an anaerobic chamber and mixed with pre-reduced dialysate solution before being introduced into the TIM-2 system. The TIM-2 system, consisting of four independent units, was flushed with N2 for 3 hours before the microbiota inoculum was added. The simulated lumen was maintained at 37°C with a pH of at least 5.9, and an anoxic environment was preserved by continuous N2 gas flushing.

The microbiota was first cultivated for 22 hours with Standard Ileal Efflux Media (SIEM) to allow for an adaptation period. Following this, a 48-hour experimental period began, during which SIEM was continuously added to all TIM-2 units. Two shots of 52.5 mL of pre-digested fermented soy beverages (FS) or pre-digested dialysate solution (as a control) were introduced into the system at 0 h and 24 h. The pre-digested FS underwent a three-step in vitro digestion process (gastric, enteric I, and enteric II phases) to simulate gastrointestinal digestion before being introduced into the TIM-2 system.

Samples of the simulated lumen were collected at 0 h, 24 h, and 48 h for analysis of microbial metabolites, including short-chain fatty acids, branched-chain fatty acids, and other organic acids. Additionally, aliquots of the simulated lumen and pre-digested FS were processed for DNA extraction and quantitative real-time PCR (qPCR) analysis to assess the survival of probiotic and starter strains. Propidium monoazide (PMA) treatment was used to distinguish viable from non-viable cells before DNA extraction. The experiments were conducted in duplicate for each of the five test compounds and two microbiotas, resulting in a total of 20 independent fermentation assays.",13618.361900094897,9669,,8392,3f442e5d71e9e0fee7755295f94a6c992b535b302367021ae1a8e9d5e5b66d32,OK,
unidoc_healthcare_0142,MISS_AT_9,E6,PRIMARY_224,6,5,"The digestion simulation procedure using the TIM-2 model with standardized faecal material from donors of varying body compositions involves several steps. Initially, faecal samples were collected from healthy volunteers, who had not used probiotics, prebiotics, antibiotics, or laxatives for the 3 months preceding donation. The samples were collected in a gastight bag and stored in a plastic jar with an anaerobiosis generator, transported in a cool box with ice to the laboratory, and then homogenized and mixed in an anaerobic chamber with a dialysate solution (pH set to 5.8) and 140 g/L of glycerol. The homogenized samples were fractionated into 30 mL portions, snap-frozen in liquid nitrogen, and stored at −80 °C until use.

The fermented soy beverages (FSs) were subjected to a pre-digestion process in three steps: gastric phase (pH 2.0–2.2), enteric phase I (pH 4.5–4.7), and enteric phase II (pH 5.5–5.9). Each step involved incubation in a water bath at 37 °C for 2 h under constant agitation of 150 rpm. The same pre-digestion conditions were applied to 25 g of dialysate solution, which was used as an additional control in the TIM-2 system.

The TIM-2 system, a dynamic in vitro model of the human colon, was used to simulate the colonic environment. Each TIM-2 unit was filled with 60 mL of dialysate solution and flushed with N2 for 3 h before the introduction of the microbiota inoculum. The microbiota inoculum, containing 30 mL of standardized faecal samples, was thawed at 37 °C for 1 h in a water bath and homogenized with 30 mL of pre-reduced dialysate solution in an anaerobic chamber. The simulated lumen was maintained at 37 °C with a pH kept at or above 5.9 by automatic titration with 2 M NaOH, and an anoxic condition was maintained by continuous flushing with N2 gas.

The microbiota was cultivated for 22 h with Standard Ileal Efflux Media (SIEM), composed of non-digestible carbohydrates from a normal Western diet. After this adaptation period, a 48 h experimental period began, during which SIEM was added to all TIM-2 units. Two shots of 52.5 mL of pre-digested FS or pre-digested dialysate solution (as the control) were fed to the microbiota daily: immediately after the adaptation period (0 h) and after 24 h of fermentation.

To simulate the passage of material from the proximal to the distal colon and for sample collection, 25 mL of simulated lumen samples were removed at 0 h (after the adaptation period), 24 h, and 48 h after the start of the experimental period. These samples were analyzed for short-chain fatty acids (SCFA), branched-chain fatty acids (BCFA), and other organic acids using ion exclusion chromatography (IEC). Additionally, propidium monoazide (PMA) treatment and DNA extractions were performed on aliquots of the simulated lumen samples and pre-digested FS to assess the survival of probiotic and starter strains using quantitative real-time PCR (qPCR).",23850.70009995252,23816,,22412,25616c9015ae56ae460b02a85e1d6e878d9a584cc218fbda0745c2a1b2fcf556,OK,
unidoc_healthcare_0142,MISS_AT_9,E9,PRIMARY_224,9,7,"The digestion simulation procedure using the TIM-2 model with standardized faecal material from donors of varying body compositions involves several steps. First, the standardized faecal samples from lean and obese individuals were obtained from healthy volunteers. These samples were collected in a gastight bag, stored in a plastic jar with an anaerobiosis generator, and transported to the laboratory under cool conditions. Upon arrival, the samples were homogenized and mixed with a dialysate solution (pH 5.8) in an anaerobic chamber, snap-frozen, and stored at -80°C until use.

The fermented soy beverages (FSs) were pre-digested in three steps simulating the gastric and enteric phases. The pre-digested solutions were introduced into the TIM-2 system as a single shot. The TIM-2 system, consisting of four independent units, was flushed with N2 for 3 hours before the introduction of the microbiota inoculum. The microbiota inoculum, containing 30 mL of standardized faecal samples, was thawed at 37°C for 1 hour in a water bath and homogenized with 30 mL of pre-reduced dialysate solution in an anaerobic chamber.

The simulated lumen was maintained at 37°C with the pH kept at or above 5.9 by automatic titration with 2 M NaOH. The anoxic condition was maintained by continuous flushing with N2 gas. The microbiota was cultivated for 22 hours with Standard Ileal Efflux Media (SIEM) before the 48-hour experimental period began. During this period, two shots of 52.5 mL of pre-digested FS or pre-digested dialysate solution (as control) were fed to the microbiota daily.

Simulated lumen samples were collected at 0 h, 24 h, and 48 h for the analysis of microbial metabolites such as short-chain fatty acids, branched-chain fatty acids, and other organic acids. The samples were centrifuged, filtered, and analyzed using ion exclusion chromatography. Propidium monoazide treatment and DNA extractions from TIM-2 samples were performed for qPCR analysis to determine the survival of probiotic and starter strains after pre-digestion.",16054.19100006111,32998,,31469,29b4233feeb18c25a3776a0b1cceafe24d2ee9a49d9cebdb61b7c1a8b942a23d,OK,
unidoc_healthcare_0143,MISS_AT_3_HIT_AT_6,E3,PRIMARY_224,3,2,The retrieved text does not provide specific information on how Factor IXa's residual inhibition activity changes with different levels of inhibitor in the research on S. broughtonii's anticoagulant properties.,1200.4164000973105,18655,,17365,58b596a105746bf7c7c6c12dcf86c0e4eba0f26ce7d5cacd852d244192a6d119,OK,
unidoc_healthcare_0143,MISS_AT_3_HIT_AT_6,E6,PRIMARY_224,6,5,"The residual inhibition activity of Factor IXa by the anticoagulant protein from *Scapharca broughtonii* is dependent on the presence of Ca²⁺ ions. The study indicates that the anticoagulant inhibits Factor IXa activity in the intrinsic pathway of the human coagulation cascade in a Ca²⁺-dependent manner. However, the text does not provide specific details on how varying levels of the inhibitor directly affect the residual inhibition activity of Factor IXa.",9176.127099897712,40008,,38594,c0bcf90d376822b6502616c646ad08a9b0eaa1f7a1f95d396c7f7f56fe41b483,OK,
unidoc_healthcare_0143,MISS_AT_3_HIT_AT_6,E9,PRIMARY_224,9,6,"The residual inhibition activity of Factor IXa by the anticoagulant protein from *Scapharca broughtonii* is dependent on the levels of the inhibitor present. The study indicates that the anticoagulant inhibits Factor IXa in the intrinsic pathway of the human coagulation cascade in a Ca²⁺-dependent manner. However, the specific quantitative relationship between varying inhibitor concentrations and residual inhibition activity is not detailed in the provided text. Therefore, the exact changes in residual inhibition activity with different inhibitor levels are not supported by the given evidence.",14304.835899965838,58501,,56963,9cee533e8c5b4ba6742c757d92fcb098e4a46f72aaa57f1bccc92d6f2477703b,OK,
unidoc_healthcare_0147,MISS_AT_3_HIT_AT_6,E3,PRIMARY_224,3,3,"In B6 WT mice, the administration of αCD25 during GG vaccination increased the frequency of T cells secreting IFN-γ upon restimulation with OVA protein by 8-fold, approaching the levels observed in LC-depleted mice. However, IFN-γ secretion by CD8+ T cells and cytotoxic activity in CD25-depleted WT mice did not fully reach the levels observed in LC-deficient mice. When αCD4 was administered, CD4+ T cell depletion led to a maximum increase in CTL activity in WT mice, which matched the levels achieved with LC depletion. In langDTR mice, neither αCD25 nor αCD4 treatment further increased the response, indicating that OVA-specific CTL activation was impaired when both LC and CD4+ T cells were intact during GG vaccination.",4733.223199960776,9964,,8662,420857b9ea5361f291f5e2f844b7ee39f62af68d48776f1930dda4463102396d,OK,
unidoc_healthcare_0147,MISS_AT_3_HIT_AT_6,E6,PRIMARY_224,6,6,"The administration of αCD25 and αCD4 had distinct impacts on IFN-γ secretion levels in B6 WT and langDTR mice in the context of DC subset analysis. In B6 WT mice, treatment with anti-CD25 Ab during GG vaccination increased the frequency of T cells secreting IFN-γ upon restimulation with OVA protein by 8-fold, approaching the levels observed in LC-depleted mice. However, IFN-γ secretion by CD8+ T cells and cytotoxic activity in CD25-depleted WT mice did not fully reach the levels observed in LC-deficient mice. In contrast, depletion of CD4+ T cells in B6 WT mice led to a maximum increase in CTL activity, which became identical to the levels achieved with LC depletion. In langDTR mice, neither αCD25 nor αCD4 treatment could further increase the response, indicating that the absence of langerin+ DC already maximized the T cell response. Thus, the presence of both LC and CD4+ T cells appeared to impair OVA-specific CTL activation.",7453.728999942541,15521,,14094,3d3d056c5ff242f82217dbdfe0d3b24b1d103f4204586b2639c533c63ff33a4d,OK,
unidoc_healthcare_0147,MISS_AT_3_HIT_AT_6,E9,PRIMARY_224,9,9,"The administration of αCD25 and αCD4 in B6 WT mice significantly increased the secretion levels of IFN-γ compared to langDTR mice in the context of DC subset analysis. Specifically, in B6 WT mice treated with anti-CD25 Ab during GG vaccination, the frequency of T cells secreting IFN-γ increased 8-fold, approaching the levels observed in LC-depleted mice. However, these levels did not fully reach those seen in LC-deficient mice. When anti-CD4 Ab was administered, CD8+ T cell responses in B6 WT mice reached a maximum, matching the levels achieved with LC depletion. In contrast, in langDTR (LC-deficient) mice, neither αCD25 nor αCD4 treatment could further increase the response, indicating that the absence of LC already maximized the T cell response.",7022.931199986488,24264,,22712,1e49ec3fbdc447de96610d1da2691f6be09d23746de32d6910d10daa11b6a633,OK,
unidoc_healthcare_0148,MISS_AT_3_HIT_AT_6,E3,PRIMARY_224,3,3,"SeVhAng-1-modified MSCs injection increased the capillary density in ischemic heart regions of rats. After 28 days of injection, the capillary density was 204.8 ± 18.3 per field in the SeVhAng-1-modified MSCs group, compared to 150.2 ± 16.2 per field in the MSCs group and 77.4 ± 13.8 per field in the medium-treated group. There was a significant difference between the SeVhAng-1-modified MSCs group and the medium-treated group (p<0.01), as well as between the SeVhAng-1-modified MSCs group and the sole MSCs group (p<0.05).",4521.189299994148,8943,,7698,6d5c9ec66bfd422bacbd812bf9b52f188f3aedf5fb383a671ef83bbe0f67fe34,OK,
unidoc_healthcare_0148,MISS_AT_3_HIT_AT_6,E6,PRIMARY_224,6,6,"SeVhAng-1-engineered MSCs significantly increase the capillary density in the ischemic heart regions of rats. After 28 days of injection, the capillary density was 204.8 ± 18.3 per field in the SeVhAng-1-modified MSCs group, compared to 150.2 ± 16.2 per field in the MSCs-only group and 77.4 ± 13.8 per field in the medium-treated group. This increase in capillary density was statistically significant, with a significant difference observed between the SeVhAng-1-modified MSCs group and both the medium-treated group (p<0.01) and the MSCs-only group (p<0.05).",4872.699399944395,16638,,15266,d07d971eae57deccf2d1ee275d1b26c687b6f64d824c281fcd38ceafd1ac3974,OK,
unidoc_healthcare_0148,MISS_AT_3_HIT_AT_6,E9,PRIMARY_224,9,9,"SeVhAng-1 engineered MSCs significantly increase the density of capillaries in ischemic heart regions of rats. After 28 days of injection, the capillary density was 204.8 ± 18.3 per field in the SeVhAng-1-modified MSCs group, compared to 150.2 ± 16.2 per field in the MSCs group and 77.4 ± 13.8 per field in the medium-treated group. This indicates a significant improvement in capillary density with SeVhAng-1-modified MSCs compared to both the MSCs and medium-treated groups.",4656.492799986154,24775,,23278,e75233cf52edc99421b42b5c57ab79e925fca92ebb6b0dfc5170f4088d88d5a5,OK,
unidoc_healthcare_0151,MISS_AT_3_HIT_AT_6,E3,PRIMARY_224,3,3,"The methods utilized in developing concepts for integrated care technology acceptance, as per Harst and colleagues' study, include user-centered design approaches and participatory design methods. These approaches focus on involving end users in the development process to ensure that the technology meets their needs and is acceptable to them.",2051.4162000035867,12762,,11494,05d7c67448c5be7df7c7168c8da588b57688c58e6ef5d7e675c57087a17273e3,OK,
unidoc_healthcare_0151,MISS_AT_3_HIT_AT_6,E6,PRIMARY_224,6,6,"Harst and colleagues' study outlines a generic blueprint for user-centred and participatory design processes in the development of healthcare IT applications, including integrated care technology. The methods utilized in developing concepts for integrated care technology acceptance include:

1. **Desk Research**: Conducted in Phase 0 to analyze the state of the art and include theoretical foundations for user acceptance.

2. **Qualitative Methods**: Used in Phase 1 for gathering in-depth insights into user needs and expectations, such as semi-structured interviews and focus groups. These methods are also applied in Phases 3 and 4 for understanding the context of use in the natural environment of patients or the professional environment of healthcare providers.

3. **Quantitative Surveys**: Employed in Phase 1 and later phases to gather information on user needs and expectations, though without the depth of qualitative methods.

4. **Use Cases**: Utilized in Phases 1, 2, and 3 to analyze user requirements and the context of use, as well as to test the first prototype with reference to realistic scenarios.

5. **Expert Panels and Workshops**: Involving patients and healthcare providers to analyze user requirements and the context of use.

6. **Personas and User Profiles**: Developed to represent patient and healthcare provider characteristics, derived from qualitative methods and cluster analysis based on survey data.

7. **Paper Prototyping and Sketching**: Applied in Phase 2 for the concept development of the prototype.

8. **Cognitive Walkthrough and Heuristic Evaluation**: Conducted in Phase 3 to evaluate the usability of the prototype in controlled environments.

9. **Think-Aloud Studies**: Used in Phase 3 and 4 to evaluate the prototype with patients, healthcare providers, and their relatives.

10. **Field Studies**: Conducted in Phase 4 to evaluate and adapt the application in real-life conditions.

11. **Long-Term Evaluation**: In Phase 5, involving semi-structured interviews with patients and healthcare providers to assess the full-scale application's implementation and long-term usability.",13392.250299919397,23726,,22333,ee82e7c62e2628f02b1378eeca2f7c1ceb6ec93a31b2330e995cbba5aa1f4eec,OK,
unidoc_healthcare_0151,MISS_AT_3_HIT_AT_6,E9,PRIMARY_224,9,9,"In developing concepts for integrated care technology acceptance, Harst and colleagues utilized a participatory and user-centered design process. The methods employed included:

1. **Requirement Analysis**: Gathering user requirements through qualitative methods such as semi-structured interviews, focus groups, and field studies. These methods were used to understand the needs and expectations of patients and healthcare providers within the context of use.

2. **Contextual Analysis**: Differentiating between the professional setting of healthcare providers and the social environment of patients to understand the context of use.

3. **Use Cases and Personas**: Developing use cases and personas to represent patient and healthcare provider profiles, aiding in the design of patient-centered applications.

4. **Prototyping and Evaluation**: Using methods like paper prototyping, cognitive walkthroughs, heuristic evaluations, and think-aloud studies to test and refine prototypes in controlled and real-life environments.

5. **Surveys and Questionnaires**: Employing quantitative surveys and usability questionnaires to gather data on user acceptance and satisfaction.

6. **Workshops and Expert Panels**: Conducting workshops with patients and expert panels of patients and healthcare providers to refine and validate concepts.

These methods were systematically applied across different phases of the design process to ensure that the resulting healthcare IT applications met user needs and were accepted by the target users.",11214.544599992223,32369,,30851,b6840e6a40b43f8c6f978e7c6c535688ec561bb979555b509ed262b23b334c5a,OK,
unidoc_healthcare_0153,MISS_AT_9,E3,PRIMARY_224,3,3,The information provided does not specify which sequences are categorized within the MR exam guidelines.,1477.2117000538856,6441,,5241,d925e344e9c289955d70965c6ed8a0461920a64df84f0d3f053352b12c19d578,OK,
unidoc_healthcare_0153,MISS_AT_9,E6,PRIMARY_224,6,6,"The MR exam guidelines categorize sequences such as ""Dash protocol"" and ""Retin Treatment"" within the context of bio-imaging data management and querying. These sequences are part of the data model and classification system used in the PLM (Product Lifecycle Management) system, specifically in the BMI-LM (Bio Medical Imaging Life cycle Management) data model. The sequences are linked to concepts like ""Acquisition,"" ""Processing,"" and ""Exam results,"" which are part of the ontology-based system designed to support data access and knowledge sharing in bio-imaging.",3516.2668999983,10938,,9611,3fd3843c647ff3c148b68f08f0e91aca867fcf4ed0e903dabcb64985a730e57c,OK,
unidoc_healthcare_0153,MISS_AT_9,E9,PRIMARY_224,9,9,The information provided does not specify which sequences are categorized within the MR (Magnetic Resonance) exam guidelines.,1307.710799970664,17590,,16136,acbb39b5bafd70d729631a5f76a7b90a59a30eadc1d6fba7b8f53abce816c577,OK,
unidoc_healthcare_0162,MISS_AT_3_HIT_AT_6,E3,PRIMARY_224,3,3,"Between 2015 and 2017 in a university hospital, the antimicrobial DDD (Defined Daily Doses) initially decreased in the first year, followed by an increase in subsequent years, particularly for carbapenems, penicillins, cephalosporins, and glycopeptides. The total DDD values for antimicrobials showed a statistically significant decrease from 2015 to 2016 and a statistically significant increase from 2016 to 2017. 

Regarding expenses, the costs decreased between 2015 and 2016, followed by an increase between 2016 and 2017.",4598.840799997561,13719,,12476,556ba600799ef234ff1b7753a71d432337ae77436b1dd2fee2b5af0517fcf202,OK,
unidoc_healthcare_0162,MISS_AT_3_HIT_AT_6,E6,PRIMARY_224,6,6,"Between 2015 and 2017 in a university hospital, the antimicrobial DDD (Defined Daily Doses) and expenses showed the following statistical changes:

1. **Antimicrobial DDD (Defined Daily Doses):**
   - From 2015 to 2016, there was a statistically significant decrease in DDD (p=0.0035).
   - From 2016 to 2017, there was a statistically significant increase in DDD (p=0.04101).

2. **Expenses:**
   - From 2015 to 2016, there was a statistically significant decrease in expenses (p=0.02925).
   - From 2016 to 2017, there was a statistically significant increase in expenses (p=0.004796).",7194.320000009611,22270,,20904,f635e18c0349a2f299d41b10a833ae9a0d2682dc71a562ede518382b596c07aa,OK,
unidoc_healthcare_0162,MISS_AT_3_HIT_AT_6,E9,PRIMARY_224,9,9,"Between 2015 and 2017 in the university hospital, the antimicrobial DDD (Defined Daily Doses) and expenses showed the following statistical changes:

1. **Antimicrobial DDD (Defined Daily Doses):**
   - From 2015 to 2016, there was a statistically significant decrease in DDD (p=0.0035).
   - From 2016 to 2017, there was a statistically significant increase in DDD (p=0.04101).

2. **Expenses:**
   - From 2015 to 2016, there was a statistically significant decrease in expenses (p=0.02925).
   - From 2016 to 2017, there was a statistically significant increase in expenses (p=0.004796).

These changes were analyzed using the t-test with a 95% confidence interval.",7090.4770999914035,34428,,32937,f6ee088e00d979cd934f190fdbb723162e7b4b794a91586cea64f8bdaa3f77ab,OK,
unidoc_healthcare_0166,MISS_AT_3_HIT_AT_6,E3,PRIMARY_224,3,3,"The development of 3D models for virtual surgeries concerning congenital heart conditions involves a structured approach that includes individualized preparation and general training models. The process begins with image acquisition, where high-resolution and high-contrast imaging modalities, such as computed tomography (CT) or magnetic resonance imaging (MRI), are used to capture detailed datasets of the cardiovascular anatomy. These datasets are essential for accurate 3D modeling.

Following image acquisition, the next step is image segmentation, which involves isolating the relevant anatomical structures from the acquired images. This step is crucial for creating a precise 3D model, as it allows for the delineation of specific cardiac structures, such as the ventricular septal defect (VSD), from surrounding tissues.

The final step in the process is three-dimensional modeling, where the segmented images are used to construct a 3D model. This model can be manipulated and explored using computer-simulation techniques, allowing for interactive visualization and understanding of the complex 3D structures. Haptic devices are employed to provide positional and rotational freedom during interaction, as well as force feedback, enabling a realistic simulation of surgical procedures.

For individualized preparation, patient-specific virtual surgery simulations are developed using the 3D models. These simulations allow for the testing and demonstration of different types of incisions and interventional procedures, independent of the operator's experience level and without risk to the patient. This approach facilitates the development of personalized treatment strategies and enhances preoperative planning by enabling the testing of various surgical approaches.

For general training models, the combination of virtual and physical reproduction of anatomical specimens, along with the demonstration of modern imaging techniques, is highlighted as an ideal method. Rapid prototyping is mentioned as a cost-effective supplementary technique to virtual reconstruction, allowing for the physical reproduction of 3D models. This approach supports surgical training in the clinical environment by providing a realistic and interactive platform for learning and practicing surgical techniques.",13033.373199985363,9311,,7994,1b83232c947b0f096a8cac2c2b5fc13c62f4df72065f2a9fbbcf180d6710c044,OK,
unidoc_healthcare_0166,MISS_AT_3_HIT_AT_6,E6,PRIMARY_224,6,6,"The development of 3D models for virtual surgeries in the context of congenital heart conditions involves two main approaches: individualized preparation for patient-specific preoperative planning and the creation of general training models for educational purposes.

For individualized preparation, the process begins with high-resolution image acquisition, typically using magnetic resonance imaging (MRI) or computed tomography (CT). These images are then segmented to isolate the relevant anatomical structures. The segmented data is used to create a 3D model, which is further processed to ensure it is suitable for simulation. This includes preprocessing the mesh to optimize simulation performance and accuracy. The 3D model allows for interactive manipulation, including incisions and the use of haptic devices to simulate the tactile feedback of surgical tools. This enables surgeons to plan and test various surgical strategies in a virtual environment, which can improve preoperative planning and reduce the risk of actual procedures.

For general training models, a similar process is followed, but the models are not based on specific patient data. Instead, a volunteer's heart and major vessels are scanned, and desired morphological defects are manually introduced to create a realistic training environment. These models are enhanced visually and can be dynamically configured to simulate different scenarios. The effort to create these models is justified by their universal applicability for training and teaching purposes, allowing for unlimited use in a controlled and risk-free setting.

Both approaches rely on the simulation of realistic tissue deformation and haptic feedback to provide an interactive and immersive experience. The models are used to teach and train clinicians, allowing them to understand complex cardiovascular structures and to practice different types of surgical techniques. The ultimate goal is to improve patient outcomes by enhancing preoperative planning and surgical training.",9997.239000047557,18807,,17367,5ed9799a021d7e665c5ecc79d38dad193fe510a488c14cab2a4061b723d3cbcc,OK,
unidoc_healthcare_0166,MISS_AT_3_HIT_AT_6,E9,PRIMARY_224,9,9,"To develop 3D models for virtual surgeries concerning congenital heart conditions, the following approaches were employed, emphasizing both individualized preparation and general training models:

1. **Image Acquisition**: High-resolution 3D imaging modalities, such as magnetic resonance imaging (MRI) and multidetector computed tomography (MDCT), were used to capture detailed anatomical data. MRI was preferred for its non-invasive and radiation-free nature, particularly in patients with congenital heart disease (CHD). The focus was on end-diastolic scans, as they closely represent the heart's state on the heart-lung machine. Recent advancements enabled the acquisition of multiple cardiac phases within a single cardiac cycle, improving the dynamic representation of the heart.

2. **Image Segmentation**: Tissue and blood pool were segmented to create suitable models for virtual surgery. A marker-based segmentation algorithm was applied, where the user inserted colored markers in the blood pool, myocardium, and background. This input allowed the software to compute and visualize a corresponding segmentation in real time. The segmentation process was slice-by-slice and aimed to distinguish the myocardium and blood pool, with vessel walls created by software unless already bordered by the myocardium.

3. **Three-Dimensional Modeling**: The segmented data were used to create 3D models. Two scenarios were distinguished:
   - **Patient-Specific Preoperative Planning**: Once segmentation was completed, the data were exported into a simulator, which automatically set up a simulation environment. Preprocessing of the 3D model's data structure (e.g., mesh) was necessary to achieve reliable simulation results or to speed up the simulation for real-time purposes. This allowed for arbitrary tissue incisions and the simulation of realistic tissue deformation behavior in response to surgical tools.
   - **Generic Modeling for Training and Teaching**: For training and teaching, further processing was advisable. A volunteer's heart and major vessels were scanned, and desired morphological defects (e.g., atrial septal defects and ventricular septal defects) were manually introduced. These models were enhanced visually by a graphical artist to create realistic and universally applicable training models.

4. **Virtual Surgery Simulation**: The 3D models were used in virtual surgery simulations, which allowed for interactive manipulation of anatomical structures using haptic devices. These devices provided positional and rotational freedom during interaction and force feedback. The simulation environment enabled the testing of different surgical techniques, including the design of patches, to achieve optimal surgical results. Predictive simulation was also explored, where the focus was on simulating the outcomes of different surgical approaches to provide reliable previews of potential results.

5. **Training and Teaching Applications**: Virtual surgery models were also used for training and teaching. High-resolution computed tomography of heart specimens was used to create models for training purposes. These models were post-processed to achieve realistic cardiac morphology, which was crucial for demonstrating complex anatomical structures. The time for reconstructing these models was less critical compared to clinical setups, allowing for more detailed and realistic models.

These approaches combined advanced imaging techniques, sophisticated segmentation algorithms, and interactive 3D modeling to support both individualized preoperative planning and general training in congenital heart disease.",20930.14780001249,27327,,25764,966e16a6a8447c16c7c27b03f2889aec965ab02fcd2c08b5e66517d510f689de,OK,
unidoc_healthcare_0167,MISS_AT_3_HIT_AT_6,E3,PRIMARY_224,3,3,"The retrieved evidence indicates that there was no positive relationship between the number of Ae. polynesiensis females collected and the prevalence estimate of W. bancrofti DNA. Specifically, it states that ""there was no evidence of a positive relationship between prevalence estimate and number of Ae. polynesiensis females or mean pool size,"" suggesting that the number of mosquitoes collected did not influence the point estimates of prevalence. Instead, the number of mosquitoes collected affected the breadth of the confidence intervals.",2936.137199983932,12313,,11048,3bd29d07eee19ec425f3c5ea2fd52e1a157e4f63b7aba85a999abc0bd3091522,OK,
unidoc_healthcare_0167,MISS_AT_3_HIT_AT_6,E6,PRIMARY_224,6,6,"The retrieved evidence indicates that there was no positive relationship between the number of Ae. polynesiensis females collected and the prevalence estimate of W. bancrofti DNA. The number of mosquitoes collected affected the breadth of confidence intervals but not the prevalence point estimates. Additionally, some villages with no positive Ae. polynesiensis catches had positive pools of other species like Cx. quinquefasciatus or Ae. aegypti, suggesting that the presence of W. bancrofti DNA can vary across species and locations, independent of the number of Ae. polynesiensis females collected.",4039.6278999978676,21505,,20117,5d59e40c2ec426985c3b13fd9ff1751f779f20202a6fc28b959fef482ed7cadc,OK,
unidoc_healthcare_0167,MISS_AT_3_HIT_AT_6,E9,PRIMARY_224,9,9,"The number of Ae. polynesiensis females collected does not show a positive relationship with the presence of W. bancrofti DNA in different villages. There was no evidence of a positive correlation between the prevalence estimate and the number of Ae. polynesiensis females or mean pool size. This suggests that while the number of mosquitoes collected affects the breadth of confidence intervals, it does not influence the prevalence point estimates.",4017.0794000150636,31697,,30184,21aeceb88705188ea9c602c0b38a67975909897afda292ecaa246961ea683bd9,OK,
unidoc_healthcare_0169,MISS_AT_3_HIT_AT_6,E3,PRIMARY_224,3,3,"In individuals with arterial tortuosity syndrome (ATS), specialized staining techniques, such as Verhoeff–Van Gieson staining, revealed fragmented elastic fibers (EF) and increased collagen deposition in skin and vascular biopsies. Transmission electron microscopy (EM) of skin biopsies showed a distinct pattern characterized by a poorly organized elastin core and a peripheral mantle of bare microfibrils with random directionality. In contrast, controls would typically exhibit well-organized and intact elastic fibers without such fragmentation or disorganization. These findings highlight the structural abnormalities in elastic fibers specific to ATS.",4198.094299994409,10616,,9306,afe27de3a1c63413dbb836f831621a6c5247d311bf4164a36d18217249ef34e6,OK,
unidoc_healthcare_0169,MISS_AT_3_HIT_AT_6,E6,PRIMARY_224,6,6,"In individuals with arterial tortuosity syndrome (ATS), the organization of elastic fibers differs from that of controls as observed through specialized staining techniques. Verhoeff–Van Gieson staining on skin and vascular biopsies reveals fragmented elastic fibers and increased collagen deposition in ATS patients. Transmission electron microscopy (TEM) of skin biopsies from ATS patients shows a distinct and recognizable pattern of elastic fibers with a fragmented elastin core and a peripheral mantle of microfibrils of random directionality. In contrast, control elastic fibers observed under TEM demonstrate a solid, dense core of elastin surrounded by a sparse mantle of microfibrils. These findings indicate a disorganization and fragmentation of elastic fibers in ATS patients compared to the organized and intact structure in controls.",5470.5156000563875,23968,,22535,cf0af5434da7bcf25b69fe6c4cefd67b92078b3489f2f00235aa27f1c75aecae,OK,
unidoc_healthcare_0169,MISS_AT_3_HIT_AT_6,E9,PRIMARY_224,9,8,"In individuals with arterial tortuosity syndrome (ATS), the organization of elastic fibers differs from controls as observed through specialized staining techniques. Elastic fibers in ATS patients show fragmentation and disorganization. Verhoeff–Van Gieson staining reveals a reduction in smooth elastic lamella, with elastic fibers appearing thicker and more fragmented in vascular tissue, particularly in aortic tissue. Picrosirius Red polarization staining shows increased and disorganized collagen deposition compared to control samples. Transmission electron microscopy further demonstrates that elastic fibers in ATS patients have a disrupted elastin core infiltrated with microfibrils, and a peripheral mantle of microfibrils of random directionality, in contrast to the solid, dense core of elastin surrounded by a sparse mantle of microfibrils observed in control elastic fibers.",6788.968699984252,35478,,33922,7fddbdec5b24859c3cf1e2b5ce014215045cf55c5cc25e30bd0ac90cd961ca76,OK,
unidoc_healthcare_0170,MISS_AT_3_HIT_AT_6,E3,PRIMARY_224,3,3,"In a cohort of 100 individuals with Functional Movement Disorders (FMD), the phenotypic pattern evolved over approximately 3 years. The study found that 48% of FMD patients experienced changes in their phenotypic pattern during the disease course. Dystonia tended to remain as a single and unchanged phenotype over time (68.2%), while patients initially presenting with Tremor, Gait disorder, Parkinsonism, and Mixed phenotype were more susceptible to developing additional symptoms (62.5%, 50%, and 100%, respectively). Higher levels of somatoform experiences and higher motor severity at baseline were associated with an increased likelihood of further enrichment of the FMD phenotype with additional functional symptoms. These patients also more frequently reported pain and had higher scores on most psychiatric scales, along with a more frequent presence of major depressive disorder.",4861.6001000627875,13893,,12664,f341cc87596ce9eea2e63bf3ae30e01a49bfe98ee0791d763797be85517dd346,OK,
unidoc_healthcare_0170,MISS_AT_3_HIT_AT_6,E6,PRIMARY_224,6,6,"After approximately 3 years, the FMD phenotypes in a cohort of 100 individuals evolved as follows: 48% of patients experienced changes in their phenotypic pattern, with additional functional neurological symptoms developing. Dystonia remained as a single, unchanged phenotype in 68.2% of patients, while those initially presenting with Tremor, Gait disorder, Parkinsonism, and Mixed phenotype were more likely to develop additional symptoms (62.5%, 50%, and 100%, respectively). Patients with higher levels of somatoform experiences and higher motor severity at baseline were more likely to have their FMD phenotype enriched with additional symptoms over time.",3970.5275999149308,25322,,23970,1e73c7cf886e0330a727b56a9db3386ce6aecc124b35e1a0ea2c1fea2f344ae4,OK,
unidoc_healthcare_0170,MISS_AT_3_HIT_AT_6,E9,PRIMARY_224,9,9,"After approximately 3 years in a cohort of 100 individuals with Functional Movement Disorders (FMD), the FMD phenotypes evolved in 48% of the patients. These patients developed additional functional neurological symptoms, transitioning to an ""FMD plus"" phenotype. The specific evolution included:

1. **Dystonia**: Tended to remain as a single, unchanged phenotype in 68.2% of cases, while 31.7% progressed to ""Dystonia plus.""
2. **Tremor**: 62.5% of patients initially presenting with tremor developed additional symptoms.
3. **Gait disorder**: Half of the patients with initial gait disorder progressed to ""Gait plus.""
4. **Parkinsonism**: All patients initially presenting with Parkinsonism evolved into ""FMD plus.""
5. **Mixed phenotype**: All patients with an initial mixed phenotype developed into ""Mixed plus.""

The study also found that higher levels of somatoform experiences and higher motor severity at baseline were associated with an increased likelihood of developing additional functional symptoms over time.",8454.322100034915,37499,,36024,21d2c2897c2cef48966666360b95e37fca54f999eb534c36aae5facc0e56ef9b,OK,
unidoc_healthcare_0171,MISS_AT_3_HIT_AT_6,E3,PRIMARY_224,3,2,"The process involving predictive alerts and technician dispatch resolves issues efficiently by allowing the support center to act on alerts that occur within a pre-defined ""Predictive Interval"" right before a failure. An alert in this interval provides enough time for the support center to dispatch a technician and is considered successful. This proactive approach prevents unexpected equipment failures and enables the scheduling of corrective work in advance, thereby improving service quality for customers.",4135.552300023846,12524,,11241,af0c6d98f30b510097c592713f6c75ef8b44b596062eff107111462302df836f,OK,
unidoc_healthcare_0171,MISS_AT_3_HIT_AT_6,E6,PRIMARY_224,6,5,"The process involving predictive alerts and technician dispatch resolves issues efficiently by allowing the support center to act in advance of a failure. An alert occurring in the predictive interval gives enough time for the support center to dispatch a technician and is considered successful. This proactive approach prevents unexpected equipment downtime and enables the scheduling of corrective maintenance before the equipment breaks down or enters the infected interval, where it is already under repair.",2183.3005999214947,21856,,20450,504a74b50cd9cde6cccecbd57cc8f6436bf743b7e81bbd2229d83b9851cd3ba8,OK,
unidoc_healthcare_0171,MISS_AT_3_HIT_AT_6,E9,PRIMARY_224,9,8,"The process involving predictive alerts and technician dispatch resolves issues efficiently by anticipating equipment failures and allowing for the advance scheduling of corrective maintenance. According to the maintenance procedure, an alert is considered successful if it occurs within a pre-defined ""Predictive Interval"" right before a failure, giving the support center enough time to act. When an alert is triggered, it is reviewed by domain experts who determine the next steps, which may include dispatching a technician. This proactive approach prevents unexpected equipment failures and reduces downtime by enabling timely corrective actions.",3857.1688999654725,32887,,31358,4a788c7d6b866581173e876978a319632eb028fbc9fa2b1f289dd69e76f61e62,OK,
unidoc_healthcare_0172,MISS_AT_6_HIT_AT_9,E3,PRIMARY_224,3,3,"Participants were excluded from the study under the following conditions:

1. A current frank psychotic episode, defined as a score of ""6"" on any Positive Symptom Scale for longer than 30 consecutive days.
2. A prior episode of psychosis or having received antipsychotic medication for 30 days or more at a dosage appropriate to treat a psychotic episode.
3. An IQ less than 70.
4. Permanent residence outside the catchment area.
5. Not being an English speaker or neither parent being an English speaker.
6. Currently being a prisoner in the criminal justice system.
7. Psychotic symptoms due to an acute toxic or medical etiology.",4006.245500058867,9683,,8378,c7d096977e8997cace574e25402ee013e68fe45215268beb663144633ad5ff11,OK,
unidoc_healthcare_0172,MISS_AT_6_HIT_AT_9,E6,PRIMARY_224,6,5,"Participants were excluded from the study if they had a current frank psychotic episode (a 6 on any Positive Symptom Scale for longer than 30 consecutive days). Other exclusion criteria included: (a) a prior episode of psychosis or having received antipsychotic medication for 30 days or more at a dosage appropriate to treat a psychotic episode, (b) IQ less than 70, (c) permanent residence outside the catchment area, (d) not an English speaker or neither parent is an English speaker, (e) currently a prisoner in the criminal justice system, and (f) psychotic symptoms due to an acute toxic or medical etiology.",4694.328999961726,19574,,18146,d950ede1dd4a1b4f5c2a23e5b4f28ca49f7f2fa09e2ce1713320ccf7c29abab9,OK,
unidoc_healthcare_0172,MISS_AT_6_HIT_AT_9,E9,PRIMARY_224,9,8,"Participants were excluded from the study under the following conditions:

1. **Duration of Psychosis**: Youth experiencing a current frank psychotic episode (a 6 on any Positive Symptom Scale for longer than 30 consecutive days) were excluded.

2. **Treatment History**: Exclusion criteria included:
   - A prior episode of psychosis or having received antipsychotic medication for 30 days or more at a dosage appropriate to treat a psychotic episode.

3. **Cognitive Assessment**: Participants with an IQ less than 70 were excluded.

Other exclusion criteria not directly related to the question include:
- Permanent residence outside the catchment area.
- Not an English speaker or neither parent is an English speaker.
- Currently a prisoner in the criminal justice system.
- Psychotic symptoms due to an acute toxic or medical etiology.",5415.055399993435,25105,,23554,c4cda69a185697ddc16a778f59ef714f9374535f6a246a276957c6394a89bfc9,OK,
unidoc_healthcare_0177,MISS_AT_3_HIT_AT_6,E3,PRIMARY_224,3,2,"Gene families in *Staphylococcus aureus* are formed using techniques like CDS re-annotation and homolog filtering. Genomes are automatically re-annotated to reduce annotation bias, and putative protein sequences are extracted from annotated CDS regions. These sequences are then aligned using BLASTP in all vs. all pairwise amino acid alignment. A pair of genes is considered homologous if the alignment covers more than a specified fraction of each gene's length and exceeds a specified identity threshold. Genes are clustered into gene families using a strict clique requirement, where each new gene must align with every member of the family satisfying the minimum criteria. Alignments are processed in order of increasing E-value to ensure higher quality alignments guide family formation. Each gene is allowed to participate in only one family, and if it cannot be joined into any family, it forms a singleton family.",5918.969999998808,9201,,7945,e9a72170cdb8acd5495bfc1353fea3e9fc85a7529a17a9e3b775e72e7a4adaaa,OK,
unidoc_healthcare_0177,MISS_AT_3_HIT_AT_6,E6,PRIMARY_224,6,5,"Gene families in *Staphylococcus aureus* are formed using techniques like CDS re-annotation and homolog filtering. The process begins with the automatic re-annotation of complete and draft annotated genomes retrieved from NCBI GenBank, which helps reduce annotation bias. Putative protein sequences are then extracted from the annotated CDS regions and aligned using BLASTP in all vs. all pairwise amino acid alignments. 

A pair of genes is considered homologous if the alignment covers more than a specified fraction of each gene's length and the identity in the alignment exceeds a given threshold. To form gene families, genes are clustered using a strict clique requirement, meaning each new gene added to a family must have an alignment with every existing member of the family that satisfies the minimum criteria. Alignments are processed in order of increasing E-value to ensure higher quality alignments guide family formation. Each gene is allowed to participate in only one family, and if it cannot be included in any family, it forms a singleton family.",5998.861599946395,15257,,13878,defd749d235855aa2760935bc8631a6583934266911dbca33aabe67ac1d8295b,OK,
unidoc_healthcare_0177,MISS_AT_3_HIT_AT_6,E9,PRIMARY_224,9,7,"In the study, gene families in *Staphylococcus aureus* are formed using techniques like CDS re-annotation and homolog filtering. The process involves retrieving complete and draft annotated genomes from NCBI GenBank and re-annotating them automatically without manual curation. This step helps reduce annotation bias caused by variability in annotation methods and curation depth. 

Putative protein sequences are then extracted from the annotated coding DNA sequences (CDS) and aligned using BLASTP in all-vs-all pairwise amino acid alignment. A pair of genes is considered homologous if the protein alignment covers more than a specified fraction (c) of each gene's length and the identity in the alignment exceeds a specified threshold (i). 

To form gene families, genes are clustered using a strict clique requirement, meaning that each new gene considered for inclusion into a family must have an alignment with every member of the family that satisfies the minimum criteria of coverage and identity. This ensures that all members of a gene family are homologous to each other based on the defined thresholds. Alignments are processed in order of increasing E-value to prevent lower quality alignments from disrupting the formation of families using higher quality alignments. Each gene is allowed to participate in only one family; if it cannot be joined into any gene family, it forms its own singleton family.",8376.310699968599,25594,,24090,eb41550ddb188b21b4583cb0b834ff6b526ce3a308acd9ae3226ced97fc30593,OK,
unidoc_healthcare_0178,MISS_AT_3_HIT_AT_6,E3,PRIMARY_224,3,3,The retrieved evidence does not provide the specific range of tympanic membrane thicknesses observed in the experimental cohort.,617.9338999791071,12730,,11454,22a227522d224755e498d14bd29684859498bd2bc2ef407a2fee90122c4c7eb7,OK,
unidoc_healthcare_0178,MISS_AT_3_HIT_AT_6,E6,PRIMARY_224,6,5,The range of tympanic membrane thicknesses observed in the experimental cohort (Mesna group) was from 0.3927 μm (minimum) to 1.1409 μm (maximum).,2281.4790999982506,20249,,18850,6f027e2e11655ae08e2e9681220d2dec3b23387d231f59fff04991f60c3fd16b,OK,
unidoc_healthcare_0178,MISS_AT_3_HIT_AT_6,E9,PRIMARY_224,8,7,The range of tympanic membrane thicknesses observed in the experimental cohort (left ears treated with %20 Mesna) was from a minimum of 0.3927 μm to a maximum of 1.1409 μm.,1580.1182999275625,23328,,21847,281f8ee723e5732ae0a38c1ee3ccd808191b0180bb3f525b06ba28a35871458b,OK,
unidoc_healthcare_0182,MISS_AT_3_HIT_AT_6,E3,PRIMARY_224,3,3,"In the experiment using QT6 cells with Myb, C/EBP, and PU.1 vectors, the luciferase activity levels of fl-Enh and min-Enh are not directly compared in the provided text. Therefore, the information is not supported by the currently retrieved evidence.",1554.2872999794781,9977,,8704,c0316673aa82ac64c42b2c111cf5bdd0072a9ea2e6e70e373e54be6ab222b76b,OK,
unidoc_healthcare_0182,MISS_AT_3_HIT_AT_6,E6,PRIMARY_224,6,5,"In the experiment using QT6 cells with Myb, C/EBP, and PU.1 vectors, the luciferase activity levels of fl-Enh (full-length enhancer) and min-Enh (truncated enhancer) are compared in Figure 4C. The results show that the stimulation of the truncated enhancer (min-Enh) by v-Myb REV is essentially identical to that of the full-length enhancer (fl-Enh). This indicates that the truncated version retains the functional elements necessary for Myb-dependent activation.",3680.102000012994,17987,,16591,5cf3d8608fb11c91f10a476a42e48cdf558cda38fdb9caa99114ba2626640c07,OK,
unidoc_healthcare_0182,MISS_AT_3_HIT_AT_6,E9,PRIMARY_224,9,7,"In the experiment using QT6 cells with Myb, C/EBP, and PU.1 vectors, the luciferase activity levels of fl-Enh (full-length enhancer) and min-Enh (truncated enhancer) were compared. The results showed that the stimulation of the enhancer by v-Myb REV was essentially identical for both the full-length and the truncated versions of the enhancer. This indicates that the truncated enhancer (min-Enh) retained the ability to be activated by v-Myb REV to a level comparable to the full-length enhancer (fl-Enh).",4904.099099920131,32244,,30721,b76d44c1cf56be25bfc7a79f9d046a7d22022ce52a0dc2555fff647ab4932e37,OK,
unidoc_healthcare_0184,MISS_AT_3_HIT_AT_6,E3,PRIMARY_224,3,3,"Matching points on cardiac surface meshes for patients who have undergone correction of Tetralogy of Fallot are determined using an anatomical model to establish point correspondence between meshes. The delineated boundaries of the right ventricle, left ventricle endocardium, and left ventricle epicardium are defined through image segmentation at end-diastole using methods proposed by Zheng et al. This segmentation establishes anatomical landmarks, enabling a standard least-squares method to rigidly align the surface meshes and reduce the effect of patient positioning.",3013.682799995877,11338,,10044,68d8db9724f82f470fd71f0725885d74b655a032825cc774baafc149e2f86981,OK,
unidoc_healthcare_0184,MISS_AT_3_HIT_AT_6,E6,PRIMARY_224,6,6,"Matching points on cardiac surface meshes for patients who have undergone correction of Tetralogy of Fallot are determined using an anatomical model and image segmentation techniques. The boundaries of the right ventricle, left ventricle endocardium, and left ventricle epicardium are delineated at end-diastole using methods proposed by Zheng et al. This delineation establishes a point correspondence between meshes. A standard least-squares method is used to rigidly align the surface meshes, reducing the effect of patient positioning. The resulting surface meshes are then used in a statistical shape analysis framework to estimate a mean atlas through an iterative registration process.",3964.687000028789,17665,,16248,fdf858d0c992e3b29bb39409602be3071cac92bc6a0f9d909560633a99b6fad8,OK,
unidoc_healthcare_0184,MISS_AT_3_HIT_AT_6,E9,PRIMARY_224,9,9,"Matching points on cardiac surface meshes for patients who have undergone correction of Tetralogy of Fallot are determined using an anatomical model to establish point correspondence between meshes. The surface meshes of the right and left ventricle endocardium, and left ventricle epicardium are defined using image segmentation by delineating the boundaries of each ventricle at end-diastole. This method establishes a point correspondence between meshes, and a standard least-squares method is used to rigidly align the surface meshes to reduce the effect of patient positioning.",3856.3856999389827,25894,,24350,0f51a3dd9acec281ccfad143b3858783e2266b01396bdf320ada7d65e94516bf,OK,
unidoc_healthcare_0187,MISS_AT_6_HIT_AT_9,E3,PRIMARY_224,3,2,"The synchronization process between MRI scanning and a VR system is facilitated by a Cedrus product, the LUMINA Response Pad for MRI Model LSC-400 Controller. This response pad is connected to a series port (COM1) on the console computer for receiving the signal of synchronization sent from the scanner. The VR program is set to idle, waiting for this triggering signal, which is defined as a character ""5"" in the system's protocol. Additionally, the system provides an alternative solution using a simplified keyboard that takes the signal from the SR-box directly and connects to an available USB port on the PC, eliminating the need for additional machine-level programming.",4649.515800061636,12705,,11425,b466e1d44b5808a47ea3f2945a950ae24adbe2908c37fd34deee5f19572201eb,OK,
unidoc_healthcare_0187,MISS_AT_6_HIT_AT_9,E6,PRIMARY_224,6,5,"The synchronization process between MRI scanning and a VR system is facilitated by a Cedrus product, the LUMINA Response Pad for MRI Model LSC-400 Controller. This response pad is connected to a series port (COM1) on the console computer for receiving the signal of synchronization sent from the scanner. The VR program is launched in advance and set to idle, waiting for this triggering signal by continuously querying the COM1 port. Additionally, the system provides two other solutions for synchronization: using a standard S-R box or a SR-box provided with the E-Prime software package for fMRI studies, both connecting to a series port COM1 on the console PC. A third option involves a simplified keyboard connected to an available USB port on the PC, which does not require additional programming of machine-level.",5353.041899972595,24949,,23546,2a1a577985ed889719a3171f5344879d589abfa47b669f84fd3e3727c17a9c7b,OK,
unidoc_healthcare_0187,MISS_AT_6_HIT_AT_9,E9,PRIMARY_224,9,8,"The synchronization process between MRI scanning and a VR system is facilitated by a Cedrus product, the LUMINA Response Pad for MRI Model LSC-400 Controller. This response pad is connected to a series port (COM1) on the console computer for receiving the signal of synchronization sent from the scanner. Additionally, the system provides an alternative solution using a simplified keyboard that takes the signal from an SR-box and connects to an available USB port on the PC, eliminating the need for additional programming.",4413.169399951585,37257,,35729,5150fe0d88603721c73441a2d3017aa111731a4ca2855745de7025210e711eb1,OK,
unidoc_healthcare_0196,MISS_AT_3_HIT_AT_6,E3,PRIMARY_224,3,3,"The experimental evidence linked to the function of contrast sensitivity in the context of age-related visual changes is that contrast sensitivity was studied across age groups ranging from the 10s to the 70s, with 110 participants. The study examined the effects of environmental illumination and the duration of target presentation on contrast sensitivity. This information is derived from the listed investigations concerning the effects of aging on visibility.",2414.4955000374466,9096,,7838,a2ec522e01faa337f29cc27b77490c9e4cbc9f81d7378a97e2253f73d519a8d8,OK,
unidoc_healthcare_0196,MISS_AT_3_HIT_AT_6,E6,PRIMARY_224,6,6,"The experimental evidence linked to the function of contrast sensitivity in the context of age-related visual changes includes studies that examined the effects of aging on contrast sensitivity across different age groups (10s, 20s, 30s, 40s, 50s, 60s, 70s) with 110 participants. These studies considered environmental illumination and the duration of target presentation as relative examined conditions in addition to age. The findings from these experiments were used to develop methods for evaluating and improving accessible visual design for both young and older users.",3950.365500058979,15214,,13833,f3795e3ae90d6e384416b34385828085ef0e8d8ec9bfd721b7fac45281ebc1a6,OK,
unidoc_healthcare_0196,MISS_AT_3_HIT_AT_6,E9,PRIMARY_224,9,9,The experimental evidence linked to the function of contrast sensitivity in the context of age-related visual changes is that contrast sensitivity was studied across age groups ranging from 10s to 70s (110 participants). The study examined the effects of environmental illumination and the duration of target presentation on contrast sensitivity. These findings are part of broader research on age-related changes in visibility and were used to inform accessible visual design methods.,3099.3642000248656,23287,,21781,616172582ffe37da7316ba8b0a3be8f8df26717c8607cedd033d9377f5e82aed,OK,
unidoc_healthcare_0197,MISS_AT_3_HIT_AT_6,E3,PRIMARY_224,3,3,"The retrieved text does not provide specific information on how HO-1 levels changed in kidney tissues across the sham, normothermia, and various hypothermia groups. The text discusses the expression of Nrf2 and HO-1 in general terms and mentions that TH increased the expression of Nrf2/HO-1 in a time-dependent manner, but it does not give specific HO-1 levels for each group.",2750.8231999818236,11859,,10616,b9d3e691f2281934cedee6d300fdbc137409f62ea5d61154ed06e3ea6a487a15,OK,
unidoc_healthcare_0197,MISS_AT_3_HIT_AT_6,E6,PRIMARY_224,6,5,"In the study, the expression levels of HO-1 in kidney tissues were analyzed across the Sham, Normothermia (Normo.), and various Therapeutic Hypothermia (TH) groups. The HO-1 expression was significantly increased in the Normo. group compared to the Sham group. However, the most significant increase in HO-1 expression was observed at 6 hours of TH, where it was significantly higher compared to the Normo. group. The relative optical density (ROD%) of HO-1 staining was elevated in the Normo. group versus the Sham group and increased significantly at 6 hours of TH in comparison with the Normo. group. The HO-1 expression did not show significant changes in the 2-hour and 4-hour TH groups compared to the Normo. group.",5429.771000053734,20120,,18754,28fac0d72d6fc9d7ee2b5df4e6f5c4d6bb77f30e7c3b6c62e519f3f96c2af778,OK,
unidoc_healthcare_0197,MISS_AT_3_HIT_AT_6,E9,PRIMARY_224,9,8,"In the study, the expression of HO-1 in kidney tissues was analyzed across the Sham, Normothermia (Normo.), and various Therapeutic Hypothermia (TH) groups. The expression of HO-1 increased in the Normo. group compared to the Sham group, but this increase was not statistically significant. The relative optical density (ROD%) of HO-1 expression was significantly increased at 6 hours of TH compared to the Normo. group (P=0.007). However, the increase in HO-1 expression after 2 hours (P=0.079) and 4 hours (P=0.1089) of TH was not statistically significant when compared to the Normo. group.",6626.667800010182,30404,,28913,1627ed3063aaaf3ea64e8e22ca15a8b457e4d4fc9a96b855eae871be17eaa1c0,OK,
unidoc_healthcare_0200,MISS_AT_3_HIT_AT_6,E3,PRIMARY_224,3,2,"The provided text does not mention mice, isotype control, aHVEM treatment, or changes in weight percentages over 15 days. Therefore, the question cannot be answered based on the given information.",1094.9817000655457,10725,,9434,166c561858efc7e9b2a730adcd4b5e3c18f381308d3a969be4fa5a2dd6db5b70,OK,
unidoc_healthcare_0200,MISS_AT_3_HIT_AT_6,E6,PRIMARY_224,6,5,"The provided text does not mention mice, isotype control, aHVEM, or any related weight percentage changes over 15 days. Therefore, the question cannot be answered based on the given information.",3150.418599951081,21215,,19801,ff078a405677fc4e79ef7a90daba6e89154b5b11ca92059bf6c6c9a7c5557298,OK,
unidoc_healthcare_0200,MISS_AT_3_HIT_AT_6,E9,PRIMARY_224,9,8,"The provided text does not discuss mice, isotype control, aHVEM, or any weight percentage changes in mice over a 15-day treatment period. Therefore, the question cannot be answered based on the given information.",2126.1773000005633,30882,,29343,4dbf9eb8bb2a8f515a30886c1f71c66d7fd85be81a7b7a6e5fe591868f9df9b6,OK,
unidoc_legal_0015,MISS_AT_9,E3,PRIMARY_224,3,3,The information regarding the effective date of the Active Non-Disclosure Agreement titled 'Mutual Confidentiality Agreement' between Mastar Barcelona S.A. and Access Limited is not supported by the currently retrieved evidence.,1389.1923999181017,6226,,4925,3cdba400c93d3e1eaf0f0eb440bb521ea07197b7eaa19b0c5b2e94db63de72c8,OK,
unidoc_legal_0015,MISS_AT_9,E6,PRIMARY_224,6,6,The information regarding the effective date of the Active Non-Disclosure Agreement titled 'Mutual Confidentiality Agreement' between Mastar Barcelona S.A. and Access Limited is not supported by the currently retrieved evidence.,1404.7524000052363,10691,,9263,f3d6f0e0560a9a6da8a6767e902f159a79b6bce6fc0ce7f35c28d14809999202,OK,
unidoc_legal_0015,MISS_AT_9,E9,PRIMARY_224,9,9,The information regarding the effective date of the Active Non-Disclosure Agreement titled 'Mutual Confidentiality Agreement' between Mastar Barcelona S.A. and Access Limited is not supported by the currently retrieved evidence.,1677.697400096804,15501,,13948,33222f151f540f62ad9ac0eef05439be11a02943a75a8bfd78241d518db13cf5,OK,
unidoc_legal_0019,MISS_AT_3_HIT_AT_6,E3,PRIMARY_224,3,3,"According to the Australian Institute of Criminology, the elements that increase the risk of repeat sexual offenses by child sex offenders as time progresses include:

1. Indigenous status: Indigenous offenders were more likely to reoffend sexually compared to non-Indigenous offenders.
2. History of offending: Offenders with a prior history of non-sexual violent and non-violent offenses were more likely to reoffend non-sexually, which could be associated with a higher likelihood of reoffending sexually.
3. Number of child sexual offences: Offenders who committed more than one child sexual offence at their first police proceeding were more likely to reoffend sexually.",4019.7567000286654,9956,,8662,1221d48a6b1a9cc38cb81dc16606ef088a035da33f00b186b1fad3a9b31822f0,OK,
unidoc_legal_0019,MISS_AT_3_HIT_AT_6,E6,PRIMARY_224,6,6,"According to the Australian Institute of Criminology, the elements that increase the risk of repeat sexual offenses by child sex offenders as time progresses include:

1. A history of non-sexual offending.
2. Committing more than one child sexual offence at the first police proceeding.
3. Being a juvenile offender at the time of the first child sexual offence.
4. Indigenous status.
5. Living in regional or remote locations.

These factors are associated with a higher likelihood of reoffending, both sexually and non-sexually, particularly in the initial years following the first police proceeding for child sexual offences.",4785.480200080201,19748,,18329,efc9fcfb7f1dc7fa65e7f219b1b0d4da47ffd7a7f363d551258cf67aacfe672a,OK,
unidoc_legal_0019,MISS_AT_3_HIT_AT_6,E9,PRIMARY_224,9,9,"According to the Australian Institute of Criminology, the elements that increase the risk of repeat sexual offenses by child sex offenders as time progresses include:

1. A history of non-sexual offending.
2. Committing more than one child sexual offence at the first police proceeding.
3. Being a juvenile offender at the time of the first child sexual offence.
4. Indigenous status.
5. Living in regional or remote locations.

These factors are associated with a higher likelihood of reoffending, both sexually and non-sexually, among child sexual offenders.",5172.644699923694,26164,,24620,635ecb6a3b6310d118b73c68f4073f8b645582471487b1097961e3f6a6ded14b,OK,
unidoc_legal_0023,MISS_AT_6_HIT_AT_9,E3,PRIMARY_224,3,3,The provided text does not include specific start and end dates for active agreements listed in the Contracts - Purchase contracts dashboard related to NDAs.,1748.513099970296,6809,,5532,af2214595a881a3581696a72c35f6834db3dbbbe447cc456a7e72b7e4a73ee8b,OK,
unidoc_legal_0023,MISS_AT_6_HIT_AT_9,E6,PRIMARY_224,6,6,The provided document does not include specific start and end dates for active agreements in the Contracts - Purchase contracts dashboard related to NDAs. The information is not supported by the currently retrieved evidence.,1368.86000004597,10377,,8977,6baa06ff4063a4f10811ee1e7f250a1d8a9691c66219d038619239a4affb217a,OK,
unidoc_legal_0023,MISS_AT_6_HIT_AT_9,E9,PRIMARY_224,9,9,"The information provided does not include specific start and end dates for active agreements listed in the Contracts - Purchase contracts dashboard related to NDAs. The text explains how to create and manage contracts and NDAs, including fields such as Effective date, Expiration date, and Notice date, but it does not provide actual dates for any specific agreements.",3295.135000022128,13633,,12106,4a66c85ec81cc9ed8ae5c1540ad1a8dee43bdf2b36259fb5e6ab40110fe65f3e,OK,
unidoc_legal_0028,MISS_AT_6_HIT_AT_9,E3,PRIMARY_224,3,3,"In the 52 cases where domestic abuse was alleged and unsupervised contact was ordered by the court, unsupervised contact had taken place prior to the application being made to court in 85% of these cases.",1340.5777000589296,9094,,7836,755d400cec02d31e9b10dd3dfb16b6a895d9cf69f5d48669f31f386656bbc46f,OK,
unidoc_legal_0028,MISS_AT_6_HIT_AT_9,E6,PRIMARY_224,6,6,"In the cases where domestic abuse was alleged, unsupervised contact was ordered in 39% of the cases.",1552.168900030665,14468,,13081,7a52b7fe85cf2adc7c8df7b0c8570081f7731571cfa2fc3b57cee2a71e208b40,OK,
unidoc_legal_0028,MISS_AT_6_HIT_AT_9,E9,PRIMARY_224,9,9,"In the study, unrestricted (unsupervised) interaction with the child was determined in 52 cases where domestic abuse was alleged and unsupervised contact was ordered by the court.",2149.45530006662,21390,,19876,bc154da6585b9109472fd5bc152d6dc1ed72ee879f21fb41f1b01aee53874da6,OK,
unidoc_legal_0033,MISS_AT_3_HIT_AT_6,E3,PRIMARY_224,3,3,"The participants who engage with the activities in the unified diagram for the combined Kruse and USDOJ digital forensic process models include the Investigator, the Prosecution, and the Defense. The Investigator can be specialized into a First Responder, which may be an Emergency Response Team or a System Administrator. The Prosecution and Defense are role players in a criminal matter only.",2041.5394000010565,7705,,6435,0412a1b0dbdc0f7082e38427d5b5b22b20b5912c2657b7b22a318a34fb3783e3,OK,
unidoc_legal_0033,MISS_AT_3_HIT_AT_6,E6,PRIMARY_224,6,6,"The participants who engage with the activities in the unified diagram for the combined Kruse and USDOJ digital forensic process models are the Investigator, Prosecution, Defense, and Court. The Investigator can be specialized as a First Responder or Other. The Prosecution and Defense are interested in the steps taken in each of the use cases, while the Court examines the evidence report and evaluates the use cases if there is a dispute.",2453.8746000034735,11748,,10351,9057133d19ec5ef34fac0b15c98e4ee22aca350691b6e4a34c955ec341c20cd8,OK,
unidoc_legal_0033,MISS_AT_3_HIT_AT_6,E9,PRIMARY_224,9,9,"The participants who engage with the activities in the unified diagram for the combined Kruse and USDOJ digital forensic process models (InteDFPM) include the Investigator, Prosecution, Defense, and Court. The Investigator can be specialized as a First Responder or Other. The Prosecution and Defense are interested in the steps taken in each of the use cases, and the Court evaluates the evidence report generated by the Report use case. The Court's interaction changes if there is a dispute about the steps taken during the investigation, in which case it evaluates all the use cases.",3435.006699990481,15417,,13895,70538462519514b8c6a6882468913d49b9e85133f60e442f76d91127520d91f8,OK,
unidoc_legal_0060,MISS_AT_6_HIT_AT_9,E3,PRIMARY_224,3,3,The information provided does not specify the start and end dates of agreements involving Master International and Wolters Kluwer Belgium.,869.6050000144169,4146,,2913,4c2b03e5c0988bc11f6ef0cfec0345d3ae7f0de6d820a017cacdd11a2309b5c9,OK,
unidoc_legal_0060,MISS_AT_6_HIT_AT_9,E6,PRIMARY_224,6,6,The information regarding the specific start and end dates of agreements involving Master International and Wolters Kluwer Belgium is not supported by the currently retrieved evidence.,1116.3224000483751,9163,,7801,cf309c4563c223b67814ec893f82108bccbd15cee6940baa1d1a64b8c8d9e852,OK,
unidoc_legal_0060,MISS_AT_6_HIT_AT_9,E9,PRIMARY_224,9,9,The information provided does not specify the start and end dates of agreements involving Master International and Wolters Kluwer Belgium.,1072.792499908246,14261,,12774,c336ac9a8d43639eeae52aa8687c3ad1b925bcb78dadd6f44d70a3faeca09d5a,OK,
unidoc_legal_0067,MISS_AT_3_HIT_AT_6,E3,PRIMARY_224,3,3,"The Schwander/Häusermann and Rehm frameworks suggest that outsiderness significantly influences voting behavior, particularly in relation to support for the major right and radical right parties. According to these frameworks, as outsiderness increases, the likelihood of supporting the major right decreases. Specifically, moving from the minimum to maximum on the Schwander/Häusermann and Rehm outsiderness scale reduces the likelihood of supporting the major right by 16.2 and 24.4 percentage points, respectively. 

Regarding radical right voting tendencies, the frameworks indicate that extreme outsiders are more likely to support the radical right compared to extreme insiders. Under the Schwander/Häusermann and Rehm operationalizations, extreme outsiders are 5.3 and 3.5 percentage points, respectively, more likely to vote for the radical right than extreme insiders. This suggests that outsiderness, as defined by these risk-based frameworks, is associated with a higher likelihood of supporting radical right parties.",5701.643400010653,11321,,10047,13beb36e14832fe27a711d35af301ad067450d9a3db1902dab11b60a7585d31c,OK,
unidoc_legal_0067,MISS_AT_3_HIT_AT_6,E6,PRIMARY_224,6,6,"The Schwander/Häusermann and Rehm frameworks suggest that outsiderness, as defined by risk-based operationalizations, has a significant influence on radical right voting tendencies. Specifically, individuals classified as extreme outsiders under these frameworks are 5.3 and 3.5 percentage points more likely, respectively, to vote for the radical right compared to extreme insiders. This indicates that those perceived as being at higher social or economic risk are more inclined to support radical right parties.",3479.16470002383,17027,,15624,f40a723932010280b63e8e3fccfe77f35ce35d70bcd90d2d398abce989491184,OK,
unidoc_legal_0067,MISS_AT_3_HIT_AT_6,E9,PRIMARY_224,9,9,"The Schwander/Häusermann and Rehm frameworks suggest that outsiderness, as defined by risk-based operationalizations, is associated with an increased likelihood of supporting radical right parties. Specifically, individuals classified as extreme outsiders under these frameworks are 5.3 and 3.5 percentage points, respectively, more likely to vote for the radical right compared to extreme insiders. This indicates that individuals at higher social or labor market risk, as captured by these frameworks, are more inclined to support radical right voting tendencies.",3630.2354000508785,26490,,24962,df0a82c1ce0af4ba20bea59655e4424905590dd7eeaaa6f4b40f6ad2c4b735bd,OK,
unidoc_legal_0071,MISS_AT_3_HIT_AT_6,E3,PRIMARY_224,3,3,The information provided does not specify the termination date of the contract named 'BUSINESS AGREEMENT' between Mastar Florida Corp. and InforSense.com. The text context outlines general contract fields and functionalities within a contract management system but does not include specific contract details for this agreement.,1621.0650999564677,7775,,6490,becfe7b93f335004559b2570f1f98e48078e421112c5c38ecf98eada635be38b,OK,
unidoc_legal_0071,MISS_AT_3_HIT_AT_6,E6,PRIMARY_224,6,6,The information regarding the termination date of the contract named 'BUSINESS AGREEMENT' between Mastar Florida Corp. and InforSense.com is not supported by the currently retrieved evidence.,1473.016900010407,11558,,10150,c4d61d315f4db809464b462ea53e3c46725954d590d9ac515aeb5684f1fa090a,OK,
unidoc_legal_0071,MISS_AT_3_HIT_AT_6,E9,PRIMARY_224,9,9,"The information provided does not specify the termination date of the contract named 'BUSINESS AGREEMENT' between Mastar Florida Corp. and InforSense.com. The text context explains the definitions and functionalities related to contract terms, expiration dates, and alerts within a system, but it does not include specific details about this particular contract's termination date.",3048.2911999570206,15306,,13769,a13a08b5ad8fb2e7070b7c5898143130a85f9f14a3b6f90bb08241155f8bae06,OK,
unidoc_legal_0105,MISS_AT_9,E3,PRIMARY_224,3,3,The information regarding the specific expiration date of the corporate software license agreement between Master International Holding B.V. and Wolters Kluwer Belgium is not provided in the retrieved text.,1158.4119000472128,7761,,6490,6768c92cffe17aa0a10419bd9c9012d4da87f5796299e129471ba25eee72221d,OK,
unidoc_legal_0105,MISS_AT_9,E6,PRIMARY_224,6,6,The information regarding the specific expiration date of the corporate software license agreement between Master International Holding B.V. and Wolters Kluwer Belgium is not provided in the retrieved evidence.,1641.4727999363095,11509,,10109,228e8ef6fcd240a57c374e96a4e2fc6de91061edd465e70a7aa310593a039909,OK,
unidoc_legal_0105,MISS_AT_9,E9,PRIMARY_224,9,9,The information regarding the conclusion date of the corporate software license agreement between Master International Holding B.V. and Wolters Kluwer Belgium is not provided in the retrieved document evidence.,1315.0408999063075,14842,,13317,00d2b5294c79eb0d9f971f35b403d36c08c1e0e5150b30db4adcbbbd95eaef18,OK,
unidoc_legal_0133,MISS_AT_3_HIT_AT_6,E3,PRIMARY_224,3,3,"Based on the July 2021 report from the Australian Institute of Criminology, the following factors and periods are linked to sexual reoffending in child sex offenders:

1. **Periods of Reoffending**: The likelihood of both sexual and non-sexual reoffending is highest in the two years following the first police proceeding for child sexual offences, and it steadily decreases over time.

2. **Offender Type**: Procurement/grooming offenders were the most likely to reoffend sexually, while child sexual assault offenders were more likely to reoffend non-sexually and less likely to reoffend sexually.

3. **Predictors of Reoffending**: Important predictors of reoffending include Indigenous status, a history of offending, and the number of child sexual offences. However, risk profiles varied between different types of offenders.

4. **Nature of Offending**: Offenders whose principal child sexual offences were procurement or grooming-related may constitute a more homogeneous, sexually deviant group, and their higher rate of sexual reoffending may reflect the ease of continuing to interact sexually with children or access child sexual abuse material (CSAM) in an online environment.

5. **Monitoring Effect**: The heightened risk of reoffending in the shorter term could be partially due to a monitoring effect, with closer supervision of offenders in the period immediately following criminal justice system contact increasing the likelihood that further offences will be detected.

6. **Criminal Justice System Contact**: The period immediately following criminal justice system contact may see some offenders re-exposed to the stressors that underpinned their initial sexual offences, while others may experience new stressors as a result of their involvement with the criminal justice system.",10242.221900029108,9825,,8530,f4477ff593e2091292c97629d1502ba1fdb24c337214308f83510d6279cdf7ee,OK,
unidoc_legal_0133,MISS_AT_3_HIT_AT_6,E6,PRIMARY_224,6,6,"Based on the July 2021 report from the Australian Institute of Criminology, the following factors and periods are linked to sexual reoffending in child sex offenders:

1. **Periods of Reoffending**: The likelihood of sexual reoffending is highest in the two years following the first police proceeding for child sexual offences, and it steadily decreases over time.

2. **Offender Type**: Procurement/grooming offenders are the most likely to reoffend sexually. This may be due to their determination to procure a child for sexual contact or the ease of interacting with children or accessing child sexual abuse material (CSAM) online.

3. **Prior Offending History**: Offenders who had committed more than one child sexual offence at their first police proceeding were more likely to sexually reoffend. The predicted probability of reoffending was six times higher for those with more than one child sexual offence.

4. **Indigenous Status**: Indigenous offenders were more likely to reoffend sexually compared to non-Indigenous offenders. The predicted probability of reoffending was around twice as high for Indigenous offenders as for non-Indigenous offenders.

5. **Offence Transition**: There was some evidence of transition to other sexual offence types, with more than half of the offenders who sexually reoffended committing an offence type different from their initial offence. Transitions were most often to CSAM offending or sexual offences against non-child victims.

These findings highlight the importance of implementing more intensive treatment, monitoring, and interventions in the first few years after criminal justice system contact, particularly for those offenders most at risk of reoffending.",8686.968000023626,18853,,17433,025039c8c5ac3a3eca8261bde3711474ed9c7d9ddc3598108ab1716633fbff2c,OK,
unidoc_legal_0133,MISS_AT_3_HIT_AT_6,E9,PRIMARY_224,9,9,"Based on the July 2021 report from the Australian Institute of Criminology, the following factors and periods are linked to sexual reoffending in child sex offenders:

1. **Periods of Reoffending**:
   - The likelihood of both sexual and non-sexual reoffending is highest in the two years following the first police proceeding for child sexual offences.
   - The risk of reoffending steadily decreases over time.

2. **Factors Associated with Sexual Reoffending**:
   - **Number of child sexual offences at first police proceeding**: Offenders who committed more than one child sexual offence at their first police proceeding were more likely to sexually reoffend.
   - **Indigenous status**: Indigenous offenders were more likely to reoffend sexually compared to non-Indigenous offenders.
   - **Offender type**: Procurement/grooming offenders were the most likely to reoffend sexually compared to other types of child sexual offenders.
   - **Living in regional or remote areas**: Offenders living in regional or remote areas were more likely to reoffend sexually, potentially due to barriers in accessing support and treatment services.

3. **General Observations**:
   - Sexual reoffending among child sexual offenders was rare, with an estimated rate of 7% after 10 years.
   - Child sexual offenders were more likely to reoffend non-sexually than sexually, with 42% reoffending non-sexually after 10 years.
   - Juvenile offenders were more likely to reoffend non-sexually than sexually.
   - A history of non-sexual offending was associated with a higher likelihood of non-sexual reoffending, but not specifically with sexual reoffending.

These findings highlight the importance of implementing intensive treatment, monitoring, and criminal justice responses in the first few years after criminal justice system contact, particularly for those most at risk of reoffending.",12058.014799957164,26665,,25118,88d7cac5196bb1e499844126ffd1bc13a7aa256419ebfc1d819f109dc310c727,OK,
unidoc_legal_0135,MISS_AT_3_HIT_AT_6,E3,PRIMARY_224,3,3,"The guiding principle of Slindon College's whistleblowing policy is to ensure transparency and accountability in order to address any issues that may arise and to maintain high standards. The policy emphasizes that members of staff are expected to report malpractice and wrongdoing, and it is in everyone's interest for such malpractice to be corrected and, if appropriate, sanctions to be applied. The policy also states that there will be no disciplinary action taken against a member of staff for making a report, provided that it is done in good faith.",3355.505399988033,6570,,5340,d20d9fd312d687b5b17c9a6652f0711c16937dd5ef14980222508955fc70c91a,OK,
unidoc_legal_0135,MISS_AT_3_HIT_AT_6,E6,PRIMARY_224,6,6,"The guiding principle of Slindon College, as described in the whistleblowing policy document, is a commitment to delivering services of the highest possible standard and ensuring the safety and welfare of all members of the college community, including pupils and staff. The college encourages staff to voice concerns about any aspect of the college's work, including poor or unsafe practices, unethical conduct, and potential failures in the safeguarding regime. It emphasizes transparency and accountability, stating that any concerns raised will be taken seriously, and there will be no disciplinary action against a member of staff for making a report in good faith.",3124.5835999725387,13367,,12014,1e866488e0ccb2ea79a9e96f7bdedb2414e53d4fd54bc993dd0df27e8900eaea,OK,
unidoc_legal_0135,MISS_AT_3_HIT_AT_6,E9,PRIMARY_224,6,6,"The guiding principle of Slindon College's whistleblowing policy is to ensure transparency and accountability in order to address any issues that may arise and to maintain high standards. The policy emphasizes the importance of delivering services of the highest possible standard and ensuring the safety and welfare of all in the college community, including pupils and staff. It encourages members of staff to come forward and voice any concerns about any aspect of the College’s work, including poor or unsafe practices, unethical conduct, and potential failures in the safeguarding regime. The overriding consideration is that it is in everyone's interest for such malpractice to be corrected and, if appropriate, sanctions to be applied. The policy also states that there will be no disciplinary action taken against a member of staff for making a report, provided that it is done in good faith.",5829.188700066879,13367,,12014,1e866488e0ccb2ea79a9e96f7bdedb2414e53d4fd54bc993dd0df27e8900eaea,OK,
unidoc_legal_0141,MISS_AT_9,E3,PRIMARY_224,3,3,The provided text context does not contain any information about the tags of standard DuraPro connectors for toilet tanks featuring plastic coupling nuts.,800.5690999561921,1492,,233,e376e9feaf269ebde72d8af48220eaec6afed0be0fcce630dac2d255b39ad8ce,OK,
unidoc_legal_0141,MISS_AT_9,E6,PRIMARY_224,6,6,"The provided text context does not contain any information about the tags of standard DuraPro connectors for toilet tanks featuring plastic coupling nuts. Therefore, no specific details can be specified based on the given evidence.",1128.4925000509247,1978,,592,a45a563d660a33cc93284f2a3b8e3247944732488fab81f25362ee04f42a2751,OK,
unidoc_legal_0141,MISS_AT_9,E9,PRIMARY_224,9,9,The provided text context does not contain any information about the tags of standard DuraPro connectors for toilet tanks featuring plastic coupling nuts.,881.2389000086114,2467,,952,bb2d8eb598b35dfd6ede16b22ecb0d18ecfa4f774ff64681a9646c4eb78946d2,OK,
unidoc_legal_0149,MISS_AT_3_HIT_AT_6,E3,PRIMARY_224,3,3,"The primary classifications in digital forensics, as depicted, include Procedures, Evidence Assessment, Evidence Acquisition, Evidence Examination, Documentation & Reporting, Digital Forensics Tools, Legal Aspects, and Victim Relations. Each classification encompasses specific threats and countermeasures. For example, Evidence Acquisition includes Precautions, Protection, and Preservation threats and countermeasures, while Evidence Examination includes Preparation, Physical Extraction, Logical Extraction, Timeframe Analysis, Data Hiding Analysis, Application/File Analysis, and Ownership/Possession threats and countermeasures. Digital Forensics Tools include Hardware, Software, Training, and Funding threats and countermeasures.

The methods used to evaluate risks involve a series of assessment questions designed to elicit responses regarding perceived risks to proper digital forensics procedures, evidence handling/examination, admissibility, and associated issues. These responses are used to generate a quantitative digital forensics risk index through a Risk-O-Meter algorithm.",5973.539400030859,5661,,4420,a95591b215432a79670a43b1ac0a4d47358c1da44836bba927a2b688c3994203,OK,
unidoc_legal_0149,MISS_AT_3_HIT_AT_6,E6,PRIMARY_224,6,6,"The primary classifications used to evaluate risks in digital forensics include:

1. **Procedures**
2. **Evidence Assessment**
3. **Evidence Acquisition**
4. **Evidence Examination**
5. **Documentation & Reporting**
6. **Digital Forensics Tools**
7. **Legal Aspects**
8. **Victim Relations**

Each classification is associated with specific threats and countermeasures. For example:

- **Evidence Acquisition** includes threats related to **Precautions, Protection, and Preservation**.
- **Evidence Examination** includes threats related to **Preparation, Physical Extraction, Logical Extraction, Timeframe Analysis, Data Hiding Analysis, Application/File Analysis, and Ownership/Possession**.
- **Digital Forensics Tools** includes threats related to **Hardware, Software, Training, and Funding**.

The methods used to evaluate these risks involve a **Digital Forensics Risk Meter**, which is based on a series of questions designed to assess personnel's perceptions of digital forensics risk. The responses to these questions are used to generate a **quantitative digital forensics risk index**. This index is calculated using a **Risk-O-Meter algorithm** to quantify the investigator's experience with the eight crucial aspects of the digital forensics process.",7444.06429992523,8327,,6961,7ff19b77756bf3240286588e63e60f9974f941cffb85145759d62e756fd5d96d,OK,
unidoc_legal_0149,MISS_AT_3_HIT_AT_6,E9,PRIMARY_224,9,9,"The primary classifications used to evaluate risks in digital forensics, as depicted, include:

1. **Procedures**
2. **Evidence Assessment**
3. **Evidence Acquisition**
4. **Evidence Examination**
5. **Documentation & Reporting**
6. **Digital Forensics Tools**
7. **Protocols & Procedures**
8. **Legal Aspects**
9. **Victim Relations**

Each classification is associated with specific threats and countermeasures. For example:

- **Evidence Acquisition** includes threats related to **Precautions, Protection, and Preservation**.
- **Evidence Examination** includes threats related to **Preparation, Physical Extraction, Logical Extraction, Timeframe Analysis, Data Hiding Analysis, Application/File Analysis, and Ownership/Possession**.
- **Digital Forensics Tools** includes threats related to **Hardware, Software, Training, and Funding**.

The methods used to evaluate these risks involve a **Digital Forensics Risk Meter**, which is based on a series of questions designed to assess personnel's perceptions of digital forensics risk. The responses to these questions are used to generate a **quantitative digital forensics risk index**. This index is calculated using a **game-theoretical mathematical approach** to optimize or lower risk to desired levels. The risk index is derived from **yes or no responses** to questions about specific threats and countermeasures, and the results are used to provide **risk mitigation advice**.",8988.260700018145,12281,,10790,fcff071aceab249caabcc257ac0b094254f86b6a40b96ccd7bb05f2ce0cf6666,OK,
unidoc_legal_0151,MISS_AT_3_HIT_AT_6,E3,PRIMARY_224,3,3,The agency in the Philippines tasked with overseeing privacy regulations is the National Privacy Commission.,927.5626000016928,3498,,2269,fdc618689888408eacf17924ce234c58cf4ca23d5c611eadefd695d76ff006cd,OK,
unidoc_legal_0151,MISS_AT_3_HIT_AT_6,E6,PRIMARY_224,6,6,The agency in the Philippines tasked with overseeing privacy regulations is the National Privacy Commission.,723.639199975878,9148,,7796,d1b77093d8e21dfa7ca15ca885b7d612a791739fb193b9db00ce55be738aaaf2,OK,
unidoc_legal_0151,MISS_AT_3_HIT_AT_6,E9,PRIMARY_224,7,7,The agency in the Philippines tasked with overseeing privacy regulations is the National Privacy Commission.,854.1190000250936,10752,,9359,0cbd596a703280d50bd109a6885842e22ec4e9e0fcf8ed96d57238db5b58e12c,OK,
unidoc_legal_0153,MISS_AT_3_HIT_AT_6,E3,PRIMARY_224,3,3,"From 2017 to 2019, there were notable shifts in the participation of various entities in anti-slavery collaborations in the UK. Non-governmental organizations (NGOs) saw an increase in their involvement, with more diverse membership in anti-slavery partnerships. While police officers continued to lead or co-ordinate most partnerships, there was a growing presence of non-statutory members, including NGOs, in these collaborations. This diversification reflects a broader recognition of the need for multi-agency approaches to address the complex nature of modern slavery.

Local government bodies, particularly through various functions such as housing, safeguarding, public health, and social care, began to play a more prominent role in anti-slavery partnerships. This increased participation aligns with their statutory responsibilities to safeguard children and vulnerable adults, and it highlights their key role in effective local service delivery. The report notes that local authorities are increasingly involved in supporting victims and survivors, and their participation in partnerships has grown, although the report also emphasizes the need for adequate funding to support this important work.

Law enforcement, specifically police forces, continued to be central to anti-slavery partnerships. The majority of police forces in the UK were working with anti-slavery partnerships at strategic or operational levels. The report indicates that partnerships have developed stronger collaborative structures, improved victim identification and support, and implemented multi-agency approaches to enforcement and regulation. However, partnership working is often seen as a voluntary endeavor, undertaken on top of existing workloads, and there remains a challenge in securing dedicated resources and funding for these efforts.",5987.87860001903,15391,,14033,c29ea0e4639863678c58cde60c4d2e85b41af29e26f88df8c4d0feeec19209b3,OK,
unidoc_legal_0153,MISS_AT_3_HIT_AT_6,E6,PRIMARY_224,6,5,"From 2017 to 2019, there were notable shifts in the participation of various entities in anti-slavery collaborations. Non-governmental organizations (NGOs) saw an increase in involvement, with their participation becoming more prominent in partnerships, although police continued to lead or coordinate most partnerships. Local government bodies began to play a more active role, particularly through functions such as housing, safeguarding, public health, and social care, reflecting their statutory responsibilities and the need for a comprehensive local response. Law enforcement, specifically police, remained a dominant force in leading and coordinating these partnerships, though there was recognition of the need for broader leadership to enhance collaboration and support for victims.",4552.610199898481,26090,,24609,d987d5aa227fb3691b707ca4d6125545140f8da581be720286f524c361514ff8,OK,
unidoc_legal_0153,MISS_AT_3_HIT_AT_6,E9,PRIMARY_224,9,7,"From 2017 to 2019, there were notable shifts in the participation of various entities in anti-slavery collaborations, particularly in the contributions of non-governmental organizations (NGOs), local government bodies, and law enforcement. 

1. **Non-Governmental Organizations (NGOs):** The involvement of NGOs in anti-slavery partnerships increased, with a diversification in the membership of these partnerships. NGOs became more prominent in the coordination and leadership roles, although police still dominated as chairs and coordinators. NGOs contributed to a range of activities, including victim identification, survivor support, and community engagement. They also played a role in developing victim navigator support schemes and pre-NRM support services.

2. **Local Government Bodies:** Local authorities began to participate more actively in anti-slavery partnerships, with departments such as safeguarding, community safety, trading standards, public health, and social care being involved. This broader engagement emphasized a multi-agency and preventative approach to modern slavery. Local authorities took on more roles in supporting victims and survivors, reflecting their statutory responsibilities to safeguard children and vulnerable adults.

3. **Law Enforcement:** Law enforcement, particularly police, remained a dominant force in the leadership and coordination of anti-slavery partnerships. However, there was a recognition of the need for a more balanced approach that included input from local government and NGOs to ensure a comprehensive response. Police-led partnerships focused on enforcement and intelligence gathering, but there was a growing acknowledgment of the need to integrate victim identification and survivor support more effectively.

Overall, the period from 2017 to 2019 saw an evolution in the structure and function of anti-slavery partnerships, with increased participation from NGOs and local government bodies, while law enforcement continued to play a central role in coordination and leadership.",12686.119699967094,36771,,35163,9ae5e8497257eefe70e7f1c53c54f9de67c9dcc8979501cbedc7794eb46898b5,OK,
unidoc_legal_0159,MISS_AT_3_HIT_AT_6,E3,PRIMARY_224,3,3,"In instances involving claims of domestic abuse, a ""no contact"" directive was issued in 7% of the cases at the first hearing, as per the data provided.",1223.0825000442564,9217,,7986,739994f7f52c6416137df418686f9111d6e2c1c33ac896ecbb6ec1e0dea0a9d3,OK,
unidoc_legal_0159,MISS_AT_3_HIT_AT_6,E6,PRIMARY_224,6,6,"In instances involving claims of domestic abuse, no contact directives were issued in 19% of the cases at the final hearing.",1339.728399994783,14355,,12995,ce45ee5a228132e6cd0ad0c3caf41966aa81aec92d6bab7b1f077e744d93a2a1,OK,
unidoc_legal_0159,MISS_AT_3_HIT_AT_6,E9,PRIMARY_224,9,9,"In instances involving claims of domestic abuse, no contact directives were issued in 19% of the cases at the final hearing.",1443.6483000172302,18561,,17074,44140a7121d42765f93265a3c8b191da39054d3b46abb6327803ff7a5a2d4b33,OK,
unidoc_legal_0160,MISS_AT_3_HIT_AT_6,E3,PRIMARY_224,3,3,The provided text does not mention the enactment date of the Religious Freedom Restoration Act by the U.S. President.,1093.1815000949427,8787,,7554,7ddd9ad50f02b0c01a7115b166ae16e356c920a00d4071c26b1f0f28eb32c513,OK,
unidoc_legal_0160,MISS_AT_3_HIT_AT_6,E6,PRIMARY_224,6,6,"The enactment of the Religious Freedom Restoration Act by the U.S. President took place on November 16, 1993.",1589.4888000329956,20931,,19575,785a4eddb6d1ff6a63676cd322a4c6879fe7833973c3a8a6cdafa0e0c59c96a3,OK,
unidoc_legal_0160,MISS_AT_3_HIT_AT_6,E9,PRIMARY_224,9,6,"The enactment of the Religious Freedom Restoration Act by the U.S. President took place on November 16, 1993, when President Clinton signed it into law.",1831.7881000693887,27569,,26090,c25bc767d6658843a6ec96ac8c1a0296810815806696310a1254246fb2402e0d,OK,
unidoc_legal_0161,MISS_AT_3_HIT_AT_6,E3,PRIMARY_224,3,3,"The events from the T Day Ordinance through Takeshima Days between 2005 and 2015 had varying impacts on material conflicts between Japan and South Korea. The passage of the Takeshima Day Ordinance in 2005 had a statistically significant positive effect on material conflicts, with a coefficient of 0.925001. However, the impact of subsequent Takeshima Days varied, with some years showing no significant effect or even a slight negative effect. For example, the Second Takeshima Day (2007) had a coefficient of -0.067641, and the Seventh Takeshima Day (2012) had a coefficient of -0.045938. The Eighth Takeshima Day (2013) had a statistically significant positive effect on material conflicts, with a coefficient of 0.448953. The Tenth Takeshima Day (2015) had a minimal effect, with a coefficient of 0.004875. Overall, the data suggests that the impact of these events on material conflicts was not consistent and diminished over time.",6608.9183000149205,7157,,5863,f82826f8b4049faa413c8f4d0d82ad826a0073176790d91439ccceeb17819e84,OK,
unidoc_legal_0161,MISS_AT_3_HIT_AT_6,E6,PRIMARY_224,6,6,"The events from the T Day Ordinance through Takeshima Days between 2005 and 2015 had a varying impact on material conflicts between Japan and South Korea. Initially, the passage of the Takeshima Day Ordinance in 2005 and the first Takeshima Day in 2006 significantly increased both verbal and material conflicts. However, as the ritualized event recurred over time, its escalatory effect on material conflicts gradually diminished, with some instances showing a negative effect. By contrast, the 2012 visit of the South Korean president to the disputed islets, a non-ritualized hostile event, had a significant escalatory effect on material conflicts.",5903.8690000306815,13719,,12298,2bf715676f1682c598b8df57fc76b03ea40a9a8d6fdbcb6c3e30d3ae9fc45d77,OK,
unidoc_legal_0161,MISS_AT_3_HIT_AT_6,E9,PRIMARY_224,9,9,"The events from the T Day Ordinance through Takeshima Days between 2005 and 2015 had a diminishing impact on material conflicts between Japan and South Korea. Initially, the passage of the Takeshima Day Ordinance in 2005 and the first Takeshima Day in 2006 significantly increased both verbal and material conflicts. However, as the event recurred over time, its escalatory effect gradually diminished, with later commemorations showing little to no significant impact on material conflicts. By 2015, the effect had even become negative in some cases. In contrast, the non-ritualized event of South Korean president Lee Myung-Bak's visit to the disputed islets in 2012 had a significant escalatory effect.",4734.51490001753,19516,,17970,ca82aa8ddddab625c144847c03d8c0fdf7fa86b46d07bf7a8e832a44465a85ac,OK,
unidoc_legal_0166,MISS_AT_3_HIT_AT_6,E3,PRIMARY_224,3,3,The information regarding the start date of the contractual agreement with ABC Inc. regarding Corporate software is not supported by the currently retrieved evidence.,1158.3787000272423,6289,,5065,c944d7fe3d459e1663989be018ae27e17b687e05c1ffa7f8d88e7583f68a41be,OK,
unidoc_legal_0166,MISS_AT_3_HIT_AT_6,E6,PRIMARY_224,6,6,The information regarding the start date of the contractual agreement with ABC Inc. regarding Corporate software is not supported by the currently retrieved evidence.,1197.9962999466807,11238,,9885,cf3ede5a17cddc2d55db58ee0d8c46c66c174d6b6be12f0b9f31af47e8fee6c0,OK,
unidoc_legal_0166,MISS_AT_3_HIT_AT_6,E9,PRIMARY_224,9,9,The information regarding the start date of the contractual agreement with ABC Inc. concerning Corporate software is not supported by the currently retrieved evidence.,1353.6457000300288,14410,,12934,140960c9313601fc52616a61fc05054f97d9acc60bc877768b306726723192dd,OK,
unidoc_legal_0200,MISS_AT_3_HIT_AT_6,E3,PRIMARY_224,3,3,The total number of service calls managed by the YCSO in 2018 is not explicitly stated in the provided document evidence.,819.5551999378949,4504,,3268,de8a01faac285e6326df99a261fb24362d2a03757b9f7ad7b492bf4805d9d127,OK,
unidoc_legal_0200,MISS_AT_3_HIT_AT_6,E6,PRIMARY_224,6,6,"Based on the information provided in the given text, the total number of service calls managed by the YCSO in 2018 cannot be directly determined. The text mentions ""Civil Service Attempts"" for various fiscal years, but it does not specify the exact number for the year 2018. Additionally, the text includes data about animal care services, jail bookings, and other activities, but none of these pertain directly to the total service calls for 2018. Therefore, the information is not supported by the currently retrieved evidence.",3227.368399966508,9821,,8460,d3e0f2f9495d78f6ec82b669c18f957a46f4bffe0aeeff5685469b145662b3b7,OK,
unidoc_legal_0200,MISS_AT_3_HIT_AT_6,E9,PRIMARY_224,9,9,"Based on the information provided in the given text, the total number of service calls managed by the YCSO in 2018 cannot be determined as the data provided does not specifically mention the number of service calls for that year. The text includes data for civil service attempts and other activities, but not the total service calls for 2018.",3551.082200021483,17117,,15629,62af534b5041a6f00952527a5865cb7682a85f8fb200b1721da4f0edc25256d1,OK,
unidoc_healthcare_0052,HIT_AT_3,E3,HUMAN_DIAGNOSTIC_6,3,3,"Over 24 months of anti-VEGF therapy within the central 6 mm area:

1. **Intraretinal Fluid (IRF)**: IRF resolved rapidly after the first injection and remained low throughout the 24 months of follow-up. The therapeutic response for IRF was similar across the two IRF arms, with low residual IRF independent of fixed or flexible regimen.

2. **Subretinal Fluid (SRF)**: The mean volume of SRF at baseline was three times larger than that of IRF. The first injection resulted in substantial SRF resolution, and SRF pooling remained low subsequently. The mean SRF volume in the monthly treatment arm was less than in the PRN-treated arm.

3. **Pigment Epithelial Detachment (PED)**: PED showed a less pronounced reduction compared to IRF and SRF, with no further resolution observed with continued treatment. The resolution of PED was more intensive with monthly re-treatment compared to PRN treatment.",5452.231299947016,11549,,10288,4cd301a0b4e0becb7af411fbcf4c37bf3a3c147d291d7b175168500d3e38c644,OK,
unidoc_construction_0108,HIT_AT_3,E3,HUMAN_DIAGNOSTIC_6,3,3,"The differing permeability in the dam's abutments at the Peygham-Chay site significantly impacts seepage. The left abutment, composed of heterogeneous alluvium, exhibits a broad permeability range from 2.48e-8 to 1.16e-2 cm/s, leading to variable seepage conditions. In contrast, the right abutment has lower permeability due to the presence of bedrock and thinner alluvium, with permeability values generally lower than those in the left abutment. These permeability differences necessitate the consideration of 15 sections for water seepage analysis, as the varying permeability and thickness of materials along the dam influence seepage behavior.",4751.286000013351,6933,,5693,ce0aa9831f3e0c0c999ba9632da02ff67c405eaefb1fb3317fdb3583baee9b35,OK,
unidoc_energy_0078,HIT_AT_3,E3,HUMAN_DIAGNOSTIC_6,3,3,"The information regarding the UK natural gas benchmark value denominated in US dollars per MMBtu for July 20 to July 21, 2021, is not supported by the currently retrieved evidence.",1594.3307999987155,2806,,1546,07451cc6206f73362dcdc80b020a89a25ccf31c3fbed722c6dd743ae2bf68be4,OK,
unidoc_finance_0150,HIT_AT_3,E3,HUMAN_DIAGNOSTIC_6,3,3,The retrieved document evidence does not provide the count of newly initiated direct lending funds in both the United States and European markets for 2017. The information is not supported by the currently retrieved evidence.,1332.514000008814,9252,,7985,b39b145dda4b22b1320e17d49fd4f6cfe0f1ba2be77188711df92cfc8712a31c,OK,
unidoc_finance_0018,HIT_AT_3,E3,HUMAN_DIAGNOSTIC_6,3,3,"Based on the competitiveness data provided, Ireland's nominal labor expenses per unit increased significantly between 1999 and 2011. The decomposition of the increase in the REER (Real Effective Exchange Rate) for Ireland shows that the total REER increased by 34.1 percent during this period. This increase was partly due to a 13.0 percent change in the ratio of domestic and foreign real unit labor costs (u/u*), indicating a significant alteration in Ireland's nominal labor expenses per unit.",2924.732999992557,8245,,6982,f47adbe36d47487001dffb80b81dfc226a2f01147529dcfde17fbcf1477dbfc5,OK,
unidoc_legal_0168,HIT_AT_3,E3,HUMAN_DIAGNOSTIC_6,3,3,"The key objectives outlined for groups focused on freeing occupied regions and dismantling adversary nations include the liberation of Palestine, the restoration of Islamic law and Khilafah (global leadership of Muslims), and the propagation of ideology through the use of the web. These groups also engage in criticizing their enemies, describing operations and rationales supported by Quranic verses, and using the web as a propaganda tool for their members.",2481.6463999450207,9419,,8163,c8bc02f07a84915b26baaf5428b7d5c397d43985c95489e4e66c5930ea9ba23b,OK,
unidoc_healthcare_0052,HIT_AT_3,E6,HUMAN_DIAGNOSTIC_6,,,,,,,,,UNAVAILABLE_EVIDENCE,No Phase 1B expanded evidence; retrieval rerun prohibited
unidoc_healthcare_0052,HIT_AT_3,E9,HUMAN_DIAGNOSTIC_6,,,,,,,,,UNAVAILABLE_EVIDENCE,No Phase 1B expanded evidence; retrieval rerun prohibited
unidoc_construction_0108,HIT_AT_3,E6,HUMAN_DIAGNOSTIC_6,,,,,,,,,UNAVAILABLE_EVIDENCE,No Phase 1B expanded evidence; retrieval rerun prohibited
unidoc_construction_0108,HIT_AT_3,E9,HUMAN_DIAGNOSTIC_6,,,,,,,,,UNAVAILABLE_EVIDENCE,No Phase 1B expanded evidence; retrieval rerun prohibited
unidoc_energy_0078,HIT_AT_3,E6,HUMAN_DIAGNOSTIC_6,,,,,,,,,UNAVAILABLE_EVIDENCE,No Phase 1B expanded evidence; retrieval rerun prohibited
unidoc_energy_0078,HIT_AT_3,E9,HUMAN_DIAGNOSTIC_6,,,,,,,,,UNAVAILABLE_EVIDENCE,No Phase 1B expanded evidence; retrieval rerun prohibited
unidoc_finance_0150,HIT_AT_3,E6,HUMAN_DIAGNOSTIC_6,,,,,,,,,UNAVAILABLE_EVIDENCE,No Phase 1B expanded evidence; retrieval rerun prohibited
unidoc_finance_0150,HIT_AT_3,E9,HUMAN_DIAGNOSTIC_6,,,,,,,,,UNAVAILABLE_EVIDENCE,No Phase 1B expanded evidence; retrieval rerun prohibited
unidoc_finance_0018,HIT_AT_3,E6,HUMAN_DIAGNOSTIC_6,,,,,,,,,UNAVAILABLE_EVIDENCE,No Phase 1B expanded evidence; retrieval rerun prohibited
unidoc_finance_0018,HIT_AT_3,E9,HUMAN_DIAGNOSTIC_6,,,,,,,,,UNAVAILABLE_EVIDENCE,No Phase 1B expanded evidence; retrieval rerun prohibited
unidoc_legal_0168,HIT_AT_3,E6,HUMAN_DIAGNOSTIC_6,,,,,,,,,UNAVAILABLE_EVIDENCE,No Phase 1B expanded evidence; retrieval rerun prohibited
unidoc_legal_0168,HIT_AT_3,E9,HUMAN_DIAGNOSTIC_6,,,,,,,,,UNAVAILABLE_EVIDENCE,No Phase 1B expanded evidence; retrieval rerun prohibited
