query_id,top3_text_chars,top6_text_chars,top9_text_chars,top3_text_tokens,top6_text_tokens,top9_text_tokens,delta_tokens_3_to_6,delta_tokens_6_to_9,delta_chars_3_to_6,delta_chars_6_to_9,status
unidoc_commerce_manufacturing_0001,5255,,,,,,,,,,DEPTH_UNMEASURED_TOKENIZER_NOT_USED
unidoc_commerce_manufacturing_0002,11132,,,,,,,,,,DEPTH_UNMEASURED_TOKENIZER_NOT_USED
unidoc_commerce_manufacturing_0003,5013,,,,,,,,,,DEPTH_UNMEASURED_TOKENIZER_NOT_USED
unidoc_commerce_manufacturing_0004,7222,,,,,,,,,,DEPTH_UNMEASURED_TOKENIZER_NOT_USED
unidoc_commerce_manufacturing_0005,6107,,,,,,,,,,DEPTH_UNMEASURED_TOKENIZER_NOT_USED
unidoc_commerce_manufacturing_0006,10141,,,,,,,,,,DEPTH_UNMEASURED_TOKENIZER_NOT_USED
unidoc_commerce_manufacturing_0007,7285,,,,,,,,,,DEPTH_UNMEASURED_TOKENIZER_NOT_USED
unidoc_commerce_manufacturing_0008,2944,,,,,,,,,,DEPTH_UNMEASURED_TOKENIZER_NOT_USED
unidoc_commerce_manufacturing_0009,8813,,,,,,,,,,DEPTH_UNMEASURED_TOKENIZER_NOT_USED
unidoc_commerce_manufacturing_0010,9092,,,,,,,,,,DEPTH_UNMEASURED_TOKENIZER_NOT_USED
unidoc_commerce_manufacturing_0011,3723,,,,,,,,,,DEPTH_UNMEASURED_TOKENIZER_NOT_USED
unidoc_commerce_manufacturing_0012,8871,,,,,,,,,,DEPTH_UNMEASURED_TOKENIZER_NOT_USED
unidoc_commerce_manufacturing_0013,9479,,,,,,,,,,DEPTH_UNMEASURED_TOKENIZER_NOT_USED
unidoc_commerce_manufacturing_0014,3080,,,,,,,,,,DEPTH_UNMEASURED_TOKENIZER_NOT_USED
unidoc_commerce_manufacturing_0015,6495,,,,,,,,,,DEPTH_UNMEASURED_TOKENIZER_NOT_USED
unidoc_commerce_manufacturing_0016,1662,,,,,,,,,,DEPTH_UNMEASURED_TOKENIZER_NOT_USED
unidoc_commerce_manufacturing_0017,7940,,,,,,,,,,DEPTH_UNMEASURED_TOKENIZER_NOT_USED
unidoc_commerce_manufacturing_0018,5524,,,,,,,,,,DEPTH_UNMEASURED_TOKENIZER_NOT_USED
unidoc_commerce_manufacturing_0019,8113,,,,,,,,,,DEPTH_UNMEASURED_TOKENIZER_NOT_USED
unidoc_commerce_manufacturing_0020,2906,,,,,,,,,,DEPTH_UNMEASURED_TOKENIZER_NOT_USED
unidoc_commerce_manufacturing_0021,7320,,,,,,,,,,DEPTH_UNMEASURED_TOKENIZER_NOT_USED
unidoc_commerce_manufacturing_0022,5063,,,,,,,,,,DEPTH_UNMEASURED_TOKENIZER_NOT_USED
unidoc_commerce_manufacturing_0023,7704,,,,,,,,,,DEPTH_UNMEASURED_TOKENIZER_NOT_USED
unidoc_commerce_manufacturing_0024,3488,,,,,,,,,,DEPTH_UNMEASURED_TOKENIZER_NOT_USED
unidoc_commerce_manufacturing_0025,9966,,,,,,,,,,DEPTH_UNMEASURED_TOKENIZER_NOT_USED
unidoc_commerce_manufacturing_0026,5524,,,,,,,,,,DEPTH_UNMEASURED_TOKENIZER_NOT_USED
unidoc_commerce_manufacturing_0027,6419,,,,,,,,,,DEPTH_UNMEASURED_TOKENIZER_NOT_USED
unidoc_commerce_manufacturing_0028,6441,,,,,,,,,,DEPTH_UNMEASURED_TOKENIZER_NOT_USED
unidoc_commerce_manufacturing_0029,9527,,,,,,,,,,DEPTH_UNMEASURED_TOKENIZER_NOT_USED
unidoc_commerce_manufacturing_0030,4251,,,,,,,,,,DEPTH_UNMEASURED_TOKENIZER_NOT_USED
unidoc_commerce_manufacturing_0031,8472,,,,,,,,,,DEPTH_UNMEASURED_TOKENIZER_NOT_USED
unidoc_commerce_manufacturing_0032,4720,,,,,,,,,,DEPTH_UNMEASURED_TOKENIZER_NOT_USED
unidoc_commerce_manufacturing_0033,2742,,,,,,,,,,DEPTH_UNMEASURED_TOKENIZER_NOT_USED
unidoc_commerce_manufacturing_0034,8128,,,,,,,,,,DEPTH_UNMEASURED_TOKENIZER_NOT_USED
unidoc_commerce_manufacturing_0035,4667,,,,,,,,,,DEPTH_UNMEASURED_TOKENIZER_NOT_USED
unidoc_commerce_manufacturing_0036,8285,,,,,,,,,,DEPTH_UNMEASURED_TOKENIZER_NOT_USED
unidoc_commerce_manufacturing_0037,8738,,,,,,,,,,DEPTH_UNMEASURED_TOKENIZER_NOT_USED
unidoc_commerce_manufacturing_0038,4443,,,,,,,,,,DEPTH_UNMEASURED_TOKENIZER_NOT_USED
unidoc_commerce_manufacturing_0039,7982,,,,,,,,,,DEPTH_UNMEASURED_TOKENIZER_NOT_USED
unidoc_commerce_manufacturing_0040,5566,,,,,,,,,,DEPTH_UNMEASURED_TOKENIZER_NOT_USED
unidoc_commerce_manufacturing_0041,2944,,,,,,,,,,DEPTH_UNMEASURED_TOKENIZER_NOT_USED
unidoc_commerce_manufacturing_0042,8256,,,,,,,,,,DEPTH_UNMEASURED_TOKENIZER_NOT_USED
unidoc_commerce_manufacturing_0043,791,,,,,,,,,,DEPTH_UNMEASURED_TOKENIZER_NOT_USED
unidoc_commerce_manufacturing_0044,5978,,,,,,,,,,DEPTH_UNMEASURED_TOKENIZER_NOT_USED
unidoc_commerce_manufacturing_0045,12236,,,,,,,,,,DEPTH_UNMEASURED_TOKENIZER_NOT_USED
unidoc_commerce_manufacturing_0046,9479,,,,,,,,,,DEPTH_UNMEASURED_TOKENIZER_NOT_USED
unidoc_commerce_manufacturing_0047,5574,,,,,,,,,,DEPTH_UNMEASURED_TOKENIZER_NOT_USED
unidoc_commerce_manufacturing_0048,2754,,,,,,,,,,DEPTH_UNMEASURED_TOKENIZER_NOT_USED
unidoc_commerce_manufacturing_0049,4590,,,,,,,,,,DEPTH_UNMEASURED_TOKENIZER_NOT_USED
unidoc_commerce_manufacturing_0050,5601,,,,,,,,,,DEPTH_UNMEASURED_TOKENIZER_NOT_USED
unidoc_commerce_manufacturing_0051,5731,,,,,,,,,,DEPTH_UNMEASURED_TOKENIZER_NOT_USED
unidoc_commerce_manufacturing_0052,4722,,,,,,,,,,DEPTH_UNMEASURED_TOKENIZER_NOT_USED
unidoc_commerce_manufacturing_0053,4891,,,,,,,,,,DEPTH_UNMEASURED_TOKENIZER_NOT_USED
unidoc_commerce_manufacturing_0054,7102,,,,,,,,,,DEPTH_UNMEASURED_TOKENIZER_NOT_USED
unidoc_commerce_manufacturing_0055,4956,,,,,,,,,,DEPTH_UNMEASURED_TOKENIZER_NOT_USED
unidoc_commerce_manufacturing_0056,3745,,,,,,,,,,DEPTH_UNMEASURED_TOKENIZER_NOT_USED
unidoc_commerce_manufacturing_0057,7233,,,,,,,,,,DEPTH_UNMEASURED_TOKENIZER_NOT_USED
unidoc_commerce_manufacturing_0058,3086,,,,,,,,,,DEPTH_UNMEASURED_TOKENIZER_NOT_USED
unidoc_commerce_manufacturing_0059,5560,,,,,,,,,,DEPTH_UNMEASURED_TOKENIZER_NOT_USED
unidoc_commerce_manufacturing_0060,7911,,,,,,,,,,DEPTH_UNMEASURED_TOKENIZER_NOT_USED
unidoc_commerce_manufacturing_0061,3476,,,,,,,,,,DEPTH_UNMEASURED_TOKENIZER_NOT_USED
unidoc_commerce_manufacturing_0062,2754,,,,,,,,,,DEPTH_UNMEASURED_TOKENIZER_NOT_USED
unidoc_commerce_manufacturing_0063,4395,,,,,,,,,,DEPTH_UNMEASURED_TOKENIZER_NOT_USED
unidoc_commerce_manufacturing_0064,10550,,,,,,,,,,DEPTH_UNMEASURED_TOKENIZER_NOT_USED
unidoc_commerce_manufacturing_0065,7356,,,,,,,,,,DEPTH_UNMEASURED_TOKENIZER_NOT_USED
unidoc_commerce_manufacturing_0066,5509,,,,,,,,,,DEPTH_UNMEASURED_TOKENIZER_NOT_USED
unidoc_commerce_manufacturing_0067,8424,,,,,,,,,,DEPTH_UNMEASURED_TOKENIZER_NOT_USED
unidoc_commerce_manufacturing_0068,4402,,,,,,,,,,DEPTH_UNMEASURED_TOKENIZER_NOT_USED
unidoc_commerce_manufacturing_0069,1665,,,,,,,,,,DEPTH_UNMEASURED_TOKENIZER_NOT_USED
unidoc_commerce_manufacturing_0070,2002,,,,,,,,,,DEPTH_UNMEASURED_TOKENIZER_NOT_USED
unidoc_commerce_manufacturing_0071,2910,,,,,,,,,,DEPTH_UNMEASURED_TOKENIZER_NOT_USED
unidoc_commerce_manufacturing_0072,4692,,,,,,,,,,DEPTH_UNMEASURED_TOKENIZER_NOT_USED
unidoc_commerce_manufacturing_0073,2726,,,,,,,,,,DEPTH_UNMEASURED_TOKENIZER_NOT_USED
unidoc_commerce_manufacturing_0074,7343,,,,,,,,,,DEPTH_UNMEASURED_TOKENIZER_NOT_USED
unidoc_commerce_manufacturing_0075,9273,,,,,,,,,,DEPTH_UNMEASURED_TOKENIZER_NOT_USED
unidoc_commerce_manufacturing_0076,7911,,,,,,,,,,DEPTH_UNMEASURED_TOKENIZER_NOT_USED
unidoc_commerce_manufacturing_0077,2910,,,,,,,,,,DEPTH_UNMEASURED_TOKENIZER_NOT_USED
unidoc_commerce_manufacturing_0078,9216,,,,,,,,,,DEPTH_UNMEASURED_TOKENIZER_NOT_USED
unidoc_commerce_manufacturing_0079,5911,,,,,,,,,,DEPTH_UNMEASURED_TOKENIZER_NOT_USED
unidoc_commerce_manufacturing_0080,7524,,,,,,,,,,DEPTH_UNMEASURED_TOKENIZER_NOT_USED
unidoc_commerce_manufacturing_0081,10107,,,,,,,,,,DEPTH_UNMEASURED_TOKENIZER_NOT_USED
unidoc_commerce_manufacturing_0082,2182,,,,,,,,,,DEPTH_UNMEASURED_TOKENIZER_NOT_USED
unidoc_commerce_manufacturing_0083,5437,,,,,,,,,,DEPTH_UNMEASURED_TOKENIZER_NOT_USED
unidoc_commerce_manufacturing_0084,2568,,,,,,,,,,DEPTH_UNMEASURED_TOKENIZER_NOT_USED
unidoc_commerce_manufacturing_0085,8366,,,,,,,,,,DEPTH_UNMEASURED_TOKENIZER_NOT_USED
unidoc_commerce_manufacturing_0086,2864,,,,,,,,,,DEPTH_UNMEASURED_TOKENIZER_NOT_USED
unidoc_commerce_manufacturing_0087,7736,,,,,,,,,,DEPTH_UNMEASURED_TOKENIZER_NOT_USED
unidoc_commerce_manufacturing_0088,4307,,,,,,,,,,DEPTH_UNMEASURED_TOKENIZER_NOT_USED
unidoc_commerce_manufacturing_0089,2481,,,,,,,,,,DEPTH_UNMEASURED_TOKENIZER_NOT_USED
unidoc_commerce_manufacturing_0090,8963,,,,,,,,,,DEPTH_UNMEASURED_TOKENIZER_NOT_USED
unidoc_commerce_manufacturing_0091,2910,,,,,,,,,,DEPTH_UNMEASURED_TOKENIZER_NOT_USED
unidoc_commerce_manufacturing_0092,2781,,,,,,,,,,DEPTH_UNMEASURED_TOKENIZER_NOT_USED
unidoc_commerce_manufacturing_0093,6440,,,,,,,,,,DEPTH_UNMEASURED_TOKENIZER_NOT_USED
unidoc_commerce_manufacturing_0094,5684,,,,,,,,,,DEPTH_UNMEASURED_TOKENIZER_NOT_USED
unidoc_commerce_manufacturing_0095,5691,,,,,,,,,,DEPTH_UNMEASURED_TOKENIZER_NOT_USED
unidoc_commerce_manufacturing_0096,4605,,,,,,,,,,DEPTH_UNMEASURED_TOKENIZER_NOT_USED
unidoc_commerce_manufacturing_0097,12380,,,,,,,,,,DEPTH_UNMEASURED_TOKENIZER_NOT_USED
unidoc_commerce_manufacturing_0098,10644,,,,,,,,,,DEPTH_UNMEASURED_TOKENIZER_NOT_USED
unidoc_commerce_manufacturing_0099,6228,,,,,,,,,,DEPTH_UNMEASURED_TOKENIZER_NOT_USED
unidoc_commerce_manufacturing_0100,7210,,,,,,,,,,DEPTH_UNMEASURED_TOKENIZER_NOT_USED
unidoc_commerce_manufacturing_0101,3167,,,,,,,,,,DEPTH_UNMEASURED_TOKENIZER_NOT_USED
unidoc_commerce_manufacturing_0102,7211,,,,,,,,,,DEPTH_UNMEASURED_TOKENIZER_NOT_USED
unidoc_commerce_manufacturing_0103,6664,,,,,,,,,,DEPTH_UNMEASURED_TOKENIZER_NOT_USED
unidoc_commerce_manufacturing_0104,9224,,,,,,,,,,DEPTH_UNMEASURED_TOKENIZER_NOT_USED
unidoc_commerce_manufacturing_0105,9704,,,,,,,,,,DEPTH_UNMEASURED_TOKENIZER_NOT_USED
unidoc_commerce_manufacturing_0106,8844,,,,,,,,,,DEPTH_UNMEASURED_TOKENIZER_NOT_USED
unidoc_commerce_manufacturing_0107,12684,,,,,,,,,,DEPTH_UNMEASURED_TOKENIZER_NOT_USED
unidoc_commerce_manufacturing_0108,11141,,,,,,,,,,DEPTH_UNMEASURED_TOKENIZER_NOT_USED
unidoc_commerce_manufacturing_0109,8844,,,,,,,,,,DEPTH_UNMEASURED_TOKENIZER_NOT_USED
unidoc_commerce_manufacturing_0110,7013,,,,,,,,,,DEPTH_UNMEASURED_TOKENIZER_NOT_USED
unidoc_commerce_manufacturing_0111,8485,,,,,,,,,,DEPTH_UNMEASURED_TOKENIZER_NOT_USED
unidoc_commerce_manufacturing_0112,7324,,,,,,,,,,DEPTH_UNMEASURED_TOKENIZER_NOT_USED
unidoc_commerce_manufacturing_0113,8778,,,,,,,,,,DEPTH_UNMEASURED_TOKENIZER_NOT_USED
unidoc_commerce_manufacturing_0114,6630,,,,,,,,,,DEPTH_UNMEASURED_TOKENIZER_NOT_USED
unidoc_commerce_manufacturing_0115,5958,,,,,,,,,,DEPTH_UNMEASURED_TOKENIZER_NOT_USED
unidoc_commerce_manufacturing_0116,7201,,,,,,,,,,DEPTH_UNMEASURED_TOKENIZER_NOT_USED
unidoc_commerce_manufacturing_0117,5107,,,,,,,,,,DEPTH_UNMEASURED_TOKENIZER_NOT_USED
unidoc_commerce_manufacturing_0118,4744,,,,,,,,,,DEPTH_UNMEASURED_TOKENIZER_NOT_USED
unidoc_commerce_manufacturing_0119,6730,,,,,,,,,,DEPTH_UNMEASURED_TOKENIZER_NOT_USED
unidoc_commerce_manufacturing_0120,8054,,,,,,,,,,DEPTH_UNMEASURED_TOKENIZER_NOT_USED
unidoc_commerce_manufacturing_0121,9859,,,,,,,,,,DEPTH_UNMEASURED_TOKENIZER_NOT_USED
unidoc_commerce_manufacturing_0122,8755,,,,,,,,,,DEPTH_UNMEASURED_TOKENIZER_NOT_USED
unidoc_commerce_manufacturing_0123,7211,,,,,,,,,,DEPTH_UNMEASURED_TOKENIZER_NOT_USED
unidoc_commerce_manufacturing_0124,5179,,,,,,,,,,DEPTH_UNMEASURED_TOKENIZER_NOT_USED
unidoc_commerce_manufacturing_0125,6107,,,,,,,,,,DEPTH_UNMEASURED_TOKENIZER_NOT_USED
unidoc_commerce_manufacturing_0126,6544,,,,,,,,,,DEPTH_UNMEASURED_TOKENIZER_NOT_USED
unidoc_commerce_manufacturing_0127,8709,,,,,,,,,,DEPTH_UNMEASURED_TOKENIZER_NOT_USED
unidoc_commerce_manufacturing_0128,7120,,,,,,,,,,DEPTH_UNMEASURED_TOKENIZER_NOT_USED
unidoc_commerce_manufacturing_0129,3857,,,,,,,,,,DEPTH_UNMEASURED_TOKENIZER_NOT_USED
unidoc_commerce_manufacturing_0130,11051,,,,,,,,,,DEPTH_UNMEASURED_TOKENIZER_NOT_USED
unidoc_commerce_manufacturing_0131,6682,,,,,,,,,,DEPTH_UNMEASURED_TOKENIZER_NOT_USED
unidoc_commerce_manufacturing_0132,6050,,,,,,,,,,DEPTH_UNMEASURED_TOKENIZER_NOT_USED
unidoc_commerce_manufacturing_0133,8577,,,,,,,,,,DEPTH_UNMEASURED_TOKENIZER_NOT_USED
unidoc_commerce_manufacturing_0134,11182,,,,,,,,,,DEPTH_UNMEASURED_TOKENIZER_NOT_USED
unidoc_commerce_manufacturing_0135,11441,,,,,,,,,,DEPTH_UNMEASURED_TOKENIZER_NOT_USED
unidoc_commerce_manufacturing_0136,8162,,,,,,,,,,DEPTH_UNMEASURED_TOKENIZER_NOT_USED
unidoc_commerce_manufacturing_0137,8169,,,,,,,,,,DEPTH_UNMEASURED_TOKENIZER_NOT_USED
unidoc_commerce_manufacturing_0138,6963,,,,,,,,,,DEPTH_UNMEASURED_TOKENIZER_NOT_USED
unidoc_commerce_manufacturing_0139,4631,,,,,,,,,,DEPTH_UNMEASURED_TOKENIZER_NOT_USED
unidoc_commerce_manufacturing_0140,13528,,,,,,,,,,DEPTH_UNMEASURED_TOKENIZER_NOT_USED
unidoc_commerce_manufacturing_0141,5366,,,,,,,,,,DEPTH_UNMEASURED_TOKENIZER_NOT_USED
unidoc_commerce_manufacturing_0142,11771,,,,,,,,,,DEPTH_UNMEASURED_TOKENIZER_NOT_USED
unidoc_commerce_manufacturing_0143,4030,,,,,,,,,,DEPTH_UNMEASURED_TOKENIZER_NOT_USED
unidoc_commerce_manufacturing_0144,8636,,,,,,,,,,DEPTH_UNMEASURED_TOKENIZER_NOT_USED
unidoc_commerce_manufacturing_0145,8636,,,,,,,,,,DEPTH_UNMEASURED_TOKENIZER_NOT_USED
unidoc_commerce_manufacturing_0146,3138,,,,,,,,,,DEPTH_UNMEASURED_TOKENIZER_NOT_USED
unidoc_commerce_manufacturing_0147,8777,,,,,,,,,,DEPTH_UNMEASURED_TOKENIZER_NOT_USED
unidoc_commerce_manufacturing_0148,6000,,,,,,,,,,DEPTH_UNMEASURED_TOKENIZER_NOT_USED
unidoc_commerce_manufacturing_0149,6530,,,,,,,,,,DEPTH_UNMEASURED_TOKENIZER_NOT_USED
unidoc_commerce_manufacturing_0150,2899,,,,,,,,,,DEPTH_UNMEASURED_TOKENIZER_NOT_USED
unidoc_commerce_manufacturing_0151,8704,,,,,,,,,,DEPTH_UNMEASURED_TOKENIZER_NOT_USED
unidoc_commerce_manufacturing_0152,8022,,,,,,,,,,DEPTH_UNMEASURED_TOKENIZER_NOT_USED
unidoc_commerce_manufacturing_0153,6336,,,,,,,,,,DEPTH_UNMEASURED_TOKENIZER_NOT_USED
unidoc_commerce_manufacturing_0154,7893,,,,,,,,,,DEPTH_UNMEASURED_TOKENIZER_NOT_USED
unidoc_commerce_manufacturing_0155,7007,,,,,,,,,,DEPTH_UNMEASURED_TOKENIZER_NOT_USED
unidoc_commerce_manufacturing_0156,12969,,,,,,,,,,DEPTH_UNMEASURED_TOKENIZER_NOT_USED
unidoc_commerce_manufacturing_0157,12834,,,,,,,,,,DEPTH_UNMEASURED_TOKENIZER_NOT_USED
unidoc_commerce_manufacturing_0158,7408,,,,,,,,,,DEPTH_UNMEASURED_TOKENIZER_NOT_USED
unidoc_commerce_manufacturing_0159,7474,,,,,,,,,,DEPTH_UNMEASURED_TOKENIZER_NOT_USED
unidoc_commerce_manufacturing_0160,12543,,,,,,,,,,DEPTH_UNMEASURED_TOKENIZER_NOT_USED
unidoc_commerce_manufacturing_0161,8849,,,,,,,,,,DEPTH_UNMEASURED_TOKENIZER_NOT_USED
unidoc_commerce_manufacturing_0162,5762,,,,,,,,,,DEPTH_UNMEASURED_TOKENIZER_NOT_USED
unidoc_commerce_manufacturing_0163,5179,,,,,,,,,,DEPTH_UNMEASURED_TOKENIZER_NOT_USED
unidoc_commerce_manufacturing_0164,5134,,,,,,,,,,DEPTH_UNMEASURED_TOKENIZER_NOT_USED
unidoc_commerce_manufacturing_0165,4813,,,,,,,,,,DEPTH_UNMEASURED_TOKENIZER_NOT_USED
unidoc_commerce_manufacturing_0166,6065,,,,,,,,,,DEPTH_UNMEASURED_TOKENIZER_NOT_USED
unidoc_commerce_manufacturing_0167,4891,,,,,,,,,,DEPTH_UNMEASURED_TOKENIZER_NOT_USED
unidoc_commerce_manufacturing_0168,7857,,,,,,,,,,DEPTH_UNMEASURED_TOKENIZER_NOT_USED
unidoc_commerce_manufacturing_0169,7441,,,,,,,,,,DEPTH_UNMEASURED_TOKENIZER_NOT_USED
unidoc_commerce_manufacturing_0170,4524,,,,,,,,,,DEPTH_UNMEASURED_TOKENIZER_NOT_USED
unidoc_commerce_manufacturing_0171,5633,,,,,,,,,,DEPTH_UNMEASURED_TOKENIZER_NOT_USED
unidoc_commerce_manufacturing_0172,5812,,,,,,,,,,DEPTH_UNMEASURED_TOKENIZER_NOT_USED
unidoc_commerce_manufacturing_0173,11771,,,,,,,,,,DEPTH_UNMEASURED_TOKENIZER_NOT_USED
unidoc_commerce_manufacturing_0174,9097,,,,,,,,,,DEPTH_UNMEASURED_TOKENIZER_NOT_USED
unidoc_commerce_manufacturing_0175,5897,,,,,,,,,,DEPTH_UNMEASURED_TOKENIZER_NOT_USED
unidoc_commerce_manufacturing_0176,5344,,,,,,,,,,DEPTH_UNMEASURED_TOKENIZER_NOT_USED
unidoc_commerce_manufacturing_0177,9142,,,,,,,,,,DEPTH_UNMEASURED_TOKENIZER_NOT_USED
unidoc_commerce_manufacturing_0178,5731,,,,,,,,,,DEPTH_UNMEASURED_TOKENIZER_NOT_USED
unidoc_commerce_manufacturing_0179,9241,,,,,,,,,,DEPTH_UNMEASURED_TOKENIZER_NOT_USED
unidoc_commerce_manufacturing_0180,8246,,,,,,,,,,DEPTH_UNMEASURED_TOKENIZER_NOT_USED
unidoc_commerce_manufacturing_0181,10044,,,,,,,,,,DEPTH_UNMEASURED_TOKENIZER_NOT_USED
unidoc_commerce_manufacturing_0182,10740,,,,,,,,,,DEPTH_UNMEASURED_TOKENIZER_NOT_USED
unidoc_commerce_manufacturing_0183,9097,,,,,,,,,,DEPTH_UNMEASURED_TOKENIZER_NOT_USED
unidoc_commerce_manufacturing_0184,6974,,,,,,,,,,DEPTH_UNMEASURED_TOKENIZER_NOT_USED
unidoc_commerce_manufacturing_0185,6107,,,,,,,,,,DEPTH_UNMEASURED_TOKENIZER_NOT_USED
unidoc_commerce_manufacturing_0186,7582,,,,,,,,,,DEPTH_UNMEASURED_TOKENIZER_NOT_USED
unidoc_commerce_manufacturing_0187,5566,,,,,,,,,,DEPTH_UNMEASURED_TOKENIZER_NOT_USED
unidoc_commerce_manufacturing_0188,913,,,,,,,,,,DEPTH_UNMEASURED_TOKENIZER_NOT_USED
unidoc_commerce_manufacturing_0189,4922,,,,,,,,,,DEPTH_UNMEASURED_TOKENIZER_NOT_USED
unidoc_commerce_manufacturing_0190,5244,,,,,,,,,,DEPTH_UNMEASURED_TOKENIZER_NOT_USED
unidoc_commerce_manufacturing_0191,8891,,,,,,,,,,DEPTH_UNMEASURED_TOKENIZER_NOT_USED
unidoc_commerce_manufacturing_0192,11475,,,,,,,,,,DEPTH_UNMEASURED_TOKENIZER_NOT_USED
unidoc_commerce_manufacturing_0193,2490,,,,,,,,,,DEPTH_UNMEASURED_TOKENIZER_NOT_USED
unidoc_commerce_manufacturing_0194,7836,,,,,,,,,,DEPTH_UNMEASURED_TOKENIZER_NOT_USED
unidoc_commerce_manufacturing_0195,4092,,,,,,,,,,DEPTH_UNMEASURED_TOKENIZER_NOT_USED
unidoc_commerce_manufacturing_0196,14047,,,,,,,,,,DEPTH_UNMEASURED_TOKENIZER_NOT_USED
unidoc_commerce_manufacturing_0197,9273,,,,,,,,,,DEPTH_UNMEASURED_TOKENIZER_NOT_USED
unidoc_commerce_manufacturing_0198,7832,,,,,,,,,,DEPTH_UNMEASURED_TOKENIZER_NOT_USED
unidoc_commerce_manufacturing_0199,12910,,,,,,,,,,DEPTH_UNMEASURED_TOKENIZER_NOT_USED
unidoc_commerce_manufacturing_0200,1684,,,,,,,,,,DEPTH_UNMEASURED_TOKENIZER_NOT_USED
unidoc_construction_0001,5943,,,,,,,,,,DEPTH_UNMEASURED_TOKENIZER_NOT_USED
unidoc_construction_0002,7415,,,,,,,,,,DEPTH_UNMEASURED_TOKENIZER_NOT_USED
unidoc_construction_0003,7106,,,,,,,,,,DEPTH_UNMEASURED_TOKENIZER_NOT_USED
unidoc_construction_0004,10302,,,,,,,,,,DEPTH_UNMEASURED_TOKENIZER_NOT_USED
unidoc_construction_0005,12771,,,,,,,,,,DEPTH_UNMEASURED_TOKENIZER_NOT_USED
unidoc_construction_0006,6685,,,,,,,,,,DEPTH_UNMEASURED_TOKENIZER_NOT_USED
unidoc_construction_0007,10686,,,,,,,,,,DEPTH_UNMEASURED_TOKENIZER_NOT_USED
unidoc_construction_0008,10892,,,,,,,,,,DEPTH_UNMEASURED_TOKENIZER_NOT_USED
unidoc_construction_0009,8306,,,,,,,,,,DEPTH_UNMEASURED_TOKENIZER_NOT_USED
unidoc_construction_0010,10695,,,,,,,,,,DEPTH_UNMEASURED_TOKENIZER_NOT_USED
unidoc_construction_0011,6096,,,,,,,,,,DEPTH_UNMEASURED_TOKENIZER_NOT_USED
unidoc_construction_0012,3096,,,,,,,,,,DEPTH_UNMEASURED_TOKENIZER_NOT_USED
unidoc_construction_0013,7872,,,,,,,,,,DEPTH_UNMEASURED_TOKENIZER_NOT_USED
unidoc_construction_0014,10891,,,,,,,,,,DEPTH_UNMEASURED_TOKENIZER_NOT_USED
unidoc_construction_0015,7090,,,,,,,,,,DEPTH_UNMEASURED_TOKENIZER_NOT_USED
unidoc_construction_0016,2909,,,,,,,,,,DEPTH_UNMEASURED_TOKENIZER_NOT_USED
unidoc_construction_0017,8597,,,,,,,,,,DEPTH_UNMEASURED_TOKENIZER_NOT_USED
unidoc_construction_0018,5809,,,,,,,,,,DEPTH_UNMEASURED_TOKENIZER_NOT_USED
unidoc_construction_0019,4027,,,,,,,,,,DEPTH_UNMEASURED_TOKENIZER_NOT_USED
unidoc_construction_0020,9166,,,,,,,,,,DEPTH_UNMEASURED_TOKENIZER_NOT_USED
unidoc_construction_0021,6508,,,,,,,,,,DEPTH_UNMEASURED_TOKENIZER_NOT_USED
unidoc_construction_0022,7944,,,,,,,,,,DEPTH_UNMEASURED_TOKENIZER_NOT_USED
unidoc_construction_0023,3362,,,,,,,,,,DEPTH_UNMEASURED_TOKENIZER_NOT_USED
unidoc_construction_0024,4944,,,,,,,,,,DEPTH_UNMEASURED_TOKENIZER_NOT_USED
unidoc_construction_0025,8910,,,,,,,,,,DEPTH_UNMEASURED_TOKENIZER_NOT_USED
unidoc_construction_0026,5999,,,,,,,,,,DEPTH_UNMEASURED_TOKENIZER_NOT_USED
unidoc_construction_0027,8308,,,,,,,,,,DEPTH_UNMEASURED_TOKENIZER_NOT_USED
unidoc_construction_0028,6605,,,,,,,,,,DEPTH_UNMEASURED_TOKENIZER_NOT_USED
unidoc_construction_0029,3775,,,,,,,,,,DEPTH_UNMEASURED_TOKENIZER_NOT_USED
unidoc_construction_0030,9383,,,,,,,,,,DEPTH_UNMEASURED_TOKENIZER_NOT_USED
unidoc_construction_0031,4952,,,,,,,,,,DEPTH_UNMEASURED_TOKENIZER_NOT_USED
unidoc_construction_0032,4597,,,,,,,,,,DEPTH_UNMEASURED_TOKENIZER_NOT_USED
unidoc_construction_0033,6365,,,,,,,,,,DEPTH_UNMEASURED_TOKENIZER_NOT_USED
unidoc_construction_0034,6415,,,,,,,,,,DEPTH_UNMEASURED_TOKENIZER_NOT_USED
unidoc_construction_0035,7872,,,,,,,,,,DEPTH_UNMEASURED_TOKENIZER_NOT_USED
unidoc_construction_0036,10310,,,,,,,,,,DEPTH_UNMEASURED_TOKENIZER_NOT_USED
unidoc_construction_0037,10667,,,,,,,,,,DEPTH_UNMEASURED_TOKENIZER_NOT_USED
unidoc_construction_0038,7440,,,,,,,,,,DEPTH_UNMEASURED_TOKENIZER_NOT_USED
unidoc_construction_0039,6508,,,,,,,,,,DEPTH_UNMEASURED_TOKENIZER_NOT_USED
unidoc_construction_0040,5721,,,,,,,,,,DEPTH_UNMEASURED_TOKENIZER_NOT_USED
unidoc_construction_0041,9001,,,,,,,,,,DEPTH_UNMEASURED_TOKENIZER_NOT_USED
unidoc_construction_0042,5240,,,,,,,,,,DEPTH_UNMEASURED_TOKENIZER_NOT_USED
unidoc_construction_0043,3122,,,,,,,,,,DEPTH_UNMEASURED_TOKENIZER_NOT_USED
unidoc_construction_0044,6628,,,,,,,,,,DEPTH_UNMEASURED_TOKENIZER_NOT_USED
unidoc_construction_0045,8393,,,,,,,,,,DEPTH_UNMEASURED_TOKENIZER_NOT_USED
unidoc_construction_0046,6663,,,,,,,,,,DEPTH_UNMEASURED_TOKENIZER_NOT_USED
unidoc_construction_0047,11532,,,,,,,,,,DEPTH_UNMEASURED_TOKENIZER_NOT_USED
unidoc_construction_0048,6151,,,,,,,,,,DEPTH_UNMEASURED_TOKENIZER_NOT_USED
unidoc_construction_0049,2563,,,,,,,,,,DEPTH_UNMEASURED_TOKENIZER_NOT_USED
unidoc_construction_0050,6771,,,,,,,,,,DEPTH_UNMEASURED_TOKENIZER_NOT_USED
unidoc_construction_0051,7107,,,,,,,,,,DEPTH_UNMEASURED_TOKENIZER_NOT_USED
unidoc_construction_0052,7121,,,,,,,,,,DEPTH_UNMEASURED_TOKENIZER_NOT_USED
unidoc_construction_0053,6556,,,,,,,,,,DEPTH_UNMEASURED_TOKENIZER_NOT_USED
unidoc_construction_0054,7074,,,,,,,,,,DEPTH_UNMEASURED_TOKENIZER_NOT_USED
unidoc_construction_0055,9206,,,,,,,,,,DEPTH_UNMEASURED_TOKENIZER_NOT_USED
unidoc_construction_0056,8530,,,,,,,,,,DEPTH_UNMEASURED_TOKENIZER_NOT_USED
unidoc_construction_0057,3381,,,,,,,,,,DEPTH_UNMEASURED_TOKENIZER_NOT_USED
unidoc_construction_0058,8441,,,,,,,,,,DEPTH_UNMEASURED_TOKENIZER_NOT_USED
unidoc_construction_0059,962,,,,,,,,,,DEPTH_UNMEASURED_TOKENIZER_NOT_USED
unidoc_construction_0060,10295,,,,,,,,,,DEPTH_UNMEASURED_TOKENIZER_NOT_USED
unidoc_construction_0061,11535,,,,,,,,,,DEPTH_UNMEASURED_TOKENIZER_NOT_USED
unidoc_construction_0062,8080,,,,,,,,,,DEPTH_UNMEASURED_TOKENIZER_NOT_USED
unidoc_construction_0063,3328,,,,,,,,,,DEPTH_UNMEASURED_TOKENIZER_NOT_USED
unidoc_construction_0064,4161,,,,,,,,,,DEPTH_UNMEASURED_TOKENIZER_NOT_USED
unidoc_construction_0065,7172,,,,,,,,,,DEPTH_UNMEASURED_TOKENIZER_NOT_USED
unidoc_construction_0066,4974,,,,,,,,,,DEPTH_UNMEASURED_TOKENIZER_NOT_USED
unidoc_construction_0067,5570,,,,,,,,,,DEPTH_UNMEASURED_TOKENIZER_NOT_USED
unidoc_construction_0068,1328,,,,,,,,,,DEPTH_UNMEASURED_TOKENIZER_NOT_USED
unidoc_construction_0069,2798,,,,,,,,,,DEPTH_UNMEASURED_TOKENIZER_NOT_USED
unidoc_construction_0070,7958,,,,,,,,,,DEPTH_UNMEASURED_TOKENIZER_NOT_USED
unidoc_construction_0071,6825,,,,,,,,,,DEPTH_UNMEASURED_TOKENIZER_NOT_USED
unidoc_construction_0072,1893,,,,,,,,,,DEPTH_UNMEASURED_TOKENIZER_NOT_USED
unidoc_construction_0073,7804,,,,,,,,,,DEPTH_UNMEASURED_TOKENIZER_NOT_USED
unidoc_construction_0074,8632,,,,,,,,,,DEPTH_UNMEASURED_TOKENIZER_NOT_USED
unidoc_construction_0075,11842,,,,,,,,,,DEPTH_UNMEASURED_TOKENIZER_NOT_USED
unidoc_construction_0076,10030,,,,,,,,,,DEPTH_UNMEASURED_TOKENIZER_NOT_USED
unidoc_construction_0077,10272,,,,,,,,,,DEPTH_UNMEASURED_TOKENIZER_NOT_USED
unidoc_construction_0078,10079,,,,,,,,,,DEPTH_UNMEASURED_TOKENIZER_NOT_USED
unidoc_construction_0079,6374,,,,,,,,,,DEPTH_UNMEASURED_TOKENIZER_NOT_USED
unidoc_construction_0080,7337,,,,,,,,,,DEPTH_UNMEASURED_TOKENIZER_NOT_USED
unidoc_construction_0081,7935,,,,,,,,,,DEPTH_UNMEASURED_TOKENIZER_NOT_USED
unidoc_construction_0082,8288,,,,,,,,,,DEPTH_UNMEASURED_TOKENIZER_NOT_USED
unidoc_construction_0083,6131,,,,,,,,,,DEPTH_UNMEASURED_TOKENIZER_NOT_USED
unidoc_construction_0084,7825,,,,,,,,,,DEPTH_UNMEASURED_TOKENIZER_NOT_USED
unidoc_construction_0085,4027,,,,,,,,,,DEPTH_UNMEASURED_TOKENIZER_NOT_USED
unidoc_construction_0086,7185,,,,,,,,,,DEPTH_UNMEASURED_TOKENIZER_NOT_USED
unidoc_construction_0087,8600,,,,,,,,,,DEPTH_UNMEASURED_TOKENIZER_NOT_USED
unidoc_construction_0088,8135,,,,,,,,,,DEPTH_UNMEASURED_TOKENIZER_NOT_USED
unidoc_construction_0089,5649,,,,,,,,,,DEPTH_UNMEASURED_TOKENIZER_NOT_USED
unidoc_construction_0090,8257,,,,,,,,,,DEPTH_UNMEASURED_TOKENIZER_NOT_USED
unidoc_construction_0091,2355,,,,,,,,,,DEPTH_UNMEASURED_TOKENIZER_NOT_USED
unidoc_construction_0092,8166,,,,,,,,,,DEPTH_UNMEASURED_TOKENIZER_NOT_USED
unidoc_construction_0093,5120,,,,,,,,,,DEPTH_UNMEASURED_TOKENIZER_NOT_USED
unidoc_construction_0094,8153,,,,,,,,,,DEPTH_UNMEASURED_TOKENIZER_NOT_USED
unidoc_construction_0095,7526,,,,,,,,,,DEPTH_UNMEASURED_TOKENIZER_NOT_USED
unidoc_construction_0096,7406,,,,,,,,,,DEPTH_UNMEASURED_TOKENIZER_NOT_USED
unidoc_construction_0097,12566,,,,,,,,,,DEPTH_UNMEASURED_TOKENIZER_NOT_USED
unidoc_construction_0098,7872,,,,,,,,,,DEPTH_UNMEASURED_TOKENIZER_NOT_USED
unidoc_construction_0099,6535,,,,,,,,,,DEPTH_UNMEASURED_TOKENIZER_NOT_USED
unidoc_construction_0100,3911,,,,,,,,,,DEPTH_UNMEASURED_TOKENIZER_NOT_USED
unidoc_construction_0101,7573,,,,,,,,,,DEPTH_UNMEASURED_TOKENIZER_NOT_USED
unidoc_construction_0102,8957,,,,,,,,,,DEPTH_UNMEASURED_TOKENIZER_NOT_USED
unidoc_construction_0103,7664,,,,,,,,,,DEPTH_UNMEASURED_TOKENIZER_NOT_USED
unidoc_construction_0104,9516,,,,,,,,,,DEPTH_UNMEASURED_TOKENIZER_NOT_USED
unidoc_construction_0105,5471,,,,,,,,,,DEPTH_UNMEASURED_TOKENIZER_NOT_USED
unidoc_construction_0106,6151,,,,,,,,,,DEPTH_UNMEASURED_TOKENIZER_NOT_USED
unidoc_construction_0107,1740,,,,,,,,,,DEPTH_UNMEASURED_TOKENIZER_NOT_USED
unidoc_construction_0108,5693,,,,,,,,,,DEPTH_UNMEASURED_TOKENIZER_NOT_USED
unidoc_construction_0109,7736,,,,,,,,,,DEPTH_UNMEASURED_TOKENIZER_NOT_USED
unidoc_construction_0110,8249,,,,,,,,,,DEPTH_UNMEASURED_TOKENIZER_NOT_USED
unidoc_construction_0111,10609,,,,,,,,,,DEPTH_UNMEASURED_TOKENIZER_NOT_USED
unidoc_construction_0112,10567,,,,,,,,,,DEPTH_UNMEASURED_TOKENIZER_NOT_USED
unidoc_construction_0113,12056,,,,,,,,,,DEPTH_UNMEASURED_TOKENIZER_NOT_USED
unidoc_construction_0114,3592,,,,,,,,,,DEPTH_UNMEASURED_TOKENIZER_NOT_USED
unidoc_construction_0115,10674,,,,,,,,,,DEPTH_UNMEASURED_TOKENIZER_NOT_USED
unidoc_construction_0116,6806,,,,,,,,,,DEPTH_UNMEASURED_TOKENIZER_NOT_USED
unidoc_construction_0117,7864,,,,,,,,,,DEPTH_UNMEASURED_TOKENIZER_NOT_USED
unidoc_construction_0118,7477,,,,,,,,,,DEPTH_UNMEASURED_TOKENIZER_NOT_USED
unidoc_construction_0119,1973,,,,,,,,,,DEPTH_UNMEASURED_TOKENIZER_NOT_USED
unidoc_construction_0120,6803,,,,,,,,,,DEPTH_UNMEASURED_TOKENIZER_NOT_USED
unidoc_construction_0121,10951,,,,,,,,,,DEPTH_UNMEASURED_TOKENIZER_NOT_USED
unidoc_construction_0122,7863,,,,,,,,,,DEPTH_UNMEASURED_TOKENIZER_NOT_USED
unidoc_construction_0123,6508,,,,,,,,,,DEPTH_UNMEASURED_TOKENIZER_NOT_USED
unidoc_construction_0124,6986,,,,,,,,,,DEPTH_UNMEASURED_TOKENIZER_NOT_USED
unidoc_construction_0125,11828,,,,,,,,,,DEPTH_UNMEASURED_TOKENIZER_NOT_USED
unidoc_construction_0126,6164,,,,,,,,,,DEPTH_UNMEASURED_TOKENIZER_NOT_USED
unidoc_construction_0127,6454,,,,,,,,,,DEPTH_UNMEASURED_TOKENIZER_NOT_USED
unidoc_construction_0128,6577,,,,,,,,,,DEPTH_UNMEASURED_TOKENIZER_NOT_USED
unidoc_construction_0129,10838,,,,,,,,,,DEPTH_UNMEASURED_TOKENIZER_NOT_USED
unidoc_construction_0130,9818,,,,,,,,,,DEPTH_UNMEASURED_TOKENIZER_NOT_USED
unidoc_construction_0131,5508,,,,,,,,,,DEPTH_UNMEASURED_TOKENIZER_NOT_USED
unidoc_construction_0132,6365,,,,,,,,,,DEPTH_UNMEASURED_TOKENIZER_NOT_USED
unidoc_construction_0133,2169,,,,,,,,,,DEPTH_UNMEASURED_TOKENIZER_NOT_USED
unidoc_construction_0134,2888,,,,,,,,,,DEPTH_UNMEASURED_TOKENIZER_NOT_USED
unidoc_construction_0135,6539,,,,,,,,,,DEPTH_UNMEASURED_TOKENIZER_NOT_USED
unidoc_construction_0136,10165,,,,,,,,,,DEPTH_UNMEASURED_TOKENIZER_NOT_USED
unidoc_construction_0137,8226,,,,,,,,,,DEPTH_UNMEASURED_TOKENIZER_NOT_USED
unidoc_construction_0138,10024,,,,,,,,,,DEPTH_UNMEASURED_TOKENIZER_NOT_USED
unidoc_construction_0139,7220,,,,,,,,,,DEPTH_UNMEASURED_TOKENIZER_NOT_USED
unidoc_construction_0140,7386,,,,,,,,,,DEPTH_UNMEASURED_TOKENIZER_NOT_USED
unidoc_construction_0141,7019,,,,,,,,,,DEPTH_UNMEASURED_TOKENIZER_NOT_USED
unidoc_construction_0142,8764,,,,,,,,,,DEPTH_UNMEASURED_TOKENIZER_NOT_USED
unidoc_construction_0143,12438,,,,,,,,,,DEPTH_UNMEASURED_TOKENIZER_NOT_USED
unidoc_construction_0144,5560,,,,,,,,,,DEPTH_UNMEASURED_TOKENIZER_NOT_USED
unidoc_construction_0145,9492,,,,,,,,,,DEPTH_UNMEASURED_TOKENIZER_NOT_USED
unidoc_construction_0146,7046,,,,,,,,,,DEPTH_UNMEASURED_TOKENIZER_NOT_USED
unidoc_construction_0147,4101,,,,,,,,,,DEPTH_UNMEASURED_TOKENIZER_NOT_USED
unidoc_construction_0148,4522,,,,,,,,,,DEPTH_UNMEASURED_TOKENIZER_NOT_USED
unidoc_construction_0149,5162,,,,,,,,,,DEPTH_UNMEASURED_TOKENIZER_NOT_USED
unidoc_construction_0150,3084,,,,,,,,,,DEPTH_UNMEASURED_TOKENIZER_NOT_USED
unidoc_construction_0151,5811,,,,,,,,,,DEPTH_UNMEASURED_TOKENIZER_NOT_USED
unidoc_construction_0152,5579,,,,,,,,,,DEPTH_UNMEASURED_TOKENIZER_NOT_USED
unidoc_construction_0153,7121,,,,,,,,,,DEPTH_UNMEASURED_TOKENIZER_NOT_USED
unidoc_construction_0154,8859,,,,,,,,,,DEPTH_UNMEASURED_TOKENIZER_NOT_USED
unidoc_construction_0155,8306,,,,,,,,,,DEPTH_UNMEASURED_TOKENIZER_NOT_USED
unidoc_construction_0156,8493,,,,,,,,,,DEPTH_UNMEASURED_TOKENIZER_NOT_USED
unidoc_construction_0157,9885,,,,,,,,,,DEPTH_UNMEASURED_TOKENIZER_NOT_USED
unidoc_construction_0158,1871,,,,,,,,,,DEPTH_UNMEASURED_TOKENIZER_NOT_USED
unidoc_construction_0159,6406,,,,,,,,,,DEPTH_UNMEASURED_TOKENIZER_NOT_USED
unidoc_construction_0160,3982,,,,,,,,,,DEPTH_UNMEASURED_TOKENIZER_NOT_USED
unidoc_construction_0161,6681,,,,,,,,,,DEPTH_UNMEASURED_TOKENIZER_NOT_USED
unidoc_construction_0162,8029,,,,,,,,,,DEPTH_UNMEASURED_TOKENIZER_NOT_USED
unidoc_construction_0163,5560,,,,,,,,,,DEPTH_UNMEASURED_TOKENIZER_NOT_USED
unidoc_construction_0164,8600,,,,,,,,,,DEPTH_UNMEASURED_TOKENIZER_NOT_USED
unidoc_construction_0165,9937,,,,,,,,,,DEPTH_UNMEASURED_TOKENIZER_NOT_USED
unidoc_construction_0166,9921,,,,,,,,,,DEPTH_UNMEASURED_TOKENIZER_NOT_USED
unidoc_construction_0167,5471,,,,,,,,,,DEPTH_UNMEASURED_TOKENIZER_NOT_USED
unidoc_construction_0168,5075,,,,,,,,,,DEPTH_UNMEASURED_TOKENIZER_NOT_USED
unidoc_construction_0169,7759,,,,,,,,,,DEPTH_UNMEASURED_TOKENIZER_NOT_USED
unidoc_construction_0170,6619,,,,,,,,,,DEPTH_UNMEASURED_TOKENIZER_NOT_USED
unidoc_construction_0171,7854,,,,,,,,,,DEPTH_UNMEASURED_TOKENIZER_NOT_USED
unidoc_construction_0172,3557,,,,,,,,,,DEPTH_UNMEASURED_TOKENIZER_NOT_USED
unidoc_construction_0173,5350,,,,,,,,,,DEPTH_UNMEASURED_TOKENIZER_NOT_USED
unidoc_construction_0174,8231,,,,,,,,,,DEPTH_UNMEASURED_TOKENIZER_NOT_USED
unidoc_construction_0175,267,,,,,,,,,,DEPTH_UNMEASURED_TOKENIZER_NOT_USED
unidoc_construction_0176,6651,,,,,,,,,,DEPTH_UNMEASURED_TOKENIZER_NOT_USED
unidoc_construction_0177,8511,,,,,,,,,,DEPTH_UNMEASURED_TOKENIZER_NOT_USED
unidoc_construction_0178,11828,,,,,,,,,,DEPTH_UNMEASURED_TOKENIZER_NOT_USED
unidoc_construction_0179,7947,,,,,,,,,,DEPTH_UNMEASURED_TOKENIZER_NOT_USED
unidoc_construction_0180,6660,,,,,,,,,,DEPTH_UNMEASURED_TOKENIZER_NOT_USED
unidoc_construction_0181,9491,,,,,,,,,,DEPTH_UNMEASURED_TOKENIZER_NOT_USED
unidoc_construction_0182,9232,,,,,,,,,,DEPTH_UNMEASURED_TOKENIZER_NOT_USED
unidoc_construction_0183,6041,,,,,,,,,,DEPTH_UNMEASURED_TOKENIZER_NOT_USED
unidoc_construction_0184,6661,,,,,,,,,,DEPTH_UNMEASURED_TOKENIZER_NOT_USED
unidoc_construction_0185,5348,,,,,,,,,,DEPTH_UNMEASURED_TOKENIZER_NOT_USED
unidoc_construction_0186,9862,,,,,,,,,,DEPTH_UNMEASURED_TOKENIZER_NOT_USED
unidoc_construction_0187,6806,,,,,,,,,,DEPTH_UNMEASURED_TOKENIZER_NOT_USED
unidoc_construction_0188,10990,,,,,,,,,,DEPTH_UNMEASURED_TOKENIZER_NOT_USED
unidoc_construction_0189,9188,,,,,,,,,,DEPTH_UNMEASURED_TOKENIZER_NOT_USED
unidoc_construction_0190,3328,,,,,,,,,,DEPTH_UNMEASURED_TOKENIZER_NOT_USED
unidoc_construction_0191,3117,,,,,,,,,,DEPTH_UNMEASURED_TOKENIZER_NOT_USED
unidoc_construction_0192,3717,,,,,,,,,,DEPTH_UNMEASURED_TOKENIZER_NOT_USED
unidoc_construction_0193,5401,,,,,,,,,,DEPTH_UNMEASURED_TOKENIZER_NOT_USED
unidoc_construction_0194,5925,,,,,,,,,,DEPTH_UNMEASURED_TOKENIZER_NOT_USED
unidoc_construction_0195,6697,,,,,,,,,,DEPTH_UNMEASURED_TOKENIZER_NOT_USED
unidoc_construction_0196,7759,,,,,,,,,,DEPTH_UNMEASURED_TOKENIZER_NOT_USED
unidoc_construction_0197,7121,,,,,,,,,,DEPTH_UNMEASURED_TOKENIZER_NOT_USED
unidoc_construction_0198,6362,,,,,,,,,,DEPTH_UNMEASURED_TOKENIZER_NOT_USED
unidoc_construction_0199,9640,,,,,,,,,,DEPTH_UNMEASURED_TOKENIZER_NOT_USED
unidoc_construction_0200,9178,,,,,,,,,,DEPTH_UNMEASURED_TOKENIZER_NOT_USED
unidoc_crm_0001,5507,,,,,,,,,,DEPTH_UNMEASURED_TOKENIZER_NOT_USED
unidoc_crm_0002,8001,,,,,,,,,,DEPTH_UNMEASURED_TOKENIZER_NOT_USED
unidoc_crm_0003,7589,,,,,,,,,,DEPTH_UNMEASURED_TOKENIZER_NOT_USED
unidoc_crm_0004,7087,,,,,,,,,,DEPTH_UNMEASURED_TOKENIZER_NOT_USED
unidoc_crm_0005,6779,,,,,,,,,,DEPTH_UNMEASURED_TOKENIZER_NOT_USED
unidoc_crm_0006,7868,,,,,,,,,,DEPTH_UNMEASURED_TOKENIZER_NOT_USED
unidoc_crm_0007,5953,,,,,,,,,,DEPTH_UNMEASURED_TOKENIZER_NOT_USED
unidoc_crm_0008,7116,,,,,,,,,,DEPTH_UNMEASURED_TOKENIZER_NOT_USED
unidoc_crm_0009,10808,,,,,,,,,,DEPTH_UNMEASURED_TOKENIZER_NOT_USED
unidoc_crm_0010,1599,,,,,,,,,,DEPTH_UNMEASURED_TOKENIZER_NOT_USED
unidoc_crm_0011,6210,,,,,,,,,,DEPTH_UNMEASURED_TOKENIZER_NOT_USED
unidoc_crm_0012,10545,,,,,,,,,,DEPTH_UNMEASURED_TOKENIZER_NOT_USED
unidoc_crm_0013,8206,,,,,,,,,,DEPTH_UNMEASURED_TOKENIZER_NOT_USED
unidoc_crm_0014,6586,,,,,,,,,,DEPTH_UNMEASURED_TOKENIZER_NOT_USED
unidoc_crm_0015,7918,,,,,,,,,,DEPTH_UNMEASURED_TOKENIZER_NOT_USED
unidoc_crm_0016,4874,,,,,,,,,,DEPTH_UNMEASURED_TOKENIZER_NOT_USED
unidoc_crm_0017,10307,,,,,,,,,,DEPTH_UNMEASURED_TOKENIZER_NOT_USED
unidoc_crm_0018,6142,,,,,,,,,,DEPTH_UNMEASURED_TOKENIZER_NOT_USED
unidoc_crm_0019,4981,,,,,,,,,,DEPTH_UNMEASURED_TOKENIZER_NOT_USED
unidoc_crm_0020,7897,,,,,,,,,,DEPTH_UNMEASURED_TOKENIZER_NOT_USED
unidoc_crm_0021,9316,,,,,,,,,,DEPTH_UNMEASURED_TOKENIZER_NOT_USED
unidoc_crm_0022,2944,,,,,,,,,,DEPTH_UNMEASURED_TOKENIZER_NOT_USED
unidoc_crm_0023,8420,,,,,,,,,,DEPTH_UNMEASURED_TOKENIZER_NOT_USED
unidoc_crm_0024,10991,,,,,,,,,,DEPTH_UNMEASURED_TOKENIZER_NOT_USED
unidoc_crm_0025,10090,,,,,,,,,,DEPTH_UNMEASURED_TOKENIZER_NOT_USED
unidoc_crm_0026,5676,,,,,,,,,,DEPTH_UNMEASURED_TOKENIZER_NOT_USED
unidoc_crm_0027,10352,,,,,,,,,,DEPTH_UNMEASURED_TOKENIZER_NOT_USED
unidoc_crm_0028,10416,,,,,,,,,,DEPTH_UNMEASURED_TOKENIZER_NOT_USED
unidoc_crm_0029,2659,,,,,,,,,,DEPTH_UNMEASURED_TOKENIZER_NOT_USED
unidoc_crm_0030,5895,,,,,,,,,,DEPTH_UNMEASURED_TOKENIZER_NOT_USED
unidoc_crm_0031,11739,,,,,,,,,,DEPTH_UNMEASURED_TOKENIZER_NOT_USED
unidoc_crm_0032,5741,,,,,,,,,,DEPTH_UNMEASURED_TOKENIZER_NOT_USED
unidoc_crm_0033,5843,,,,,,,,,,DEPTH_UNMEASURED_TOKENIZER_NOT_USED
unidoc_crm_0034,4067,,,,,,,,,,DEPTH_UNMEASURED_TOKENIZER_NOT_USED
unidoc_crm_0035,3553,,,,,,,,,,DEPTH_UNMEASURED_TOKENIZER_NOT_USED
unidoc_crm_0036,1905,,,,,,,,,,DEPTH_UNMEASURED_TOKENIZER_NOT_USED
unidoc_crm_0037,537,,,,,,,,,,DEPTH_UNMEASURED_TOKENIZER_NOT_USED
unidoc_crm_0038,9622,,,,,,,,,,DEPTH_UNMEASURED_TOKENIZER_NOT_USED
unidoc_crm_0039,10020,,,,,,,,,,DEPTH_UNMEASURED_TOKENIZER_NOT_USED
unidoc_crm_0040,8852,,,,,,,,,,DEPTH_UNMEASURED_TOKENIZER_NOT_USED
unidoc_crm_0041,10903,,,,,,,,,,DEPTH_UNMEASURED_TOKENIZER_NOT_USED
unidoc_crm_0042,4289,,,,,,,,,,DEPTH_UNMEASURED_TOKENIZER_NOT_USED
unidoc_crm_0043,10352,,,,,,,,,,DEPTH_UNMEASURED_TOKENIZER_NOT_USED
unidoc_crm_0044,5384,,,,,,,,,,DEPTH_UNMEASURED_TOKENIZER_NOT_USED
unidoc_crm_0045,10359,,,,,,,,,,DEPTH_UNMEASURED_TOKENIZER_NOT_USED
unidoc_crm_0046,3417,,,,,,,,,,DEPTH_UNMEASURED_TOKENIZER_NOT_USED
unidoc_crm_0047,4795,,,,,,,,,,DEPTH_UNMEASURED_TOKENIZER_NOT_USED
unidoc_crm_0048,5138,,,,,,,,,,DEPTH_UNMEASURED_TOKENIZER_NOT_USED
unidoc_crm_0049,9177,,,,,,,,,,DEPTH_UNMEASURED_TOKENIZER_NOT_USED
unidoc_crm_0050,8804,,,,,,,,,,DEPTH_UNMEASURED_TOKENIZER_NOT_USED
unidoc_crm_0051,9156,,,,,,,,,,DEPTH_UNMEASURED_TOKENIZER_NOT_USED
unidoc_crm_0052,7587,,,,,,,,,,DEPTH_UNMEASURED_TOKENIZER_NOT_USED
unidoc_crm_0053,4773,,,,,,,,,,DEPTH_UNMEASURED_TOKENIZER_NOT_USED
unidoc_crm_0054,9350,,,,,,,,,,DEPTH_UNMEASURED_TOKENIZER_NOT_USED
unidoc_crm_0055,11811,,,,,,,,,,DEPTH_UNMEASURED_TOKENIZER_NOT_USED
unidoc_crm_0056,10744,,,,,,,,,,DEPTH_UNMEASURED_TOKENIZER_NOT_USED
unidoc_crm_0057,4782,,,,,,,,,,DEPTH_UNMEASURED_TOKENIZER_NOT_USED
unidoc_crm_0058,6770,,,,,,,,,,DEPTH_UNMEASURED_TOKENIZER_NOT_USED
unidoc_crm_0059,6504,,,,,,,,,,DEPTH_UNMEASURED_TOKENIZER_NOT_USED
unidoc_crm_0060,3867,,,,,,,,,,DEPTH_UNMEASURED_TOKENIZER_NOT_USED
unidoc_crm_0061,5941,,,,,,,,,,DEPTH_UNMEASURED_TOKENIZER_NOT_USED
unidoc_crm_0062,6154,,,,,,,,,,DEPTH_UNMEASURED_TOKENIZER_NOT_USED
unidoc_crm_0063,7108,,,,,,,,,,DEPTH_UNMEASURED_TOKENIZER_NOT_USED
unidoc_crm_0064,4014,,,,,,,,,,DEPTH_UNMEASURED_TOKENIZER_NOT_USED
unidoc_crm_0065,8777,,,,,,,,,,DEPTH_UNMEASURED_TOKENIZER_NOT_USED
unidoc_crm_0066,2183,,,,,,,,,,DEPTH_UNMEASURED_TOKENIZER_NOT_USED
unidoc_crm_0067,6217,,,,,,,,,,DEPTH_UNMEASURED_TOKENIZER_NOT_USED
unidoc_crm_0068,9209,,,,,,,,,,DEPTH_UNMEASURED_TOKENIZER_NOT_USED
unidoc_crm_0069,9297,,,,,,,,,,DEPTH_UNMEASURED_TOKENIZER_NOT_USED
unidoc_crm_0070,9006,,,,,,,,,,DEPTH_UNMEASURED_TOKENIZER_NOT_USED
unidoc_crm_0071,9094,,,,,,,,,,DEPTH_UNMEASURED_TOKENIZER_NOT_USED
unidoc_crm_0072,9215,,,,,,,,,,DEPTH_UNMEASURED_TOKENIZER_NOT_USED
unidoc_crm_0073,3880,,,,,,,,,,DEPTH_UNMEASURED_TOKENIZER_NOT_USED
unidoc_crm_0074,10990,,,,,,,,,,DEPTH_UNMEASURED_TOKENIZER_NOT_USED
unidoc_crm_0075,8358,,,,,,,,,,DEPTH_UNMEASURED_TOKENIZER_NOT_USED
unidoc_crm_0076,5210,,,,,,,,,,DEPTH_UNMEASURED_TOKENIZER_NOT_USED
unidoc_crm_0077,6911,,,,,,,,,,DEPTH_UNMEASURED_TOKENIZER_NOT_USED
unidoc_crm_0078,2227,,,,,,,,,,DEPTH_UNMEASURED_TOKENIZER_NOT_USED
unidoc_crm_0079,6490,,,,,,,,,,DEPTH_UNMEASURED_TOKENIZER_NOT_USED
unidoc_crm_0080,5828,,,,,,,,,,DEPTH_UNMEASURED_TOKENIZER_NOT_USED
unidoc_crm_0081,3689,,,,,,,,,,DEPTH_UNMEASURED_TOKENIZER_NOT_USED
unidoc_crm_0082,7385,,,,,,,,,,DEPTH_UNMEASURED_TOKENIZER_NOT_USED
unidoc_crm_0083,7214,,,,,,,,,,DEPTH_UNMEASURED_TOKENIZER_NOT_USED
unidoc_crm_0084,5091,,,,,,,,,,DEPTH_UNMEASURED_TOKENIZER_NOT_USED
unidoc_crm_0085,2838,,,,,,,,,,DEPTH_UNMEASURED_TOKENIZER_NOT_USED
unidoc_crm_0086,5741,,,,,,,,,,DEPTH_UNMEASURED_TOKENIZER_NOT_USED
unidoc_crm_0087,8035,,,,,,,,,,DEPTH_UNMEASURED_TOKENIZER_NOT_USED
unidoc_crm_0088,3842,,,,,,,,,,DEPTH_UNMEASURED_TOKENIZER_NOT_USED
unidoc_crm_0089,9215,,,,,,,,,,DEPTH_UNMEASURED_TOKENIZER_NOT_USED
unidoc_crm_0090,5180,,,,,,,,,,DEPTH_UNMEASURED_TOKENIZER_NOT_USED
unidoc_crm_0091,9984,,,,,,,,,,DEPTH_UNMEASURED_TOKENIZER_NOT_USED
unidoc_crm_0092,8162,,,,,,,,,,DEPTH_UNMEASURED_TOKENIZER_NOT_USED
unidoc_crm_0093,8071,,,,,,,,,,DEPTH_UNMEASURED_TOKENIZER_NOT_USED
unidoc_crm_0094,5500,,,,,,,,,,DEPTH_UNMEASURED_TOKENIZER_NOT_USED
unidoc_crm_0095,6131,,,,,,,,,,DEPTH_UNMEASURED_TOKENIZER_NOT_USED
unidoc_crm_0096,9177,,,,,,,,,,DEPTH_UNMEASURED_TOKENIZER_NOT_USED
unidoc_crm_0097,8804,,,,,,,,,,DEPTH_UNMEASURED_TOKENIZER_NOT_USED
unidoc_crm_0098,6857,,,,,,,,,,DEPTH_UNMEASURED_TOKENIZER_NOT_USED
unidoc_crm_0099,6195,,,,,,,,,,DEPTH_UNMEASURED_TOKENIZER_NOT_USED
unidoc_crm_0100,5741,,,,,,,,,,DEPTH_UNMEASURED_TOKENIZER_NOT_USED
unidoc_crm_0101,6533,,,,,,,,,,DEPTH_UNMEASURED_TOKENIZER_NOT_USED
unidoc_crm_0102,7665,,,,,,,,,,DEPTH_UNMEASURED_TOKENIZER_NOT_USED
unidoc_crm_0103,4045,,,,,,,,,,DEPTH_UNMEASURED_TOKENIZER_NOT_USED
unidoc_crm_0104,9102,,,,,,,,,,DEPTH_UNMEASURED_TOKENIZER_NOT_USED
unidoc_crm_0105,11438,,,,,,,,,,DEPTH_UNMEASURED_TOKENIZER_NOT_USED
unidoc_crm_0106,10266,,,,,,,,,,DEPTH_UNMEASURED_TOKENIZER_NOT_USED
unidoc_crm_0107,11548,,,,,,,,,,DEPTH_UNMEASURED_TOKENIZER_NOT_USED
unidoc_crm_0108,9805,,,,,,,,,,DEPTH_UNMEASURED_TOKENIZER_NOT_USED
unidoc_crm_0109,10352,,,,,,,,,,DEPTH_UNMEASURED_TOKENIZER_NOT_USED
unidoc_crm_0110,7477,,,,,,,,,,DEPTH_UNMEASURED_TOKENIZER_NOT_USED
unidoc_crm_0111,9248,,,,,,,,,,DEPTH_UNMEASURED_TOKENIZER_NOT_USED
unidoc_crm_0112,9555,,,,,,,,,,DEPTH_UNMEASURED_TOKENIZER_NOT_USED
unidoc_crm_0113,5846,,,,,,,,,,DEPTH_UNMEASURED_TOKENIZER_NOT_USED
unidoc_crm_0114,6112,,,,,,,,,,DEPTH_UNMEASURED_TOKENIZER_NOT_USED
unidoc_crm_0115,8740,,,,,,,,,,DEPTH_UNMEASURED_TOKENIZER_NOT_USED
unidoc_crm_0116,7332,,,,,,,,,,DEPTH_UNMEASURED_TOKENIZER_NOT_USED
unidoc_crm_0117,5741,,,,,,,,,,DEPTH_UNMEASURED_TOKENIZER_NOT_USED
unidoc_crm_0118,3504,,,,,,,,,,DEPTH_UNMEASURED_TOKENIZER_NOT_USED
unidoc_crm_0119,4875,,,,,,,,,,DEPTH_UNMEASURED_TOKENIZER_NOT_USED
unidoc_crm_0120,6005,,,,,,,,,,DEPTH_UNMEASURED_TOKENIZER_NOT_USED
unidoc_crm_0121,4114,,,,,,,,,,DEPTH_UNMEASURED_TOKENIZER_NOT_USED
unidoc_crm_0122,12419,,,,,,,,,,DEPTH_UNMEASURED_TOKENIZER_NOT_USED
unidoc_crm_0123,2747,,,,,,,,,,DEPTH_UNMEASURED_TOKENIZER_NOT_USED
unidoc_crm_0124,10596,,,,,,,,,,DEPTH_UNMEASURED_TOKENIZER_NOT_USED
unidoc_crm_0125,6616,,,,,,,,,,DEPTH_UNMEASURED_TOKENIZER_NOT_USED
unidoc_crm_0126,8439,,,,,,,,,,DEPTH_UNMEASURED_TOKENIZER_NOT_USED
unidoc_crm_0127,8896,,,,,,,,,,DEPTH_UNMEASURED_TOKENIZER_NOT_USED
unidoc_crm_0128,6942,,,,,,,,,,DEPTH_UNMEASURED_TOKENIZER_NOT_USED
unidoc_crm_0129,11626,,,,,,,,,,DEPTH_UNMEASURED_TOKENIZER_NOT_USED
unidoc_crm_0130,9062,,,,,,,,,,DEPTH_UNMEASURED_TOKENIZER_NOT_USED
unidoc_crm_0131,3113,,,,,,,,,,DEPTH_UNMEASURED_TOKENIZER_NOT_USED
unidoc_crm_0132,5272,,,,,,,,,,DEPTH_UNMEASURED_TOKENIZER_NOT_USED
unidoc_crm_0133,2125,,,,,,,,,,DEPTH_UNMEASURED_TOKENIZER_NOT_USED
unidoc_crm_0134,9467,,,,,,,,,,DEPTH_UNMEASURED_TOKENIZER_NOT_USED
unidoc_crm_0135,7631,,,,,,,,,,DEPTH_UNMEASURED_TOKENIZER_NOT_USED
unidoc_crm_0136,6950,,,,,,,,,,DEPTH_UNMEASURED_TOKENIZER_NOT_USED
unidoc_crm_0137,5806,,,,,,,,,,DEPTH_UNMEASURED_TOKENIZER_NOT_USED
unidoc_crm_0138,5859,,,,,,,,,,DEPTH_UNMEASURED_TOKENIZER_NOT_USED
unidoc_crm_0139,3865,,,,,,,,,,DEPTH_UNMEASURED_TOKENIZER_NOT_USED
unidoc_crm_0140,5320,,,,,,,,,,DEPTH_UNMEASURED_TOKENIZER_NOT_USED
unidoc_crm_0141,10596,,,,,,,,,,DEPTH_UNMEASURED_TOKENIZER_NOT_USED
unidoc_crm_0142,6352,,,,,,,,,,DEPTH_UNMEASURED_TOKENIZER_NOT_USED
unidoc_crm_0143,3370,,,,,,,,,,DEPTH_UNMEASURED_TOKENIZER_NOT_USED
unidoc_crm_0144,6353,,,,,,,,,,DEPTH_UNMEASURED_TOKENIZER_NOT_USED
unidoc_crm_0145,8429,,,,,,,,,,DEPTH_UNMEASURED_TOKENIZER_NOT_USED
unidoc_crm_0146,1573,,,,,,,,,,DEPTH_UNMEASURED_TOKENIZER_NOT_USED
unidoc_crm_0147,9297,,,,,,,,,,DEPTH_UNMEASURED_TOKENIZER_NOT_USED
unidoc_crm_0148,2120,,,,,,,,,,DEPTH_UNMEASURED_TOKENIZER_NOT_USED
unidoc_crm_0149,9508,,,,,,,,,,DEPTH_UNMEASURED_TOKENIZER_NOT_USED
unidoc_crm_0150,3604,,,,,,,,,,DEPTH_UNMEASURED_TOKENIZER_NOT_USED
unidoc_crm_0151,6554,,,,,,,,,,DEPTH_UNMEASURED_TOKENIZER_NOT_USED
unidoc_crm_0152,5240,,,,,,,,,,DEPTH_UNMEASURED_TOKENIZER_NOT_USED
unidoc_crm_0153,6360,,,,,,,,,,DEPTH_UNMEASURED_TOKENIZER_NOT_USED
unidoc_crm_0154,10416,,,,,,,,,,DEPTH_UNMEASURED_TOKENIZER_NOT_USED
unidoc_crm_0155,5626,,,,,,,,,,DEPTH_UNMEASURED_TOKENIZER_NOT_USED
unidoc_crm_0156,8472,,,,,,,,,,DEPTH_UNMEASURED_TOKENIZER_NOT_USED
unidoc_crm_0157,8564,,,,,,,,,,DEPTH_UNMEASURED_TOKENIZER_NOT_USED
unidoc_crm_0158,7033,,,,,,,,,,DEPTH_UNMEASURED_TOKENIZER_NOT_USED
unidoc_crm_0159,7982,,,,,,,,,,DEPTH_UNMEASURED_TOKENIZER_NOT_USED
unidoc_crm_0160,2381,,,,,,,,,,DEPTH_UNMEASURED_TOKENIZER_NOT_USED
unidoc_crm_0161,5806,,,,,,,,,,DEPTH_UNMEASURED_TOKENIZER_NOT_USED
unidoc_crm_0162,9824,,,,,,,,,,DEPTH_UNMEASURED_TOKENIZER_NOT_USED
unidoc_crm_0163,7233,,,,,,,,,,DEPTH_UNMEASURED_TOKENIZER_NOT_USED
unidoc_crm_0164,5981,,,,,,,,,,DEPTH_UNMEASURED_TOKENIZER_NOT_USED
unidoc_crm_0165,7346,,,,,,,,,,DEPTH_UNMEASURED_TOKENIZER_NOT_USED
unidoc_crm_0166,4991,,,,,,,,,,DEPTH_UNMEASURED_TOKENIZER_NOT_USED
unidoc_crm_0167,9418,,,,,,,,,,DEPTH_UNMEASURED_TOKENIZER_NOT_USED
unidoc_crm_0168,7722,,,,,,,,,,DEPTH_UNMEASURED_TOKENIZER_NOT_USED
unidoc_crm_0169,4786,,,,,,,,,,DEPTH_UNMEASURED_TOKENIZER_NOT_USED
unidoc_crm_0170,6198,,,,,,,,,,DEPTH_UNMEASURED_TOKENIZER_NOT_USED
unidoc_crm_0171,5603,,,,,,,,,,DEPTH_UNMEASURED_TOKENIZER_NOT_USED
unidoc_crm_0172,10352,,,,,,,,,,DEPTH_UNMEASURED_TOKENIZER_NOT_USED
unidoc_crm_0173,4577,,,,,,,,,,DEPTH_UNMEASURED_TOKENIZER_NOT_USED
unidoc_crm_0174,10047,,,,,,,,,,DEPTH_UNMEASURED_TOKENIZER_NOT_USED
unidoc_crm_0175,6257,,,,,,,,,,DEPTH_UNMEASURED_TOKENIZER_NOT_USED
unidoc_crm_0176,10297,,,,,,,,,,DEPTH_UNMEASURED_TOKENIZER_NOT_USED
unidoc_crm_0177,4555,,,,,,,,,,DEPTH_UNMEASURED_TOKENIZER_NOT_USED
unidoc_crm_0178,7637,,,,,,,,,,DEPTH_UNMEASURED_TOKENIZER_NOT_USED
unidoc_crm_0179,6146,,,,,,,,,,DEPTH_UNMEASURED_TOKENIZER_NOT_USED
unidoc_crm_0180,8688,,,,,,,,,,DEPTH_UNMEASURED_TOKENIZER_NOT_USED
unidoc_crm_0181,461,,,,,,,,,,DEPTH_UNMEASURED_TOKENIZER_NOT_USED
unidoc_crm_0182,9970,,,,,,,,,,DEPTH_UNMEASURED_TOKENIZER_NOT_USED
unidoc_crm_0183,8648,,,,,,,,,,DEPTH_UNMEASURED_TOKENIZER_NOT_USED
unidoc_crm_0184,9209,,,,,,,,,,DEPTH_UNMEASURED_TOKENIZER_NOT_USED
unidoc_crm_0185,368,,,,,,,,,,DEPTH_UNMEASURED_TOKENIZER_NOT_USED
unidoc_crm_0186,2806,,,,,,,,,,DEPTH_UNMEASURED_TOKENIZER_NOT_USED
unidoc_crm_0187,10246,,,,,,,,,,DEPTH_UNMEASURED_TOKENIZER_NOT_USED
unidoc_crm_0188,6594,,,,,,,,,,DEPTH_UNMEASURED_TOKENIZER_NOT_USED
unidoc_crm_0189,7994,,,,,,,,,,DEPTH_UNMEASURED_TOKENIZER_NOT_USED
unidoc_crm_0190,5473,,,,,,,,,,DEPTH_UNMEASURED_TOKENIZER_NOT_USED
unidoc_crm_0191,6112,,,,,,,,,,DEPTH_UNMEASURED_TOKENIZER_NOT_USED
unidoc_crm_0192,4785,,,,,,,,,,DEPTH_UNMEASURED_TOKENIZER_NOT_USED
unidoc_crm_0193,5507,,,,,,,,,,DEPTH_UNMEASURED_TOKENIZER_NOT_USED
unidoc_crm_0194,4503,,,,,,,,,,DEPTH_UNMEASURED_TOKENIZER_NOT_USED
unidoc_crm_0195,10451,,,,,,,,,,DEPTH_UNMEASURED_TOKENIZER_NOT_USED
unidoc_crm_0196,5662,,,,,,,,,,DEPTH_UNMEASURED_TOKENIZER_NOT_USED
unidoc_crm_0197,6853,,,,,,,,,,DEPTH_UNMEASURED_TOKENIZER_NOT_USED
unidoc_crm_0198,8001,,,,,,,,,,DEPTH_UNMEASURED_TOKENIZER_NOT_USED
unidoc_crm_0199,4963,,,,,,,,,,DEPTH_UNMEASURED_TOKENIZER_NOT_USED
unidoc_crm_0200,4521,,,,,,,,,,DEPTH_UNMEASURED_TOKENIZER_NOT_USED
unidoc_education_0001,9067,,,,,,,,,,DEPTH_UNMEASURED_TOKENIZER_NOT_USED
unidoc_education_0002,6741,,,,,,,,,,DEPTH_UNMEASURED_TOKENIZER_NOT_USED
unidoc_education_0003,1044,,,,,,,,,,DEPTH_UNMEASURED_TOKENIZER_NOT_USED
unidoc_education_0004,4296,,,,,,,,,,DEPTH_UNMEASURED_TOKENIZER_NOT_USED
unidoc_education_0005,5400,,,,,,,,,,DEPTH_UNMEASURED_TOKENIZER_NOT_USED
unidoc_education_0006,8390,,,,,,,,,,DEPTH_UNMEASURED_TOKENIZER_NOT_USED
unidoc_education_0007,3028,,,,,,,,,,DEPTH_UNMEASURED_TOKENIZER_NOT_USED
unidoc_education_0008,9167,,,,,,,,,,DEPTH_UNMEASURED_TOKENIZER_NOT_USED
unidoc_education_0009,5802,,,,,,,,,,DEPTH_UNMEASURED_TOKENIZER_NOT_USED
unidoc_education_0010,4437,,,,,,,,,,DEPTH_UNMEASURED_TOKENIZER_NOT_USED
unidoc_education_0011,9067,,,,,,,,,,DEPTH_UNMEASURED_TOKENIZER_NOT_USED
unidoc_education_0012,6673,,,,,,,,,,DEPTH_UNMEASURED_TOKENIZER_NOT_USED
unidoc_education_0013,6415,,,,,,,,,,DEPTH_UNMEASURED_TOKENIZER_NOT_USED
unidoc_education_0014,7282,,,,,,,,,,DEPTH_UNMEASURED_TOKENIZER_NOT_USED
unidoc_education_0015,3742,,,,,,,,,,DEPTH_UNMEASURED_TOKENIZER_NOT_USED
unidoc_education_0016,6647,,,,,,,,,,DEPTH_UNMEASURED_TOKENIZER_NOT_USED
unidoc_education_0017,6017,,,,,,,,,,DEPTH_UNMEASURED_TOKENIZER_NOT_USED
unidoc_education_0018,7897,,,,,,,,,,DEPTH_UNMEASURED_TOKENIZER_NOT_USED
unidoc_education_0019,5354,,,,,,,,,,DEPTH_UNMEASURED_TOKENIZER_NOT_USED
unidoc_education_0020,6206,,,,,,,,,,DEPTH_UNMEASURED_TOKENIZER_NOT_USED
unidoc_education_0021,12018,,,,,,,,,,DEPTH_UNMEASURED_TOKENIZER_NOT_USED
unidoc_education_0022,6477,,,,,,,,,,DEPTH_UNMEASURED_TOKENIZER_NOT_USED
unidoc_education_0023,9478,,,,,,,,,,DEPTH_UNMEASURED_TOKENIZER_NOT_USED
unidoc_education_0024,7863,,,,,,,,,,DEPTH_UNMEASURED_TOKENIZER_NOT_USED
unidoc_education_0025,7474,,,,,,,,,,DEPTH_UNMEASURED_TOKENIZER_NOT_USED
unidoc_education_0026,10427,,,,,,,,,,DEPTH_UNMEASURED_TOKENIZER_NOT_USED
unidoc_education_0027,5917,,,,,,,,,,DEPTH_UNMEASURED_TOKENIZER_NOT_USED
unidoc_education_0028,6469,,,,,,,,,,DEPTH_UNMEASURED_TOKENIZER_NOT_USED
unidoc_education_0029,10427,,,,,,,,,,DEPTH_UNMEASURED_TOKENIZER_NOT_USED
unidoc_education_0030,6362,,,,,,,,,,DEPTH_UNMEASURED_TOKENIZER_NOT_USED
unidoc_education_0031,6792,,,,,,,,,,DEPTH_UNMEASURED_TOKENIZER_NOT_USED
unidoc_education_0032,10495,,,,,,,,,,DEPTH_UNMEASURED_TOKENIZER_NOT_USED
unidoc_education_0033,5672,,,,,,,,,,DEPTH_UNMEASURED_TOKENIZER_NOT_USED
unidoc_education_0034,6362,,,,,,,,,,DEPTH_UNMEASURED_TOKENIZER_NOT_USED
unidoc_education_0035,8549,,,,,,,,,,DEPTH_UNMEASURED_TOKENIZER_NOT_USED
unidoc_education_0036,2561,,,,,,,,,,DEPTH_UNMEASURED_TOKENIZER_NOT_USED
unidoc_education_0037,7408,,,,,,,,,,DEPTH_UNMEASURED_TOKENIZER_NOT_USED
unidoc_education_0038,7157,,,,,,,,,,DEPTH_UNMEASURED_TOKENIZER_NOT_USED
unidoc_education_0039,11026,,,,,,,,,,DEPTH_UNMEASURED_TOKENIZER_NOT_USED
unidoc_education_0040,7283,,,,,,,,,,DEPTH_UNMEASURED_TOKENIZER_NOT_USED
unidoc_education_0041,6181,,,,,,,,,,DEPTH_UNMEASURED_TOKENIZER_NOT_USED
unidoc_education_0042,8844,,,,,,,,,,DEPTH_UNMEASURED_TOKENIZER_NOT_USED
unidoc_education_0043,12215,,,,,,,,,,DEPTH_UNMEASURED_TOKENIZER_NOT_USED
unidoc_education_0044,8499,,,,,,,,,,DEPTH_UNMEASURED_TOKENIZER_NOT_USED
unidoc_education_0045,4005,,,,,,,,,,DEPTH_UNMEASURED_TOKENIZER_NOT_USED
unidoc_education_0046,4735,,,,,,,,,,DEPTH_UNMEASURED_TOKENIZER_NOT_USED
unidoc_education_0047,7001,,,,,,,,,,DEPTH_UNMEASURED_TOKENIZER_NOT_USED
unidoc_education_0048,5363,,,,,,,,,,DEPTH_UNMEASURED_TOKENIZER_NOT_USED
unidoc_education_0049,2065,,,,,,,,,,DEPTH_UNMEASURED_TOKENIZER_NOT_USED
unidoc_education_0050,8845,,,,,,,,,,DEPTH_UNMEASURED_TOKENIZER_NOT_USED
unidoc_education_0051,7002,,,,,,,,,,DEPTH_UNMEASURED_TOKENIZER_NOT_USED
unidoc_education_0052,9067,,,,,,,,,,DEPTH_UNMEASURED_TOKENIZER_NOT_USED
unidoc_education_0053,10407,,,,,,,,,,DEPTH_UNMEASURED_TOKENIZER_NOT_USED
unidoc_education_0054,8081,,,,,,,,,,DEPTH_UNMEASURED_TOKENIZER_NOT_USED
unidoc_education_0055,4015,,,,,,,,,,DEPTH_UNMEASURED_TOKENIZER_NOT_USED
unidoc_education_0056,13063,,,,,,,,,,DEPTH_UNMEASURED_TOKENIZER_NOT_USED
unidoc_education_0057,11872,,,,,,,,,,DEPTH_UNMEASURED_TOKENIZER_NOT_USED
unidoc_education_0058,6559,,,,,,,,,,DEPTH_UNMEASURED_TOKENIZER_NOT_USED
unidoc_education_0059,3399,,,,,,,,,,DEPTH_UNMEASURED_TOKENIZER_NOT_USED
unidoc_education_0060,9146,,,,,,,,,,DEPTH_UNMEASURED_TOKENIZER_NOT_USED
unidoc_education_0061,2609,,,,,,,,,,DEPTH_UNMEASURED_TOKENIZER_NOT_USED
unidoc_education_0062,6766,,,,,,,,,,DEPTH_UNMEASURED_TOKENIZER_NOT_USED
unidoc_education_0063,5025,,,,,,,,,,DEPTH_UNMEASURED_TOKENIZER_NOT_USED
unidoc_education_0064,13310,,,,,,,,,,DEPTH_UNMEASURED_TOKENIZER_NOT_USED
unidoc_education_0065,9150,,,,,,,,,,DEPTH_UNMEASURED_TOKENIZER_NOT_USED
unidoc_education_0066,8263,,,,,,,,,,DEPTH_UNMEASURED_TOKENIZER_NOT_USED
unidoc_education_0067,3538,,,,,,,,,,DEPTH_UNMEASURED_TOKENIZER_NOT_USED
unidoc_education_0068,6111,,,,,,,,,,DEPTH_UNMEASURED_TOKENIZER_NOT_USED
unidoc_education_0069,8050,,,,,,,,,,DEPTH_UNMEASURED_TOKENIZER_NOT_USED
unidoc_education_0070,6870,,,,,,,,,,DEPTH_UNMEASURED_TOKENIZER_NOT_USED
unidoc_education_0071,5077,,,,,,,,,,DEPTH_UNMEASURED_TOKENIZER_NOT_USED
unidoc_education_0072,6066,,,,,,,,,,DEPTH_UNMEASURED_TOKENIZER_NOT_USED
unidoc_education_0073,6641,,,,,,,,,,DEPTH_UNMEASURED_TOKENIZER_NOT_USED
unidoc_education_0074,5111,,,,,,,,,,DEPTH_UNMEASURED_TOKENIZER_NOT_USED
unidoc_education_0075,8000,,,,,,,,,,DEPTH_UNMEASURED_TOKENIZER_NOT_USED
unidoc_education_0076,6958,,,,,,,,,,DEPTH_UNMEASURED_TOKENIZER_NOT_USED
unidoc_education_0077,3710,,,,,,,,,,DEPTH_UNMEASURED_TOKENIZER_NOT_USED
unidoc_education_0078,10559,,,,,,,,,,DEPTH_UNMEASURED_TOKENIZER_NOT_USED
unidoc_education_0079,6157,,,,,,,,,,DEPTH_UNMEASURED_TOKENIZER_NOT_USED
unidoc_education_0080,9666,,,,,,,,,,DEPTH_UNMEASURED_TOKENIZER_NOT_USED
unidoc_education_0081,7329,,,,,,,,,,DEPTH_UNMEASURED_TOKENIZER_NOT_USED
unidoc_education_0082,8035,,,,,,,,,,DEPTH_UNMEASURED_TOKENIZER_NOT_USED
unidoc_education_0083,5280,,,,,,,,,,DEPTH_UNMEASURED_TOKENIZER_NOT_USED
unidoc_education_0084,9195,,,,,,,,,,DEPTH_UNMEASURED_TOKENIZER_NOT_USED
unidoc_education_0085,5412,,,,,,,,,,DEPTH_UNMEASURED_TOKENIZER_NOT_USED
unidoc_education_0086,6729,,,,,,,,,,DEPTH_UNMEASURED_TOKENIZER_NOT_USED
unidoc_education_0087,12996,,,,,,,,,,DEPTH_UNMEASURED_TOKENIZER_NOT_USED
unidoc_education_0088,7292,,,,,,,,,,DEPTH_UNMEASURED_TOKENIZER_NOT_USED
unidoc_education_0089,9666,,,,,,,,,,DEPTH_UNMEASURED_TOKENIZER_NOT_USED
unidoc_education_0090,3589,,,,,,,,,,DEPTH_UNMEASURED_TOKENIZER_NOT_USED
unidoc_education_0091,11108,,,,,,,,,,DEPTH_UNMEASURED_TOKENIZER_NOT_USED
unidoc_education_0092,11602,,,,,,,,,,DEPTH_UNMEASURED_TOKENIZER_NOT_USED
unidoc_education_0093,10249,,,,,,,,,,DEPTH_UNMEASURED_TOKENIZER_NOT_USED
unidoc_education_0094,5228,,,,,,,,,,DEPTH_UNMEASURED_TOKENIZER_NOT_USED
unidoc_education_0095,6189,,,,,,,,,,DEPTH_UNMEASURED_TOKENIZER_NOT_USED
unidoc_education_0096,12003,,,,,,,,,,DEPTH_UNMEASURED_TOKENIZER_NOT_USED
unidoc_education_0097,11891,,,,,,,,,,DEPTH_UNMEASURED_TOKENIZER_NOT_USED
unidoc_education_0098,3150,,,,,,,,,,DEPTH_UNMEASURED_TOKENIZER_NOT_USED
unidoc_education_0099,12583,,,,,,,,,,DEPTH_UNMEASURED_TOKENIZER_NOT_USED
unidoc_education_0100,10497,,,,,,,,,,DEPTH_UNMEASURED_TOKENIZER_NOT_USED
unidoc_education_0101,4978,,,,,,,,,,DEPTH_UNMEASURED_TOKENIZER_NOT_USED
unidoc_education_0102,9067,,,,,,,,,,DEPTH_UNMEASURED_TOKENIZER_NOT_USED
unidoc_education_0103,8709,,,,,,,,,,DEPTH_UNMEASURED_TOKENIZER_NOT_USED
unidoc_education_0104,14333,,,,,,,,,,DEPTH_UNMEASURED_TOKENIZER_NOT_USED
unidoc_education_0105,10242,,,,,,,,,,DEPTH_UNMEASURED_TOKENIZER_NOT_USED
unidoc_education_0106,13277,,,,,,,,,,DEPTH_UNMEASURED_TOKENIZER_NOT_USED
unidoc_education_0107,1389,,,,,,,,,,DEPTH_UNMEASURED_TOKENIZER_NOT_USED
unidoc_education_0108,10624,,,,,,,,,,DEPTH_UNMEASURED_TOKENIZER_NOT_USED
unidoc_education_0109,8408,,,,,,,,,,DEPTH_UNMEASURED_TOKENIZER_NOT_USED
unidoc_education_0110,7157,,,,,,,,,,DEPTH_UNMEASURED_TOKENIZER_NOT_USED
unidoc_education_0111,10939,,,,,,,,,,DEPTH_UNMEASURED_TOKENIZER_NOT_USED
unidoc_education_0112,7781,,,,,,,,,,DEPTH_UNMEASURED_TOKENIZER_NOT_USED
unidoc_education_0113,5960,,,,,,,,,,DEPTH_UNMEASURED_TOKENIZER_NOT_USED
unidoc_education_0114,5682,,,,,,,,,,DEPTH_UNMEASURED_TOKENIZER_NOT_USED
unidoc_education_0115,6802,,,,,,,,,,DEPTH_UNMEASURED_TOKENIZER_NOT_USED
unidoc_education_0116,8206,,,,,,,,,,DEPTH_UNMEASURED_TOKENIZER_NOT_USED
unidoc_education_0117,8154,,,,,,,,,,DEPTH_UNMEASURED_TOKENIZER_NOT_USED
unidoc_education_0118,9668,,,,,,,,,,DEPTH_UNMEASURED_TOKENIZER_NOT_USED
unidoc_education_0119,6496,,,,,,,,,,DEPTH_UNMEASURED_TOKENIZER_NOT_USED
unidoc_education_0120,12194,,,,,,,,,,DEPTH_UNMEASURED_TOKENIZER_NOT_USED
unidoc_education_0121,6424,,,,,,,,,,DEPTH_UNMEASURED_TOKENIZER_NOT_USED
unidoc_education_0122,6766,,,,,,,,,,DEPTH_UNMEASURED_TOKENIZER_NOT_USED
unidoc_education_0123,8696,,,,,,,,,,DEPTH_UNMEASURED_TOKENIZER_NOT_USED
unidoc_education_0124,8449,,,,,,,,,,DEPTH_UNMEASURED_TOKENIZER_NOT_USED
unidoc_education_0125,7303,,,,,,,,,,DEPTH_UNMEASURED_TOKENIZER_NOT_USED
unidoc_education_0126,7479,,,,,,,,,,DEPTH_UNMEASURED_TOKENIZER_NOT_USED
unidoc_education_0127,2481,,,,,,,,,,DEPTH_UNMEASURED_TOKENIZER_NOT_USED
unidoc_education_0128,4701,,,,,,,,,,DEPTH_UNMEASURED_TOKENIZER_NOT_USED
unidoc_education_0129,6978,,,,,,,,,,DEPTH_UNMEASURED_TOKENIZER_NOT_USED
unidoc_education_0130,11163,,,,,,,,,,DEPTH_UNMEASURED_TOKENIZER_NOT_USED
unidoc_education_0131,7201,,,,,,,,,,DEPTH_UNMEASURED_TOKENIZER_NOT_USED
unidoc_education_0132,9197,,,,,,,,,,DEPTH_UNMEASURED_TOKENIZER_NOT_USED
unidoc_education_0133,8141,,,,,,,,,,DEPTH_UNMEASURED_TOKENIZER_NOT_USED
unidoc_education_0134,8568,,,,,,,,,,DEPTH_UNMEASURED_TOKENIZER_NOT_USED
unidoc_education_0135,7548,,,,,,,,,,DEPTH_UNMEASURED_TOKENIZER_NOT_USED
unidoc_education_0136,13349,,,,,,,,,,DEPTH_UNMEASURED_TOKENIZER_NOT_USED
unidoc_education_0137,9347,,,,,,,,,,DEPTH_UNMEASURED_TOKENIZER_NOT_USED
unidoc_education_0138,5354,,,,,,,,,,DEPTH_UNMEASURED_TOKENIZER_NOT_USED
unidoc_education_0139,7850,,,,,,,,,,DEPTH_UNMEASURED_TOKENIZER_NOT_USED
unidoc_education_0140,4159,,,,,,,,,,DEPTH_UNMEASURED_TOKENIZER_NOT_USED
unidoc_education_0141,2675,,,,,,,,,,DEPTH_UNMEASURED_TOKENIZER_NOT_USED
unidoc_education_0142,4909,,,,,,,,,,DEPTH_UNMEASURED_TOKENIZER_NOT_USED
unidoc_education_0143,7097,,,,,,,,,,DEPTH_UNMEASURED_TOKENIZER_NOT_USED
unidoc_education_0144,7011,,,,,,,,,,DEPTH_UNMEASURED_TOKENIZER_NOT_USED
unidoc_education_0145,5513,,,,,,,,,,DEPTH_UNMEASURED_TOKENIZER_NOT_USED
unidoc_education_0146,6161,,,,,,,,,,DEPTH_UNMEASURED_TOKENIZER_NOT_USED
unidoc_education_0147,9015,,,,,,,,,,DEPTH_UNMEASURED_TOKENIZER_NOT_USED
unidoc_education_0148,12380,,,,,,,,,,DEPTH_UNMEASURED_TOKENIZER_NOT_USED
unidoc_education_0149,6928,,,,,,,,,,DEPTH_UNMEASURED_TOKENIZER_NOT_USED
unidoc_education_0150,7791,,,,,,,,,,DEPTH_UNMEASURED_TOKENIZER_NOT_USED
unidoc_education_0151,9195,,,,,,,,,,DEPTH_UNMEASURED_TOKENIZER_NOT_USED
unidoc_education_0152,5391,,,,,,,,,,DEPTH_UNMEASURED_TOKENIZER_NOT_USED
unidoc_education_0153,9058,,,,,,,,,,DEPTH_UNMEASURED_TOKENIZER_NOT_USED
unidoc_education_0154,12043,,,,,,,,,,DEPTH_UNMEASURED_TOKENIZER_NOT_USED
unidoc_education_0155,9934,,,,,,,,,,DEPTH_UNMEASURED_TOKENIZER_NOT_USED
unidoc_education_0156,8294,,,,,,,,,,DEPTH_UNMEASURED_TOKENIZER_NOT_USED
unidoc_education_0157,6333,,,,,,,,,,DEPTH_UNMEASURED_TOKENIZER_NOT_USED
unidoc_education_0158,6726,,,,,,,,,,DEPTH_UNMEASURED_TOKENIZER_NOT_USED
unidoc_education_0159,2558,,,,,,,,,,DEPTH_UNMEASURED_TOKENIZER_NOT_USED
unidoc_education_0160,5420,,,,,,,,,,DEPTH_UNMEASURED_TOKENIZER_NOT_USED
unidoc_education_0161,11109,,,,,,,,,,DEPTH_UNMEASURED_TOKENIZER_NOT_USED
unidoc_education_0162,11225,,,,,,,,,,DEPTH_UNMEASURED_TOKENIZER_NOT_USED
unidoc_education_0163,4375,,,,,,,,,,DEPTH_UNMEASURED_TOKENIZER_NOT_USED
unidoc_education_0164,8431,,,,,,,,,,DEPTH_UNMEASURED_TOKENIZER_NOT_USED
unidoc_education_0165,4940,,,,,,,,,,DEPTH_UNMEASURED_TOKENIZER_NOT_USED
unidoc_education_0166,11061,,,,,,,,,,DEPTH_UNMEASURED_TOKENIZER_NOT_USED
unidoc_education_0167,3045,,,,,,,,,,DEPTH_UNMEASURED_TOKENIZER_NOT_USED
unidoc_education_0168,4751,,,,,,,,,,DEPTH_UNMEASURED_TOKENIZER_NOT_USED
unidoc_education_0169,7995,,,,,,,,,,DEPTH_UNMEASURED_TOKENIZER_NOT_USED
unidoc_education_0170,3633,,,,,,,,,,DEPTH_UNMEASURED_TOKENIZER_NOT_USED
unidoc_education_0171,6604,,,,,,,,,,DEPTH_UNMEASURED_TOKENIZER_NOT_USED
unidoc_education_0172,11090,,,,,,,,,,DEPTH_UNMEASURED_TOKENIZER_NOT_USED
unidoc_education_0173,3676,,,,,,,,,,DEPTH_UNMEASURED_TOKENIZER_NOT_USED
unidoc_education_0174,12476,,,,,,,,,,DEPTH_UNMEASURED_TOKENIZER_NOT_USED
unidoc_education_0175,6870,,,,,,,,,,DEPTH_UNMEASURED_TOKENIZER_NOT_USED
unidoc_education_0176,5082,,,,,,,,,,DEPTH_UNMEASURED_TOKENIZER_NOT_USED
unidoc_education_0177,7458,,,,,,,,,,DEPTH_UNMEASURED_TOKENIZER_NOT_USED
unidoc_education_0178,9583,,,,,,,,,,DEPTH_UNMEASURED_TOKENIZER_NOT_USED
unidoc_education_0179,7563,,,,,,,,,,DEPTH_UNMEASURED_TOKENIZER_NOT_USED
unidoc_education_0180,5707,,,,,,,,,,DEPTH_UNMEASURED_TOKENIZER_NOT_USED
unidoc_education_0181,8337,,,,,,,,,,DEPTH_UNMEASURED_TOKENIZER_NOT_USED
unidoc_education_0182,13125,,,,,,,,,,DEPTH_UNMEASURED_TOKENIZER_NOT_USED
unidoc_education_0183,8091,,,,,,,,,,DEPTH_UNMEASURED_TOKENIZER_NOT_USED
unidoc_education_0184,10970,,,,,,,,,,DEPTH_UNMEASURED_TOKENIZER_NOT_USED
unidoc_education_0185,9356,,,,,,,,,,DEPTH_UNMEASURED_TOKENIZER_NOT_USED
unidoc_education_0186,9898,,,,,,,,,,DEPTH_UNMEASURED_TOKENIZER_NOT_USED
unidoc_education_0187,9067,,,,,,,,,,DEPTH_UNMEASURED_TOKENIZER_NOT_USED
unidoc_education_0188,10655,,,,,,,,,,DEPTH_UNMEASURED_TOKENIZER_NOT_USED
unidoc_education_0189,9923,,,,,,,,,,DEPTH_UNMEASURED_TOKENIZER_NOT_USED
unidoc_education_0190,4578,,,,,,,,,,DEPTH_UNMEASURED_TOKENIZER_NOT_USED
unidoc_education_0191,12022,,,,,,,,,,DEPTH_UNMEASURED_TOKENIZER_NOT_USED
unidoc_education_0192,8554,,,,,,,,,,DEPTH_UNMEASURED_TOKENIZER_NOT_USED
unidoc_education_0193,10010,,,,,,,,,,DEPTH_UNMEASURED_TOKENIZER_NOT_USED
unidoc_education_0194,3126,,,,,,,,,,DEPTH_UNMEASURED_TOKENIZER_NOT_USED
unidoc_education_0195,12897,,,,,,,,,,DEPTH_UNMEASURED_TOKENIZER_NOT_USED
unidoc_education_0196,5494,,,,,,,,,,DEPTH_UNMEASURED_TOKENIZER_NOT_USED
unidoc_education_0197,6273,,,,,,,,,,DEPTH_UNMEASURED_TOKENIZER_NOT_USED
unidoc_education_0198,6631,,,,,,,,,,DEPTH_UNMEASURED_TOKENIZER_NOT_USED
unidoc_education_0199,9359,,,,,,,,,,DEPTH_UNMEASURED_TOKENIZER_NOT_USED
unidoc_education_0200,8079,,,,,,,,,,DEPTH_UNMEASURED_TOKENIZER_NOT_USED
unidoc_energy_0001,11226,,,,,,,,,,DEPTH_UNMEASURED_TOKENIZER_NOT_USED
unidoc_energy_0002,9292,,,,,,,,,,DEPTH_UNMEASURED_TOKENIZER_NOT_USED
unidoc_energy_0003,7827,,,,,,,,,,DEPTH_UNMEASURED_TOKENIZER_NOT_USED
unidoc_energy_0004,7398,,,,,,,,,,DEPTH_UNMEASURED_TOKENIZER_NOT_USED
unidoc_energy_0005,7934,,,,,,,,,,DEPTH_UNMEASURED_TOKENIZER_NOT_USED
unidoc_energy_0006,5815,,,,,,,,,,DEPTH_UNMEASURED_TOKENIZER_NOT_USED
unidoc_energy_0007,5359,,,,,,,,,,DEPTH_UNMEASURED_TOKENIZER_NOT_USED
unidoc_energy_0008,10257,,,,,,,,,,DEPTH_UNMEASURED_TOKENIZER_NOT_USED
unidoc_energy_0009,11344,,,,,,,,,,DEPTH_UNMEASURED_TOKENIZER_NOT_USED
unidoc_energy_0010,3032,,,,,,,,,,DEPTH_UNMEASURED_TOKENIZER_NOT_USED
unidoc_energy_0011,10173,,,,,,,,,,DEPTH_UNMEASURED_TOKENIZER_NOT_USED
unidoc_energy_0012,12878,,,,,,,,,,DEPTH_UNMEASURED_TOKENIZER_NOT_USED
unidoc_energy_0013,10764,,,,,,,,,,DEPTH_UNMEASURED_TOKENIZER_NOT_USED
unidoc_energy_0014,5677,,,,,,,,,,DEPTH_UNMEASURED_TOKENIZER_NOT_USED
unidoc_energy_0015,6489,,,,,,,,,,DEPTH_UNMEASURED_TOKENIZER_NOT_USED
unidoc_energy_0016,9493,,,,,,,,,,DEPTH_UNMEASURED_TOKENIZER_NOT_USED
unidoc_energy_0017,7154,,,,,,,,,,DEPTH_UNMEASURED_TOKENIZER_NOT_USED
unidoc_energy_0018,9144,,,,,,,,,,DEPTH_UNMEASURED_TOKENIZER_NOT_USED
unidoc_energy_0019,8966,,,,,,,,,,DEPTH_UNMEASURED_TOKENIZER_NOT_USED
unidoc_energy_0020,6716,,,,,,,,,,DEPTH_UNMEASURED_TOKENIZER_NOT_USED
unidoc_energy_0021,9406,,,,,,,,,,DEPTH_UNMEASURED_TOKENIZER_NOT_USED
unidoc_energy_0022,9292,,,,,,,,,,DEPTH_UNMEASURED_TOKENIZER_NOT_USED
unidoc_energy_0023,9677,,,,,,,,,,DEPTH_UNMEASURED_TOKENIZER_NOT_USED
unidoc_energy_0024,6781,,,,,,,,,,DEPTH_UNMEASURED_TOKENIZER_NOT_USED
unidoc_energy_0025,9425,,,,,,,,,,DEPTH_UNMEASURED_TOKENIZER_NOT_USED
unidoc_energy_0026,2447,,,,,,,,,,DEPTH_UNMEASURED_TOKENIZER_NOT_USED
unidoc_energy_0027,7746,,,,,,,,,,DEPTH_UNMEASURED_TOKENIZER_NOT_USED
unidoc_energy_0028,10457,,,,,,,,,,DEPTH_UNMEASURED_TOKENIZER_NOT_USED
unidoc_energy_0029,8685,,,,,,,,,,DEPTH_UNMEASURED_TOKENIZER_NOT_USED
unidoc_energy_0030,8306,,,,,,,,,,DEPTH_UNMEASURED_TOKENIZER_NOT_USED
unidoc_energy_0031,9545,,,,,,,,,,DEPTH_UNMEASURED_TOKENIZER_NOT_USED
unidoc_energy_0032,8276,,,,,,,,,,DEPTH_UNMEASURED_TOKENIZER_NOT_USED
unidoc_energy_0033,8388,,,,,,,,,,DEPTH_UNMEASURED_TOKENIZER_NOT_USED
unidoc_energy_0034,7181,,,,,,,,,,DEPTH_UNMEASURED_TOKENIZER_NOT_USED
unidoc_energy_0035,7329,,,,,,,,,,DEPTH_UNMEASURED_TOKENIZER_NOT_USED
unidoc_energy_0036,8836,,,,,,,,,,DEPTH_UNMEASURED_TOKENIZER_NOT_USED
unidoc_energy_0037,9635,,,,,,,,,,DEPTH_UNMEASURED_TOKENIZER_NOT_USED
unidoc_energy_0038,10310,,,,,,,,,,DEPTH_UNMEASURED_TOKENIZER_NOT_USED
unidoc_energy_0039,8963,,,,,,,,,,DEPTH_UNMEASURED_TOKENIZER_NOT_USED
unidoc_energy_0040,9830,,,,,,,,,,DEPTH_UNMEASURED_TOKENIZER_NOT_USED
unidoc_energy_0041,3167,,,,,,,,,,DEPTH_UNMEASURED_TOKENIZER_NOT_USED
unidoc_energy_0042,5121,,,,,,,,,,DEPTH_UNMEASURED_TOKENIZER_NOT_USED
unidoc_energy_0043,9176,,,,,,,,,,DEPTH_UNMEASURED_TOKENIZER_NOT_USED
unidoc_energy_0044,4683,,,,,,,,,,DEPTH_UNMEASURED_TOKENIZER_NOT_USED
unidoc_energy_0045,8816,,,,,,,,,,DEPTH_UNMEASURED_TOKENIZER_NOT_USED
unidoc_energy_0046,9328,,,,,,,,,,DEPTH_UNMEASURED_TOKENIZER_NOT_USED
unidoc_energy_0047,4198,,,,,,,,,,DEPTH_UNMEASURED_TOKENIZER_NOT_USED
unidoc_energy_0048,5336,,,,,,,,,,DEPTH_UNMEASURED_TOKENIZER_NOT_USED
unidoc_energy_0049,11840,,,,,,,,,,DEPTH_UNMEASURED_TOKENIZER_NOT_USED
unidoc_energy_0050,9227,,,,,,,,,,DEPTH_UNMEASURED_TOKENIZER_NOT_USED
unidoc_energy_0051,8652,,,,,,,,,,DEPTH_UNMEASURED_TOKENIZER_NOT_USED
unidoc_energy_0052,7744,,,,,,,,,,DEPTH_UNMEASURED_TOKENIZER_NOT_USED
unidoc_energy_0053,11889,,,,,,,,,,DEPTH_UNMEASURED_TOKENIZER_NOT_USED
unidoc_energy_0054,11552,,,,,,,,,,DEPTH_UNMEASURED_TOKENIZER_NOT_USED
unidoc_energy_0055,9851,,,,,,,,,,DEPTH_UNMEASURED_TOKENIZER_NOT_USED
unidoc_energy_0056,9783,,,,,,,,,,DEPTH_UNMEASURED_TOKENIZER_NOT_USED
unidoc_energy_0057,11176,,,,,,,,,,DEPTH_UNMEASURED_TOKENIZER_NOT_USED
unidoc_energy_0058,12231,,,,,,,,,,DEPTH_UNMEASURED_TOKENIZER_NOT_USED
unidoc_energy_0059,6682,,,,,,,,,,DEPTH_UNMEASURED_TOKENIZER_NOT_USED
unidoc_energy_0060,3511,,,,,,,,,,DEPTH_UNMEASURED_TOKENIZER_NOT_USED
unidoc_energy_0061,11087,,,,,,,,,,DEPTH_UNMEASURED_TOKENIZER_NOT_USED
unidoc_energy_0062,6586,,,,,,,,,,DEPTH_UNMEASURED_TOKENIZER_NOT_USED
unidoc_energy_0063,5550,,,,,,,,,,DEPTH_UNMEASURED_TOKENIZER_NOT_USED
unidoc_energy_0064,10391,,,,,,,,,,DEPTH_UNMEASURED_TOKENIZER_NOT_USED
unidoc_energy_0065,5867,,,,,,,,,,DEPTH_UNMEASURED_TOKENIZER_NOT_USED
unidoc_energy_0066,8134,,,,,,,,,,DEPTH_UNMEASURED_TOKENIZER_NOT_USED
unidoc_energy_0067,8923,,,,,,,,,,DEPTH_UNMEASURED_TOKENIZER_NOT_USED
unidoc_energy_0068,6620,,,,,,,,,,DEPTH_UNMEASURED_TOKENIZER_NOT_USED
unidoc_energy_0069,11080,,,,,,,,,,DEPTH_UNMEASURED_TOKENIZER_NOT_USED
unidoc_energy_0070,6011,,,,,,,,,,DEPTH_UNMEASURED_TOKENIZER_NOT_USED
unidoc_energy_0071,12778,,,,,,,,,,DEPTH_UNMEASURED_TOKENIZER_NOT_USED
unidoc_energy_0072,5054,,,,,,,,,,DEPTH_UNMEASURED_TOKENIZER_NOT_USED
unidoc_energy_0073,4552,,,,,,,,,,DEPTH_UNMEASURED_TOKENIZER_NOT_USED
unidoc_energy_0074,12670,,,,,,,,,,DEPTH_UNMEASURED_TOKENIZER_NOT_USED
unidoc_energy_0075,10669,,,,,,,,,,DEPTH_UNMEASURED_TOKENIZER_NOT_USED
unidoc_energy_0076,3113,,,,,,,,,,DEPTH_UNMEASURED_TOKENIZER_NOT_USED
unidoc_energy_0077,10786,,,,,,,,,,DEPTH_UNMEASURED_TOKENIZER_NOT_USED
unidoc_energy_0078,1546,,,,,,,,,,DEPTH_UNMEASURED_TOKENIZER_NOT_USED
unidoc_energy_0079,7105,,,,,,,,,,DEPTH_UNMEASURED_TOKENIZER_NOT_USED
unidoc_energy_0080,4116,,,,,,,,,,DEPTH_UNMEASURED_TOKENIZER_NOT_USED
unidoc_energy_0081,11262,,,,,,,,,,DEPTH_UNMEASURED_TOKENIZER_NOT_USED
unidoc_energy_0082,9883,,,,,,,,,,DEPTH_UNMEASURED_TOKENIZER_NOT_USED
unidoc_energy_0083,5991,,,,,,,,,,DEPTH_UNMEASURED_TOKENIZER_NOT_USED
unidoc_energy_0084,6223,,,,,,,,,,DEPTH_UNMEASURED_TOKENIZER_NOT_USED
unidoc_energy_0085,2447,,,,,,,,,,DEPTH_UNMEASURED_TOKENIZER_NOT_USED
unidoc_energy_0086,12386,,,,,,,,,,DEPTH_UNMEASURED_TOKENIZER_NOT_USED
unidoc_energy_0087,8759,,,,,,,,,,DEPTH_UNMEASURED_TOKENIZER_NOT_USED
unidoc_energy_0088,8489,,,,,,,,,,DEPTH_UNMEASURED_TOKENIZER_NOT_USED
unidoc_energy_0089,5183,,,,,,,,,,DEPTH_UNMEASURED_TOKENIZER_NOT_USED
unidoc_energy_0090,7597,,,,,,,,,,DEPTH_UNMEASURED_TOKENIZER_NOT_USED
unidoc_energy_0091,7757,,,,,,,,,,DEPTH_UNMEASURED_TOKENIZER_NOT_USED
unidoc_energy_0092,8610,,,,,,,,,,DEPTH_UNMEASURED_TOKENIZER_NOT_USED
unidoc_energy_0093,9004,,,,,,,,,,DEPTH_UNMEASURED_TOKENIZER_NOT_USED
unidoc_energy_0094,5726,,,,,,,,,,DEPTH_UNMEASURED_TOKENIZER_NOT_USED
unidoc_energy_0095,6693,,,,,,,,,,DEPTH_UNMEASURED_TOKENIZER_NOT_USED
unidoc_energy_0096,8159,,,,,,,,,,DEPTH_UNMEASURED_TOKENIZER_NOT_USED
unidoc_energy_0097,6254,,,,,,,,,,DEPTH_UNMEASURED_TOKENIZER_NOT_USED
unidoc_energy_0098,5225,,,,,,,,,,DEPTH_UNMEASURED_TOKENIZER_NOT_USED
unidoc_energy_0099,8900,,,,,,,,,,DEPTH_UNMEASURED_TOKENIZER_NOT_USED
unidoc_energy_0100,4113,,,,,,,,,,DEPTH_UNMEASURED_TOKENIZER_NOT_USED
unidoc_energy_0101,10502,,,,,,,,,,DEPTH_UNMEASURED_TOKENIZER_NOT_USED
unidoc_energy_0102,8536,,,,,,,,,,DEPTH_UNMEASURED_TOKENIZER_NOT_USED
unidoc_energy_0103,4750,,,,,,,,,,DEPTH_UNMEASURED_TOKENIZER_NOT_USED
unidoc_energy_0104,4569,,,,,,,,,,DEPTH_UNMEASURED_TOKENIZER_NOT_USED
unidoc_energy_0105,8810,,,,,,,,,,DEPTH_UNMEASURED_TOKENIZER_NOT_USED
unidoc_energy_0106,10269,,,,,,,,,,DEPTH_UNMEASURED_TOKENIZER_NOT_USED
unidoc_energy_0107,7897,,,,,,,,,,DEPTH_UNMEASURED_TOKENIZER_NOT_USED
unidoc_energy_0108,11760,,,,,,,,,,DEPTH_UNMEASURED_TOKENIZER_NOT_USED
unidoc_energy_0109,5925,,,,,,,,,,DEPTH_UNMEASURED_TOKENIZER_NOT_USED
unidoc_energy_0110,8069,,,,,,,,,,DEPTH_UNMEASURED_TOKENIZER_NOT_USED
unidoc_energy_0111,4122,,,,,,,,,,DEPTH_UNMEASURED_TOKENIZER_NOT_USED
unidoc_energy_0112,8835,,,,,,,,,,DEPTH_UNMEASURED_TOKENIZER_NOT_USED
unidoc_energy_0113,5379,,,,,,,,,,DEPTH_UNMEASURED_TOKENIZER_NOT_USED
unidoc_energy_0114,11262,,,,,,,,,,DEPTH_UNMEASURED_TOKENIZER_NOT_USED
unidoc_energy_0115,9487,,,,,,,,,,DEPTH_UNMEASURED_TOKENIZER_NOT_USED
unidoc_energy_0116,3448,,,,,,,,,,DEPTH_UNMEASURED_TOKENIZER_NOT_USED
unidoc_energy_0117,9709,,,,,,,,,,DEPTH_UNMEASURED_TOKENIZER_NOT_USED
unidoc_energy_0118,12303,,,,,,,,,,DEPTH_UNMEASURED_TOKENIZER_NOT_USED
unidoc_energy_0119,6589,,,,,,,,,,DEPTH_UNMEASURED_TOKENIZER_NOT_USED
unidoc_energy_0120,2367,,,,,,,,,,DEPTH_UNMEASURED_TOKENIZER_NOT_USED
unidoc_energy_0121,6330,,,,,,,,,,DEPTH_UNMEASURED_TOKENIZER_NOT_USED
unidoc_energy_0122,8522,,,,,,,,,,DEPTH_UNMEASURED_TOKENIZER_NOT_USED
unidoc_energy_0123,6092,,,,,,,,,,DEPTH_UNMEASURED_TOKENIZER_NOT_USED
unidoc_energy_0124,10825,,,,,,,,,,DEPTH_UNMEASURED_TOKENIZER_NOT_USED
unidoc_energy_0125,4968,,,,,,,,,,DEPTH_UNMEASURED_TOKENIZER_NOT_USED
unidoc_energy_0126,3213,,,,,,,,,,DEPTH_UNMEASURED_TOKENIZER_NOT_USED
unidoc_energy_0127,5462,,,,,,,,,,DEPTH_UNMEASURED_TOKENIZER_NOT_USED
unidoc_energy_0128,4748,,,,,,,,,,DEPTH_UNMEASURED_TOKENIZER_NOT_USED
unidoc_energy_0129,6816,,,,,,,,,,DEPTH_UNMEASURED_TOKENIZER_NOT_USED
unidoc_energy_0130,10764,,,,,,,,,,DEPTH_UNMEASURED_TOKENIZER_NOT_USED
unidoc_energy_0131,7476,,,,,,,,,,DEPTH_UNMEASURED_TOKENIZER_NOT_USED
unidoc_energy_0132,10446,,,,,,,,,,DEPTH_UNMEASURED_TOKENIZER_NOT_USED
unidoc_energy_0133,10852,,,,,,,,,,DEPTH_UNMEASURED_TOKENIZER_NOT_USED
unidoc_energy_0134,9661,,,,,,,,,,DEPTH_UNMEASURED_TOKENIZER_NOT_USED
unidoc_energy_0135,9140,,,,,,,,,,DEPTH_UNMEASURED_TOKENIZER_NOT_USED
unidoc_energy_0136,3931,,,,,,,,,,DEPTH_UNMEASURED_TOKENIZER_NOT_USED
unidoc_energy_0137,12048,,,,,,,,,,DEPTH_UNMEASURED_TOKENIZER_NOT_USED
unidoc_energy_0138,12681,,,,,,,,,,DEPTH_UNMEASURED_TOKENIZER_NOT_USED
unidoc_energy_0139,8732,,,,,,,,,,DEPTH_UNMEASURED_TOKENIZER_NOT_USED
unidoc_energy_0140,9124,,,,,,,,,,DEPTH_UNMEASURED_TOKENIZER_NOT_USED
unidoc_energy_0141,6049,,,,,,,,,,DEPTH_UNMEASURED_TOKENIZER_NOT_USED
unidoc_energy_0142,11930,,,,,,,,,,DEPTH_UNMEASURED_TOKENIZER_NOT_USED
unidoc_energy_0143,8673,,,,,,,,,,DEPTH_UNMEASURED_TOKENIZER_NOT_USED
unidoc_energy_0144,9403,,,,,,,,,,DEPTH_UNMEASURED_TOKENIZER_NOT_USED
unidoc_energy_0145,3770,,,,,,,,,,DEPTH_UNMEASURED_TOKENIZER_NOT_USED
unidoc_energy_0146,10554,,,,,,,,,,DEPTH_UNMEASURED_TOKENIZER_NOT_USED
unidoc_energy_0147,6817,,,,,,,,,,DEPTH_UNMEASURED_TOKENIZER_NOT_USED
unidoc_energy_0148,9533,,,,,,,,,,DEPTH_UNMEASURED_TOKENIZER_NOT_USED
unidoc_energy_0149,9267,,,,,,,,,,DEPTH_UNMEASURED_TOKENIZER_NOT_USED
unidoc_energy_0150,7172,,,,,,,,,,DEPTH_UNMEASURED_TOKENIZER_NOT_USED
unidoc_energy_0151,8164,,,,,,,,,,DEPTH_UNMEASURED_TOKENIZER_NOT_USED
unidoc_energy_0152,5912,,,,,,,,,,DEPTH_UNMEASURED_TOKENIZER_NOT_USED
unidoc_energy_0153,5832,,,,,,,,,,DEPTH_UNMEASURED_TOKENIZER_NOT_USED
unidoc_energy_0154,7936,,,,,,,,,,DEPTH_UNMEASURED_TOKENIZER_NOT_USED
unidoc_energy_0155,7239,,,,,,,,,,DEPTH_UNMEASURED_TOKENIZER_NOT_USED
unidoc_energy_0156,7319,,,,,,,,,,DEPTH_UNMEASURED_TOKENIZER_NOT_USED
unidoc_energy_0157,9224,,,,,,,,,,DEPTH_UNMEASURED_TOKENIZER_NOT_USED
unidoc_energy_0158,7621,,,,,,,,,,DEPTH_UNMEASURED_TOKENIZER_NOT_USED
unidoc_energy_0159,7460,,,,,,,,,,DEPTH_UNMEASURED_TOKENIZER_NOT_USED
unidoc_energy_0160,5762,,,,,,,,,,DEPTH_UNMEASURED_TOKENIZER_NOT_USED
unidoc_energy_0161,7826,,,,,,,,,,DEPTH_UNMEASURED_TOKENIZER_NOT_USED
unidoc_energy_0162,8736,,,,,,,,,,DEPTH_UNMEASURED_TOKENIZER_NOT_USED
unidoc_energy_0163,8169,,,,,,,,,,DEPTH_UNMEASURED_TOKENIZER_NOT_USED
unidoc_energy_0164,5183,,,,,,,,,,DEPTH_UNMEASURED_TOKENIZER_NOT_USED
unidoc_energy_0165,13034,,,,,,,,,,DEPTH_UNMEASURED_TOKENIZER_NOT_USED
unidoc_energy_0166,8570,,,,,,,,,,DEPTH_UNMEASURED_TOKENIZER_NOT_USED
unidoc_energy_0167,8579,,,,,,,,,,DEPTH_UNMEASURED_TOKENIZER_NOT_USED
unidoc_energy_0168,5619,,,,,,,,,,DEPTH_UNMEASURED_TOKENIZER_NOT_USED
unidoc_energy_0169,10576,,,,,,,,,,DEPTH_UNMEASURED_TOKENIZER_NOT_USED
unidoc_energy_0170,870,,,,,,,,,,DEPTH_UNMEASURED_TOKENIZER_NOT_USED
unidoc_energy_0171,5932,,,,,,,,,,DEPTH_UNMEASURED_TOKENIZER_NOT_USED
unidoc_energy_0172,6189,,,,,,,,,,DEPTH_UNMEASURED_TOKENIZER_NOT_USED
unidoc_energy_0173,10284,,,,,,,,,,DEPTH_UNMEASURED_TOKENIZER_NOT_USED
unidoc_energy_0174,5470,,,,,,,,,,DEPTH_UNMEASURED_TOKENIZER_NOT_USED
unidoc_energy_0175,8388,,,,,,,,,,DEPTH_UNMEASURED_TOKENIZER_NOT_USED
unidoc_energy_0176,3961,,,,,,,,,,DEPTH_UNMEASURED_TOKENIZER_NOT_USED
unidoc_energy_0177,3871,,,,,,,,,,DEPTH_UNMEASURED_TOKENIZER_NOT_USED
unidoc_energy_0178,3386,,,,,,,,,,DEPTH_UNMEASURED_TOKENIZER_NOT_USED
unidoc_energy_0179,10226,,,,,,,,,,DEPTH_UNMEASURED_TOKENIZER_NOT_USED
unidoc_energy_0180,7846,,,,,,,,,,DEPTH_UNMEASURED_TOKENIZER_NOT_USED
unidoc_energy_0181,4521,,,,,,,,,,DEPTH_UNMEASURED_TOKENIZER_NOT_USED
unidoc_energy_0182,2447,,,,,,,,,,DEPTH_UNMEASURED_TOKENIZER_NOT_USED
unidoc_energy_0183,4631,,,,,,,,,,DEPTH_UNMEASURED_TOKENIZER_NOT_USED
unidoc_energy_0184,2626,,,,,,,,,,DEPTH_UNMEASURED_TOKENIZER_NOT_USED
unidoc_energy_0185,4412,,,,,,,,,,DEPTH_UNMEASURED_TOKENIZER_NOT_USED
unidoc_energy_0186,4027,,,,,,,,,,DEPTH_UNMEASURED_TOKENIZER_NOT_USED
unidoc_energy_0187,6688,,,,,,,,,,DEPTH_UNMEASURED_TOKENIZER_NOT_USED
unidoc_energy_0188,8746,,,,,,,,,,DEPTH_UNMEASURED_TOKENIZER_NOT_USED
unidoc_energy_0189,12754,,,,,,,,,,DEPTH_UNMEASURED_TOKENIZER_NOT_USED
unidoc_energy_0190,9150,,,,,,,,,,DEPTH_UNMEASURED_TOKENIZER_NOT_USED
unidoc_energy_0191,9066,,,,,,,,,,DEPTH_UNMEASURED_TOKENIZER_NOT_USED
unidoc_energy_0192,4689,,,,,,,,,,DEPTH_UNMEASURED_TOKENIZER_NOT_USED
unidoc_energy_0193,4949,,,,,,,,,,DEPTH_UNMEASURED_TOKENIZER_NOT_USED
unidoc_energy_0194,5634,,,,,,,,,,DEPTH_UNMEASURED_TOKENIZER_NOT_USED
unidoc_energy_0195,11562,,,,,,,,,,DEPTH_UNMEASURED_TOKENIZER_NOT_USED
unidoc_energy_0196,11626,,,,,,,,,,DEPTH_UNMEASURED_TOKENIZER_NOT_USED
unidoc_energy_0197,6020,,,,,,,,,,DEPTH_UNMEASURED_TOKENIZER_NOT_USED
unidoc_energy_0198,9243,,,,,,,,,,DEPTH_UNMEASURED_TOKENIZER_NOT_USED
unidoc_energy_0199,11289,,,,,,,,,,DEPTH_UNMEASURED_TOKENIZER_NOT_USED
unidoc_energy_0200,6542,,,,,,,,,,DEPTH_UNMEASURED_TOKENIZER_NOT_USED
unidoc_finance_0001,10897,,,,,,,,,,DEPTH_UNMEASURED_TOKENIZER_NOT_USED
unidoc_finance_0002,12297,,,,,,,,,,DEPTH_UNMEASURED_TOKENIZER_NOT_USED
unidoc_finance_0003,6417,,,,,,,,,,DEPTH_UNMEASURED_TOKENIZER_NOT_USED
unidoc_finance_0004,9035,,,,,,,,,,DEPTH_UNMEASURED_TOKENIZER_NOT_USED
unidoc_finance_0005,8155,,,,,,,,,,DEPTH_UNMEASURED_TOKENIZER_NOT_USED
unidoc_finance_0006,6610,,,,,,,,,,DEPTH_UNMEASURED_TOKENIZER_NOT_USED
unidoc_finance_0007,6005,,,,,,,,,,DEPTH_UNMEASURED_TOKENIZER_NOT_USED
unidoc_finance_0008,10948,,,,,,,,,,DEPTH_UNMEASURED_TOKENIZER_NOT_USED
unidoc_finance_0009,7228,,,,,,,,,,DEPTH_UNMEASURED_TOKENIZER_NOT_USED
unidoc_finance_0010,8345,,,,,,,,,,DEPTH_UNMEASURED_TOKENIZER_NOT_USED
unidoc_finance_0011,7539,,,,,,,,,,DEPTH_UNMEASURED_TOKENIZER_NOT_USED
unidoc_finance_0012,6972,,,,,,,,,,DEPTH_UNMEASURED_TOKENIZER_NOT_USED
unidoc_finance_0013,3373,,,,,,,,,,DEPTH_UNMEASURED_TOKENIZER_NOT_USED
unidoc_finance_0014,5907,,,,,,,,,,DEPTH_UNMEASURED_TOKENIZER_NOT_USED
unidoc_finance_0015,5952,,,,,,,,,,DEPTH_UNMEASURED_TOKENIZER_NOT_USED
unidoc_finance_0016,8151,,,,,,,,,,DEPTH_UNMEASURED_TOKENIZER_NOT_USED
unidoc_finance_0017,8996,,,,,,,,,,DEPTH_UNMEASURED_TOKENIZER_NOT_USED
unidoc_finance_0018,6982,,,,,,,,,,DEPTH_UNMEASURED_TOKENIZER_NOT_USED
unidoc_finance_0019,6384,,,,,,,,,,DEPTH_UNMEASURED_TOKENIZER_NOT_USED
unidoc_finance_0020,8888,,,,,,,,,,DEPTH_UNMEASURED_TOKENIZER_NOT_USED
unidoc_finance_0021,4247,,,,,,,,,,DEPTH_UNMEASURED_TOKENIZER_NOT_USED
unidoc_finance_0022,7543,,,,,,,,,,DEPTH_UNMEASURED_TOKENIZER_NOT_USED
unidoc_finance_0023,7521,,,,,,,,,,DEPTH_UNMEASURED_TOKENIZER_NOT_USED
unidoc_finance_0024,6384,,,,,,,,,,DEPTH_UNMEASURED_TOKENIZER_NOT_USED
unidoc_finance_0025,8342,,,,,,,,,,DEPTH_UNMEASURED_TOKENIZER_NOT_USED
unidoc_finance_0026,9776,,,,,,,,,,DEPTH_UNMEASURED_TOKENIZER_NOT_USED
unidoc_finance_0027,9723,,,,,,,,,,DEPTH_UNMEASURED_TOKENIZER_NOT_USED
unidoc_finance_0028,6708,,,,,,,,,,DEPTH_UNMEASURED_TOKENIZER_NOT_USED
unidoc_finance_0029,5525,,,,,,,,,,DEPTH_UNMEASURED_TOKENIZER_NOT_USED
unidoc_finance_0030,8420,,,,,,,,,,DEPTH_UNMEASURED_TOKENIZER_NOT_USED
unidoc_finance_0031,7157,,,,,,,,,,DEPTH_UNMEASURED_TOKENIZER_NOT_USED
unidoc_finance_0032,8303,,,,,,,,,,DEPTH_UNMEASURED_TOKENIZER_NOT_USED
unidoc_finance_0033,4332,,,,,,,,,,DEPTH_UNMEASURED_TOKENIZER_NOT_USED
unidoc_finance_0034,9503,,,,,,,,,,DEPTH_UNMEASURED_TOKENIZER_NOT_USED
unidoc_finance_0035,8967,,,,,,,,,,DEPTH_UNMEASURED_TOKENIZER_NOT_USED
unidoc_finance_0036,10897,,,,,,,,,,DEPTH_UNMEASURED_TOKENIZER_NOT_USED
unidoc_finance_0037,5388,,,,,,,,,,DEPTH_UNMEASURED_TOKENIZER_NOT_USED
unidoc_finance_0038,6299,,,,,,,,,,DEPTH_UNMEASURED_TOKENIZER_NOT_USED
unidoc_finance_0039,10500,,,,,,,,,,DEPTH_UNMEASURED_TOKENIZER_NOT_USED
unidoc_finance_0040,9897,,,,,,,,,,DEPTH_UNMEASURED_TOKENIZER_NOT_USED
unidoc_finance_0041,9095,,,,,,,,,,DEPTH_UNMEASURED_TOKENIZER_NOT_USED
unidoc_finance_0042,8632,,,,,,,,,,DEPTH_UNMEASURED_TOKENIZER_NOT_USED
unidoc_finance_0043,8555,,,,,,,,,,DEPTH_UNMEASURED_TOKENIZER_NOT_USED
unidoc_finance_0044,9738,,,,,,,,,,DEPTH_UNMEASURED_TOKENIZER_NOT_USED
unidoc_finance_0045,8348,,,,,,,,,,DEPTH_UNMEASURED_TOKENIZER_NOT_USED
unidoc_finance_0046,5491,,,,,,,,,,DEPTH_UNMEASURED_TOKENIZER_NOT_USED
unidoc_finance_0047,10408,,,,,,,,,,DEPTH_UNMEASURED_TOKENIZER_NOT_USED
unidoc_finance_0048,7389,,,,,,,,,,DEPTH_UNMEASURED_TOKENIZER_NOT_USED
unidoc_finance_0049,6465,,,,,,,,,,DEPTH_UNMEASURED_TOKENIZER_NOT_USED
unidoc_finance_0050,4463,,,,,,,,,,DEPTH_UNMEASURED_TOKENIZER_NOT_USED
unidoc_finance_0051,6645,,,,,,,,,,DEPTH_UNMEASURED_TOKENIZER_NOT_USED
unidoc_finance_0052,9381,,,,,,,,,,DEPTH_UNMEASURED_TOKENIZER_NOT_USED
unidoc_finance_0053,7466,,,,,,,,,,DEPTH_UNMEASURED_TOKENIZER_NOT_USED
unidoc_finance_0054,5460,,,,,,,,,,DEPTH_UNMEASURED_TOKENIZER_NOT_USED
unidoc_finance_0055,5332,,,,,,,,,,DEPTH_UNMEASURED_TOKENIZER_NOT_USED
unidoc_finance_0056,4218,,,,,,,,,,DEPTH_UNMEASURED_TOKENIZER_NOT_USED
unidoc_finance_0057,3646,,,,,,,,,,DEPTH_UNMEASURED_TOKENIZER_NOT_USED
unidoc_finance_0058,4628,,,,,,,,,,DEPTH_UNMEASURED_TOKENIZER_NOT_USED
unidoc_finance_0059,6358,,,,,,,,,,DEPTH_UNMEASURED_TOKENIZER_NOT_USED
unidoc_finance_0060,10137,,,,,,,,,,DEPTH_UNMEASURED_TOKENIZER_NOT_USED
unidoc_finance_0061,3188,,,,,,,,,,DEPTH_UNMEASURED_TOKENIZER_NOT_USED
unidoc_finance_0062,3896,,,,,,,,,,DEPTH_UNMEASURED_TOKENIZER_NOT_USED
unidoc_finance_0063,7136,,,,,,,,,,DEPTH_UNMEASURED_TOKENIZER_NOT_USED
unidoc_finance_0064,6168,,,,,,,,,,DEPTH_UNMEASURED_TOKENIZER_NOT_USED
unidoc_finance_0065,4923,,,,,,,,,,DEPTH_UNMEASURED_TOKENIZER_NOT_USED
unidoc_finance_0066,5884,,,,,,,,,,DEPTH_UNMEASURED_TOKENIZER_NOT_USED
unidoc_finance_0067,7879,,,,,,,,,,DEPTH_UNMEASURED_TOKENIZER_NOT_USED
unidoc_finance_0068,8555,,,,,,,,,,DEPTH_UNMEASURED_TOKENIZER_NOT_USED
unidoc_finance_0069,8096,,,,,,,,,,DEPTH_UNMEASURED_TOKENIZER_NOT_USED
unidoc_finance_0070,4619,,,,,,,,,,DEPTH_UNMEASURED_TOKENIZER_NOT_USED
unidoc_finance_0071,6682,,,,,,,,,,DEPTH_UNMEASURED_TOKENIZER_NOT_USED
unidoc_finance_0072,2750,,,,,,,,,,DEPTH_UNMEASURED_TOKENIZER_NOT_USED
unidoc_finance_0073,9892,,,,,,,,,,DEPTH_UNMEASURED_TOKENIZER_NOT_USED
unidoc_finance_0074,10027,,,,,,,,,,DEPTH_UNMEASURED_TOKENIZER_NOT_USED
unidoc_finance_0075,5724,,,,,,,,,,DEPTH_UNMEASURED_TOKENIZER_NOT_USED
unidoc_finance_0076,8247,,,,,,,,,,DEPTH_UNMEASURED_TOKENIZER_NOT_USED
unidoc_finance_0077,5156,,,,,,,,,,DEPTH_UNMEASURED_TOKENIZER_NOT_USED
unidoc_finance_0078,10574,,,,,,,,,,DEPTH_UNMEASURED_TOKENIZER_NOT_USED
unidoc_finance_0079,5985,,,,,,,,,,DEPTH_UNMEASURED_TOKENIZER_NOT_USED
unidoc_finance_0080,5516,,,,,,,,,,DEPTH_UNMEASURED_TOKENIZER_NOT_USED
unidoc_finance_0081,9596,,,,,,,,,,DEPTH_UNMEASURED_TOKENIZER_NOT_USED
unidoc_finance_0082,6382,,,,,,,,,,DEPTH_UNMEASURED_TOKENIZER_NOT_USED
unidoc_finance_0083,6892,,,,,,,,,,DEPTH_UNMEASURED_TOKENIZER_NOT_USED
unidoc_finance_0084,9957,,,,,,,,,,DEPTH_UNMEASURED_TOKENIZER_NOT_USED
unidoc_finance_0085,4719,,,,,,,,,,DEPTH_UNMEASURED_TOKENIZER_NOT_USED
unidoc_finance_0086,12561,,,,,,,,,,DEPTH_UNMEASURED_TOKENIZER_NOT_USED
unidoc_finance_0087,4670,,,,,,,,,,DEPTH_UNMEASURED_TOKENIZER_NOT_USED
unidoc_finance_0088,2642,,,,,,,,,,DEPTH_UNMEASURED_TOKENIZER_NOT_USED
unidoc_finance_0089,5510,,,,,,,,,,DEPTH_UNMEASURED_TOKENIZER_NOT_USED
unidoc_finance_0090,9775,,,,,,,,,,DEPTH_UNMEASURED_TOKENIZER_NOT_USED
unidoc_finance_0091,10268,,,,,,,,,,DEPTH_UNMEASURED_TOKENIZER_NOT_USED
unidoc_finance_0092,8744,,,,,,,,,,DEPTH_UNMEASURED_TOKENIZER_NOT_USED
unidoc_finance_0093,5013,,,,,,,,,,DEPTH_UNMEASURED_TOKENIZER_NOT_USED
unidoc_finance_0094,3825,,,,,,,,,,DEPTH_UNMEASURED_TOKENIZER_NOT_USED
unidoc_finance_0095,6405,,,,,,,,,,DEPTH_UNMEASURED_TOKENIZER_NOT_USED
unidoc_finance_0096,7985,,,,,,,,,,DEPTH_UNMEASURED_TOKENIZER_NOT_USED
unidoc_finance_0097,10948,,,,,,,,,,DEPTH_UNMEASURED_TOKENIZER_NOT_USED
unidoc_finance_0098,6421,,,,,,,,,,DEPTH_UNMEASURED_TOKENIZER_NOT_USED
unidoc_finance_0099,7806,,,,,,,,,,DEPTH_UNMEASURED_TOKENIZER_NOT_USED
unidoc_finance_0100,4797,,,,,,,,,,DEPTH_UNMEASURED_TOKENIZER_NOT_USED
unidoc_finance_0101,9754,,,,,,,,,,DEPTH_UNMEASURED_TOKENIZER_NOT_USED
unidoc_finance_0102,7846,,,,,,,,,,DEPTH_UNMEASURED_TOKENIZER_NOT_USED
unidoc_finance_0103,10642,,,,,,,,,,DEPTH_UNMEASURED_TOKENIZER_NOT_USED
unidoc_finance_0104,4246,,,,,,,,,,DEPTH_UNMEASURED_TOKENIZER_NOT_USED
unidoc_finance_0105,11294,,,,,,,,,,DEPTH_UNMEASURED_TOKENIZER_NOT_USED
unidoc_finance_0106,8283,,,,,,,,,,DEPTH_UNMEASURED_TOKENIZER_NOT_USED
unidoc_finance_0107,3490,,,,,,,,,,DEPTH_UNMEASURED_TOKENIZER_NOT_USED
unidoc_finance_0108,4804,,,,,,,,,,DEPTH_UNMEASURED_TOKENIZER_NOT_USED
unidoc_finance_0109,13232,,,,,,,,,,DEPTH_UNMEASURED_TOKENIZER_NOT_USED
unidoc_finance_0110,2304,,,,,,,,,,DEPTH_UNMEASURED_TOKENIZER_NOT_USED
unidoc_finance_0111,3682,,,,,,,,,,DEPTH_UNMEASURED_TOKENIZER_NOT_USED
unidoc_finance_0112,9583,,,,,,,,,,DEPTH_UNMEASURED_TOKENIZER_NOT_USED
unidoc_finance_0113,5812,,,,,,,,,,DEPTH_UNMEASURED_TOKENIZER_NOT_USED
unidoc_finance_0114,9445,,,,,,,,,,DEPTH_UNMEASURED_TOKENIZER_NOT_USED
unidoc_finance_0115,7876,,,,,,,,,,DEPTH_UNMEASURED_TOKENIZER_NOT_USED
unidoc_finance_0116,7023,,,,,,,,,,DEPTH_UNMEASURED_TOKENIZER_NOT_USED
unidoc_finance_0117,8397,,,,,,,,,,DEPTH_UNMEASURED_TOKENIZER_NOT_USED
unidoc_finance_0118,5614,,,,,,,,,,DEPTH_UNMEASURED_TOKENIZER_NOT_USED
unidoc_finance_0119,6297,,,,,,,,,,DEPTH_UNMEASURED_TOKENIZER_NOT_USED
unidoc_finance_0120,10114,,,,,,,,,,DEPTH_UNMEASURED_TOKENIZER_NOT_USED
unidoc_finance_0121,6417,,,,,,,,,,DEPTH_UNMEASURED_TOKENIZER_NOT_USED
unidoc_finance_0122,9460,,,,,,,,,,DEPTH_UNMEASURED_TOKENIZER_NOT_USED
unidoc_finance_0123,8170,,,,,,,,,,DEPTH_UNMEASURED_TOKENIZER_NOT_USED
unidoc_finance_0124,6167,,,,,,,,,,DEPTH_UNMEASURED_TOKENIZER_NOT_USED
unidoc_finance_0125,4381,,,,,,,,,,DEPTH_UNMEASURED_TOKENIZER_NOT_USED
unidoc_finance_0126,6687,,,,,,,,,,DEPTH_UNMEASURED_TOKENIZER_NOT_USED
unidoc_finance_0127,9277,,,,,,,,,,DEPTH_UNMEASURED_TOKENIZER_NOT_USED
unidoc_finance_0128,4332,,,,,,,,,,DEPTH_UNMEASURED_TOKENIZER_NOT_USED
unidoc_finance_0129,5843,,,,,,,,,,DEPTH_UNMEASURED_TOKENIZER_NOT_USED
unidoc_finance_0130,4397,,,,,,,,,,DEPTH_UNMEASURED_TOKENIZER_NOT_USED
unidoc_finance_0131,2774,,,,,,,,,,DEPTH_UNMEASURED_TOKENIZER_NOT_USED
unidoc_finance_0132,8335,,,,,,,,,,DEPTH_UNMEASURED_TOKENIZER_NOT_USED
unidoc_finance_0133,5434,,,,,,,,,,DEPTH_UNMEASURED_TOKENIZER_NOT_USED
unidoc_finance_0134,8284,,,,,,,,,,DEPTH_UNMEASURED_TOKENIZER_NOT_USED
unidoc_finance_0135,8528,,,,,,,,,,DEPTH_UNMEASURED_TOKENIZER_NOT_USED
unidoc_finance_0136,7361,,,,,,,,,,DEPTH_UNMEASURED_TOKENIZER_NOT_USED
unidoc_finance_0137,12162,,,,,,,,,,DEPTH_UNMEASURED_TOKENIZER_NOT_USED
unidoc_finance_0138,4382,,,,,,,,,,DEPTH_UNMEASURED_TOKENIZER_NOT_USED
unidoc_finance_0139,3926,,,,,,,,,,DEPTH_UNMEASURED_TOKENIZER_NOT_USED
unidoc_finance_0140,10662,,,,,,,,,,DEPTH_UNMEASURED_TOKENIZER_NOT_USED
unidoc_finance_0141,8966,,,,,,,,,,DEPTH_UNMEASURED_TOKENIZER_NOT_USED
unidoc_finance_0142,7085,,,,,,,,,,DEPTH_UNMEASURED_TOKENIZER_NOT_USED
unidoc_finance_0143,6475,,,,,,,,,,DEPTH_UNMEASURED_TOKENIZER_NOT_USED
unidoc_finance_0144,3623,,,,,,,,,,DEPTH_UNMEASURED_TOKENIZER_NOT_USED
unidoc_finance_0145,4830,,,,,,,,,,DEPTH_UNMEASURED_TOKENIZER_NOT_USED
unidoc_finance_0146,7543,,,,,,,,,,DEPTH_UNMEASURED_TOKENIZER_NOT_USED
unidoc_finance_0147,3671,,,,,,,,,,DEPTH_UNMEASURED_TOKENIZER_NOT_USED
unidoc_finance_0148,3955,,,,,,,,,,DEPTH_UNMEASURED_TOKENIZER_NOT_USED
unidoc_finance_0149,9558,,,,,,,,,,DEPTH_UNMEASURED_TOKENIZER_NOT_USED
unidoc_finance_0150,7985,,,,,,,,,,DEPTH_UNMEASURED_TOKENIZER_NOT_USED
unidoc_finance_0151,7531,,,,,,,,,,DEPTH_UNMEASURED_TOKENIZER_NOT_USED
unidoc_finance_0152,10206,,,,,,,,,,DEPTH_UNMEASURED_TOKENIZER_NOT_USED
unidoc_finance_0153,4283,,,,,,,,,,DEPTH_UNMEASURED_TOKENIZER_NOT_USED
unidoc_finance_0154,4101,,,,,,,,,,DEPTH_UNMEASURED_TOKENIZER_NOT_USED
unidoc_finance_0155,4961,,,,,,,,,,DEPTH_UNMEASURED_TOKENIZER_NOT_USED
unidoc_finance_0156,5103,,,,,,,,,,DEPTH_UNMEASURED_TOKENIZER_NOT_USED
unidoc_finance_0157,7311,,,,,,,,,,DEPTH_UNMEASURED_TOKENIZER_NOT_USED
unidoc_finance_0158,3433,,,,,,,,,,DEPTH_UNMEASURED_TOKENIZER_NOT_USED
unidoc_finance_0159,5614,,,,,,,,,,DEPTH_UNMEASURED_TOKENIZER_NOT_USED
unidoc_finance_0160,5601,,,,,,,,,,DEPTH_UNMEASURED_TOKENIZER_NOT_USED
unidoc_finance_0161,3307,,,,,,,,,,DEPTH_UNMEASURED_TOKENIZER_NOT_USED
unidoc_finance_0162,2007,,,,,,,,,,DEPTH_UNMEASURED_TOKENIZER_NOT_USED
unidoc_finance_0163,4463,,,,,,,,,,DEPTH_UNMEASURED_TOKENIZER_NOT_USED
unidoc_finance_0164,2170,,,,,,,,,,DEPTH_UNMEASURED_TOKENIZER_NOT_USED
unidoc_finance_0165,3663,,,,,,,,,,DEPTH_UNMEASURED_TOKENIZER_NOT_USED
unidoc_finance_0166,8054,,,,,,,,,,DEPTH_UNMEASURED_TOKENIZER_NOT_USED
unidoc_finance_0167,5089,,,,,,,,,,DEPTH_UNMEASURED_TOKENIZER_NOT_USED
unidoc_finance_0168,8276,,,,,,,,,,DEPTH_UNMEASURED_TOKENIZER_NOT_USED
unidoc_finance_0169,8958,,,,,,,,,,DEPTH_UNMEASURED_TOKENIZER_NOT_USED
unidoc_finance_0170,5931,,,,,,,,,,DEPTH_UNMEASURED_TOKENIZER_NOT_USED
unidoc_finance_0171,9269,,,,,,,,,,DEPTH_UNMEASURED_TOKENIZER_NOT_USED
unidoc_finance_0172,4407,,,,,,,,,,DEPTH_UNMEASURED_TOKENIZER_NOT_USED
unidoc_finance_0173,4921,,,,,,,,,,DEPTH_UNMEASURED_TOKENIZER_NOT_USED
unidoc_finance_0174,5710,,,,,,,,,,DEPTH_UNMEASURED_TOKENIZER_NOT_USED
unidoc_finance_0175,12053,,,,,,,,,,DEPTH_UNMEASURED_TOKENIZER_NOT_USED
unidoc_finance_0176,6687,,,,,,,,,,DEPTH_UNMEASURED_TOKENIZER_NOT_USED
unidoc_finance_0177,6325,,,,,,,,,,DEPTH_UNMEASURED_TOKENIZER_NOT_USED
unidoc_finance_0178,7501,,,,,,,,,,DEPTH_UNMEASURED_TOKENIZER_NOT_USED
unidoc_finance_0179,2792,,,,,,,,,,DEPTH_UNMEASURED_TOKENIZER_NOT_USED
unidoc_finance_0180,2726,,,,,,,,,,DEPTH_UNMEASURED_TOKENIZER_NOT_USED
unidoc_finance_0181,2088,,,,,,,,,,DEPTH_UNMEASURED_TOKENIZER_NOT_USED
unidoc_finance_0182,8241,,,,,,,,,,DEPTH_UNMEASURED_TOKENIZER_NOT_USED
unidoc_finance_0183,2629,,,,,,,,,,DEPTH_UNMEASURED_TOKENIZER_NOT_USED
unidoc_finance_0184,6191,,,,,,,,,,DEPTH_UNMEASURED_TOKENIZER_NOT_USED
unidoc_finance_0185,5795,,,,,,,,,,DEPTH_UNMEASURED_TOKENIZER_NOT_USED
unidoc_finance_0186,5205,,,,,,,,,,DEPTH_UNMEASURED_TOKENIZER_NOT_USED
unidoc_finance_0187,5719,,,,,,,,,,DEPTH_UNMEASURED_TOKENIZER_NOT_USED
unidoc_finance_0188,8904,,,,,,,,,,DEPTH_UNMEASURED_TOKENIZER_NOT_USED
unidoc_finance_0189,9897,,,,,,,,,,DEPTH_UNMEASURED_TOKENIZER_NOT_USED
unidoc_finance_0190,6863,,,,,,,,,,DEPTH_UNMEASURED_TOKENIZER_NOT_USED
unidoc_finance_0191,9285,,,,,,,,,,DEPTH_UNMEASURED_TOKENIZER_NOT_USED
unidoc_finance_0192,8238,,,,,,,,,,DEPTH_UNMEASURED_TOKENIZER_NOT_USED
unidoc_finance_0193,6168,,,,,,,,,,DEPTH_UNMEASURED_TOKENIZER_NOT_USED
unidoc_finance_0194,6382,,,,,,,,,,DEPTH_UNMEASURED_TOKENIZER_NOT_USED
unidoc_finance_0195,7306,,,,,,,,,,DEPTH_UNMEASURED_TOKENIZER_NOT_USED
unidoc_finance_0196,9508,,,,,,,,,,DEPTH_UNMEASURED_TOKENIZER_NOT_USED
unidoc_finance_0197,9460,,,,,,,,,,DEPTH_UNMEASURED_TOKENIZER_NOT_USED
unidoc_finance_0198,9277,,,,,,,,,,DEPTH_UNMEASURED_TOKENIZER_NOT_USED
unidoc_finance_0199,10442,,,,,,,,,,DEPTH_UNMEASURED_TOKENIZER_NOT_USED
unidoc_finance_0200,6970,,,,,,,,,,DEPTH_UNMEASURED_TOKENIZER_NOT_USED
unidoc_healthcare_0001,9690,,,,,,,,,,DEPTH_UNMEASURED_TOKENIZER_NOT_USED
unidoc_healthcare_0002,5548,,,,,,,,,,DEPTH_UNMEASURED_TOKENIZER_NOT_USED
unidoc_healthcare_0003,3788,,,,,,,,,,DEPTH_UNMEASURED_TOKENIZER_NOT_USED
unidoc_healthcare_0004,5872,,,,,,,,,,DEPTH_UNMEASURED_TOKENIZER_NOT_USED
unidoc_healthcare_0005,6616,,,,,,,,,,DEPTH_UNMEASURED_TOKENIZER_NOT_USED
unidoc_healthcare_0006,8733,,,,,,,,,,DEPTH_UNMEASURED_TOKENIZER_NOT_USED
unidoc_healthcare_0007,11637,,,,,,,,,,DEPTH_UNMEASURED_TOKENIZER_NOT_USED
unidoc_healthcare_0008,11733,,,,,,,,,,DEPTH_UNMEASURED_TOKENIZER_NOT_USED
unidoc_healthcare_0009,11174,,,,,,,,,,DEPTH_UNMEASURED_TOKENIZER_NOT_USED
unidoc_healthcare_0010,7156,,,,,,,,,,DEPTH_UNMEASURED_TOKENIZER_NOT_USED
unidoc_healthcare_0011,9269,,,,,,,,,,DEPTH_UNMEASURED_TOKENIZER_NOT_USED
unidoc_healthcare_0012,11059,,,,,,,,,,DEPTH_UNMEASURED_TOKENIZER_NOT_USED
unidoc_healthcare_0013,12259,,,,,,,,,,DEPTH_UNMEASURED_TOKENIZER_NOT_USED
unidoc_healthcare_0014,10562,,,,,,,,,,DEPTH_UNMEASURED_TOKENIZER_NOT_USED
unidoc_healthcare_0015,9465,,,,,,,,,,DEPTH_UNMEASURED_TOKENIZER_NOT_USED
unidoc_healthcare_0016,3312,,,,,,,,,,DEPTH_UNMEASURED_TOKENIZER_NOT_USED
unidoc_healthcare_0017,6777,,,,,,,,,,DEPTH_UNMEASURED_TOKENIZER_NOT_USED
unidoc_healthcare_0018,7790,,,,,,,,,,DEPTH_UNMEASURED_TOKENIZER_NOT_USED
unidoc_healthcare_0019,6997,,,,,,,,,,DEPTH_UNMEASURED_TOKENIZER_NOT_USED
unidoc_healthcare_0020,13325,,,,,,,,,,DEPTH_UNMEASURED_TOKENIZER_NOT_USED
unidoc_healthcare_0021,9056,,,,,,,,,,DEPTH_UNMEASURED_TOKENIZER_NOT_USED
unidoc_healthcare_0022,10354,,,,,,,,,,DEPTH_UNMEASURED_TOKENIZER_NOT_USED
unidoc_healthcare_0023,7387,,,,,,,,,,DEPTH_UNMEASURED_TOKENIZER_NOT_USED
unidoc_healthcare_0024,10015,,,,,,,,,,DEPTH_UNMEASURED_TOKENIZER_NOT_USED
unidoc_healthcare_0025,9016,,,,,,,,,,DEPTH_UNMEASURED_TOKENIZER_NOT_USED
unidoc_healthcare_0026,8797,,,,,,,,,,DEPTH_UNMEASURED_TOKENIZER_NOT_USED
unidoc_healthcare_0027,10945,,,,,,,,,,DEPTH_UNMEASURED_TOKENIZER_NOT_USED
unidoc_healthcare_0028,5827,,,,,,,,,,DEPTH_UNMEASURED_TOKENIZER_NOT_USED
unidoc_healthcare_0029,7002,,,,,,,,,,DEPTH_UNMEASURED_TOKENIZER_NOT_USED
unidoc_healthcare_0030,10516,,,,,,,,,,DEPTH_UNMEASURED_TOKENIZER_NOT_USED
unidoc_healthcare_0031,7965,,,,,,,,,,DEPTH_UNMEASURED_TOKENIZER_NOT_USED
unidoc_healthcare_0032,6150,,,,,,,,,,DEPTH_UNMEASURED_TOKENIZER_NOT_USED
unidoc_healthcare_0033,13440,,,,,,,,,,DEPTH_UNMEASURED_TOKENIZER_NOT_USED
unidoc_healthcare_0034,13424,,,,,,,,,,DEPTH_UNMEASURED_TOKENIZER_NOT_USED
unidoc_healthcare_0035,7521,,,,,,,,,,DEPTH_UNMEASURED_TOKENIZER_NOT_USED
unidoc_healthcare_0036,10033,,,,,,,,,,DEPTH_UNMEASURED_TOKENIZER_NOT_USED
unidoc_healthcare_0037,12898,,,,,,,,,,DEPTH_UNMEASURED_TOKENIZER_NOT_USED
unidoc_healthcare_0038,9745,,,,,,,,,,DEPTH_UNMEASURED_TOKENIZER_NOT_USED
unidoc_healthcare_0039,8870,,,,,,,,,,DEPTH_UNMEASURED_TOKENIZER_NOT_USED
unidoc_healthcare_0040,2906,,,,,,,,,,DEPTH_UNMEASURED_TOKENIZER_NOT_USED
unidoc_healthcare_0041,10334,,,,,,,,,,DEPTH_UNMEASURED_TOKENIZER_NOT_USED
unidoc_healthcare_0042,8065,,,,,,,,,,DEPTH_UNMEASURED_TOKENIZER_NOT_USED
unidoc_healthcare_0043,7502,,,,,,,,,,DEPTH_UNMEASURED_TOKENIZER_NOT_USED
unidoc_healthcare_0044,7452,,,,,,,,,,DEPTH_UNMEASURED_TOKENIZER_NOT_USED
unidoc_healthcare_0045,10438,,,,,,,,,,DEPTH_UNMEASURED_TOKENIZER_NOT_USED
unidoc_healthcare_0046,6399,,,,,,,,,,DEPTH_UNMEASURED_TOKENIZER_NOT_USED
unidoc_healthcare_0047,4307,,,,,,,,,,DEPTH_UNMEASURED_TOKENIZER_NOT_USED
unidoc_healthcare_0048,7790,,,,,,,,,,DEPTH_UNMEASURED_TOKENIZER_NOT_USED
unidoc_healthcare_0049,10821,,,,,,,,,,DEPTH_UNMEASURED_TOKENIZER_NOT_USED
unidoc_healthcare_0050,8409,,,,,,,,,,DEPTH_UNMEASURED_TOKENIZER_NOT_USED
unidoc_healthcare_0051,9553,,,,,,,,,,DEPTH_UNMEASURED_TOKENIZER_NOT_USED
unidoc_healthcare_0052,10288,,,,,,,,,,DEPTH_UNMEASURED_TOKENIZER_NOT_USED
unidoc_healthcare_0053,7066,,,,,,,,,,DEPTH_UNMEASURED_TOKENIZER_NOT_USED
unidoc_healthcare_0054,8173,,,,,,,,,,DEPTH_UNMEASURED_TOKENIZER_NOT_USED
unidoc_healthcare_0055,8635,,,,,,,,,,DEPTH_UNMEASURED_TOKENIZER_NOT_USED
unidoc_healthcare_0056,8409,,,,,,,,,,DEPTH_UNMEASURED_TOKENIZER_NOT_USED
unidoc_healthcare_0057,8856,,,,,,,,,,DEPTH_UNMEASURED_TOKENIZER_NOT_USED
unidoc_healthcare_0058,3573,,,,,,,,,,DEPTH_UNMEASURED_TOKENIZER_NOT_USED
unidoc_healthcare_0059,8881,,,,,,,,,,DEPTH_UNMEASURED_TOKENIZER_NOT_USED
unidoc_healthcare_0060,8635,,,,,,,,,,DEPTH_UNMEASURED_TOKENIZER_NOT_USED
unidoc_healthcare_0061,6374,,,,,,,,,,DEPTH_UNMEASURED_TOKENIZER_NOT_USED
unidoc_healthcare_0062,9856,,,,,,,,,,DEPTH_UNMEASURED_TOKENIZER_NOT_USED
unidoc_healthcare_0063,9859,,,,,,,,,,DEPTH_UNMEASURED_TOKENIZER_NOT_USED
unidoc_healthcare_0064,4590,,,,,,,,,,DEPTH_UNMEASURED_TOKENIZER_NOT_USED
unidoc_healthcare_0065,8635,,,,,,,,,,DEPTH_UNMEASURED_TOKENIZER_NOT_USED
unidoc_healthcare_0066,8384,,,,,,,,,,DEPTH_UNMEASURED_TOKENIZER_NOT_USED
unidoc_healthcare_0067,14569,,,,,,,,,,DEPTH_UNMEASURED_TOKENIZER_NOT_USED
unidoc_healthcare_0068,9388,,,,,,,,,,DEPTH_UNMEASURED_TOKENIZER_NOT_USED
unidoc_healthcare_0069,10798,,,,,,,,,,DEPTH_UNMEASURED_TOKENIZER_NOT_USED
unidoc_healthcare_0070,7495,,,,,,,,,,DEPTH_UNMEASURED_TOKENIZER_NOT_USED
unidoc_healthcare_0071,10731,,,,,,,,,,DEPTH_UNMEASURED_TOKENIZER_NOT_USED
unidoc_healthcare_0072,7111,,,,,,,,,,DEPTH_UNMEASURED_TOKENIZER_NOT_USED
unidoc_healthcare_0073,6841,,,,,,,,,,DEPTH_UNMEASURED_TOKENIZER_NOT_USED
unidoc_healthcare_0074,9931,,,,,,,,,,DEPTH_UNMEASURED_TOKENIZER_NOT_USED
unidoc_healthcare_0075,11727,,,,,,,,,,DEPTH_UNMEASURED_TOKENIZER_NOT_USED
unidoc_healthcare_0076,7162,,,,,,,,,,DEPTH_UNMEASURED_TOKENIZER_NOT_USED
unidoc_healthcare_0077,13529,,,,,,,,,,DEPTH_UNMEASURED_TOKENIZER_NOT_USED
unidoc_healthcare_0078,13727,,,,,,,,,,DEPTH_UNMEASURED_TOKENIZER_NOT_USED
unidoc_healthcare_0079,10923,,,,,,,,,,DEPTH_UNMEASURED_TOKENIZER_NOT_USED
unidoc_healthcare_0080,10979,,,,,,,,,,DEPTH_UNMEASURED_TOKENIZER_NOT_USED
unidoc_healthcare_0081,7136,,,,,,,,,,DEPTH_UNMEASURED_TOKENIZER_NOT_USED
unidoc_healthcare_0082,8595,,,,,,,,,,DEPTH_UNMEASURED_TOKENIZER_NOT_USED
unidoc_healthcare_0083,3259,,,,,,,,,,DEPTH_UNMEASURED_TOKENIZER_NOT_USED
unidoc_healthcare_0084,11870,,,,,,,,,,DEPTH_UNMEASURED_TOKENIZER_NOT_USED
unidoc_healthcare_0085,9321,,,,,,,,,,DEPTH_UNMEASURED_TOKENIZER_NOT_USED
unidoc_healthcare_0086,9793,,,,,,,,,,DEPTH_UNMEASURED_TOKENIZER_NOT_USED
unidoc_healthcare_0087,12021,,,,,,,,,,DEPTH_UNMEASURED_TOKENIZER_NOT_USED
unidoc_healthcare_0088,10905,,,,,,,,,,DEPTH_UNMEASURED_TOKENIZER_NOT_USED
unidoc_healthcare_0089,5166,,,,,,,,,,DEPTH_UNMEASURED_TOKENIZER_NOT_USED
unidoc_healthcare_0090,6598,,,,,,,,,,DEPTH_UNMEASURED_TOKENIZER_NOT_USED
unidoc_healthcare_0091,8735,,,,,,,,,,DEPTH_UNMEASURED_TOKENIZER_NOT_USED
unidoc_healthcare_0092,10516,,,,,,,,,,DEPTH_UNMEASURED_TOKENIZER_NOT_USED
unidoc_healthcare_0093,10098,,,,,,,,,,DEPTH_UNMEASURED_TOKENIZER_NOT_USED
unidoc_healthcare_0094,6841,,,,,,,,,,DEPTH_UNMEASURED_TOKENIZER_NOT_USED
unidoc_healthcare_0095,11457,,,,,,,,,,DEPTH_UNMEASURED_TOKENIZER_NOT_USED
unidoc_healthcare_0096,6181,,,,,,,,,,DEPTH_UNMEASURED_TOKENIZER_NOT_USED
unidoc_healthcare_0097,11472,,,,,,,,,,DEPTH_UNMEASURED_TOKENIZER_NOT_USED
unidoc_healthcare_0098,9909,,,,,,,,,,DEPTH_UNMEASURED_TOKENIZER_NOT_USED
unidoc_healthcare_0099,9909,,,,,,,,,,DEPTH_UNMEASURED_TOKENIZER_NOT_USED
unidoc_healthcare_0100,6194,,,,,,,,,,DEPTH_UNMEASURED_TOKENIZER_NOT_USED
unidoc_healthcare_0101,6984,,,,,,,,,,DEPTH_UNMEASURED_TOKENIZER_NOT_USED
unidoc_healthcare_0102,9566,,,,,,,,,,DEPTH_UNMEASURED_TOKENIZER_NOT_USED
unidoc_healthcare_0103,7795,,,,,,,,,,DEPTH_UNMEASURED_TOKENIZER_NOT_USED
unidoc_healthcare_0104,11255,,,,,,,,,,DEPTH_UNMEASURED_TOKENIZER_NOT_USED
unidoc_healthcare_0105,11193,,,,,,,,,,DEPTH_UNMEASURED_TOKENIZER_NOT_USED
unidoc_healthcare_0106,9355,,,,,,,,,,DEPTH_UNMEASURED_TOKENIZER_NOT_USED
unidoc_healthcare_0107,5700,,,,,,,,,,DEPTH_UNMEASURED_TOKENIZER_NOT_USED
unidoc_healthcare_0108,8063,,,,,,,,,,DEPTH_UNMEASURED_TOKENIZER_NOT_USED
unidoc_healthcare_0109,10042,,,,,,,,,,DEPTH_UNMEASURED_TOKENIZER_NOT_USED
unidoc_healthcare_0110,10793,,,,,,,,,,DEPTH_UNMEASURED_TOKENIZER_NOT_USED
unidoc_healthcare_0111,6843,,,,,,,,,,DEPTH_UNMEASURED_TOKENIZER_NOT_USED
unidoc_healthcare_0112,9589,,,,,,,,,,DEPTH_UNMEASURED_TOKENIZER_NOT_USED
unidoc_healthcare_0113,10819,,,,,,,,,,DEPTH_UNMEASURED_TOKENIZER_NOT_USED
unidoc_healthcare_0114,9295,,,,,,,,,,DEPTH_UNMEASURED_TOKENIZER_NOT_USED
unidoc_healthcare_0115,6754,,,,,,,,,,DEPTH_UNMEASURED_TOKENIZER_NOT_USED
unidoc_healthcare_0116,7242,,,,,,,,,,DEPTH_UNMEASURED_TOKENIZER_NOT_USED
unidoc_healthcare_0117,12546,,,,,,,,,,DEPTH_UNMEASURED_TOKENIZER_NOT_USED
unidoc_healthcare_0118,7226,,,,,,,,,,DEPTH_UNMEASURED_TOKENIZER_NOT_USED
unidoc_healthcare_0119,8825,,,,,,,,,,DEPTH_UNMEASURED_TOKENIZER_NOT_USED
unidoc_healthcare_0120,3163,,,,,,,,,,DEPTH_UNMEASURED_TOKENIZER_NOT_USED
unidoc_healthcare_0121,7639,,,,,,,,,,DEPTH_UNMEASURED_TOKENIZER_NOT_USED
unidoc_healthcare_0122,9700,,,,,,,,,,DEPTH_UNMEASURED_TOKENIZER_NOT_USED
unidoc_healthcare_0123,7703,,,,,,,,,,DEPTH_UNMEASURED_TOKENIZER_NOT_USED
unidoc_healthcare_0124,9210,,,,,,,,,,DEPTH_UNMEASURED_TOKENIZER_NOT_USED
unidoc_healthcare_0125,9883,,,,,,,,,,DEPTH_UNMEASURED_TOKENIZER_NOT_USED
unidoc_healthcare_0126,11610,,,,,,,,,,DEPTH_UNMEASURED_TOKENIZER_NOT_USED
unidoc_healthcare_0127,10912,,,,,,,,,,DEPTH_UNMEASURED_TOKENIZER_NOT_USED
unidoc_healthcare_0128,9314,,,,,,,,,,DEPTH_UNMEASURED_TOKENIZER_NOT_USED
unidoc_healthcare_0129,14262,,,,,,,,,,DEPTH_UNMEASURED_TOKENIZER_NOT_USED
unidoc_healthcare_0130,9197,,,,,,,,,,DEPTH_UNMEASURED_TOKENIZER_NOT_USED
unidoc_healthcare_0131,9187,,,,,,,,,,DEPTH_UNMEASURED_TOKENIZER_NOT_USED
unidoc_healthcare_0132,9566,,,,,,,,,,DEPTH_UNMEASURED_TOKENIZER_NOT_USED
unidoc_healthcare_0133,8632,,,,,,,,,,DEPTH_UNMEASURED_TOKENIZER_NOT_USED
unidoc_healthcare_0134,8241,,,,,,,,,,DEPTH_UNMEASURED_TOKENIZER_NOT_USED
unidoc_healthcare_0135,8447,,,,,,,,,,DEPTH_UNMEASURED_TOKENIZER_NOT_USED
unidoc_healthcare_0136,10387,,,,,,,,,,DEPTH_UNMEASURED_TOKENIZER_NOT_USED
unidoc_healthcare_0137,5137,,,,,,,,,,DEPTH_UNMEASURED_TOKENIZER_NOT_USED
unidoc_healthcare_0138,5576,,,,,,,,,,DEPTH_UNMEASURED_TOKENIZER_NOT_USED
unidoc_healthcare_0139,12348,,,,,,,,,,DEPTH_UNMEASURED_TOKENIZER_NOT_USED
unidoc_healthcare_0140,9507,,,,,,,,,,DEPTH_UNMEASURED_TOKENIZER_NOT_USED
unidoc_healthcare_0141,9817,,,,,,,,,,DEPTH_UNMEASURED_TOKENIZER_NOT_USED
unidoc_healthcare_0142,8392,,,,,,,,,,DEPTH_UNMEASURED_TOKENIZER_NOT_USED
unidoc_healthcare_0143,17365,,,,,,,,,,DEPTH_UNMEASURED_TOKENIZER_NOT_USED
unidoc_healthcare_0144,11247,,,,,,,,,,DEPTH_UNMEASURED_TOKENIZER_NOT_USED
unidoc_healthcare_0145,7162,,,,,,,,,,DEPTH_UNMEASURED_TOKENIZER_NOT_USED
unidoc_healthcare_0146,10490,,,,,,,,,,DEPTH_UNMEASURED_TOKENIZER_NOT_USED
unidoc_healthcare_0147,8662,,,,,,,,,,DEPTH_UNMEASURED_TOKENIZER_NOT_USED
unidoc_healthcare_0148,7698,,,,,,,,,,DEPTH_UNMEASURED_TOKENIZER_NOT_USED
unidoc_healthcare_0149,5157,,,,,,,,,,DEPTH_UNMEASURED_TOKENIZER_NOT_USED
unidoc_healthcare_0150,9469,,,,,,,,,,DEPTH_UNMEASURED_TOKENIZER_NOT_USED
unidoc_healthcare_0151,11494,,,,,,,,,,DEPTH_UNMEASURED_TOKENIZER_NOT_USED
unidoc_healthcare_0152,10718,,,,,,,,,,DEPTH_UNMEASURED_TOKENIZER_NOT_USED
unidoc_healthcare_0153,5241,,,,,,,,,,DEPTH_UNMEASURED_TOKENIZER_NOT_USED
unidoc_healthcare_0154,9231,,,,,,,,,,DEPTH_UNMEASURED_TOKENIZER_NOT_USED
unidoc_healthcare_0155,5202,,,,,,,,,,DEPTH_UNMEASURED_TOKENIZER_NOT_USED
unidoc_healthcare_0156,12716,,,,,,,,,,DEPTH_UNMEASURED_TOKENIZER_NOT_USED
unidoc_healthcare_0157,10207,,,,,,,,,,DEPTH_UNMEASURED_TOKENIZER_NOT_USED
unidoc_healthcare_0158,9576,,,,,,,,,,DEPTH_UNMEASURED_TOKENIZER_NOT_USED
unidoc_healthcare_0159,9793,,,,,,,,,,DEPTH_UNMEASURED_TOKENIZER_NOT_USED
unidoc_healthcare_0160,9314,,,,,,,,,,DEPTH_UNMEASURED_TOKENIZER_NOT_USED
unidoc_healthcare_0161,9909,,,,,,,,,,DEPTH_UNMEASURED_TOKENIZER_NOT_USED
unidoc_healthcare_0162,12476,,,,,,,,,,DEPTH_UNMEASURED_TOKENIZER_NOT_USED
unidoc_healthcare_0163,12004,,,,,,,,,,DEPTH_UNMEASURED_TOKENIZER_NOT_USED
unidoc_healthcare_0164,2906,,,,,,,,,,DEPTH_UNMEASURED_TOKENIZER_NOT_USED
unidoc_healthcare_0165,7767,,,,,,,,,,DEPTH_UNMEASURED_TOKENIZER_NOT_USED
unidoc_healthcare_0166,7994,,,,,,,,,,DEPTH_UNMEASURED_TOKENIZER_NOT_USED
unidoc_healthcare_0167,11048,,,,,,,,,,DEPTH_UNMEASURED_TOKENIZER_NOT_USED
unidoc_healthcare_0168,5848,,,,,,,,,,DEPTH_UNMEASURED_TOKENIZER_NOT_USED
unidoc_healthcare_0169,9306,,,,,,,,,,DEPTH_UNMEASURED_TOKENIZER_NOT_USED
unidoc_healthcare_0170,12664,,,,,,,,,,DEPTH_UNMEASURED_TOKENIZER_NOT_USED
unidoc_healthcare_0171,11241,,,,,,,,,,DEPTH_UNMEASURED_TOKENIZER_NOT_USED
unidoc_healthcare_0172,8378,,,,,,,,,,DEPTH_UNMEASURED_TOKENIZER_NOT_USED
unidoc_healthcare_0173,13211,,,,,,,,,,DEPTH_UNMEASURED_TOKENIZER_NOT_USED
unidoc_healthcare_0174,12796,,,,,,,,,,DEPTH_UNMEASURED_TOKENIZER_NOT_USED
unidoc_healthcare_0175,11133,,,,,,,,,,DEPTH_UNMEASURED_TOKENIZER_NOT_USED
unidoc_healthcare_0176,4776,,,,,,,,,,DEPTH_UNMEASURED_TOKENIZER_NOT_USED
unidoc_healthcare_0177,7945,,,,,,,,,,DEPTH_UNMEASURED_TOKENIZER_NOT_USED
unidoc_healthcare_0178,11454,,,,,,,,,,DEPTH_UNMEASURED_TOKENIZER_NOT_USED
unidoc_healthcare_0179,8042,,,,,,,,,,DEPTH_UNMEASURED_TOKENIZER_NOT_USED
unidoc_healthcare_0180,9460,,,,,,,,,,DEPTH_UNMEASURED_TOKENIZER_NOT_USED
unidoc_healthcare_0181,8874,,,,,,,,,,DEPTH_UNMEASURED_TOKENIZER_NOT_USED
unidoc_healthcare_0182,8704,,,,,,,,,,DEPTH_UNMEASURED_TOKENIZER_NOT_USED
unidoc_healthcare_0183,10599,,,,,,,,,,DEPTH_UNMEASURED_TOKENIZER_NOT_USED
unidoc_healthcare_0184,10044,,,,,,,,,,DEPTH_UNMEASURED_TOKENIZER_NOT_USED
unidoc_healthcare_0185,10117,,,,,,,,,,DEPTH_UNMEASURED_TOKENIZER_NOT_USED
unidoc_healthcare_0186,7387,,,,,,,,,,DEPTH_UNMEASURED_TOKENIZER_NOT_USED
unidoc_healthcare_0187,11425,,,,,,,,,,DEPTH_UNMEASURED_TOKENIZER_NOT_USED
unidoc_healthcare_0188,5269,,,,,,,,,,DEPTH_UNMEASURED_TOKENIZER_NOT_USED
unidoc_healthcare_0189,2536,,,,,,,,,,DEPTH_UNMEASURED_TOKENIZER_NOT_USED
unidoc_healthcare_0190,10714,,,,,,,,,,DEPTH_UNMEASURED_TOKENIZER_NOT_USED
unidoc_healthcare_0191,6508,,,,,,,,,,DEPTH_UNMEASURED_TOKENIZER_NOT_USED
unidoc_healthcare_0192,8784,,,,,,,,,,DEPTH_UNMEASURED_TOKENIZER_NOT_USED
unidoc_healthcare_0193,8851,,,,,,,,,,DEPTH_UNMEASURED_TOKENIZER_NOT_USED
unidoc_healthcare_0194,7045,,,,,,,,,,DEPTH_UNMEASURED_TOKENIZER_NOT_USED
unidoc_healthcare_0195,5848,,,,,,,,,,DEPTH_UNMEASURED_TOKENIZER_NOT_USED
unidoc_healthcare_0196,7838,,,,,,,,,,DEPTH_UNMEASURED_TOKENIZER_NOT_USED
unidoc_healthcare_0197,10616,,,,,,,,,,DEPTH_UNMEASURED_TOKENIZER_NOT_USED
unidoc_healthcare_0198,5445,,,,,,,,,,DEPTH_UNMEASURED_TOKENIZER_NOT_USED
unidoc_healthcare_0199,8635,,,,,,,,,,DEPTH_UNMEASURED_TOKENIZER_NOT_USED
unidoc_healthcare_0200,9434,,,,,,,,,,DEPTH_UNMEASURED_TOKENIZER_NOT_USED
unidoc_legal_0001,3826,,,,,,,,,,DEPTH_UNMEASURED_TOKENIZER_NOT_USED
unidoc_legal_0002,4459,,,,,,,,,,DEPTH_UNMEASURED_TOKENIZER_NOT_USED
unidoc_legal_0003,5959,,,,,,,,,,DEPTH_UNMEASURED_TOKENIZER_NOT_USED
unidoc_legal_0004,6857,,,,,,,,,,DEPTH_UNMEASURED_TOKENIZER_NOT_USED
unidoc_legal_0005,5377,,,,,,,,,,DEPTH_UNMEASURED_TOKENIZER_NOT_USED
unidoc_legal_0006,3784,,,,,,,,,,DEPTH_UNMEASURED_TOKENIZER_NOT_USED
unidoc_legal_0007,9077,,,,,,,,,,DEPTH_UNMEASURED_TOKENIZER_NOT_USED
unidoc_legal_0008,10578,,,,,,,,,,DEPTH_UNMEASURED_TOKENIZER_NOT_USED
unidoc_legal_0009,7359,,,,,,,,,,DEPTH_UNMEASURED_TOKENIZER_NOT_USED
unidoc_legal_0010,5161,,,,,,,,,,DEPTH_UNMEASURED_TOKENIZER_NOT_USED
unidoc_legal_0011,5205,,,,,,,,,,DEPTH_UNMEASURED_TOKENIZER_NOT_USED
unidoc_legal_0012,9234,,,,,,,,,,DEPTH_UNMEASURED_TOKENIZER_NOT_USED
unidoc_legal_0013,5316,,,,,,,,,,DEPTH_UNMEASURED_TOKENIZER_NOT_USED
unidoc_legal_0014,8513,,,,,,,,,,DEPTH_UNMEASURED_TOKENIZER_NOT_USED
unidoc_legal_0015,4925,,,,,,,,,,DEPTH_UNMEASURED_TOKENIZER_NOT_USED
unidoc_legal_0016,6444,,,,,,,,,,DEPTH_UNMEASURED_TOKENIZER_NOT_USED
unidoc_legal_0017,8495,,,,,,,,,,DEPTH_UNMEASURED_TOKENIZER_NOT_USED
unidoc_legal_0018,6159,,,,,,,,,,DEPTH_UNMEASURED_TOKENIZER_NOT_USED
unidoc_legal_0019,8662,,,,,,,,,,DEPTH_UNMEASURED_TOKENIZER_NOT_USED
unidoc_legal_0020,10188,,,,,,,,,,DEPTH_UNMEASURED_TOKENIZER_NOT_USED
unidoc_legal_0021,9835,,,,,,,,,,DEPTH_UNMEASURED_TOKENIZER_NOT_USED
unidoc_legal_0022,4821,,,,,,,,,,DEPTH_UNMEASURED_TOKENIZER_NOT_USED
unidoc_legal_0023,5532,,,,,,,,,,DEPTH_UNMEASURED_TOKENIZER_NOT_USED
unidoc_legal_0024,7186,,,,,,,,,,DEPTH_UNMEASURED_TOKENIZER_NOT_USED
unidoc_legal_0025,7451,,,,,,,,,,DEPTH_UNMEASURED_TOKENIZER_NOT_USED
unidoc_legal_0026,8266,,,,,,,,,,DEPTH_UNMEASURED_TOKENIZER_NOT_USED
unidoc_legal_0027,10726,,,,,,,,,,DEPTH_UNMEASURED_TOKENIZER_NOT_USED
unidoc_legal_0028,7836,,,,,,,,,,DEPTH_UNMEASURED_TOKENIZER_NOT_USED
unidoc_legal_0029,10186,,,,,,,,,,DEPTH_UNMEASURED_TOKENIZER_NOT_USED
unidoc_legal_0030,9044,,,,,,,,,,DEPTH_UNMEASURED_TOKENIZER_NOT_USED
unidoc_legal_0031,11236,,,,,,,,,,DEPTH_UNMEASURED_TOKENIZER_NOT_USED
unidoc_legal_0032,3079,,,,,,,,,,DEPTH_UNMEASURED_TOKENIZER_NOT_USED
unidoc_legal_0033,6435,,,,,,,,,,DEPTH_UNMEASURED_TOKENIZER_NOT_USED
unidoc_legal_0034,6536,,,,,,,,,,DEPTH_UNMEASURED_TOKENIZER_NOT_USED
unidoc_legal_0035,7815,,,,,,,,,,DEPTH_UNMEASURED_TOKENIZER_NOT_USED
unidoc_legal_0036,3988,,,,,,,,,,DEPTH_UNMEASURED_TOKENIZER_NOT_USED
unidoc_legal_0037,8270,,,,,,,,,,DEPTH_UNMEASURED_TOKENIZER_NOT_USED
unidoc_legal_0038,4871,,,,,,,,,,DEPTH_UNMEASURED_TOKENIZER_NOT_USED
unidoc_legal_0039,7683,,,,,,,,,,DEPTH_UNMEASURED_TOKENIZER_NOT_USED
unidoc_legal_0040,11888,,,,,,,,,,DEPTH_UNMEASURED_TOKENIZER_NOT_USED
unidoc_legal_0041,7470,,,,,,,,,,DEPTH_UNMEASURED_TOKENIZER_NOT_USED
unidoc_legal_0042,5035,,,,,,,,,,DEPTH_UNMEASURED_TOKENIZER_NOT_USED
unidoc_legal_0043,7683,,,,,,,,,,DEPTH_UNMEASURED_TOKENIZER_NOT_USED
unidoc_legal_0044,5295,,,,,,,,,,DEPTH_UNMEASURED_TOKENIZER_NOT_USED
unidoc_legal_0045,6300,,,,,,,,,,DEPTH_UNMEASURED_TOKENIZER_NOT_USED
unidoc_legal_0046,3278,,,,,,,,,,DEPTH_UNMEASURED_TOKENIZER_NOT_USED
unidoc_legal_0047,11079,,,,,,,,,,DEPTH_UNMEASURED_TOKENIZER_NOT_USED
unidoc_legal_0048,2814,,,,,,,,,,DEPTH_UNMEASURED_TOKENIZER_NOT_USED
unidoc_legal_0049,8714,,,,,,,,,,DEPTH_UNMEASURED_TOKENIZER_NOT_USED
unidoc_legal_0050,6108,,,,,,,,,,DEPTH_UNMEASURED_TOKENIZER_NOT_USED
unidoc_legal_0051,5268,,,,,,,,,,DEPTH_UNMEASURED_TOKENIZER_NOT_USED
unidoc_legal_0052,1221,,,,,,,,,,DEPTH_UNMEASURED_TOKENIZER_NOT_USED
unidoc_legal_0053,6158,,,,,,,,,,DEPTH_UNMEASURED_TOKENIZER_NOT_USED
unidoc_legal_0054,6520,,,,,,,,,,DEPTH_UNMEASURED_TOKENIZER_NOT_USED
unidoc_legal_0055,4678,,,,,,,,,,DEPTH_UNMEASURED_TOKENIZER_NOT_USED
unidoc_legal_0056,11321,,,,,,,,,,DEPTH_UNMEASURED_TOKENIZER_NOT_USED
unidoc_legal_0057,5241,,,,,,,,,,DEPTH_UNMEASURED_TOKENIZER_NOT_USED
unidoc_legal_0058,5805,,,,,,,,,,DEPTH_UNMEASURED_TOKENIZER_NOT_USED
unidoc_legal_0059,5331,,,,,,,,,,DEPTH_UNMEASURED_TOKENIZER_NOT_USED
unidoc_legal_0060,2913,,,,,,,,,,DEPTH_UNMEASURED_TOKENIZER_NOT_USED
unidoc_legal_0061,4656,,,,,,,,,,DEPTH_UNMEASURED_TOKENIZER_NOT_USED
unidoc_legal_0062,5042,,,,,,,,,,DEPTH_UNMEASURED_TOKENIZER_NOT_USED
unidoc_legal_0063,5614,,,,,,,,,,DEPTH_UNMEASURED_TOKENIZER_NOT_USED
unidoc_legal_0064,6950,,,,,,,,,,DEPTH_UNMEASURED_TOKENIZER_NOT_USED
unidoc_legal_0065,9185,,,,,,,,,,DEPTH_UNMEASURED_TOKENIZER_NOT_USED
unidoc_legal_0066,4705,,,,,,,,,,DEPTH_UNMEASURED_TOKENIZER_NOT_USED
unidoc_legal_0067,10047,,,,,,,,,,DEPTH_UNMEASURED_TOKENIZER_NOT_USED
unidoc_legal_0068,4097,,,,,,,,,,DEPTH_UNMEASURED_TOKENIZER_NOT_USED
unidoc_legal_0069,10608,,,,,,,,,,DEPTH_UNMEASURED_TOKENIZER_NOT_USED
unidoc_legal_0070,6291,,,,,,,,,,DEPTH_UNMEASURED_TOKENIZER_NOT_USED
unidoc_legal_0071,6490,,,,,,,,,,DEPTH_UNMEASURED_TOKENIZER_NOT_USED
unidoc_legal_0072,7556,,,,,,,,,,DEPTH_UNMEASURED_TOKENIZER_NOT_USED
unidoc_legal_0073,10233,,,,,,,,,,DEPTH_UNMEASURED_TOKENIZER_NOT_USED
unidoc_legal_0074,4228,,,,,,,,,,DEPTH_UNMEASURED_TOKENIZER_NOT_USED
unidoc_legal_0075,7695,,,,,,,,,,DEPTH_UNMEASURED_TOKENIZER_NOT_USED
unidoc_legal_0076,5129,,,,,,,,,,DEPTH_UNMEASURED_TOKENIZER_NOT_USED
unidoc_legal_0077,3590,,,,,,,,,,DEPTH_UNMEASURED_TOKENIZER_NOT_USED
unidoc_legal_0078,5418,,,,,,,,,,DEPTH_UNMEASURED_TOKENIZER_NOT_USED
unidoc_legal_0079,12138,,,,,,,,,,DEPTH_UNMEASURED_TOKENIZER_NOT_USED
unidoc_legal_0080,5070,,,,,,,,,,DEPTH_UNMEASURED_TOKENIZER_NOT_USED
unidoc_legal_0081,2807,,,,,,,,,,DEPTH_UNMEASURED_TOKENIZER_NOT_USED
unidoc_legal_0082,8361,,,,,,,,,,DEPTH_UNMEASURED_TOKENIZER_NOT_USED
unidoc_legal_0083,5774,,,,,,,,,,DEPTH_UNMEASURED_TOKENIZER_NOT_USED
unidoc_legal_0084,8573,,,,,,,,,,DEPTH_UNMEASURED_TOKENIZER_NOT_USED
unidoc_legal_0085,9917,,,,,,,,,,DEPTH_UNMEASURED_TOKENIZER_NOT_USED
unidoc_legal_0086,9288,,,,,,,,,,DEPTH_UNMEASURED_TOKENIZER_NOT_USED
unidoc_legal_0087,13465,,,,,,,,,,DEPTH_UNMEASURED_TOKENIZER_NOT_USED
unidoc_legal_0088,5231,,,,,,,,,,DEPTH_UNMEASURED_TOKENIZER_NOT_USED
unidoc_legal_0089,7453,,,,,,,,,,DEPTH_UNMEASURED_TOKENIZER_NOT_USED
unidoc_legal_0090,3567,,,,,,,,,,DEPTH_UNMEASURED_TOKENIZER_NOT_USED
unidoc_legal_0091,5491,,,,,,,,,,DEPTH_UNMEASURED_TOKENIZER_NOT_USED
unidoc_legal_0092,14472,,,,,,,,,,DEPTH_UNMEASURED_TOKENIZER_NOT_USED
unidoc_legal_0093,3570,,,,,,,,,,DEPTH_UNMEASURED_TOKENIZER_NOT_USED
unidoc_legal_0094,5066,,,,,,,,,,DEPTH_UNMEASURED_TOKENIZER_NOT_USED
unidoc_legal_0095,2998,,,,,,,,,,DEPTH_UNMEASURED_TOKENIZER_NOT_USED
unidoc_legal_0096,9672,,,,,,,,,,DEPTH_UNMEASURED_TOKENIZER_NOT_USED
unidoc_legal_0097,8272,,,,,,,,,,DEPTH_UNMEASURED_TOKENIZER_NOT_USED
unidoc_legal_0098,7558,,,,,,,,,,DEPTH_UNMEASURED_TOKENIZER_NOT_USED
unidoc_legal_0099,4620,,,,,,,,,,DEPTH_UNMEASURED_TOKENIZER_NOT_USED
unidoc_legal_0100,4714,,,,,,,,,,DEPTH_UNMEASURED_TOKENIZER_NOT_USED
unidoc_legal_0101,11307,,,,,,,,,,DEPTH_UNMEASURED_TOKENIZER_NOT_USED
unidoc_legal_0102,3291,,,,,,,,,,DEPTH_UNMEASURED_TOKENIZER_NOT_USED
unidoc_legal_0103,3997,,,,,,,,,,DEPTH_UNMEASURED_TOKENIZER_NOT_USED
unidoc_legal_0104,5377,,,,,,,,,,DEPTH_UNMEASURED_TOKENIZER_NOT_USED
unidoc_legal_0105,6490,,,,,,,,,,DEPTH_UNMEASURED_TOKENIZER_NOT_USED
unidoc_legal_0106,6000,,,,,,,,,,DEPTH_UNMEASURED_TOKENIZER_NOT_USED
unidoc_legal_0107,6295,,,,,,,,,,DEPTH_UNMEASURED_TOKENIZER_NOT_USED
unidoc_legal_0108,6441,,,,,,,,,,DEPTH_UNMEASURED_TOKENIZER_NOT_USED
unidoc_legal_0109,8714,,,,,,,,,,DEPTH_UNMEASURED_TOKENIZER_NOT_USED
unidoc_legal_0110,3711,,,,,,,,,,DEPTH_UNMEASURED_TOKENIZER_NOT_USED
unidoc_legal_0111,4475,,,,,,,,,,DEPTH_UNMEASURED_TOKENIZER_NOT_USED
unidoc_legal_0112,6457,,,,,,,,,,DEPTH_UNMEASURED_TOKENIZER_NOT_USED
unidoc_legal_0113,8743,,,,,,,,,,DEPTH_UNMEASURED_TOKENIZER_NOT_USED
unidoc_legal_0114,3590,,,,,,,,,,DEPTH_UNMEASURED_TOKENIZER_NOT_USED
unidoc_legal_0115,8963,,,,,,,,,,DEPTH_UNMEASURED_TOKENIZER_NOT_USED
unidoc_legal_0116,5288,,,,,,,,,,DEPTH_UNMEASURED_TOKENIZER_NOT_USED
unidoc_legal_0117,6705,,,,,,,,,,DEPTH_UNMEASURED_TOKENIZER_NOT_USED
unidoc_legal_0118,9769,,,,,,,,,,DEPTH_UNMEASURED_TOKENIZER_NOT_USED
unidoc_legal_0119,11903,,,,,,,,,,DEPTH_UNMEASURED_TOKENIZER_NOT_USED
unidoc_legal_0120,5555,,,,,,,,,,DEPTH_UNMEASURED_TOKENIZER_NOT_USED
unidoc_legal_0121,5706,,,,,,,,,,DEPTH_UNMEASURED_TOKENIZER_NOT_USED
unidoc_legal_0122,4821,,,,,,,,,,DEPTH_UNMEASURED_TOKENIZER_NOT_USED
unidoc_legal_0123,5374,,,,,,,,,,DEPTH_UNMEASURED_TOKENIZER_NOT_USED
unidoc_legal_0124,10822,,,,,,,,,,DEPTH_UNMEASURED_TOKENIZER_NOT_USED
unidoc_legal_0125,5203,,,,,,,,,,DEPTH_UNMEASURED_TOKENIZER_NOT_USED
unidoc_legal_0126,4154,,,,,,,,,,DEPTH_UNMEASURED_TOKENIZER_NOT_USED
unidoc_legal_0127,5147,,,,,,,,,,DEPTH_UNMEASURED_TOKENIZER_NOT_USED
unidoc_legal_0128,8131,,,,,,,,,,DEPTH_UNMEASURED_TOKENIZER_NOT_USED
unidoc_legal_0129,3263,,,,,,,,,,DEPTH_UNMEASURED_TOKENIZER_NOT_USED
unidoc_legal_0130,6251,,,,,,,,,,DEPTH_UNMEASURED_TOKENIZER_NOT_USED
unidoc_legal_0131,5377,,,,,,,,,,DEPTH_UNMEASURED_TOKENIZER_NOT_USED
unidoc_legal_0132,6251,,,,,,,,,,DEPTH_UNMEASURED_TOKENIZER_NOT_USED
unidoc_legal_0133,8530,,,,,,,,,,DEPTH_UNMEASURED_TOKENIZER_NOT_USED
unidoc_legal_0134,2594,,,,,,,,,,DEPTH_UNMEASURED_TOKENIZER_NOT_USED
unidoc_legal_0135,5340,,,,,,,,,,DEPTH_UNMEASURED_TOKENIZER_NOT_USED
unidoc_legal_0136,9009,,,,,,,,,,DEPTH_UNMEASURED_TOKENIZER_NOT_USED
unidoc_legal_0137,10647,,,,,,,,,,DEPTH_UNMEASURED_TOKENIZER_NOT_USED
unidoc_legal_0138,3009,,,,,,,,,,DEPTH_UNMEASURED_TOKENIZER_NOT_USED
unidoc_legal_0139,6566,,,,,,,,,,DEPTH_UNMEASURED_TOKENIZER_NOT_USED
unidoc_legal_0140,1189,,,,,,,,,,DEPTH_UNMEASURED_TOKENIZER_NOT_USED
unidoc_legal_0141,233,,,,,,,,,,DEPTH_UNMEASURED_TOKENIZER_NOT_USED
unidoc_legal_0142,5646,,,,,,,,,,DEPTH_UNMEASURED_TOKENIZER_NOT_USED
unidoc_legal_0143,5375,,,,,,,,,,DEPTH_UNMEASURED_TOKENIZER_NOT_USED
unidoc_legal_0144,536,,,,,,,,,,DEPTH_UNMEASURED_TOKENIZER_NOT_USED
unidoc_legal_0145,7832,,,,,,,,,,DEPTH_UNMEASURED_TOKENIZER_NOT_USED
unidoc_legal_0146,6633,,,,,,,,,,DEPTH_UNMEASURED_TOKENIZER_NOT_USED
unidoc_legal_0147,5129,,,,,,,,,,DEPTH_UNMEASURED_TOKENIZER_NOT_USED
unidoc_legal_0148,11067,,,,,,,,,,DEPTH_UNMEASURED_TOKENIZER_NOT_USED
unidoc_legal_0149,4420,,,,,,,,,,DEPTH_UNMEASURED_TOKENIZER_NOT_USED
unidoc_legal_0150,3130,,,,,,,,,,DEPTH_UNMEASURED_TOKENIZER_NOT_USED
unidoc_legal_0151,2269,,,,,,,,,,DEPTH_UNMEASURED_TOKENIZER_NOT_USED
unidoc_legal_0152,5007,,,,,,,,,,DEPTH_UNMEASURED_TOKENIZER_NOT_USED
unidoc_legal_0153,14033,,,,,,,,,,DEPTH_UNMEASURED_TOKENIZER_NOT_USED
unidoc_legal_0154,5524,,,,,,,,,,DEPTH_UNMEASURED_TOKENIZER_NOT_USED
unidoc_legal_0155,6250,,,,,,,,,,DEPTH_UNMEASURED_TOKENIZER_NOT_USED
unidoc_legal_0156,2518,,,,,,,,,,DEPTH_UNMEASURED_TOKENIZER_NOT_USED
unidoc_legal_0157,14033,,,,,,,,,,DEPTH_UNMEASURED_TOKENIZER_NOT_USED
unidoc_legal_0158,5072,,,,,,,,,,DEPTH_UNMEASURED_TOKENIZER_NOT_USED
unidoc_legal_0159,7986,,,,,,,,,,DEPTH_UNMEASURED_TOKENIZER_NOT_USED
unidoc_legal_0160,7554,,,,,,,,,,DEPTH_UNMEASURED_TOKENIZER_NOT_USED
unidoc_legal_0161,5863,,,,,,,,,,DEPTH_UNMEASURED_TOKENIZER_NOT_USED
unidoc_legal_0162,5878,,,,,,,,,,DEPTH_UNMEASURED_TOKENIZER_NOT_USED
unidoc_legal_0163,11307,,,,,,,,,,DEPTH_UNMEASURED_TOKENIZER_NOT_USED
unidoc_legal_0164,8533,,,,,,,,,,DEPTH_UNMEASURED_TOKENIZER_NOT_USED
unidoc_legal_0165,6960,,,,,,,,,,DEPTH_UNMEASURED_TOKENIZER_NOT_USED
unidoc_legal_0166,5065,,,,,,,,,,DEPTH_UNMEASURED_TOKENIZER_NOT_USED
unidoc_legal_0167,4630,,,,,,,,,,DEPTH_UNMEASURED_TOKENIZER_NOT_USED
unidoc_legal_0168,8163,,,,,,,,,,DEPTH_UNMEASURED_TOKENIZER_NOT_USED
unidoc_legal_0169,10608,,,,,,,,,,DEPTH_UNMEASURED_TOKENIZER_NOT_USED
unidoc_legal_0170,4668,,,,,,,,,,DEPTH_UNMEASURED_TOKENIZER_NOT_USED
unidoc_legal_0171,9587,,,,,,,,,,DEPTH_UNMEASURED_TOKENIZER_NOT_USED
unidoc_legal_0172,3759,,,,,,,,,,DEPTH_UNMEASURED_TOKENIZER_NOT_USED
unidoc_legal_0173,5210,,,,,,,,,,DEPTH_UNMEASURED_TOKENIZER_NOT_USED
unidoc_legal_0174,9399,,,,,,,,,,DEPTH_UNMEASURED_TOKENIZER_NOT_USED
unidoc_legal_0175,3144,,,,,,,,,,DEPTH_UNMEASURED_TOKENIZER_NOT_USED
unidoc_legal_0176,3236,,,,,,,,,,DEPTH_UNMEASURED_TOKENIZER_NOT_USED
unidoc_legal_0177,9807,,,,,,,,,,DEPTH_UNMEASURED_TOKENIZER_NOT_USED
unidoc_legal_0178,5210,,,,,,,,,,DEPTH_UNMEASURED_TOKENIZER_NOT_USED
unidoc_legal_0179,8367,,,,,,,,,,DEPTH_UNMEASURED_TOKENIZER_NOT_USED
unidoc_legal_0180,5840,,,,,,,,,,DEPTH_UNMEASURED_TOKENIZER_NOT_USED
unidoc_legal_0181,4309,,,,,,,,,,DEPTH_UNMEASURED_TOKENIZER_NOT_USED
unidoc_legal_0182,2866,,,,,,,,,,DEPTH_UNMEASURED_TOKENIZER_NOT_USED
unidoc_legal_0183,3687,,,,,,,,,,DEPTH_UNMEASURED_TOKENIZER_NOT_USED
unidoc_legal_0184,9297,,,,,,,,,,DEPTH_UNMEASURED_TOKENIZER_NOT_USED
unidoc_legal_0185,8268,,,,,,,,,,DEPTH_UNMEASURED_TOKENIZER_NOT_USED
unidoc_legal_0186,5357,,,,,,,,,,DEPTH_UNMEASURED_TOKENIZER_NOT_USED
unidoc_legal_0187,6159,,,,,,,,,,DEPTH_UNMEASURED_TOKENIZER_NOT_USED
unidoc_legal_0188,4888,,,,,,,,,,DEPTH_UNMEASURED_TOKENIZER_NOT_USED
unidoc_legal_0189,9719,,,,,,,,,,DEPTH_UNMEASURED_TOKENIZER_NOT_USED
unidoc_legal_0190,5429,,,,,,,,,,DEPTH_UNMEASURED_TOKENIZER_NOT_USED
unidoc_legal_0191,3334,,,,,,,,,,DEPTH_UNMEASURED_TOKENIZER_NOT_USED
unidoc_legal_0192,6770,,,,,,,,,,DEPTH_UNMEASURED_TOKENIZER_NOT_USED
unidoc_legal_0193,9015,,,,,,,,,,DEPTH_UNMEASURED_TOKENIZER_NOT_USED
unidoc_legal_0194,10370,,,,,,,,,,DEPTH_UNMEASURED_TOKENIZER_NOT_USED
unidoc_legal_0195,5582,,,,,,,,,,DEPTH_UNMEASURED_TOKENIZER_NOT_USED
unidoc_legal_0196,8097,,,,,,,,,,DEPTH_UNMEASURED_TOKENIZER_NOT_USED
unidoc_legal_0197,5956,,,,,,,,,,DEPTH_UNMEASURED_TOKENIZER_NOT_USED
unidoc_legal_0198,12249,,,,,,,,,,DEPTH_UNMEASURED_TOKENIZER_NOT_USED
unidoc_legal_0199,4159,,,,,,,,,,DEPTH_UNMEASURED_TOKENIZER_NOT_USED
unidoc_legal_0200,3268,,,,,,,,,,DEPTH_UNMEASURED_TOKENIZER_NOT_USED
