query_id,cohort,population,E3_correct,E3_correctness_score,E3_judge_reason,E3_status,E6_correct,E6_correctness_score,E6_judge_reason,E6_status,E9_correct,E9_correctness_score,E9_judge_reason,E9_status
unidoc_commerce_manufacturing_0003,MISS_AT_3_HIT_AT_6,PRIMARY_224,False,0,"The candidate answer does not provide the correct information and instead claims it is unsupported, which is incorrect given the reference answer.",OK,False,0,"The candidate answer does not provide the requested information and incorrectly states it is unsupported, while the reference clearly provides the area.",OK,False,0,The candidate answer fails to provide the correct information and does not attempt to answer the question.,OK
unidoc_commerce_manufacturing_0010,MISS_AT_3_HIT_AT_6,PRIMARY_224,False,0,"The candidate answer is incorrect and fails to provide the correct firmware versions. It incorrectly claims the information is not provided, while the reference clearly states the versions.",OK,False,0,The candidate answer is incorrect and fails to provide the correct firmware versions. It also does not align with the reference answer and does not fulfill the task of answering the question.,OK,False,0,"The candidate answer is incorrect and fails to provide the correct firmware versions. It also does not align with the reference answer, which provides specific firmware versions.",OK
unidoc_commerce_manufacturing_0011,MISS_AT_3_HIT_AT_6,PRIMARY_224,False,0,"The candidate answer fails to provide the correct compartment sizes and instead claims the information is not available, which contradicts the reference answer that clearly states the sizes.",OK,True,4,"The candidate answer is fully correct, covers all essential points, is consistent with the reference, and directly answers the question.",OK,True,4,"The candidate answer is fully correct, covers all essential points, is consistent with the reference, and directly answers the question.",OK
unidoc_commerce_manufacturing_0022,MISS_AT_3_HIT_AT_6,PRIMARY_224,False,1,"The candidate answer correctly states that the document does not provide specific fee comparisons, which is consistent with the reference. However, it fails to answer the question by not acknowledging the reference answer's content, which does provide the requested fee comparisons. It is mostly incorrect in task satisfaction and lacks completeness.",OK,False,1,"The candidate answer correctly notes that the document does not provide specific fee comparisons, but it fails to answer the question by not acknowledging the reference answer's information. It is grounded in the reference but does not fulfill the task.",OK,False,1,"The candidate answer is mostly incorrect and fails to answer the question. It claims the information is not provided, but the reference answer clearly states the relative fees. The candidate answer contradicts the reference and does not provide the requested comparison.",OK
unidoc_commerce_manufacturing_0032,MISS_AT_3_HIT_AT_6,PRIMARY_224,False,0,"The candidate answer is completely incorrect and does not align with the reference answer. It provides a value of 485 units, whereas the correct expected weekly production volume is 32 units. The answer also includes an unsupported assumption about the meaning of 'MALS A/Cs.'",OK,True,4,"The candidate answer is fully correct, complete, grounded in the reference, and directly satisfies the task.",OK,True,4,"The candidate answer is fully correct, complete, grounded in the reference, and directly satisfies the task.",OK
unidoc_commerce_manufacturing_0034,MISS_AT_9,PRIMARY_224,False,0,"The candidate answer does not provide the correct ISSN number and instead claims the information is unsupported, which is incorrect based on the reference answer.",OK,False,0,"The candidate answer does not provide the correct ISSN number and instead states that the information is not supported, which is incorrect given the reference answer.",OK,False,0,"The candidate answer does not provide the correct ISSN number and instead states that the information is not supported, which is incorrect given the reference answer.",OK
unidoc_commerce_manufacturing_0036,MISS_AT_9,PRIMARY_224,,,,JUDGE_ERROR,,,,JUDGE_ERROR,True,3,"The candidate answer correctly identifies Glencore and Huayou as suppliers implementing Samsung's criteria, but omits Katanga Mining Limited and MUMI, which are in the reference. It also adds the idea of 'Tier 1 suppliers' and 'private codes of conduct,' which are not in the reference, making it slightly less grounded.",OK
unidoc_commerce_manufacturing_0042,MISS_AT_3_HIT_AT_6,PRIMARY_224,False,1,"The candidate answer discusses the general MCVRP-CFCS problem and compartment constraints but does not address the specific question about how product types are distributed across tours and locations. It introduces new information not found in the reference and fails to mention the key associations (e.g., Product Type 1 with Tour 1, Product Type 2 with Tour 2, etc.). The answer is mostly incorrect and does not satisfy the task.",OK,False,0,"The candidate answer does not address the specific distribution of product types across tours and locations as described in the reference. Instead, it provides a general explanation of the MCVRP-CFCS problem and compartment allocation, which is not relevant to the question. It fails to mention the specific associations between product types and tours (e.g., Product Type 1 with Tour 1, etc.) and does not answer the question as posed.",OK,False,0,"The candidate answer does not address the specific question about how product types are distributed across different tours and locations based on compartment sizes. Instead, it provides general background on the MCVRP-CFCS model and genetic algorithm. It does not mention the specific product type-tour associations (e.g., Product Type 1 with Tour 1, etc.) as stated in the reference answer. The answer is off-topic and fails to address the question.",OK
unidoc_commerce_manufacturing_0051,MISS_AT_3_HIT_AT_6,PRIMARY_224,False,1,"The candidate answer correctly states that the PELs for Ethyl Benzene and Xylene are different (125 ppm vs. 100 ppm), but it contradicts the reference answer, which states both are 100 ppm. This makes the grounding score 0. The answer is mostly incorrect in terms of factual accuracy but addresses the main task of comparing the two substances.",OK,True,4,"The candidate answer is fully correct, clearly states the PELs for both substances as 100 ppm, and correctly concludes that they are the same. It is consistent with the reference answer and directly addresses the question.",OK,True,4,"The candidate answer is fully correct, covers all essential points, is consistent with the reference, and directly answers the question by comparing the PELs of Ethyl Benzene and Xylene.",OK
unidoc_commerce_manufacturing_0083,MISS_AT_3_HIT_AT_6,PRIMARY_224,False,0,"The candidate answer incorrectly claims that the information is not provided, while the reference answer clearly states the estimated annual sales range as $100-150 million. The candidate answer is incorrect and fails to address the question.",OK,False,1,"The candidate answer correctly identifies the store type and states that sales are over $150 million, which contradicts the reference answer of $100-150 million. This is a significant factual error, reducing correctness. It fails to match the reference and misses the correct sales range, affecting grounding and completeness. It attempts to answer the question, so task satisfaction is partial.",OK,False,1,"The candidate answer correctly identifies the store type (Walmart Super Centers) and attempts to answer the question, but it states 'over $150 million,' which contradicts the reference answer of '$100-150 million.' This is a factual inaccuracy, reducing correctness and grounding.",OK
unidoc_commerce_manufacturing_0099,MISS_AT_6_HIT_AT_9,PRIMARY_224,False,1,"The candidate answer fails to address the question directly. It claims the information is not provided, which is incorrect as the reference answer clearly states that energy flows from manufacturing to the delivery of goods to local distribution centers. The candidate answer is unsupported and contradicts the reference, leading to low scores across all categories except a minimal correctness score for acknowledging a lack of information where there is actually information.",OK,False,2,"The candidate answer partially addresses the question by describing how energy is managed through transportation between manufacturing and distribution. It provides specific details about transportation modes and carbon footprint calculations, which are not in the reference answer. However, it introduces unsupported details (e.g., specific countries, transportation modes, and standards) and does not fully align with the reference answer's more general statement. It covers the main idea but misses the reference's focus on the flow of energy in the supply chain rather than the logistics and environmental aspects.",OK,True,3,"The candidate answer correctly identifies that energy flow is managed through transportation of goods from manufacturing to distribution centers and provides specific details about transportation modes and carbon footprint calculations. However, it includes some specific details (e.g., Turkey, Asia, HVLV goods, EPA/DEFRA standards) not present in the reference, which are minor unsupported claims. It covers the main idea but misses the more general and concise framing of the reference answer.",OK
unidoc_commerce_manufacturing_0108,MISS_AT_3_HIT_AT_6,PRIMARY_224,True,3,"The candidate answer is mostly correct and aligns with the reference, which states that developing high-end equipment manufacturing is aimed at improving the employment rate. The answer provides additional context about the US government's strategy, such as re-industrialization and specific policies, which are not in the reference but are consistent with the main idea. It is complete in covering the essential connection and is grounded in the reference. It directly answers the question.",OK,False,1,"The candidate answer is mostly incorrect and not grounded in the reference. The reference states that the connection is to 'get rid of the financial crisis and improve the employment rate.' The candidate answer introduces unsupported claims such as 'weakening of the real economy' and 're-industrialization' as a U.S. government priority, which are not mentioned in the reference. It also fails to directly and accurately reflect the reference's concise point, making it incomplete and ungrounded.",OK,False,2,"The candidate answer correctly identifies the general connection between high-end equipment manufacturing and improving employment, and it provides relevant context about U.S. strategic plans like re-industrialization. However, it includes specific data (e.g., unemployment rate from 9.275% to 8.2%) and claims about the document that are not supported by the reference answer. The reference answer does not mention these details, leading to a grounding score of 0. The answer is partially correct and incomplete compared to the reference, which only states the goal of improving employment and getting rid of the financial crisis.",OK
unidoc_commerce_manufacturing_0120,MISS_AT_3_HIT_AT_6,PRIMARY_224,False,0,"The candidate answer fails to answer the question and incorrectly claims the information is not supported, when the reference answer clearly states Germany as the correct country.",OK,True,4,"The candidate answer correctly identifies Germany as the country with the highest automotive trade value with the UK in 2017, and it is fully supported by the reference. The answer is complete, grounded, and directly satisfies the task.",OK,True,4,The candidate answer correctly identifies Germany as the country with the highest automotive trade value with the UK in 2017. It is fully consistent with the reference answer and directly addresses the question. The additional context about the auto ABS market and trade value is not contradictory and supports the conclusion.,OK
unidoc_commerce_manufacturing_0138,MISS_AT_3_HIT_AT_6,PRIMARY_224,False,2,"The candidate answer includes many relevant safety items, but it adds several items (e.g., hearing protection, gloves, face mask, leg guards, hair and clothing restrictions) that are not mentioned in the reference answer. This makes the answer partially correct but not grounded in the reference. It fails to match the reference's essential points (eye protection, pants, shoes), and thus lacks completeness and grounding.",OK,False,2,"The candidate answer includes many relevant safety items, but it adds several that are not mentioned in the reference answer (e.g., hearing protection, gloves, face mask, leg guards, hair and clothing restrictions). It also omits the reference's key items: eye protection, pants, and shoes. This results in partial correctness and a lack of grounding in the reference. The answer attempts to address the question, but it does not align with the reference and misses major parts.",OK,False,2,"The candidate answer includes many relevant safety items, but it adds several items (e.g., hearing protection, gloves, face mask, leg guards, hair and clothing restrictions) not mentioned in the reference answer. This makes the answer partially correct but not grounded in the reference. It fails to match the reference's essential points (eye protection, pants, shoes) and includes unsupported claims.",OK
unidoc_commerce_manufacturing_0143,MISS_AT_3_HIT_AT_6,PRIMARY_224,False,1,"The candidate answer provides extensive information about the C5535 eZdsp board and its setup, but it does not directly address the specific components and indicators involved in the system readiness setup as asked. The reference answer lists the SW2 button, DS2 LED, and microphone jack, which are not mentioned in the candidate answer. The candidate answer includes many unrelated or overly detailed components and software requirements that are not relevant to the question. It fails to satisfy the task and is not grounded in the reference.",OK,True,3,"The candidate answer includes the correct components (SW2, DS2, microphone) and adds an OLED display, which is not in the reference. The OLED display is a minor unsupported addition. The answer is mostly correct and addresses the main idea but includes an extra component not mentioned in the reference.",OK,True,4,"The candidate answer is fully correct, covers all essential points, is consistent with the reference, and directly answers the question.",OK
unidoc_commerce_manufacturing_0148,MISS_AT_3_HIT_AT_6,PRIMARY_224,False,0,"The candidate answer incorrectly claims that the document does not specify the sequence, when the reference answer clearly provides the sequence. The candidate answer fails to address the question and contradicts the reference.",OK,True,3,"The candidate answer is mostly correct and covers all essential processing steps (A and B to C in RX, then to D and E in DC1 and DC2). It includes additional details like time points and batch sizes, which are not in the reference but do not contradict it. The only minor issue is the inclusion of specific numerical data (e.g., 60 units of A, 40 units of B) that are not part of the reference answer and are not necessary for answering the question about the sequence of processing steps.",OK,True,3,"The candidate answer is mostly correct and covers all essential points from the reference. It accurately describes the transformation of A and B into C in the reactor, followed by separation in DC1 and DC2 to produce D and E. However, it includes additional details (e.g., time points, shipment quantities, RTN representation) not present in the reference, which are not factually incorrect but are not required by the question. These are minor imprecisions, hence a correctness score of 3.",OK
unidoc_commerce_manufacturing_0158,MISS_AT_3_HIT_AT_6,PRIMARY_224,False,2,"The candidate answer correctly explains how lifetime planning windows affect availability in the supply chain, including growth times and implications for planning. However, it introduces unsupported details (e.g., 40 days for chickens, 24 months for beef, 14-day shelf life) not present in the reference. It also adds strategic planning concepts (make-to-order vs. make-to-stock) not mentioned in the reference. While the main idea is addressed, the answer includes minor unsupported claims and goes beyond the reference.",OK,True,3,"The candidate answer is mostly correct and aligns with the reference. It accurately describes the impact of lifetime planning windows on availability for chickens, pork, beef, and fish. It includes specific timeframes and explains how these affect supply chain planning. The only minor issue is that it adds some specific details (e.g., 40 days for chickens, 5-6 months for pork) that are not in the reference, but these are reasonable elaborations and do not contradict the reference. It covers all essential points and directly answers the question.",OK,True,3,"The candidate answer is mostly correct and aligns with the reference in terms of the general idea that lifetime planning windows affect availability. It correctly identifies chickens and pork as having shorter time windows and beef as having more flexibility. However, it introduces specific details (e.g., 40 days for chickens, 24 months for beef, 5-6 months for pork) that are not present in the reference, which are minor unsupported claims. The answer also includes additional examples and explanations not in the reference, which slightly reduce grounding. It covers the main idea but misses the specific emphasis on the visual representation of the timelines and the 'bigger the better' principle for fish as stated in the reference.",OK
unidoc_commerce_manufacturing_0195,MISS_AT_3_HIT_AT_6,PRIMARY_224,True,4,"The candidate answer is fully correct, matches the reference answer exactly, and directly addresses the question without any errors or omissions.",OK,True,4,"The candidate answer is fully correct, matches the reference answer in both amount and time frame, and directly addresses the question without any unsupported claims or omissions.",OK,True,4,"The candidate answer is fully correct in terms of the amount and time frame. The only difference is the currency symbol (HK$ instead of $), which is semantically correct and does not constitute a factual error. It directly answers the question and is consistent with the reference.",OK
unidoc_construction_0001,MISS_AT_3_HIT_AT_6,PRIMARY_224,False,1,"The candidate answer correctly states that the specific features of the Hasselblad camera are not mentioned in the retrieved text, which is consistent with the reference. However, it fails to answer the question by not providing the features when they were available in the reference. It is mostly incorrect in terms of task satisfaction and lacks completeness.",OK,True,4,"The candidate answer is fully correct, covers all essential points, is consistent with the reference, and directly answers the question.",OK,True,4,"The candidate answer is fully correct, covers all essential points from the reference, is consistent with the reference, and directly answers the question.",OK
unidoc_construction_0015,MISS_AT_3_HIT_AT_6,PRIMARY_224,False,2,"The candidate answer partially aligns with the reference answer but omits key findings such as promoting efficient urban services, neighborhood reinvestment, environmental protection, and the specific special districts like Park2Park Cultural Corridor and the K-15 Area Plan. It introduces some ideas not in the reference (e.g., public safety, physical and mental health) and is somewhat indirect in addressing the question. The answer is grounded but incomplete.",OK,True,3,"The candidate answer correctly identifies the Vision Derby 2040 planning session and mentions key themes such as mobility, housing, and community amenities. However, it omits specific findings like environmental protection, neighborhood reinvestment, and special districts like Park2Park Cultural Corridor mentioned in the reference. It also includes a minor unsupported claim by referring to it as the 'Vision 2040 Design Studio.' The answer is task-satisfying as it addresses the question directly but is incomplete and slightly imprecise.",OK,False,2,"The candidate answer correctly identifies the Vision Derby 2040 planning session and mentions key themes like mixed-use development and active transportation, which are consistent with the reference. However, it omits several specific findings from the reference, such as promoting efficient urban services, diverse housing, neighborhood reinvestment, and special districts like Park2Park. It also introduces the idea of specific chapters (3, 4, and 6) not mentioned in the reference, which is a minor unsupported claim.",OK
unidoc_construction_0017,MISS_AT_3_HIT_AT_6,PRIMARY_224,,,,JUDGE_ERROR,False,2,"The candidate answer correctly identifies the components 'BlindAct' and 'TempSens' and their associated tasks (T3, T6, T9), and explains their roles in the system. However, it does not mention the specific connection through 'Tc' or the implicit physical link in the environment, which is a key part of the reference answer. The answer is partially correct and covers the main idea but misses an important detail. It is grounded in the reference to some extent but includes a minor unsupported claim about interdependence without referencing the diagram's specific structure.",OK,False,1,"The candidate answer is mostly incorrect as it introduces tasks (T3, T6, T9) and control object types ('GlareCtrl', 'TempCtrl') not mentioned in the reference. It fails to mention the key elements from the reference: 'Ta', 'Tb', 'Tc', and the implicit physical link through environmental interaction. The answer does not align with the reference and misses the main point of the question.",OK
unidoc_construction_0038,MISS_AT_3_HIT_AT_6,PRIMARY_224,True,3,"The candidate answer is mostly correct and aligns with the reference, as it mentions improved engine performance. However, it is less complete than the reference, which also mentions the air-fuel mixture and the long-term benefits for engine longevity and reliability.",OK,True,3,"The candidate answer is mostly correct and semantically aligned with the reference, as it mentions improved engine performance. However, it omits the part about ensuring the proper air-fuel mixture and the long-term benefit of extending engine life, which are present in the reference. The answer is grounded in the reference but is incomplete.",OK,True,3,"The candidate answer is mostly correct and grounded in the reference, as it mentions the spark plug change helping the engine run better. However, it misses the part about ensuring the proper air-fuel mixture and the long-term benefit of extending engine life, which are present in the reference answer.",OK
unidoc_construction_0045,MISS_AT_9,PRIMARY_224,False,0,"The candidate answer is incorrect and fails to answer the question. The reference clearly states the scale, but the candidate claims the information is not specified.",OK,False,0,"The candidate answer is incorrect and fails to answer the question. The reference answer clearly states the scale as '1 inch = 200 feet', but the candidate claims the information is not provided.",OK,False,0,"The candidate answer is incorrect and fails to answer the question. The reference answer explicitly states the scale as '1 inch = 200 feet', but the candidate claims the information is not provided.",OK
unidoc_construction_0047,MISS_AT_3_HIT_AT_6,PRIMARY_224,False,2,"The candidate answer correctly describes the iterative adjustment of cable lengths to minimize potential energy and preserve total cable length. It mentions convergence and the role of initial configuration, which are relevant. However, it misses the key point that the change in cable lengths decreases exponentially and does not mention the specific convergence behavior or the reduction in degrees of freedom as in the reference. It also includes some general statements not directly supported by the reference.",OK,False,2,"The candidate answer correctly describes the iterative adjustment of cable lengths and the decrease in variation over iterations, which aligns with the reference. However, it does not mention the exponential decrease or the specific convergence behavior of Example 1. It also introduces the concept of a maximum step size (DLc max), which is not present in the reference, making it a minor unsupported claim.",OK,False,2,"The candidate answer correctly describes the general behavior of cable length variation in iterative analysis, including the idea of decreasing changes and convergence. However, it does not mention the exponential decrease or the specific convergence speed of Example 1 as in the reference. It also lacks the mathematical description of the reduction in degrees of freedom. The answer is grounded in the general concept but includes some unsupported details (e.g., maximum step size DLc max). It addresses the task but is incomplete.",OK
unidoc_construction_0052,MISS_AT_3_HIT_AT_6,PRIMARY_224,False,0,"The candidate answer fails to address the question and instead claims the information is not supported, despite the reference answer providing clear details about community engagement during the event.",OK,False,0,"The candidate answer incorrectly claims that the text does not mention community engagement, when the reference answer clearly states how they engaged. The candidate answer fails to address the question and contradicts the reference.",OK,False,0,"The candidate answer fails to address the question by stating there is no information, when the reference clearly provides details about community engagement.",OK
unidoc_construction_0058,MISS_AT_3_HIT_AT_6,PRIMARY_224,True,3,"The candidate answer correctly describes the use of the Optical Backscatter Reflectometer (Rayleigh technique) and the general method of embedding a fiber optic cable to monitor strain profiles during crack development. It accurately reports the observation of strain changes as cracks formed and propagated. However, it omits key details from the reference, such as the specific placement of the optical cable (2mm diameter, along the wheel path axis), the use of steel bars to accelerate damage, the testing setup (pavement fatigue carrousel, load levels, number of load cycles), and the 8-meter zone. The mention of a second post-treatment method is not in the reference, making it an unsupported addition.",OK,True,3,"The candidate answer is mostly correct and aligns with the reference in key aspects such as the use of an Optical Backscatter Reflectometer (Luna's OBR), embedding a fiber optic cable in the asphalt, using Rayleigh sensing, and linking strain profile changes to crack development. However, it omits specific details from the reference, such as the 8-meter zone, the placement of the fiber along the wheel path axis, the use of steel bars in different shapes to accelerate damage, and the specific load cycle phases. These omissions affect completeness but not correctness. The answer is grounded in the reference and directly addresses the task.",OK,True,3,"The candidate answer is mostly correct and aligns with the reference in terms of the use of the Optical Backscatter Reflectometer (OBR), embedding the fiber optic cable, and using Rayleigh signal for strain measurements. It also correctly describes the load application and the analysis of strain profiles to detect cracks. However, it omits key details from the reference, such as the specific shapes of the steel bars (triangle, T-shaped, and flat), the 8-meter zone, and the exact number of load cycles (728,000). The candidate answer is grounded in the reference and directly addresses the question, but it misses some essential information.",OK
unidoc_construction_0065,MISS_AT_3_HIT_AT_6,PRIMARY_224,True,3,"The candidate answer correctly identifies 'contractor qualification' and 'contract terms' as top priorities, aligning with the reference. It adds some elaboration (e.g., comprehensiveness of terms, integration with documentation), which is semantically valid but not in the reference. No major factual errors, but the added details are not in the reference, slightly reducing correctness.",OK,False,2,The candidate answer partially matches the reference by identifying contract terms as a top priority but introduces 'reliable and controllable schedule' which is not mentioned in the reference. It misses the key point that 'contractor selection' is also a top priority. The answer is grounded but includes an unsupported claim about schedule.,OK,False,2,The candidate answer partially matches the reference by identifying contract terms as a top priority but introduces 'reliable and controllable schedule' which is not mentioned in the reference. It misses the key point of 'contractor selection' and includes an unsupported claim about interdependency weights.,OK
unidoc_construction_0067,MISS_AT_3_HIT_AT_6,PRIMARY_224,False,1,"The candidate answer correctly identifies factors influencing the lifespan of homes but cites page 19 instead of page 14 as in the reference. It is unsupported and contradicts the reference in terms of page location, which is a key detail.",OK,True,4,"The candidate answer is fully correct, accurately identifying the page and figure as in the reference. It also provides the section title, which is semantically consistent and adds clarity without contradicting the reference. It directly answers the question with all essential information.",OK,True,4,"The candidate answer is fully correct, accurately identifying the page and figure as in the reference. It also provides the section title, which is semantically correct and adds clarity without contradicting the reference. It directly answers the question with all essential information.",OK
unidoc_construction_0070,MISS_AT_3_HIT_AT_6,PRIMARY_224,False,1,"The candidate answer is mostly incorrect as it claims the number is unspecified, while the reference answer clearly states it is 1. The candidate fails to provide the correct number and does not satisfy the task.",OK,True,4,"The candidate answer is fully correct, covers all essential points, is consistent with the reference, and directly answers the question.",OK,True,4,"The candidate answer is fully correct, covers all essential points, is consistent with the reference, and directly answers the question.",OK
unidoc_construction_0073,MISS_AT_3_HIT_AT_6,PRIMARY_224,False,0,"The candidate answer does not address the question about the size relationship (scale) of the 1/4 Section 2530 map. Instead, it discusses land parceling and zoning, which are unrelated to the map's scale. The reference answer correctly states '1 inch = 200 feet,' but the candidate answer provides no relevant information.",OK,False,0,"The candidate answer does not address the size relationship (scale) of the 1/4 Section 2530 map. Instead, it discusses land parceling and zoning, which are unrelated to the question. It is incorrect, incomplete, and not grounded in the reference answer.",OK,False,0,"The candidate answer does not address the question about the size relationship (scale) of the 1/4 Section 2530 map. Instead, it discusses land parceling and density regulations, which are unrelated to the map's scale. The reference answer clearly states '1 inch = 200 feet,' which is the correct and relevant information.",OK
unidoc_construction_0075,MISS_AT_3_HIT_AT_6,PRIMARY_224,False,1,"The candidate answer includes some correct elements (e.g., local materials accessibility and population density), but it is incomplete and omits many key factors from the reference answer such as gravel, cement, concrete, rail, flood risk, brick, steel, lumber, terminal port, airport, and ground road accessibility factors. It also generalizes rather than specifying the exact elements mentioned in the reference.",OK,False,1,"The candidate answer includes a small correct element (population densities) but omits most of the key elements from the reference answer and introduces unsupported claims (local materials accessibility, quality and quantity, local transportation infrastructure). It fails to fully address the question and is not grounded in the reference.",OK,False,1,"The candidate answer includes some correct elements (e.g., local materials accessibility, transportation infrastructure, and population density), but it is incomplete and omits many key factors from the reference answer such as gravel, cement, concrete, rail road, flood risk, brick, steel, lumber, terminal port, airport proximity, and ground road accessibility factors. It also generalizes rather than specifying the exact elements mentioned in the reference. The answer is grounded in part but lacks sufficient detail to be fully consistent with the reference.",OK
unidoc_construction_0078,MISS_AT_3_HIT_AT_6,PRIMARY_224,False,2,"The candidate answer partially addresses the configuration of panels in a machine-made gabion by mentioning the front and back panels and a stiffener, but it omits the essential components listed in the reference answer (back and lid, end panels, diaphragm, and front). It also includes additional, unsupported details about the wire mesh and construction at the project site, which are not relevant to the specific question about panel configuration.",OK,False,1,"The candidate answer provides detailed information about the construction and materials of machine-made gabions, but it does not directly address the specific question about how the panels are configured. The reference answer lists the specific panel components (back, lid, end panels, diaphragm, and front), which are not mentioned in the candidate answer. The candidate answer discusses wire types, fasteners, and assembly methods, but these are not relevant to the panel configuration as asked. The answer is mostly incorrect for the task and lacks grounding in the reference.",OK,False,1,"The candidate answer does not directly address the specific configuration of the panels as required by the question. It discusses manufacturing, shipping, testing, and filling processes, but omits the essential components (back, lid, end panels, diaphragm, and front) mentioned in the reference. The answer is mostly incorrect for the task and lacks grounding in the reference.",OK
unidoc_construction_0093,MISS_AT_9,PRIMARY_224,True,3,"The candidate answer correctly explains how the pulley configuration affects safety protocols by determining the Safe Working Load (SWL) and triggering warnings and safety actions. It is mostly correct and task-satisfying. However, it introduces specific technical details (e.g., PLC, 90%/100%/103% thresholds) not present in the reference answer, which are minor unsupported claims. It misses the reference's emphasis on weight distribution and mechanical efficiency, reducing completeness.",OK,False,2,"The candidate answer is partially correct, as it explains how the pulley configuration affects safety through SWL indicators and automated actions. However, it misses the reference's key point about weight distribution and mechanical efficiency. It includes some specific details not in the reference (e.g., PLC, warning lamps), which are minor unsupported claims. It addresses the task but is incomplete.",OK,True,3,"The candidate answer is mostly correct in describing how the pulley configuration affects safety protocols by determining the SWL and triggering warnings and safety stops. However, it introduces specific technical details (e.g., PLC, 90%/100%/103% thresholds) not present in the reference answer, which may be minor unsupported claims. It covers the main idea but misses the reference's emphasis on weight distribution, balance, and pulley system efficiency. It directly answers the task but is not fully aligned with the reference's content.",OK
unidoc_construction_0101,MISS_AT_3_HIT_AT_6,PRIMARY_224,False,0,"The candidate answer fails to provide the correct symbol and instead states the information is unsupported, which is incorrect based on the reference.",OK,False,0,"The candidate answer fails to provide the correct symbol and instead states the information is unsupported, which contradicts the reference answer.",OK,False,0,"The candidate answer fails to provide the correct symbol and instead states the information is unsupported, which is incorrect based on the reference.",OK
unidoc_construction_0102,MISS_AT_3_HIT_AT_6,PRIMARY_224,False,0,"The candidate answer fails to address the question and incorrectly claims there is no information about the Hasselblad drone camera or its shutter speed, when the question explicitly provides that context. It does not attempt to answer the question and contradicts the premise.",OK,True,4,"The candidate answer correctly states that the document does not mention a 1/8000s shutter speed for the Hasselblad drone camera and instead refers to a 1/640th second shutter speed. It accurately notes that there is no information provided about how a 1/8000s shutter speed would enhance archaeological detection, which is consistent with the reference. The answer is fully correct, complete, grounded, and satisfies the task.",OK,True,4,"The candidate answer is fully correct, covering the key point that the fast shutter speed reduces motion blur, which supports clearer image capture. It also expands appropriately on the benefits for photogrammetry and subtle feature detection, which aligns with the reference. All essential points are covered, and the answer is directly relevant to the question.",OK
unidoc_construction_0112,MISS_AT_3_HIT_AT_6,PRIMARY_224,False,2,"The candidate answer partially correctly identifies the location of the replacement habitat in relation to the Krka River and a highway embankment, but it introduces unsupported details (e.g., the function as a levee, the Sava River's right floodplain, and the construction phase of HPP Brežice). It misses the key reference point of the flood protection levees for populated areas and the NPP Krško levee. The answer is somewhat relevant but lacks essential information and includes minor unsupported claims.",OK,,,,JUDGE_ERROR,False,1,"The candidate answer provides a specific location (left bank of the Krka River, between the river and highway embankment), but this is not mentioned in the reference answer. The reference answer mentions the gravel pit being near flood protection levees for populated areas and the NPP Krško levee, which is not reflected in the candidate answer. Therefore, the answer is mostly incorrect and lacks grounding in the reference.",OK
unidoc_construction_0114,MISS_AT_3_HIT_AT_6,PRIMARY_224,False,0,"The candidate answer does not mention the five functional layers (IoT, Big Data, Machine Learning, Insights, and Progress) that Patrick Stewart-Blacker categorizes. Instead, it discusses a different conceptual approach and does not align with the reference answer.",OK,True,4,"The candidate answer correctly lists all five layers (IoT, Big Data, Machine Learning, Insights, and Progress) in the reverse order of the reference. It also includes brief, accurate descriptions of each layer. The reversal of order is a minor issue but does not affect correctness or grounding. The answer is fully consistent with the reference and directly addresses the question.",OK,True,4,"The candidate answer is fully correct, covering all five layers as described in the reference answer. It provides additional detail on each layer without introducing factual errors. The explanation is consistent with the reference and directly answers the question.",OK
unidoc_construction_0125,MISS_AT_3_HIT_AT_6,PRIMARY_224,True,3,"The candidate answer correctly identifies that proximity of cutoff walls reduces upward movement and explains the mechanism (restraining liquefied soils and reducing squeezing), which is consistent with the reference. However, it does not mention the specific quantitative relationship (uplift increases as distance increases, up to 20 cm at 2 meters) or the recommendation to install walls as close as possible, which are key points in the reference. The additional information about not preventing liquefaction is accurate but not central to the question.",OK,True,4,"The candidate answer is fully correct, accurately describing the relationship between cutoff wall proximity and uplift. It includes the main idea from the reference and adds relevant context about the mechanism (squeezing of liquefied soils), which is semantically valid and consistent with the reference. It is grounded in the reference and directly answers the question.",OK,True,3,"The candidate answer correctly identifies that proximity of cutoff walls reduces uplift and explains the mechanism (restraining liquefied soils). It is grounded in the reference. However, it does not mention the specific quantitative finding (20 cm at 2 meters) from the reference, which is a minor omission. The additional details about stiffness and thickness are not contradicted but are not part of the reference either, making the answer slightly less complete.",OK
unidoc_construction_0126,MISS_AT_3_HIT_AT_6,PRIMARY_224,False,0,"The candidate answer incorrectly claims that the information is not provided, when the reference answer clearly specifies the components and amounts, including TYTRO® RC 430. The answer fails to address the question and contradicts the reference.",OK,True,4,"The candidate answer is fully correct, includes all essential points from the reference, is consistent with the reference, and directly answers the question as requested.",OK,True,4,"The candidate answer is fully correct, includes all essential points from the reference, is consistent with the reference, and directly answers the question as requested.",OK
unidoc_construction_0147,MISS_AT_6_HIT_AT_9,PRIMARY_224,False,1,"The candidate answer includes some relevant points (e.g., ITP review, methodology for stack demolition), but most of the content is not supported by the reference answer and introduces unsupported claims (e.g., risk assessment planning, stakeholder notification, site security). It fails to cover the essential points from the reference such as location, description of work, inspection and test items, acceptance criteria, and pre-blast tasks. It only partially satisfies the task by addressing the checklist but with minimal grounding.",OK,False,2,"The candidate answer provides some relevant details about the dismantling operations but does not align with the reference answer. It introduces new concepts like risk assessment, stakeholder notification, and JHA/SWMS, which are not mentioned in the reference. It misses the key elements outlined in the reference, such as the inspection and test items, acceptance criteria, pre-blast tasks, and progressive sign-off. While it attempts to answer the question, it is not grounded in the reference and omits essential points.",OK,False,1,"The candidate answer introduces several planning and procedural elements related to the demolition, but it does not address the specific primary criteria or details outlined in the test checklist as described in the reference answer. It lacks mention of the inspection and test items, acceptance criteria, item verification actions, and pre-blast tasks such as photographic evidence and signage. The content is largely unsupported by the reference and does not directly answer the question.",OK
unidoc_construction_0150,MISS_AT_3_HIT_AT_6,PRIMARY_224,True,4,"The candidate answer is fully correct, covers the main point, is consistent with the reference, and directly answers the question.",OK,False,1,"The candidate answer is mostly incorrect as it incorrectly states that LVL is preferred for its distinctive grain, when the reference clearly indicates that PSL is preferred for this reason. It fails to cover the correct information and contradicts the reference.",OK,False,1,"The candidate answer is mostly incorrect as it incorrectly states that LVL is preferred for its distinctive grain, when the reference clearly indicates PSL is preferred for this reason. The answer fails to align with the reference and does not satisfy the task.",OK
unidoc_construction_0151,MISS_AT_6_HIT_AT_9,PRIMARY_224,False,0,"The candidate answer incorrectly claims there is no information about the time history curves for nodal coordinates, when the reference answer clearly provides such information. The candidate answer fails to address the question and contradicts the reference.",OK,False,0,The candidate answer fails to address the question and does not provide any relevant information about the differences in time history curves between dynamic and static conditions.,OK,False,0,"The candidate answer fails to address the question and does not provide any relevant information about the time history curves for nodal coordinates. It incorrectly claims the text does not address the topic, which is not the case.",OK
unidoc_construction_0153,MISS_AT_3_HIT_AT_6,PRIMARY_224,False,0,"The candidate answer incorrectly claims that the information is not supported, when the reference answer clearly provides evidence of how attendees engage with the materials. The candidate answer fails to address the question and contradicts the reference.",OK,False,0,"The candidate answer incorrectly claims that the information is not supported, when the reference answer clearly provides evidence of how attendees engage with the materials. The candidate answer fails to address the question and contradicts the reference.",OK,False,0,"The candidate answer incorrectly claims that the information is not supported, when the reference answer clearly provides evidence of how attendees engage with the materials. The candidate answer fails to address the question and contradicts the reference.",OK
unidoc_construction_0165,MISS_AT_6_HIT_AT_9,PRIMARY_224,False,0,"The candidate answer does not provide a reason for the scale choice and instead states that the information is not supported, which is incorrect as the reference answer provides a clear reason. The answer fails to address the question and contradicts the reference.",OK,False,0,"The candidate answer does not provide a correct or supported reason for the scale choice and instead states that the information is not supported, which is incorrect based on the reference answer.",OK,False,0,"The candidate answer does not provide a correct or supported reason for the scale choice and instead claims the information is unsupported, which contradicts the reference answer that clearly states the reason is found in Exhibit B of the project.",OK
unidoc_construction_0174,MISS_AT_3_HIT_AT_6,PRIMARY_224,False,1,"The candidate answer provides specific percentage changes for a different time period (March 2020 to March 2021) instead of the requested period (early 2006 to March 2021). It also uses different numbers (12.4% vs 1.7%) that are not consistent with the reference answer. The reference answer states a maximum difference of 12%, but the candidate answer fails to address the full time range and provides unsupported data.",OK,False,1,"The candidate answer provides specific percentage changes (12.4% and 1.7%) and a difference of 10.7 percentage points, but the reference answer states a maximum difference of 12% over the full period from early 2006 to March 2021. The candidate answer focuses only on March 2020 to March 2021, which is not what was asked. It is partially correct in calculating a difference but fails to address the full time range and does not match the reference data.",OK,False,1,"The candidate answer correctly notes that the data does not include early 2006, but it fails to address the overall question about the difference in percentage changes between early 2006 and March 2021. It also introduces data for March 2020–2021 (12.4% and 1.7%) that is not in the reference answer and is not relevant to the time frame asked. This makes the answer unsupported and incomplete.",OK
unidoc_construction_0175,MISS_AT_3_HIT_AT_6,PRIMARY_224,False,0,"The candidate answer fails to provide the correct entity and instead claims the information is unsupported, which contradicts the reference answer.",OK,True,4,"The candidate answer is fully correct, covers all essential points, is consistent with the reference, and directly answers the question.",OK,True,4,"The candidate answer is fully correct, covers all essential points, is consistent with the reference, and directly answers the question.",OK
unidoc_construction_0187,MISS_AT_9,PRIMARY_224,False,0,"The candidate answer is incorrect and contradicts the reference answer, which clearly states the beam spread degrees. The candidate answer fails to provide the correct information and does not address the question properly.",OK,False,0,"The candidate answer is incorrect and contradicts the reference, which clearly states the beam spread degrees. The answer fails to provide the correct information and does not address the question properly.",OK,False,0,"The candidate answer is incorrect and fails to provide the correct beam spread degrees (12°, 21°, and 41°) as stated in the reference answer. It incorrectly claims the information is not provided.",OK
unidoc_construction_0190,MISS_AT_6_HIT_AT_9,PRIMARY_224,False,0,"The candidate answer incorrectly claims there is no information about protective elements, while the reference answer clearly lists them. The answer is factually incorrect, incomplete, and fails to address the task.",OK,False,0,"The candidate answer is incorrect and contradicts the reference answer, which lists specific protective elements. The candidate claims no elements are mentioned, which is false given the reference.",OK,False,0,"The candidate answer is incorrect and contradicts the reference answer, which lists specific protective elements. The candidate claims no elements are mentioned, which is false.",OK
unidoc_construction_0197,MISS_AT_3_HIT_AT_6,PRIMARY_224,True,3,"The candidate answer is mostly correct and semantically aligned with the reference, covering several key topics such as transportation, housing, parks, and environmental protection. However, it omits some specific points from the reference, such as 'neighborhood reinvestment,' 'community amenities planning,' 'promoting private development through public investments,' and the specific special districts like 'Park2Park Cultural Corridor' and 'K-15 Area Plan.' The answer is well-structured and directly addresses the task, with no substantial contradictions to the reference.",OK,True,3,"The candidate answer is mostly correct and covers many of the key topics from the reference, such as transportation, housing, environmental protection, and community amenities. However, it includes some minor unsupported claims (e.g., specific growth rate of 1.85 percent, 128 acres of parkland) and rephrases or adds points not explicitly in the reference. It is semantically correct but not fully aligned with the reference. It directly answers the task but misses some essential points from the reference.",OK,True,3,"The candidate answer is mostly correct and covers all the essential points from the reference answer, such as transportation, housing, urban design, and community collaboration. It also includes additional details not in the reference, but these are semantically consistent and plausible. The only minor issue is that the candidate answer adds some specific areas (e.g., Buckner Business District) not mentioned in the reference, which slightly reduces correctness. However, it is grounded in the reference and directly answers the question.",OK
unidoc_construction_0198,MISS_AT_9,PRIMARY_224,True,3,"The candidate answer correctly identifies the Overload Device as the part responsible for avoiding excessive load, which is semantically consistent with the reference's 'Overload device pulley'. However, it adds details (e.g., PLC, visual warnings, SWL thresholds) not present in the reference, which introduces a minor unsupported claim. It covers the main idea but misses the specific mention of the 'pulley' in the reference.",OK,True,3,"The candidate answer correctly identifies the 'overload device' as the part responsible for avoiding excessive load, which is semantically consistent with the reference's 'Overload device pulley'. However, it adds extra details (e.g., load chart, warning lamps, SWL indicators) that are not in the reference, which slightly reduces correctness and introduces a minor unsupported claim. It covers the main idea but misses the specific mention of the 'pulley' in the reference. It directly answers the question.",OK,True,3,"The candidate correctly identifies the 'overload device' as the part responsible for avoiding excessive load, which is semantically consistent with the reference's 'Overload device pulley'. However, it omits the specific mention of the 'pulley' part, which is in the reference. The additional details about the PLC, SWL, and warning indicators are relevant but not required by the question, and include a minor unsupported claim about the system's behavior at 103% SWL.",OK
unidoc_construction_0199,MISS_AT_3_HIT_AT_6,PRIMARY_224,True,3,"The candidate answer includes most of the key checks from the reference (chain tension, chain brake, chain condition, damaged parts, loose caps, and fasteners), but it adds detailed procedural steps and some checks (e.g., work area, dirt/sand on chain) not in the reference. It is mostly correct but includes minor unsupported details. It covers the main idea but misses some essential points from the reference (e.g., bar lubrication, chain sharpness).",OK,True,3,"The candidate answer is mostly correct and includes all the key checks from the reference answer (chain tension, chain brake, chain sharpness, fuel mixture, lubrication, loose parts, and damaged parts). However, it adds several additional checks (e.g., inertia-activated chain brake test, ON/STOP switch, air filter maintenance, cleaning) that are not in the reference answer. These additions are not incorrect but are not required by the question, which asks only for checks before each operation. The answer is grounded in the reference but includes extra details not specified in the reference.",OK,True,4,"The candidate answer is fully correct and includes all the checks from the reference answer (chain tension, chain brake, loose fasteners/parts, damaged parts, fuel mixture, bar lubrication, chain sharpness, loose caps) and adds additional relevant checks (e.g., inspecting and cleaning components, checking for fuel and oil tank damage, ensuring the ON/STOP switch works). It is grounded in the reference and directly satisfies the task.",OK
unidoc_crm_0001,MISS_AT_9,PRIMARY_224,False,0,"The candidate answer fails to provide any correct or relevant information and incorrectly states that the information is not supported, when it is clearly provided in the reference answer.",OK,False,0,"The candidate answer incorrectly states that the information is not supported, when the reference clearly provides the hours and locations for the collection event. It fails to answer the question and contradicts the reference.",OK,False,0,"The candidate answer is incorrect and fails to answer the question. The reference answer clearly provides the hours and locations for the collection event, but the candidate claims the information is not present.",OK
unidoc_crm_0008,MISS_AT_3_HIT_AT_6,PRIMARY_224,False,1,"The candidate answer is mostly incorrect. It claims that perceived political behavior has no effect on commitment, which contradicts the reference's -0.174 negative influence. It also incorrectly states that impersonal trust does not moderate the influence of politics, which is directly contradicted by the reference. The answer fails to capture the essential findings and misrepresents the study.",OK,False,1,"The candidate answer is mostly incorrect. It claims that perceived political behavior has no effect on commitment, which contradicts the reference's finding of a negative influence (-0.174). It also incorrectly states that impersonal trust does not moderate the influence of politics, whereas the reference clearly states it does. The answer fails to cover the main findings and contradicts the reference.",OK,False,1,"The candidate answer is mostly incorrect. It claims that perceived organizational politics has no effect on commitment, which contradicts the reference answer (-0.174 negative influence). It also incorrectly states that impersonal trust does not moderate the influence of politics on commitment, when the reference clearly states it does. The answer fails to cover the moderation effect and misrepresents the key findings.",OK
unidoc_crm_0012,MISS_AT_6_HIT_AT_9,PRIMARY_224,False,1,"The candidate answer incorrectly states that k-means clustering is used, which is not mentioned in the reference. The reference specifies an LSTM-based model and a context analyzer for clustering. The answer is mostly incorrect and fails to align with the reference.",OK,True,3,"The candidate answer is mostly correct and semantically aligned with the reference. It correctly identifies the use of an LSTM model, context analyzer, and clustering (though it specifies k-means and cosine similarity, which are not in the reference). It covers all essential points and directly answers the question. The only minor issue is the addition of k-means and cosine similarity, which are not in the reference but do not contradict it.",OK,False,2,"The candidate answer correctly identifies the use of an LSTM model and clustering for organizing emojis, but incorrectly states k-means clustering is used, whereas the reference mentions a context analyzer for clustering. It partially captures the process but misses the specific mention of output vectors being processed by a context analyzer and the naming of clusters (C1, C2).",OK
unidoc_crm_0022,MISS_AT_3_HIT_AT_6,PRIMARY_224,False,0,"The candidate answer fails to provide the correct day and instead claims the information is unsupported, which contradicts the reference answer.",OK,False,0,"The candidate answer is incorrect and fails to answer the question. The reference answer clearly states 'Wednesday,' but the candidate claims the information is not present.",OK,False,0,"The candidate answer fails to provide the correct day and instead claims the information is unsupported, which contradicts the reference answer.",OK
unidoc_crm_0031,MISS_AT_9,PRIMARY_224,False,0,"The candidate answer is incorrect and contradicts the reference, which clearly states that 92% of users refused the 'Publish to Stream' option. The candidate answer fails to provide the correct information and does not satisfy the task.",OK,False,0,"The candidate answer is incorrect and fails to answer the question. The reference clearly states the percentage (92%), but the candidate claims the information is not specified.",OK,False,0,"The candidate answer is incorrect and fails to answer the question. The reference answer clearly states the percentage, but the candidate claims the information is not specified in the document.",OK
unidoc_crm_0032,MISS_AT_3_HIT_AT_6,PRIMARY_224,False,2,"The candidate answer partially addresses the question by identifying that the maximum degree of parallelism varies and mentions a range of 3 to 4 in V3. However, it introduces unsupported claims about different versions of the process (V3) not mentioned in the reference. It misses the key point that the maximum concurrency is 4, and it does not mention the full range (1 to 4) as in the reference. This leads to a lack of grounding and incomplete coverage.",OK,False,2,"The candidate answer introduces the idea of different versions of the process and mentions a maximum degree of parallelism of 4, which is correct. However, it adds unsupported claims about versions of the process and specific task optimizations not mentioned in the reference. The reference does not mention versions or the 'ask additional documents' task, so the grounding is weak. The main idea of varying concurrency is captured, but the answer is incomplete and includes unsupported details.",OK,False,1,"The candidate answer introduces unsupported claims about different versions of the process (V4, initial version) and their varying degrees of parallelism, which are not mentioned in the reference. It also fails to directly state the maximum level of concurrency as 4, as stated in the reference. The answer is mostly incorrect and does not align with the reference.",OK
unidoc_crm_0059,MISS_AT_6_HIT_AT_9,PRIMARY_224,False,2,"The candidate answer partially addresses the question by describing how cognitive and machine learning elements influence reporting interfaces, including data flow to a NoSQL database and use by a dashboard. However, it introduces specific components (e.g., recommendation engine, social interactions, referral system) not mentioned in the reference, which reduces correctness and grounding. It captures the main idea but misses the reference's focus on advanced analytics and insights from cognitive/ML components.",OK,True,3,"The candidate answer correctly identifies that cognitive capabilities and machine learning influence reporting interfaces by generating recommendation data and storing it in a NoSQL database for use by the dashboard. It is grounded in the reference. However, it omits the key point from the reference about enhancing reporting interfaces with cognitive and ML insights for advanced analytics, which affects completeness. The minor omission reduces correctness slightly.",OK,False,2,"The candidate answer partially correctly explains how cognitive and machine learning elements influence reporting interfaces by processing data and feeding it into a NoSQL database for dashboards. However, it introduces specific domain details (e.g., Facebook user activities, referral systems) not present in the reference, which reduces correctness and grounding. It captures the main idea but misses the general focus on advanced analytics and insights in the reference.",OK
unidoc_crm_0080,MISS_AT_3_HIT_AT_6,PRIMARY_224,False,0,"The candidate answer fails to provide any information about the social networks used by charitable organizations in 2019, and instead claims the text does not specify, which is incorrect as the reference answer provides specific networks.",OK,False,0,"The candidate answer fails to provide any information about the social networks used by charitable organizations in 2019 and instead claims the text does not specify, which is incorrect as the reference answer provides specific networks.",OK,False,0,"The candidate answer fails to provide any information about the social networks used by charitable organizations in 2019 and instead claims the text does not specify, which is incorrect as the reference answer provides specific networks.",OK
unidoc_crm_0082,MISS_AT_3_HIT_AT_6,PRIMARY_224,True,3,"The candidate answer is mostly correct and aligns with the reference in describing the PLM framework as an integrated approach that supports product development, management, and IT architecture. It mentions modular product structure, integration of business processes, and IT support, which are consistent with the reference. However, it does not explicitly mention the synchronization of product development, market management, and retirement processes, nor does it highlight the distinct development processes for e-mobility services versus energy tariffs, which are key points in the reference. The answer is grounded in the reference but misses some essential details.",OK,True,4,"The candidate answer is fully correct and aligns with the reference. It accurately describes how the PLM framework addresses complexity in e-mobility offerings by covering the four key dimensions (strategy, process, product architecture, and IT architecture). It also explains how these dimensions help manage complexity, adapt to market dynamics, and support innovation. The answer is complete, grounded in the reference, and directly satisfies the task.",OK,True,4,"The candidate answer is fully correct, covering all essential points from the reference answer and expanding on them with additional relevant details. It accurately describes how the PLM framework addresses complexity in e-mobility offerings through strategy, process, product architecture, and IT architecture. The answer is consistent with the reference and directly satisfies the task by explaining the framework's role in managing complexity.",OK
unidoc_crm_0086,MISS_AT_3_HIT_AT_6,PRIMARY_224,False,0,"The candidate answer fails to list the step-by-step tasks as requested and instead claims the information is not available, which contradicts the reference answer that provides the tasks explicitly.",OK,False,0,"The candidate answer fails to provide the requested step-by-step tasks from version 4 of the BPMN. Instead, it incorrectly claims the information is not available, while the reference answer clearly lists the tasks. The answer is incorrect, incomplete, and does not satisfy the task.",OK,False,0,"The candidate answer fails to provide the requested step-by-step tasks for version 4 of the BPMN and instead claims the information is not available, which contradicts the reference answer that explicitly lists the tasks.",OK
unidoc_crm_0090,MISS_AT_3_HIT_AT_6,PRIMARY_224,False,0,"The candidate answer fails to provide the correct journal name and instead claims the information is unsupported, which contradicts the reference answer.",OK,True,4,"The candidate answer is fully correct and matches the reference in terms of the journal name. It does not include the year, but the question does not require it to be included for correctness.",OK,True,4,"The candidate answer is fully correct, covers all essential points, is consistent with the reference, and directly answers the question.",OK
unidoc_crm_0100,MISS_AT_9,PRIMARY_224,True,4,"The candidate answer is fully correct, covers all essential points, is consistent with the reference, and directly answers the question.",OK,True,4,"The candidate answer is fully correct, covers all essential points, is consistent with the reference, and directly answers the question.",OK,True,4,"The candidate answer is fully correct, complete, grounded in the reference, and directly satisfies the task by accurately stating the time it takes to process visa applications as described.",OK
unidoc_crm_0104,MISS_AT_3_HIT_AT_6,PRIMARY_224,True,3,"The candidate answer correctly identifies that the infection originates from a vulnerable device, which is consistent with the Mirai botnet example. However, it does not explicitly name the video camera as the source, which is essential based on the reference. The answer is mostly correct but lacks the specific detail from the reference. It includes a minor unsupported claim about other devices being compromised.",OK,,,,JUDGE_ERROR,False,2,"The candidate answer correctly identifies that the infection originates from a vulnerable device in the smart home setup, which is consistent with the Mirai botnet example. However, it does not specifically identify the video camera as the source, which is a key detail in the reference answer. The answer is partially correct and includes a minor unsupported claim by not specifying the video camera as the origin.",OK
unidoc_crm_0106,MISS_AT_3_HIT_AT_6,PRIMARY_224,False,2,"The candidate answer is partially correct but lacks many key details from the reference. It mentions some beep patterns (e.g., three beeps for output on, two for off, one long and one short for zone activation in Walk Test Mode), but these are not consistent with the reference. The reference specifies different beep patterns for different functions (e.g., one short for button press, two for code accepted, etc.), and the candidate answer omits these. The answer is also incomplete, missing important sounds like one long beep for denied operation, beeping every second for Walk Test Mode, and system faults. The grounding is weak because the answer includes claims not supported by the reference and omits key reference points.",OK,True,3,"The candidate answer is mostly correct but contains some inaccuracies and omissions. It correctly describes several beep patterns and their meanings, such as one short beep for button press, two for code accepted, three for function executed, and one long beep for end of exit time in AWAY Mode. However, it incorrectly states that three beeps indicate an output is turned on and two beeps indicate it is turned off, which is not mentioned in the reference. It also adds details about a horn speaker and latching outputs not found in the reference. The answer is incomplete as it omits the flashing FAULT indicator and its meanings. It is grounded mostly with the reference but includes some unsupported claims.",OK,True,3,"The candidate answer is mostly correct and aligns with the reference, but it omits the information about the FAULT indicator (flashing, on, off) which is a key part of the reference. It also slightly rephrases the meaning of 'three beeps' as 'three short beeps' in one case and 'three beeps' in another, which is minor but introduces inconsistency. The rest of the information is accurate and grounded in the reference.",OK
unidoc_crm_0112,MISS_AT_6_HIT_AT_9,PRIMARY_224,False,1,"The candidate answer discusses coverage and mutation score changes, but it does not address the percentage decrease in the HR database (82.33%) as asked in the question. It introduces unsupported claims about coverage increasing and mutation score decreasing, which are not mentioned in the reference. The answer fails to directly address the influence of SQL query coverage on the percentage decrease in the HR database.",OK,False,1,"The candidate answer is mostly incorrect and does not address the question about the percentage decrease in the HR database. Instead, it discusses an increase in SQL query coverage, which is not supported by the reference answer. The reference clearly states an 82.33% reduction in rows, which the candidate answer completely misses. The answer is off-topic and not grounded in the provided reference.",OK,False,1,"The candidate answer mentions coverage and reduction but does not address the specific influence of SQL query coverage changes on the percentage decrease in the HR database as stated in the reference. It introduces unsupported claims (e.g., coverage increasing from 47.57% to 51.31%) and fails to mention the 82.33% reduction in rows. It does not directly answer the question based on the reference.",OK
unidoc_crm_0138,MISS_AT_3_HIT_AT_6,PRIMARY_224,False,0,"The candidate answer is incorrect and fails to address the question. The reference answer clearly states that SharePoint Online, OneDrive for Business, and Exchange Online remain unbacked, but the candidate answer claims no components are mentioned, which contradicts the reference.",OK,False,0,"The candidate answer is incorrect and fails to address the question. The reference clearly states that SharePoint Online, OneDrive for Business, and Exchange Online remain unbacked, but the candidate answer claims no components are mentioned, which contradicts the reference.",OK,False,0,"The candidate answer is incorrect and contradicts the reference answer, which clearly states that SharePoint Online, OneDrive for Business, and Exchange Online remain unbacked. The candidate answer falsely claims the document does not mention any unbacked components.",OK
unidoc_crm_0162,MISS_AT_6_HIT_AT_9,PRIMARY_224,False,0,"The candidate answer is incorrect and fails to provide the requested information. It claims the data is unsupported, but the reference answer clearly provides the specific times.",OK,False,0,The candidate answer is incorrect because the reference answer clearly provides specific times for the task 'order set items' within the requested timeframe. The candidate answer falsely claims that such information is not available.,OK,False,0,"The candidate answer is incorrect and fails to provide the specific times listed in the reference answer. It incorrectly claims the information is not supported, when it is clearly present.",OK
unidoc_crm_0168,MISS_AT_9,PRIMARY_224,False,0,"The candidate answer is incorrect and fails to provide the correct information. The reference clearly states the cost is SEK90.00, but the candidate claims the information is not specified.",OK,False,0,"The candidate answer is incorrect and fails to provide the correct information. The reference clearly states the cost is SEK90.00, but the candidate claims the information is not specified.",OK,False,0,"The candidate answer is incorrect and fails to provide the correct information. The reference clearly states the cost as SEK90.00, but the candidate claims the information is not specified.",OK
unidoc_crm_0174,MISS_AT_3_HIT_AT_6,PRIMARY_224,True,4,"The candidate answer is fully correct, covering the complementary roles of big and thick data in public communication strategies. It accurately reflects the IBM Center's findings, including the use of mixed analytics and provides specific examples (e.g., APHIS, LA Express Park) that align with the reference. The explanation is semantically consistent and directly addresses the question.",OK,True,4,"The candidate answer is fully correct, covering all essential points from the reference. It accurately explains the roles of big and thick data, their complementary nature, and the benefits of their integration. The answer is consistent with the reference and directly addresses the question.",OK,True,4,"The candidate answer is fully correct, covering the complementary roles of big and thick data, and aligns with the reference. It accurately explains how big data provides scale and generalizable insights, while thick data adds depth and context. It also correctly notes the integration of both for improved communication and targeted campaigns. The answer is complete, grounded in the reference, and directly addresses the question.",OK
unidoc_crm_0181,MISS_AT_3_HIT_AT_6,PRIMARY_224,False,0,"The candidate answer incorrectly states that the document does not mention any features, while the reference answer clearly states that the Yewdale Vitesse setup includes a large auditorium with seating and a stage highlighted with a purple theme.",OK,False,0,"The candidate answer is incorrect and fails to address the question. The reference clearly states that the Yewdale Vitesse product setup uses a purple theme, but the candidate answer denies this, contradicting the reference.",OK,False,0,"The candidate answer fails to address the question and contradicts the reference by claiming there is no information available, when the reference clearly provides relevant details.",OK
unidoc_crm_0185,MISS_AT_3_HIT_AT_6,PRIMARY_224,False,0,"The candidate answer does not attempt to answer the question and instead states the information is unsupported, which fails to address the task.",OK,False,0,"The candidate answer does not attempt to answer the question and instead states that the information is not supported, which is not a valid response to the task.",OK,False,0,"The candidate answer fails to provide the correct information and instead claims the information is not supported, which contradicts the reference answer that clearly identifies the environment as a hospital or healthcare setting.",OK
unidoc_crm_0193,MISS_AT_9,PRIMARY_224,False,0,"The candidate answer is incorrect and does not answer the question. It falsely claims that the text does not mention the recycling event, while the reference answer clearly provides drop-off details.",OK,False,0,"The candidate answer incorrectly states that the information is not supported, when the reference clearly provides the drop-off times and locations. The answer fails to provide the correct information and contradicts the reference.",OK,False,0,"The candidate answer does not provide any correct information and fails to answer the question. It incorrectly claims the information is not supported, when the reference clearly provides the drop-off details.",OK
unidoc_education_0006,MISS_AT_3_HIT_AT_6,PRIMARY_224,True,4,"The candidate answer is fully correct, accurately interpreting the R Squared value and the relationship described in the reference. It explains the 47.6% variance and correctly infers a moderate correlation with the direction of the relationship. It is complete, grounded in the reference, and directly addresses the question.",OK,True,3,"The candidate answer correctly identifies the positive relationship and the R Squared value of 0.476, which indicates a moderate correlation. However, it adds the unsupported claim that the relationship was 'underadditive' with a slope significantly lower than 1.00, which is not mentioned in the reference. The main idea is captured, but the additional detail is not grounded.",OK,True,3,"The candidate answer correctly identifies the positive relationship and the R Squared value of 0.476, which indicates a moderate correlation. It also adds a reasonable interpretation of the relationship. However, the term 'underadditive' is not present in the reference and is not supported by the given information, which is a minor unsupported claim.",OK
unidoc_education_0013,MISS_AT_9,PRIMARY_224,False,0,The candidate answer is incorrect and fails to provide the requested ISSN. It contradicts the reference answer by claiming the information is not available when it is explicitly provided.,OK,False,0,The candidate answer is incorrect and does not provide the requested ISSN. It fails to ground in the reference and does not satisfy the task.,OK,False,0,The candidate answer is incorrect and fails to provide the correct ISSN. It also contradicts the reference answer by claiming the information is unsupported.,OK
unidoc_education_0015,MISS_AT_3_HIT_AT_6,PRIMARY_224,False,2,"The candidate answer correctly states that the document does not provide a specific count of confirmed cases in Japan as of February 6, 2020. This is accurate and consistent with the reference. However, it fails to directly answer the question (task satisfaction = 0) and does not provide the correct number (45) even as a reference. It is partially correct in noting the lack of data but misses the main task of answering the question.",OK,False,1,"The candidate answer provides a number (29) that differs from the reference (45), making it mostly incorrect. However, it directly answers the question with a specific number, so it has some correct elements. It is not grounded in the reference and contradicts it.",OK,False,1,"The candidate answer provides a number (29) that differs from the reference (45), making it mostly incorrect. However, it directly answers the question with a specific number, so it has some correct elements. It is not grounded in the reference and contradicts it.",OK
unidoc_education_0018,MISS_AT_3_HIT_AT_6,PRIMARY_224,False,2,"The candidate answer provides a conceptual explanation of the Sustainable Process Index (SPI) and its ecological footprint interpretation, but it does not directly state the quantification unit 'm²/unit' as specified in the reference. Instead, it describes the meaning and calculation method, which is partially correct but lacks the specific quantification unit. This leads to a grounding score of 0 due to the omission of the key unit of measure.",OK,True,3,"The candidate answer is mostly correct in explaining how the Sustainable Process Index is quantified, describing the arable area needed and the components included. However, it does not directly state the unit of quantification ('m²/unit') as the reference answer does, which is a minor factual omission. The explanation is grounded in the reference concept but lacks the specific unit.",OK,False,1,The candidate answer provides a conceptual explanation of the Sustainable Process Index but does not correctly state how it is quantified (it should be 'm²/unit'). The answer is not grounded in the reference and fails to directly answer the question.,OK
unidoc_education_0022,MISS_AT_3_HIT_AT_6,PRIMARY_224,False,1,"The candidate answer introduces new concepts (ER binding affinities, TERE model) not mentioned in the reference. It does not address the actual relationship between the amounts of genistein, estradiol, and daidzein as described in the reference. It is mostly incorrect and fails to answer the question as posed.",OK,False,1,"The candidate answer introduces a theoretical model (TERE) and discusses binding affinities and bioactivity, which are not mentioned in the reference. It fails to address the actual relationship between the amounts of genistein, estradiol, and daidzein in supplements with the highest genistein levels as described in the reference. The reference states that genistein and estradiol levels are high and similar, while daidzein is much lower. The candidate answer does not mention estradiol levels in supplements and instead focuses on a different concept, making it mostly incorrect and off-task.",OK,False,1,"The candidate answer introduces a specific supplement with 172.47 mg/g of genistein and 208.41 mg of daidzein, which contradicts the reference answer that states daidzein levels are much lower in supplements with the highest genistein. The candidate also introduces the TERE model and binding affinities, which are not mentioned in the reference and are not relevant to the question about the relationship of amounts. The answer fails to correctly describe the relationship between the three compounds as stated in the reference.",OK
unidoc_education_0023,MISS_AT_9,PRIMARY_224,False,0,"The candidate answer fails to provide the correct volume and issue, and instead claims the information is unspecified, which is incorrect based on the reference.",OK,False,0,"The candidate answer incorrectly states that the information is not specified, when the reference answer clearly provides the volume and issue (5, No. 2). The answer is factually incorrect and fails to address the question.",OK,False,1,"The candidate answer is mostly incorrect as it claims there is no information provided, when the reference clearly provides the volume and issue. It fails to answer the question and does not align with the reference.",OK
unidoc_education_0024,MISS_AT_3_HIT_AT_6,PRIMARY_224,False,0,"The candidate answer is incorrect and does not answer the question. The reference answer clearly provides the requested data (mean, standard deviation, reliability), but the candidate claims the information is not present.",OK,True,4,"The candidate answer is fully correct, covers all essential points, is consistent with the reference, and directly answers the question.",OK,True,4,"The candidate answer is fully correct, includes all essential points from the reference, is consistent with the reference, and directly answers the question.",OK
unidoc_education_0030,MISS_AT_3_HIT_AT_6,PRIMARY_224,True,3,"The candidate answer correctly identifies the preferred units for force and pressure in both S.I. and E.S. systems and provides their definitions. However, it does not mention the dimensional formulas (MLT^-2, ML^-1T^-2, F, FL^-2) as required by the question, which affects completeness. The answer is grounded in the reference but omits key dimensional information.",OK,True,3,"The candidate answer correctly identifies the preferred units for force and pressure in both S.I. and E.S. systems and provides some definitions. However, it does not mention the dimensional formulas (MLT^-2, F, etc.), which are essential to the question. The inclusion of psi and psf is acceptable but not required for full completeness.",OK,True,4,"The candidate answer is fully correct, covering all essential points with no factual errors. It matches the reference answer in both dimensions and preferred units for force and pressure in S.I. and E.S. systems. The wording is semantically correct and consistent with the reference.",OK
unidoc_education_0034,MISS_AT_3_HIT_AT_6,PRIMARY_224,True,3,"The candidate correctly identifies that S.I. uses kilograms for mass. However, it refers to the B.G. system instead of the E.S. system as requested, which is a minor inaccuracy. The mention of slugs is correct, but the system name is imprecise. The answer is grounded in the reference but lacks the explicit mention of the dimension 'M'.",OK,True,3,"The candidate answer correctly identifies the S.I. unit for mass as kilograms (kg), which is accurate. It also correctly identifies slugs as the unit for mass in the British Gravitational (B.G.) system, which is equivalent to the English System (E.S.) as mentioned in the reference. However, it does not mention the dimension of mass (M), and uses the term 'B.G. system' instead of 'E.S. system' as in the reference, which is a minor imprecision.",OK,True,3,"The candidate answer correctly identifies the units for mass in both the S.I. and E.S. systems. However, it omits the mention of the dimension 'M' for mass, which is included in the reference answer. The answer is grounded in the reference and directly addresses the task, but it is incomplete in terms of covering all essential points.",OK
unidoc_education_0046,MISS_AT_9,PRIMARY_224,False,1,"The candidate answer correctly states that the specific number of educators who completely concur is not provided in the document, which aligns with the reference answer's explicit statement. However, it fails to provide the correct number (6) and does not fully answer the question, resulting in low completeness and task satisfaction.",OK,False,0,"The candidate answer fails to provide the correct information from the reference and instead claims the information is unsupported, which contradicts the reference.",OK,False,0,"The candidate answer fails to provide the correct information from the reference and instead claims the information is unsupported, which contradicts the reference.",OK
unidoc_education_0048,MISS_AT_3_HIT_AT_6,PRIMARY_224,True,3,"The candidate answer correctly identifies Desjardins Insurance as a financial supporter, which aligns with the reference. However, it adds information about the Ministry of Transportation and the Vision Zero sponsorship, which are not mentioned in the reference. This introduces a minor unsupported claim. The answer is mostly correct but includes an extra detail not grounded in the reference.",OK,False,2,"The candidate answer is partially correct by identifying Desjardins Insurance as a financial supporter, which is accurate, but adds an unsupported claim about the Ministry of Transportation. This addition reduces grounding. The answer covers the main idea but includes an inaccuracy.",OK,False,2,"The candidate answer correctly identifies Desjardins Insurance as a financial supporter, which aligns with the reference. However, it adds unsupported information about the Ministry of Transportation and the Vision Zero sponsorship, which are not mentioned in the reference. This reduces grounding. The answer partially satisfies the task by addressing the main idea but includes inaccuracies.",OK
unidoc_education_0050,MISS_AT_3_HIT_AT_6,PRIMARY_224,False,2,"The candidate answer partially addresses the question by identifying differences between sound transcriptions and written forms in Lusoga, such as the influence of language policy and the need for an updated orthography. However, it introduces unsupported claims (e.g., the role of Luganda as the basis of Lusoga orthography, fieldwork in Buwaabe) and does not clearly focus on the 'inconsistencies' and 'variations in transcription and spelling' emphasized in the reference. It is partially correct but lacks precision and misses the main focus of the reference answer.",OK,True,4,"The candidate answer is fully correct, covering all essential points from the reference and adding specific examples (e.g., labialized consonants, tonal distinctions) that are semantically consistent with the reference. It directly addresses the question and is grounded in the study's findings without unsupported claims.",OK,True,4,"The candidate answer is fully correct, covering the essential points from the reference and adding specific examples of phonetic features and orthographic simplifications. It is consistent with the reference and directly addresses the question by explaining the differences between sound transcriptions and written forms in Lusoga.",OK
unidoc_education_0054,MISS_AT_3_HIT_AT_6,PRIMARY_224,False,2,"The candidate answer correctly identifies that blinks are related to conversational states and speaking turns, and notes variation across individuals. However, it misses the key point from the reference that blinks often occur during transitions like turn-taking and back-channeling, and that they are annotated alongside speech events in the diagram. The candidate answer also does not mention gaze shifts or the lack of differentiation by blink type or intent. It is grounded in the reference but includes some unsupported claims about blink rates varying by turn type.",OK,False,2,"The candidate answer provides some correct information about the relationship between blinks and vocal occurrences, including blink rates during speaking turns and the lack of a stable association with back channels. However, it introduces specific data (e.g., subjects E, H, A, F, C) and numerical details (e.g., correlation of 0.01) not present in the reference, which are unsupported. It also misses the reference's emphasis on blinks coinciding with gaze shifts and transitions in conversation (e.g., turn-taking and back-channeling), and does not mention the lack of differentiation by blink type or intent. The answer partially addresses the task but includes unsupported claims and omits key points from the reference.",OK,False,1,"The candidate answer discusses blink rates and their relationship to speaking turn states and back channels, but it introduces subject-specific patterns and statistical correlations not mentioned in the reference. It fails to mention the key point from the reference that blinks often occur during conversation transitions like turn-taking and back-channeling, and that they are annotated alongside speech events in the diagram. The answer is not grounded in the reference and does not address the main idea of the question.",OK
unidoc_education_0056,MISS_AT_3_HIT_AT_6,PRIMARY_224,True,3,"The candidate answer is mostly correct and covers all essential points from the Paleolithic Mother Goddess to Andy Warhol's Marilyn Monroe. It includes additional historical periods (e.g., Baroque, Rococo, 19th-century Realism) not in the reference, but these are factually accurate and relevant. The answer is well-structured and semantically consistent with the reference. It directly addresses the task and reflects the evolution of women in art across historical periods. A minor deduction for correctness is due to the somewhat interpretive and subjective phrasing in the Contemporary Era section (e.g., 'state of fixity, sterilization, and control'), which is not directly supported by the reference.",OK,True,3,"The candidate answer is mostly correct in describing the evolution of artistic representations of women, covering key historical periods and their cultural contexts. However, it omits specific examples like the Mother Goddess figure from 6000 B.C., Empress Irene, Botticelli's 'Birth of Venus,' Mona Lisa, Picasso's 'Demoiselles d’Avignon,' and Warhol's 'Marilyn Monroe' mentioned in the reference. It includes some unsupported claims, such as the idea that the contemporary period reflects 'fixity, sterilization, and control,' which is not in the reference. The answer addresses the task but is incomplete and includes minor unsupported claims.",OK,True,3,"The candidate answer is mostly correct and covers the evolution of women's artistic representation across multiple historical periods, including the Mother Goddess, classical antiquity, Renaissance, Baroque, 19th century, and 20th century. It aligns with the reference in terms of major transitions and cultural shifts. However, it omits specific examples like the mosaic of Empress Irene, Botticelli's 'Birth of Venus,' and Picasso's 'Demoiselles d’Avignon' that are present in the reference. Additionally, the mention of 'fixity, control, and scientific manipulation' in the contemporary era is a minor imprecision. The answer is well-structured and directly addresses the question.",OK
unidoc_education_0064,MISS_AT_3_HIT_AT_6,PRIMARY_224,False,0,"The candidate answer is incorrect and fails to address the question. It claims the text does not explain the variation in PSC response, but the reference answer clearly provides a neural explanation (greater activation in the Braille-responsive vVOTC region for tactile stimuli). The candidate answer contradicts the reference and does not answer the task.",OK,True,3,"The candidate answer correctly identifies the modality-by-lexicality interaction and the greater sensitivity of vOTC in blind individuals to tactile lexicality. However, it omits the key point from the reference that the variation is due to the Braille-responsive vVOTC region showing stronger activation for syntactically complex tactile stimuli, which is a minor but meaningful omission. The answer is grounded in the reference and directly addresses the question.",OK,False,2,"The candidate answer correctly identifies the vOTC as the region responsible for the variation in PSC response and notes the stronger response to Braille words compared to tactile control and auditory stimuli. However, it does not mention the key point from the reference that the variation is due to the vVOTC region's greater response to syntactically complex sentences in blind individuals, which is a significant omission. The answer includes some unsupported claims about the comparison between tactile and auditory stimuli differences. It addresses the main idea but misses an important part.",OK
unidoc_education_0072,MISS_AT_9,PRIMARY_224,False,0,"The candidate answer incorrectly claims the document does not provide information on how educators' opinions vary based on instructional methods, when the reference answer clearly outlines such variations. The candidate answer is factually incorrect and fails to address the question.",OK,False,2,"The candidate answer partially aligns with the reference but introduces some unsupported claims (e.g., specific page numbers, time spent on evaluation). It captures the general idea that instructional methods influence homework opinions, but lacks the specific focus on the types of instructional priorities (e.g., practice, reinforcement, permanent learning) mentioned in the reference. It is somewhat grounded but includes minor unsupported details.",OK,False,0,"The candidate answer incorrectly claims that the document does not provide information, when the reference clearly outlines how educators' opinions vary based on instructional methods. The answer is unsupported and contradicts the reference.",OK
unidoc_education_0082,MISS_AT_3_HIT_AT_6,PRIMARY_224,False,2,The candidate answer is partially correct and includes two of the four methods mentioned in the reference answer. It is grounded in the reference but misses two important methods. It addresses the main idea but is incomplete.,OK,False,2,"The candidate answer is partially correct, as it mentions two of the four methods from the reference answer (Parental check and Teacher check). It misses 'Absolute must' and 'Checking whether it’s done or not,' which are important. The answer is grounded in the reference but is incomplete and lacks some essential points.",OK,False,2,"The candidate answer is partially correct by identifying two of the methods (parental check and teacher check), but it misses two essential methods from the reference (Absolute must and Checking whether it’s done or not). The wording is semantically correct but incomplete. It includes a minor unsupported claim by not listing all the required methods.",OK
unidoc_education_0099,MISS_AT_3_HIT_AT_6,PRIMARY_224,True,3,"The candidate answer is mostly correct and aligns with the reference. It accurately describes the correlation and its implications, including the song advantage for poor-pitch singers and the domain-specific nature of pitch processing. It goes beyond the reference by elaborating on the mechanisms (e.g., enhanced salience of sung pitch, perseveration), which are reasonable inferences and not contradictory. The only minor issue is the addition of speculative mechanisms not explicitly stated in the reference, slightly reducing correctness.",OK,True,4,"The candidate answer is fully correct, accurately describing the correlation and its implications. It covers all essential points from the reference, including the relationship between transfer pitch errors and the song advantage, and the idea that pitch processing is more robust in song. The answer is consistent with the reference and directly addresses the question.",OK,True,3,"The candidate answer correctly identifies the correlation and its implications, noting that higher pitch errors are associated with a greater song advantage. It is grounded in the reference and directly addresses the question. However, it introduces the idea of 'contour changes' and 'stimulus changes' during transfer trials, which are not mentioned in the reference, making it slightly imprecise. It also does not explicitly mention the robustness of pitch processing for songs compared to speech, which is a key point in the reference.",OK
unidoc_education_0109,MISS_AT_3_HIT_AT_6,PRIMARY_224,False,1,"The candidate answer includes some specific details not mentioned in the reference answer (e.g., the gallery, seaport, scaling factors), which are not supported by the reference. It fails to mention the architectural features like arches, windows, and geometric patterns that are in the reference. It attempts to answer the question but is mostly incorrect and unsupported.",OK,False,1,"The candidate answer includes some specific details not found in the reference answer (e.g., the gallery, seaport, scaling by 256, and the four studies). These claims are not supported by the reference and are likely speculative or incorrect. The answer fails to mention the architectural features listed in the reference (arches, windows, geometric patterns) and instead introduces unsupported elements. It partially addresses the task by discussing design elements, but with substantial inaccuracies.",OK,False,1,"The candidate answer includes specific elements (gallery, seaport, reduced building) not mentioned in the reference answer, which focuses on architectural features like arches, windows, and geometric patterns. The candidate answer is mostly incorrect as it introduces unsupported details and misses the reference's key points. It only partially addresses the task by naming specific structures, but not the general architectural design elements.",OK
unidoc_education_0116,MISS_AT_9,PRIMARY_224,False,1,"The candidate answer discusses the results of taxometric procedures and mentions age groups, but it does not address the distribution of factor scores by age as described in the reference. It focuses on latent structure and CCFI values, which are not relevant to the question about the variation in factor score distribution by age. The answer is mostly incorrect and fails to address the requested task.",OK,False,1,"The candidate answer describes the methods (MAMBAC, MAXCOV, L-Mode) and their results in detail, but it does not address the question about how the distribution of factor scores varies by age. Instead, it discusses the comparison to dimensional/categorical data and the CCFI, which are not relevant to the question. The reference answer highlights age-specific score patterns (e.g., Age 6 highest, Age 14 lowest), which are missing. The candidate answer is mostly incorrect and fails the task.",OK,False,1,"The candidate answer discusses CCFI values and a continuous latent structure, which is not mentioned in the reference answer. It fails to address the distribution of factor scores by age as described in the reference, such as the peak in the density plot or the specific age comparisons (e.g., Age 6 highest, Age 14 lowest). The answer is mostly incorrect and does not align with the reference.",OK
unidoc_education_0120,MISS_AT_9,PRIMARY_224,False,1,"The candidate answer is mostly incorrect as it misrepresents the data from the reference. It states 53% felt confident in managing their careers financially, whereas the reference says 54% strongly believe they would have gained from financial management skills. The candidate answer also omits the 28% who somewhat agree and misinterprets the nature of the question (belief in gaining from skills vs. confidence in managing).",OK,False,1,"The candidate answer is partially correct in stating that 82% of graduates would have benefited from financial management skills, but this figure is not supported by the reference answer, which states 54% strongly believe and 28% somewhat agree. The candidate answer is unsupported and combines both categories into a single unsupported percentage, making it inaccurate and not grounded in the reference.",OK,False,1,"The candidate answer is mostly incorrect and does not address the question. It misrepresents the data by stating 53% felt confident in managing their careers, which is not what the reference answer states. The reference answer specifies 54% strongly believe they would have gained from financial management skills, not that they felt confident in managing their careers. The candidate answer also introduces a 47% figure not mentioned in the reference and fails to mention the 28% who somewhat agree.",OK
unidoc_education_0123,MISS_AT_3_HIT_AT_6,PRIMARY_224,False,0,"The candidate answer provides an incorrect percentage (80%) that contradicts the reference answer (42%), making it factually wrong and unsupported by the reference.",OK,False,0,The candidate answer provides incorrect percentages (80% and 84%) that contradict the reference answer (42%). It also introduces unsupported information about a 'most recent cohort (2011–2015)' not mentioned in the question or reference. The answer fails to correctly address the question and is factually inconsistent with the reference.,OK,False,1,"The candidate answer is mostly incorrect because it reports 80% (and 84% for a specific cohort) of alumni agreeing, which contradicts the reference answer of 42% who reported strong agreement. The answer also fails to address the specific question about 'strong agreement' and instead includes unsupported and irrelevant data about a different cohort.",OK
unidoc_education_0124,MISS_AT_3_HIT_AT_6,PRIMARY_224,True,3,"The candidate answer is mostly correct and provides a detailed explanation of the factors influencing TERE values, including isoflavone composition, bioavailability, and receptor binding. It aligns with the reference by highlighting the role of isoflavones like genistein and daidzein in estradiol-related activity. However, it introduces additional details (e.g., binding to alpha- and beta-ERs, health risks/benefits) not present in the reference, which slightly reduces correctness. It is complete and grounded in the reference, and it directly addresses the question.",OK,True,3,"The candidate answer is mostly correct, explaining the variation in TERE values due to isoflavone composition and bioavailability. It correctly identifies genistein and daidzein and their differing affinities to estrogen receptors. However, it introduces some details (e.g., fermented vs. non-fermented, aglycones vs. glucosides) not present in the reference, which slightly deviates from the reference's simpler explanation. It also mentions TERE values in percentages, which is not in the reference. The main idea is covered, but some essential points from the reference (e.g., the image showing traditional soy foods are more effective) are missing.",OK,True,3,"The candidate answer is mostly correct and aligns with the reference, explaining that isoflavones like genistein and daidzein are responsible for TERE values and their relationship to estradiol. It also correctly notes differences in isoflavone composition, bioavailability, and binding affinities. However, it slightly overcomplicates the explanation with additional details not present in the reference, such as ER binding affinities and aglycone/glucoside forms, which are not explicitly mentioned in the reference. Despite this, it does not contradict the reference and fully addresses the question.",OK
unidoc_education_0130,MISS_AT_3_HIT_AT_6,PRIMARY_224,False,0,The candidate answer is incorrect and fails to provide the requested skewness figures. It falsely claims the information is not present when it is explicitly given in the reference answer.,OK,True,4,"The candidate answer is fully correct, includes all essential points, is consistent with the reference, and directly answers the question.",OK,True,4,"The candidate answer is fully correct, covers all essential points, is consistent with the reference, and directly answers the requested task.",OK
unidoc_education_0141,MISS_AT_3_HIT_AT_6,PRIMARY_224,False,0,"The candidate answer incorrectly claims that the text does not specify the tasks, when the reference answer clearly states that students are engaged in playing musical instruments and sculpting with clay.",OK,False,0,"The candidate answer incorrectly claims that the text does not specify the tasks, when the reference answer clearly states that students are engaged in playing musical instruments and sculpting with clay.",OK,False,1,"The candidate answer is mostly incorrect and does not directly answer the question. It introduces many unsupported claims and expands beyond the scope of the question by discussing curriculum structure, cognitive benefits, and broader educational outcomes, which are not mentioned in the reference. The reference only mentions playing musical instruments and sculpting with clay, which are not included in the candidate answer.",OK
unidoc_education_0152,MISS_AT_3_HIT_AT_6,PRIMARY_224,True,3,"The candidate answer correctly states that RBC aggregation at 20°C increases the sedimentation rate and explains that ESR increases with aggregation. However, it does not mention the threshold of 500,000 RBCs for abnormal ESR, which is an important detail from the reference. The explanation about velocity increasing with time and cluster size is not explicitly supported by the reference, but it is not factually incorrect. The answer is grounded in the reference and directly addresses the question.",OK,True,3,"The candidate answer correctly identifies that aggregation increases sedimentation rate and aligns with the reference. It is semantically correct but lacks the specific detail about the threshold of 500,000 RBCs forming aggregates, which is an important point in the reference. The explanation about weight overcoming viscous friction is also missing, but the answer is still mostly correct and grounded.",OK,True,3,"The candidate answer is mostly correct and aligns with the reference, explaining that aggregation increases the sedimentation rate. However, it omits the specific detail about the threshold of 500,000 RBCs leading to abnormal ESR values. The explanation is grounded in the reference and directly addresses the question.",OK
unidoc_education_0153,MISS_AT_9,PRIMARY_224,False,2,"The candidate answer describes the general principles of the elaboration-likelihood model but does not address the specific question about how persuasion outcomes vary between high and low knowledge individuals in immediate and delayed assessments. It lacks the key comparison of persuasion changes over time (immediate vs. delayed) and does not mention the differing stability of persuasion outcomes between the groups. As a result, it is not grounded in the reference and fails to satisfy the task.",OK,True,3,"The candidate answer is mostly correct and aligns with the reference. It accurately describes the difference in persuasion outcomes between high and low knowledge individuals in immediate and delayed assessments. It correctly notes that high knowledge individuals show increased persuasion over time, while low knowledge individuals show less persistence. The mention of 'discounting cue' is a specific detail not in the reference, but it does not contradict the main points. The answer is complete and directly addresses the question.",OK,False,2,"The candidate answer correctly identifies that high knowledge individuals show increased persuasion over time, which aligns with the reference. However, it introduces the 'sleeper effect' and specific effect sizes not mentioned in the reference, which are minor unsupported claims. It also does not fully capture the reference's point about low knowledge groups showing varied or minimal change. The answer is partially correct and includes some unsupported details.",OK
unidoc_education_0178,MISS_AT_3_HIT_AT_6,PRIMARY_224,True,4,"The candidate answer is fully correct, covering both the 'Kindness to Others' and 'Kindness to Self' conditions with accurate associations between emotional states and donation behaviors. It is semantically consistent with the reference and directly addresses the question.",OK,True,3,"The candidate answer is mostly correct and aligns with the reference, noting the positive association between positive affect and donations in the 'Kindness to Others' condition and the marginal association between negative affect and donations in the 'Kindness to Self' condition. It is complete in covering the main points. However, the additional statement about adolescents introduces a detail not present in the reference, which is a minor imprecision.",OK,True,3,"The candidate answer is mostly correct and aligns with the reference, capturing the key differences in how positive and negative affect influence donations in the two conditions. It includes the main points: positive affect increases donations in the 'Kindness to Others' condition, and negative affect shows a marginal association in the 'Kindness to Self' condition. The only minor issue is the addition of 'for adolescents,' which is not present in the reference and is thus a minor unsupported claim.",OK
unidoc_education_0186,MISS_AT_6_HIT_AT_9,PRIMARY_224,False,0,"The candidate answer incorrectly states that the information is not supported, when the reference answer clearly provides evidence of a steady increase in /i/ responses from step 1 to 5 for group KA.",OK,False,1,"The candidate answer is mostly incorrect and does not align with the reference. The reference states that the proportion of /i/ responses increases steadily from step 1 to 5, indicating a shift in weighting toward /i/-related cues. The candidate answer incorrectly claims that group KA consistently uses duration cues (bdur) without a shift toward spectral cues, which contradicts the reference. The candidate also introduces unsupported details like 'Time 1 to Time 4' and 'bdur values' not mentioned in the reference. The answer fails to address the actual question about the weighting pattern of /i/-related cues.",OK,False,2,"The candidate answer correctly identifies a progression in the use of duration cues for group KA over time, which aligns with the reference's point about an increase in /i/ responses. However, it introduces unsupported details (e.g., 'all learners in the group used duration cues by Time 3') and does not directly address the question about the weighting pattern of /i/-related cues across the five duration steps. It is partially correct, misses key details, and includes a minor unsupported claim.",OK
unidoc_education_0191,MISS_AT_3_HIT_AT_6,PRIMARY_224,False,2,"The candidate answer correctly identifies the general direction of spine density changes for both mutations (increased for ace-1(p1000);ace-2(g72), reduced for unc-17(e113)) and mentions the L4 stage. However, it omits the specific stages (L3, eL4, L4) and the fact that by the YA stage, spine density is no longer significantly different from wildtype. It also includes a minor unsupported claim about the mechanism of how acetylcholine levels affect spine density. The answer addresses the task but is incomplete and includes some imprecise or unsupported details.",OK,False,2,"The candidate answer correctly identifies the general direction of spine density changes for both mutations (increase for ace-1(p1000);ace-2(g72) and decrease for unc-17(e113)). However, it lacks specific stage information (L3, eL4, L4) and does not mention that the effect is no longer significant by the YA stage. It also includes some mechanistic interpretation (e.g., acetylcholine levels) that is not present in the reference, which is a minor unsupported claim.",OK,False,2,"The candidate answer correctly identifies the general direction of spine density changes for both mutations but lacks specific stage comparisons (e.g., L3, eL4, YA) mentioned in the reference. It also includes additional mechanistic details (e.g., acetylcholine release, vAChT) not present in the reference, which introduces a minor unsupported claim. The main idea is captured, but important comparative stage data is missing.",OK
unidoc_education_0193,MISS_AT_3_HIT_AT_6,PRIMARY_224,False,1,"The candidate answer correctly states that the specific count of visual representations from scientific journals and Nature is not mentioned in the text, but it fails to provide the correct numbers from the reference. It also incorrectly claims that the count of stand-alone visualizations is not supported, when the reference answer provides it. The answer does not satisfy the task and lacks grounding in the reference.",OK,True,4,"The candidate answer is fully correct, covers all essential points, is consistent with the reference, and directly answers the question.",OK,True,4,"The candidate answer is fully correct, covers all essential points, is consistent with the reference, and directly answers the question.",OK
unidoc_education_0195,MISS_AT_3_HIT_AT_6,PRIMARY_224,False,0,"The candidate answer fails to address the question by claiming the information is not provided, when the reference answer clearly states that the standardized mean evaluations are centered around zero with no significant difference between groups. The candidate answer is incorrect, incomplete, and does not satisfy the task.",OK,False,1,"The candidate answer incorrectly states that explicit evaluations were more positive in the error group, which contradicts the reference answer that both groups are centered around zero with no significant difference. It also introduces unsupported claims about Bayes factors. It partially addresses the task by attempting to compare groups, but the information is incorrect and unsupported.",OK,False,1,"The candidate answer is mostly incorrect and does not align with the reference. It claims that explicit evaluations were more positive in the error group, which contradicts the reference stating that there was no significant difference. The mention of Bayes Factors and implicit evaluations is irrelevant to the question, which only asks about standardized mean evaluations in explicit assessments. The answer fails to address the main point and introduces unsupported or irrelevant claims.",OK
unidoc_energy_0007,MISS_AT_3_HIT_AT_6,PRIMARY_224,False,0,"The candidate answer incorrectly claims that the evidence does not provide the requested data, when the reference answer clearly provides the necessary percentages (31% for disposal wells and 62% for hydraulic fracturing wells). The candidate answer fails to compute or even acknowledge the correct difference and does not address the question.",OK,False,0,"The candidate answer incorrectly claims that the reference does not provide the necessary data, when in fact it does. The reference clearly states the percentages for both disposal and hydraulic fracturing wells, and the candidate fails to answer the question or recognize the provided data.",OK,False,0,"The candidate answer is incorrect and fails to address the question. It claims the evidence does not provide a comparison, but the reference answer clearly provides the necessary data (31% for disposal wells and 62% for hydraulic fracturing). The candidate answer contradicts the reference and does not perform the requested calculation or comparison.",OK
unidoc_energy_0015,MISS_AT_6_HIT_AT_9,PRIMARY_224,False,0,"The candidate answer is incorrect and fails to answer the question. The reference answer clearly identifies the NC Clean Energy Technology Center as the entity in question, but the candidate answer denies that any entity is acknowledged, which contradicts the reference.",OK,True,4,"The candidate answer is fully correct, covers all essential points, is consistent with the reference, and directly answers the question.",OK,True,4,"The candidate answer is fully correct, covers all essential points, is consistent with the reference, and directly answers the question.",OK
unidoc_energy_0016,MISS_AT_3_HIT_AT_6,PRIMARY_224,False,1,"The candidate answer provides detailed technical information about simulations, isotopes, and specific monitoring data, but it does not directly address the question about what the sequence of radiation monitoring readings indicates about the arrival, movement, and settling of radioactive material. It is largely off-topic and includes unsupported or overly specific claims not aligned with the reference answer.",OK,True,4,"The candidate answer is fully correct, covering all essential points about the sequence of radiation readings indicating arrival, movement, and settling of radioactive material. It is consistent with the reference and directly answers the question with appropriate detail and clarity.",OK,True,4,"The candidate answer is fully correct, covering the key phases of arrival, movement, and settling of radioactive material. It accurately describes the initial rise in dose rate due to the plume, the subsequent decrease as the plume moves away, and the residual dose rate from deposited material. It also adds relevant details about radioactive decay and isotopic composition, which are consistent with the reference. The answer is grounded in the reference and directly addresses the question.",OK
unidoc_energy_0027,MISS_AT_3_HIT_AT_6,PRIMARY_224,True,4,"The candidate answer is fully correct, accurately stating the date of the 5.3 magnitude seismic event in the Raton Basin as August 23, 2011, which matches the reference answer. The date format differs slightly but is semantically equivalent and does not affect correctness.",OK,True,4,"The candidate answer is fully correct, accurately stating the date of the 5.3 magnitude seismic event in the Raton Basin as 23 August 2011, which matches the reference answer. The date format differs slightly but is semantically equivalent. All essential information is included and consistent with the reference.",OK,True,4,"The candidate answer is fully correct, complete, and consistent with the reference. It provides the exact date of the seismic event in a different but semantically equivalent format.",OK
unidoc_energy_0032,MISS_AT_3_HIT_AT_6,PRIMARY_224,False,2,"The candidate answer captures the general trend of rising and falling petroleum prices between 2008 and 2012, but it contains several inaccuracies and unsupported claims. For example, it mentions a peak of $140 in 2008, which is not in the reference, and provides specific percentages and figures (e.g., 39% increase, $103.6 in February 2012) that are not supported by the reference. It also includes details about U.S. crude oil imports, which are not part of the reference. The answer is partially correct and covers the main idea but misses important reference points and includes unsupported claims.",OK,False,2,"The candidate answer captures the general trend of rising and falling prices but contains several factual inaccuracies (e.g., claiming prices reached $140 in spring 2008, a peak of $77 in April 2010, and a peak of $112 in early 2011, which are inconsistent with the reference). It also includes some unsupported details (e.g., $99.71 in December 2011, $103.6 in February 2012). It covers the main idea but misses the key turning points and values described in the reference.",OK,False,2,"The candidate answer captures the general trend of price changes but contains several factual inaccuracies. For example, it incorrectly states that prices reached nearly $140 in spring 2008 (the reference says $95 to $125), and it misrepresents the peak in April 2011 as over $112 (the reference says above $105). The answer also includes some minor unsupported claims, such as the 85% increase from February to December 2009. It covers the main idea and some key turning points but misses the reference's more precise description of the price range from late 2009 through 2010 and the relatively stable period through the end of winter 2012.",OK
unidoc_energy_0033,MISS_AT_3_HIT_AT_6,PRIMARY_224,False,2,"The candidate answer correctly identifies the high and significant 11β coefficients and their role in indicating volatility persistence (GARCH effect) in EUA returns during phase II of the EU ETS. However, it incorrectly refers to the 'first phase' of EUA returns being affected by past volatility, which is a factual inaccuracy. It also omits the 22β coefficients and the off-diagonal parameters (e.g., 21β and 12β) that clarify volatility spillovers, which are essential to the full explanation in the reference. The answer is grounded in the reference but includes a minor unsupported or incorrect claim.",OK,True,3,"The candidate answer correctly identifies the high and statistically significant 11β and 22β parameters in the B matrix and their role in indicating volatility persistence (GARCH effect) in EUA returns during phase II of the EU ETS. It is grounded in the reference and directly addresses the question. However, it omits the important detail about the direction of volatility spillovers between EUA and energy markets (e.g., 21β and 12β), which is a key part of the reference answer. This omission affects completeness.",OK,True,4,"The candidate answer is fully correct, accurately describing the high and statistically significant 11β and 22β parameters in the B matrix and their implications for volatility persistence in EUA returns during phase II of the EU ETS. It correctly identifies the GARCH effect and the lasting influence of past volatility. It is grounded in the reference and directly addresses the question.",OK
unidoc_energy_0038,MISS_AT_3_HIT_AT_6,PRIMARY_224,False,0,"The candidate answer fails to provide any relevant information about the events that triggered the price drops. Instead, it incorrectly claims that the information is not supported, which contradicts the reference answer. It does not address the question and lacks factual accuracy.",OK,True,4,"The candidate answer is fully correct, covering both key events (verified emissions in April 2006 and banking restrictions at the end of phase I) and their effects on EUA prices. It is semantically consistent with the reference and directly addresses the question without unsupported claims.",OK,True,4,The candidate answer correctly identifies the two main events: the release of verified emission data implying over-allocation and the imposition of banking restrictions at the end of phase I. It accurately describes the resulting price effects. The answer is semantically consistent with the reference and directly addresses the question without introducing unsupported claims or missing key elements.,OK
unidoc_energy_0041,MISS_AT_3_HIT_AT_6,PRIMARY_224,False,0,"The candidate answer incorrectly claims that the information is not supported by the evidence, when the reference answer clearly provides the necessary data. The candidate fails to address the question and contradicts the reference.",OK,False,0,"The candidate answer fails to address the question and contradicts the reference by claiming there is no evidence, when the reference clearly provides relevant information. It does not provide any correct or relevant information about the trends in petroleum use.",OK,False,0,"The candidate answer incorrectly claims that the text does not contain the necessary information, when the reference answer clearly provides it. The candidate fails to address the question, is not grounded in the reference, and does not satisfy the task.",OK
unidoc_energy_0043,MISS_AT_3_HIT_AT_6,PRIMARY_224,True,4,"The candidate answer is fully correct, covers all essential points, is consistent with the reference, and directly answers the question.",OK,True,4,"The candidate answer is fully correct, semantically equivalent to the reference, and directly addresses the question with no factual errors or omissions.",OK,True,4,"The candidate answer is fully correct, covers all essential points, is consistent with the reference, and directly answers the question.",OK
unidoc_energy_0052,MISS_AT_3_HIT_AT_6,PRIMARY_224,False,1,"The candidate answer provides specific percentages (34% support, 20% oppose), which are not mentioned in the reference answer. This suggests a factual inaccuracy or contradiction with the reference. The reference states support ranges from 40% to just over 50%, so the candidate answer is mostly incorrect. It fails to capture the overall level of backing as described in the reference and introduces unsupported data.",OK,False,1,"The candidate answer provides some correct information about public opinion on phasing out fossil fuel cars, but the percentages (34% support, 20% oppose) do not align with the reference answer's range of 40% to just over 50%. The answer is incomplete as it does not reflect the full range of support mentioned in the reference and omits the middle ground. It also lacks grounding in the reference data.",OK,False,1,"The candidate answer provides specific percentages (34% support, 20% oppose), which are not mentioned in the reference answer. This suggests factual inaccuracy or a contradiction with the reference. The reference states support ranges from 40% to just over 50%, so the candidate answer is mostly incorrect. It fails to capture the full range of support and introduces unsupported figures.",OK
unidoc_energy_0060,MISS_AT_3_HIT_AT_6,PRIMARY_224,False,0,"The candidate answer is incorrect and fails to answer the question. The reference clearly states the filings made by FE and DP&L on February 21, 2019, and the adjustment proposed by DP&L.",OK,False,0,The candidate answer fails to provide any correct or relevant information and does not address the question at all.,OK,False,0,"The candidate answer does not provide any factual information in response to the question and instead states that the information is not supported, which is incorrect as the reference answer provides clear details.",OK
unidoc_energy_0071,MISS_AT_3_HIT_AT_6,PRIMARY_224,False,0,"The candidate answer is incorrect and fails to address the question. The reference answer provides specific percentage changes for each LDA, but the candidate claims the data is not available in the document, which contradicts the reference.",OK,False,1,"The candidate answer fails to provide the specific year-over-year percentage changes for each LDA as requested. It mentions a general 28% increase in PJM capacity prices and a 132.8% increase in one area, but does not list the values for all LDAs. The reference answer includes all LDA-specific values, which are missing here. The candidate answer also includes unsupported claims about studies and market segmentation, which are not in the reference. It does not directly answer the question.",OK,False,1,"The candidate answer provides a general summary of market trends and mentions a 132.8% increase, which is factually correct for BGE, but it does not list the specific percentage changes for each LDA as required by the question. It also introduces unsupported claims about reserve margins and market inefficiencies, which are not part of the reference answer. The answer fails to directly address the question's request for variations across each LDA.",OK
unidoc_energy_0074,MISS_AT_6_HIT_AT_9,PRIMARY_224,False,2,"The candidate answer correctly identifies a shift in the direction of oil movement over time and mentions specific areas affected, which aligns with the reference in terms of general trends. However, it lacks details on the classification of oil (heavy, medium, light) and the expansion of the uncertainty zone, which are essential to the question. The answer is partially correct and incomplete, with a minor unsupported claim about the direction of oil movement without mentioning the oil types or spread variability.",OK,True,3,"The candidate answer correctly identifies the general trend of oil spreading over time and mentions the movement to the east and later westward. It also references the classification of oil into heavy, medium, and light, and mentions beaching locations. However, it lacks specific details on the distribution of oil types (e.g., heavy oil near the wellhead on April 24) and the increasing zones of different oil types over time. The reference mentions the expansion of affected areas and the growth of the uncertainty zone, which are only partially addressed. The candidate answer is semantically correct but omits key details and includes a minor unsupported claim about red crosses in the simulation.",OK,False,2,"The candidate answer correctly identifies the progression of oil spread and some specific locations of beached oil over time, but it lacks the reference's details on the classification of oil (heavy, medium, light) and the growth of the uncertainty zone. It also does not fully capture the increasing spread and variability in oil distribution. The answer is grounded in the reference but includes some unsupported or imprecise claims, such as the exact direction of oil movement and the absence of oil in certain areas.",OK
unidoc_energy_0086,MISS_AT_3_HIT_AT_6,PRIMARY_224,False,0,"The candidate answer fails to provide any correct or relevant information about the icons used for major world monetary units. It denies the availability of information without addressing the question, thus being incorrect and not answering the task.",OK,False,0,The candidate answer does not provide any relevant information and fails to address the question. It does not align with the reference answer or the content expected.,OK,False,0,"The candidate answer does not provide any correct information and fails to answer the question. It claims the information is not supported, which is incorrect as the reference answer clearly provides the required information.",OK
unidoc_energy_0092,MISS_AT_3_HIT_AT_6,PRIMARY_224,True,3,"The candidate answer correctly identifies the two main segments (individually-owned and externally-provided) and provides a detailed breakdown of private transport into 2-wheeler and car, with further disaggregation by propulsion systems. However, it introduces subcategories (e.g., TPRD, TPRW, TPRW) not mentioned in the reference, which is a minor unsupported claim. The reference does not mention these land transport subcategories under purchased transport. The answer is mostly correct and addresses the main idea but misses some key reference details (e.g., H2 fuel cell car).",OK,True,3,"The candidate answer correctly identifies the division into private and purchased transport, and accurately describes the breakdown of the car category into six propulsion types. However, it adds information about purchased land transport being further divided into road, ropeway, and railway, which is not present in the reference answer. This is a minor factual addition not supported by the reference. The main idea is covered, but an important part (the linkage to specific sectors like motor vehicles, commercial, and fuel) is missing.",OK,True,4,"The candidate answer is fully correct in describing the organization of household travel demand into private and purchased transport, and accurately details the breakdown of car types by propulsion system. It also correctly identifies the purchased transport categories (air and land). The additional breakdown of purchased land transport into road, ropeway, and railway is not in the reference but is consistent with the framework's logic and does not contradict it. The answer directly addresses the question and is well-structured.",OK
unidoc_energy_0112,MISS_AT_6_HIT_AT_9,PRIMARY_224,True,3,"The candidate answer correctly describes the role of meteorological data in forecasting and decision-making, and the purpose of half-hourly checks in verifying predictions and maintaining grid balance. However, it does not clearly distinguish the specific influence of these elements on the *proposal, validation, and execution* stages as outlined in the reference. It introduces the ViProd tool and some operational details not in the reference, which slightly deviates from the reference's structure and focus. It captures the main idea but misses the precise stage-specific roles described in the reference.",OK,False,2,"The candidate answer correctly identifies the role of meteorological data in forecasting and simulating energy production and the purpose of half-hourly checks in verifying predictions and managing reserves. However, it omits the specific process of proposal generation, technical validation, and real-time execution with minute-by-minute checks described in the reference. It also introduces the 'ViProd tool,' which is not mentioned in the reference, making it a minor unsupported claim.",OK,True,3,"The candidate answer correctly explains the role of meteorological data in forecasting and the use of half-hourly checks for system balance and verification. However, it lacks specific details from the reference, such as the 30-minute technical validation of proposals and the 1-minute operational checks during execution. It also does not mention the market transaction process or the distinction between proposal, validation, and execution phases as clearly as the reference.",OK
unidoc_energy_0123,MISS_AT_3_HIT_AT_6,PRIMARY_224,False,0,"The candidate answer incorrectly claims that the text does not describe the hardware elements and interconnections, when in fact the reference answer clearly provides this information. The candidate answer is entirely incorrect and fails to address the question.",OK,False,0,"The candidate answer fails to provide any correct information about the hardware elements or interconnections in the Helios 2 solar setup. It incorrectly claims that the details are not supported by the evidence, when the reference answer clearly provides the necessary information.",OK,False,0,"The candidate answer incorrectly claims that the information is not available, when the reference answer clearly provides the hardware elements and their interconnections. The candidate fails to answer the question and contradicts the reference.",OK
unidoc_energy_0139,MISS_AT_3_HIT_AT_6,PRIMARY_224,,,,JUDGE_ERROR,,,,JUDGE_ERROR,False,2,"The candidate correctly identifies the significant influence from natural gas to EUA, aligning with the reference. However, it introduces an unsupported claim about EUA's volatility spillover to Brent oil, which is not mentioned in the reference. The answer covers the main idea but misses the specific coefficient values and significance levels from the reference.",OK
unidoc_energy_0149,MISS_AT_3_HIT_AT_6,PRIMARY_224,False,0,"The candidate answer is incorrect and fails to address the question. The reference clearly states that there was a significant increase in API-based offerings from 2016 to 2020, but the candidate claims the text does not mention this shift, which is false.",OK,False,2,"The candidate answer correctly identifies the upward trend in API-based offerings from 2016 to 2020, but the specific percentages (20% to 60%) contradict the reference answer, which states that API-based offerings grew to over 40% by 2020. This discrepancy in factual data reduces grounding and correctness. The answer is partially correct and incomplete as it misses the detail that API-based offerings started from a 'very small share' in 2016.",OK,True,3,"The candidate answer correctly identifies the upward trend in API-based offerings and notes the increase from 2016 to 2020. It is semantically correct and consistent with the reference. However, it lacks the specific figure of 'over 40%' by 2020, which is a minor factual omission. The answer is grounded in the reference and directly addresses the question, but it misses a key quantitative detail.",OK
unidoc_energy_0166,MISS_AT_6_HIT_AT_9,PRIMARY_224,False,0,"The candidate answer fails to provide any relevant information about the solar module setup and instead claims the text does not describe it, which is incorrect as the reference provides a clear description.",OK,False,0,"The candidate answer incorrectly claims that the reference provides no information about the setup of solar modules, when in fact the reference clearly describes the setup. The answer is factually incorrect and fails to address the question.",OK,False,0,"The candidate answer does not address the question or provide any relevant information about the setup of solar modules. Instead, it incorrectly claims that the reference does not contain the information, which it clearly does. The answer is entirely incorrect and fails to fulfill the task.",OK
unidoc_energy_0167,MISS_AT_3_HIT_AT_6,PRIMARY_224,True,3,"The candidate answer is mostly correct and covers all essential points from the reference, including the use of 'full break-in' or a designated channel, the use of hand-held radios with fresh batteries, and the importance of a single designated channel. It also adds additional relevant details (e.g., intrinsically safe radios for volatile products, cold weather considerations, and standard signals), which are not in the reference but are reasonable and contextually appropriate. There is no contradiction to the reference, and the answer directly addresses the question.",OK,True,3,"The candidate answer is mostly correct and covers all essential points from the reference, including continuous communication, use of hand-held radios with fresh batteries, and the use of a designated channel. It also adds relevant details not in the reference, such as intrinsically safe radios for volatile products and standard signals, which are semantically consistent and plausible. There is no contradiction with the reference. The only minor issue is that the reference does not mention 'cold weather conditions' or 'bunkering operations,' which are not explicitly supported by the reference, but they are not incorrect in context.",OK,True,3,"The candidate answer is mostly correct and aligns with the reference, covering all the key points such as continuous communication, pre-operation checks, use of dedicated channels, hand-held radios, battery management, and same channel usage. It goes beyond the reference by adding details like intrinsically safe radios for volatile products, cold weather battery effects, and standard signals, which are not in the reference but are semantically consistent and reasonable. There is no major contradiction, and the answer directly addresses the question.",OK
unidoc_energy_0196,MISS_AT_3_HIT_AT_6,PRIMARY_224,False,2,"The candidate answer is partially correct, as it correctly identifies that untreated MoOx has high transmittance and that annealing in N2 reduces transmittance. However, it incorrectly states that UV-ozone and air/O2 treatments do not significantly reduce transmittance, which contradicts the reference answer that shows a decrease in transmittance for these treatments. The answer is incomplete as it does not clearly rank the transmittance order as in the reference. It is grounded in the reference to some extent but includes unsupported claims about bandgap and crystallinity.",OK,False,2,"The candidate answer is partially correct, as it correctly identifies that untreated MoOx has high transparency and that annealing in N2 reduces transmittance. However, it incorrectly states that UV-ozone and air/O2 treatments do not significantly affect transmittance, which contradicts the reference answer that shows a decrease in transmittance for these treatments. The answer is incomplete as it does not mention the specific order of transmittance as presented in the reference. It is grounded in the general context but includes unsupported claims about the lack of change in transmittance for UV-ozone and air/O2 treatments.",OK,True,3,"The candidate answer is mostly correct in describing the effects of the treatments on transmittance and optical bandgap. It correctly identifies that untreated MoOx has high transmittance, UV-ozone has little effect on transmittance, and nitrogen atmosphere leads to the lowest transmittance. However, it omits the specific transmittance order (untreated > UV-ozone > air ≈ O2 > N2) from the reference, and the reference states that UV-ozone and air/O2 treatments do reduce transmittance, though slightly. The mention of optical bandgap is not part of the reference and is an unsupported addition.",OK
unidoc_finance_0017,MISS_AT_3_HIT_AT_6,PRIMARY_224,True,4,"The candidate answer correctly identifies EFAMA as the association associated with managing European funds and assets, and the additional details are factually accurate and consistent with the reference. It directly answers the question and includes no unsupported or contradictory claims.",OK,False,1,"The candidate answer is mostly incorrect as it incorrectly identifies the Association of Global Custodians (AGC) as the group associated with managing European funds and assets, while the correct answer is the European Fund and Asset Management Association (EFAMA). The answer also includes unsupported claims about the AGC's role.",OK,False,1,"The candidate answer is mostly incorrect as it incorrectly identifies the Association of Global Custodians (AGC) as the group associated with managing European funds and assets, while the correct answer is the European Fund and Asset Management Association (EFAMA). The answer also includes unsupported claims about the AGC's role.",OK
unidoc_finance_0021,MISS_AT_9,PRIMARY_224,False,0,"The candidate answer is incorrect and fails to address the question. The reference answer provides specific exchange rates from the financial statements, but the candidate claims the information is not present in the document.",OK,False,1,"The candidate answer is mostly incorrect as it claims the financial statements do not include exchange rate data, while the reference answer provides specific exchange rates from the statements. The candidate fails to answer the question and contradicts the reference.",OK,False,0,"The candidate answer incorrectly claims that the information is not provided, while the reference answer clearly states the exchange rates for 1 EUR at the end of 2017 and 2018. The candidate answer fails to recognize the relevant data and provides an incorrect conclusion.",OK
unidoc_finance_0027,MISS_AT_3_HIT_AT_6,PRIMARY_224,True,3,"The candidate answer correctly identifies and lists key factors under 'Market Attractiveness' and 'Product/Service' with accurate details. However, it omits the 'BA’s involvement' and 'entrepreneur/management team' criteria, which are essential according to the reference. The answer is grounded in the reference but is incomplete, and while it addresses the task, it misses important parts of the requested information.",OK,True,3,"The candidate answer correctly identifies and details the factors related to market attractiveness (C2) and product/service characteristics (C4), aligning with the reference. However, it omits key elements such as BA's involvement and the entrepreneur/management team, which are essential according to the reference. The answer is grounded in the reference for the included parts but is incomplete. It addresses the task but misses major components.",OK,True,4,"The candidate answer is fully correct, covering all the essential points from the reference answer and organizing them clearly under the five main criteria. It accurately reflects the hierarchical structure and the factors considered for investment decisions. The language is semantically correct and consistent with the reference, with no factual errors or unsupported claims.",OK
unidoc_finance_0034,MISS_AT_3_HIT_AT_6,PRIMARY_224,True,4,"The candidate answer is fully correct and aligns with the reference answer. It accurately categorizes the investment considerations under 'involvement from business angels' and 'appeal of products and markets,' and includes all the key sub-criteria from the reference. The language is semantically correct and consistent with the reference, with no unsupported claims or contradictions.",OK,True,4,"The candidate answer is fully correct, covering all the key investment considerations emphasized in the reference answer. It organizes the information into clear categories (business angels and product/market appeal) and lists the relevant sub-criteria with semantic alignment to the reference. It is grounded in the reference and directly satisfies the task by identifying the emphasized investment considerations.",OK,True,3,"The candidate answer is mostly correct and aligns with the reference, covering the key aspects of business angel involvement and product/market appeal. It accurately reflects the sub-criteria such as supporting small business, market size, product superiority, and proprietary features. However, it misses some key points from the reference, such as investor background, track record, trustworthiness, and perceived financial rewards. The addition of a broader framework (five main criteria) is not in the reference and is a minor unsupported claim, slightly affecting completeness and grounding.",OK
unidoc_finance_0035,MISS_AT_3_HIT_AT_6,PRIMARY_224,False,2,"The candidate answer correctly identifies and categorizes several factors from the reference answer, such as financial considerations, management qualities, market attractiveness, product characteristics, and BAs' involvement. However, it is incomplete as it omits many important factors from the reference (e.g., investor's background, trustworthiness, competitive advantage, etc.). The answer is grounded in the reference but includes some categorization and weighting that is not present in the reference, which is a minor unsupported claim.",OK,False,1,"The candidate answer addresses the question by listing factors for investment evaluation, but it introduces a structured framework with weights and categories (e.g., C1, C2) that are not present in the reference answer. It fails to include most of the specific factors listed in the reference, such as 'supporting small businesses,' 'reducing risk,' 'trustworthiness,' and 'liquidity of investment.' The answer is therefore not grounded in the reference and misses major parts of the expected content.",OK,False,1,"The candidate answer addresses the question by listing factors prioritized for investment evaluation, but it introduces a structured framework with weights and sub-criteria (e.g., C1, C2, C3) that are not present in the reference answer. This suggests the candidate is drawing from a different source or framework, which contradicts the reference. While the answer is somewhat relevant and includes a few elements that align with the reference (e.g., track record, market growth, proprietary features, potential for high returns), it omits many of the key factors listed in the reference and adds unsupported structure. Therefore, it is only partially correct and not grounded in the reference.",OK
unidoc_finance_0050,MISS_AT_6_HIT_AT_9,PRIMARY_224,False,2,"The candidate answer correctly identifies a positive correlation between VOL_DER and SP500 and provides a model context. However, it does not mention the correlation coefficient (0.554409) from the reference, which is a key quantitative finding. The coefficient value is important for indicating the strength of the relationship. The answer includes a minor unsupported claim by mentioning a specific coefficient and T-Statistic not present in the reference.",OK,True,3,"The candidate answer correctly identifies a positive correlation between VOL_DER and SP500 and provides a relevant coefficient from the regression model. However, it does not mention the correlation coefficient (0.554409) from the reference, which is a minor factual omission. The explanation is grounded in the reference but includes a minor unsupported claim about the regression 4 factors model not being explicitly mentioned in the reference.",OK,True,3,"The candidate answer correctly identifies a positive correlation between VOL_DER and SP500 and is grounded in the reference. However, it introduces a regression coefficient (159.9) not mentioned in the reference, which is a minor unsupported claim. It also does not explicitly state the correlation coefficient (0.554409) from the reference, which is a minor omission. The answer is task-satisfying and mostly correct.",OK
unidoc_finance_0051,MISS_AT_3_HIT_AT_6,PRIMARY_224,False,0,"The candidate answer incorrectly claims that the specific rankings are not provided, while the reference answer clearly lists them. The candidate answer fails to provide the correct information and contradicts the reference.",OK,False,2,"The candidate answer is partially correct in listing some countries and their rankings, but it is incomplete and includes countries (e.g., Slovenia, Latvia, Lithuania) not in the reference answer. It also omits many countries from the reference. The answer includes a minor unsupported claim (the inclusion of these additional countries). It addresses the task but does so incompletely.",OK,True,4,"The candidate answer is fully correct in the rankings and matches the reference answer exactly. It is complete in listing all the countries and their ranks, and it is fully grounded in the reference. The answer directly satisfies the task by providing the requested ranking information.",OK
unidoc_finance_0063,MISS_AT_3_HIT_AT_6,PRIMARY_224,False,0,"The candidate answer does not provide the requested information and instead states that the evidence is not available, which is not supported by the reference. It fails to answer the question.",OK,False,0,"The candidate answer completely fails in correctness as the percentages provided are entirely incorrect and opposite in direction to the reference answer. However, it is complete in listing all three indices and directly answers the task by providing the requested data, even if it is wrong.",OK,False,0,"The candidate answer is entirely incorrect and does not match the reference answer. It provides negative percentage shifts and attributes them to GDP growth, which is not only factually wrong but also irrelevant to the question about index performance. The answer fails to address the actual question and contradicts the reference.",OK
unidoc_finance_0065,MISS_AT_3_HIT_AT_6,PRIMARY_224,False,0,"The candidate answer incorrectly states that there is no information available, when the reference answer clearly provides a comparison. The candidate fails to address the question and contradicts the reference.",OK,False,0,"The candidate answer fails to provide any comparison between the two inflation rates as requested. It incorrectly claims that the evidence does not provide the information, when the reference answer clearly describes the comparison.",OK,False,0,"The candidate answer incorrectly claims there is no information available, when the reference answer clearly provides a comparison. The answer fails to address the question and contradicts the reference.",OK
unidoc_finance_0071,MISS_AT_3_HIT_AT_6,PRIMARY_224,False,0,"The candidate answer incorrectly claims that the information is not provided, when the reference answer clearly specifies the η2 measurements for ω2 and β2. The candidate fails to provide the correct values and does not address the question as required.",OK,False,0,"The candidate answer provides completely different η2 measurements for ω2 and β2 than the reference answer, and does not match any of the values provided in the reference. It also introduces unmentioned categories like CG, CM, CC, Bitstamp, and Kraken, which are not part of the reference. The answer is entirely incorrect and unsupported.",OK,False,0,"The candidate answer provides completely different η2 measurements for ω2 and β2 than the reference answer and includes additional, unsupported details (e.g., CG, CM, CC, Bitstamp, Kraken). It is incorrect and does not align with the reference.",OK
unidoc_finance_0078,MISS_AT_3_HIT_AT_6,PRIMARY_224,False,0,"The candidate answer is incorrect and fails to answer the question. It falsely claims that the information is not available and references data from 2021, which is not part of the reference. The correct answer is clearly stated in the reference as 150,000.",OK,True,4,"The candidate answer is fully correct, covers all essential points, is consistent with the reference, and directly answers the question.",OK,True,4,"The candidate answer is fully correct, includes all essential information, is consistent with the reference, and directly answers the question.",OK
unidoc_finance_0079,MISS_AT_3_HIT_AT_6,PRIMARY_224,False,0,"The candidate answer incorrectly claims that the evidence does not address the question, when the reference answer clearly states how output per worker changed in Indonesia and Mexico. The candidate answer fails to provide the correct information and contradicts the reference.",OK,True,3,"The candidate answer correctly states that output per worker increased in Indonesia and Mexico between 2010 and 2018, which aligns with the reference. However, it does not mention the relative magnitude of the increase (e.g., Indonesia had the highest increase), which is a minor factual omission. The answer is grounded in the reference and task-satisfying, but it is incomplete in not capturing the comparative aspect.",OK,True,3,"The candidate answer is mostly correct in stating that output per worker increased in both Indonesia and Mexico between 2010 and 2018. However, it incorrectly suggests both countries had the same increase (from 100 to 120), whereas the reference answer indicates Indonesia had the highest increase and Mexico had a moderate one. The answer is grounded in the reference but includes a minor unsupported claim about the exact index values. It addresses the main idea but misses the nuance in the degree of increase.",OK
unidoc_finance_0090,MISS_AT_3_HIT_AT_6,PRIMARY_224,False,1,"The candidate answer provides values for most of the requested statistical measures, but these values do not match the reference answer and are likely fabricated or incorrect. Additionally, θ2 is marked as 'not mentioned,' which is not the case in the reference. The answer also includes unsupported claims about the model and data source, and it fails to provide the correct intervals as specified in the reference.",OK,False,1,"The candidate answer provides detailed values for the statistical measures but does not match the reference answer in terms of the specific intervals or values. It also fails to fully list all the requested measures and their intervals, and it includes unsupported or irrelevant details (e.g., model types like GJR-GARCH, EGARCH, and data sources like CG, CM, etc.).",OK,False,1,"The candidate answer provides detailed descriptions of the statistical measures and their intervals, but the values do not match the reference answer. The values for ω2, γ2, θ2, β2, η2, ξ2, p22, and UV2 are all different from the reference, indicating a lack of grounding. The task was to identify the measures and their intervals as used in the evaluation, not to describe their model context. The answer fails to match the reference values and does not directly answer the question as requested.",OK
unidoc_finance_0110,MISS_AT_9,PRIMARY_224,False,0,"The candidate answer is incorrect and fails to provide the required information. The reference answer clearly states the proportions, so the candidate's claim that the evidence is not available is false.",OK,False,0,"The candidate answer does not provide the correct proportions of equity and liabilities and instead claims the information is unsupported, which is incorrect based on the reference answer.",OK,False,0,"The candidate answer does not provide the correct proportions of equity and liabilities as stated in the reference answer and instead claims the information is unsupported, which is incorrect.",OK
unidoc_finance_0113,MISS_AT_3_HIT_AT_6,PRIMARY_224,False,2,"The candidate answer correctly identifies a general decline in the value of U.S. energy-related petroleum imports from 2012 to early 2015 and provides specific percentage decreases. However, it focuses on average prices per barrel and year-over-year changes rather than the total import value as stated in the reference answer. This introduces some imprecision in the key metric (total value vs. per-barrel price). The answer is partially correct, covers the main idea, and is mostly grounded but includes a minor unsupported claim about specific percentages.",OK,False,2,"The candidate answer correctly identifies a decline in the value of U.S. energy-related petroleum imports and provides a 45.1% decrease from 2014 to early 2015, which is consistent with the reference. However, it does not directly state the absolute values (e.g., $35 billion to $15 billion) mentioned in the reference, which weakens completeness. The mention of oil prices and volume is relevant but not essential to the question and introduces some imprecision by focusing on 2014-2015 rather than 2012-2015 as asked. The answer is grounded in the reference but includes some minor unsupported claims (e.g., the exact percentage and the role of volume).",OK,,,,JUDGE_ERROR
unidoc_finance_0151,MISS_AT_3_HIT_AT_6,PRIMARY_224,False,2,"The candidate answer correctly identifies the rapid increase in FDI in 2007 and the decline in 2012, as well as the fluctuating nature of FDI in later years. However, it omits the economic crisis impact in 2008-2009 and does not clearly describe the early rapid increase and subsequent instability as requested. It includes some additional details (e.g., sectoral distribution, zloty depreciation) that are not in the reference and not directly relevant to the question. The answer is partially correct and covers the main idea but misses important parts.",OK,False,2,"The candidate answer correctly identifies the rapid increase in FDI in the early years (2007 peak) and mentions a decline in 2012, which aligns with the reference's description of fluctuating decreases after the initial growth. However, it introduces unsupported details (e.g., EU access as a cause, specific figures, sectoral shifts) not present in the reference. The answer is partially correct but includes important factual elements not in the reference. It covers the main idea but misses the reference's emphasis on the 2008-2009 crisis and the slow growth from 2014-2016. The repetition of the same phrases undermines clarity and task satisfaction.",OK,True,3,"The candidate answer correctly identifies the rapid increase in FDI in the early years (2007 peak) and the subsequent fluctuations and declines, including the 2012 drop and the 2008-2010 crisis period. However, it introduces some specific data (e.g., USD figures, liability values) not present in the reference, which are not necessary for the question and may be considered minor unsupported claims. It also misstates '2008/2007' as a year of decline, which is imprecise. The answer covers the main idea but misses the reference's emphasis on the 2014-2016 slow growth phase and the varied intensity of later decreases.",OK
unidoc_finance_0163,MISS_AT_3_HIT_AT_6,PRIMARY_224,False,0,"The candidate answer incorrectly claims the information is not present, while the reference answer explicitly provides the covariance value of -27683.27. The candidate fails to answer the question and contradicts the reference.",OK,False,0,The candidate answer is incorrect and fails to provide the requested numerical value. It also does not align with the reference answer and does not attempt to answer the question.,OK,False,0,The candidate answer is incorrect and fails to provide the correct covariance value. It also does not align with the reference answer and does not fulfill the task of answering the question.,OK
unidoc_finance_0168,MISS_AT_3_HIT_AT_6,PRIMARY_224,False,2,"The candidate answer provides a detailed account of oil price fluctuations from 2008 to 2012, including specific months and price points. However, it includes some minor inaccuracies (e.g., the peak in 2008 is stated as $140 instead of $125, and the reference answer does not mention the 2012 energy import value). It covers the main idea and some key points but misses the reference's concise summary of the overall trend (peaking in 2008, bottoming in 2009, and fluctuating between $70 and $100 from 2010 to early 2012). The answer is grounded in the general timeframe and trends but includes some unsupported or overly detailed claims.",OK,True,3,"The candidate answer is mostly correct and aligns with the reference in terms of the general trend of oil prices peaking in 2008, falling in 2009, and fluctuating between $70 and $100 per barrel from 2010 to 2012. However, it includes more detailed and specific data points (e.g., $140 peak, 85% increase in 2009, $112 in 2011) that are not in the reference, which may introduce minor imprecision. It also includes additional context about the U.S. trade deficit, which is not part of the question. The answer is grounded in the reference but goes beyond it.",OK,,,,JUDGE_ERROR
unidoc_finance_0182,MISS_AT_9,PRIMARY_224,False,1,"The candidate answer describes a general method for estimating Pareto parameters using maximum likelihood and the CvM test, but it does not mention the specific method or key detail from the reference answer: the use of a cut-off at €4 million for data correction and statistical basis. The candidate answer is not grounded in the reference and fails to address the specific method described in the reference.",OK,False,2,"The candidate answer describes a detailed method for estimating the Pareto scale parameter using the Clauset et al. (2009) approach, including fitting Pareto distributions, using the CvM test, and maximum likelihood estimation. However, it does not mention the key detail from the reference answer: the cut-off at €4 million used for data correction and statistical basis. This omission makes the answer incomplete and not grounded in the reference. Additionally, the candidate answer goes beyond the scope of the question by providing more technical detail than necessary, which does not satisfy the task directly.",OK,False,2,"The candidate answer describes a method for estimating the Pareto scale parameter using the Clauset et al. (2009) approach, including maximum likelihood estimation, the Cramer–Von-Mises test, and subsampling. However, it does not mention the specific cut-off of €4 million for households, which is a key detail in the reference answer. The method described is plausible but not grounded in the reference, and the answer is incomplete in that sense.",OK
unidoc_finance_0183,MISS_AT_3_HIT_AT_6,PRIMARY_224,False,0,"The candidate answer is incorrect and fails to address the question. The reference answer clearly provides specific financial insights, but the candidate claims the information is not supported by the evidence, which contradicts the reference.",OK,,,,JUDGE_ERROR,,,,JUDGE_ERROR
unidoc_finance_0184,MISS_AT_6_HIT_AT_9,PRIMARY_224,False,2,"The candidate answer correctly identifies a continued decline in poverty rates in the baseline scenario and mentions alternative projections with varying outcomes, which aligns with the reference. However, it introduces specific figures (22.4% in 2008, 5.4% in 2030) and names (Ravallion and Kenny, Karver & Sumner) not present in the reference, which are unsupported claims. It also misses the specific 1.4% to 15.2% range in 2030 from the reference. The answer addresses the task but is incomplete and includes minor unsupported claims.",OK,False,2,"The candidate answer correctly identifies a difference in the pace of poverty reduction between the baseline and authoritative figures, and it includes specific numerical projections. However, it is partially correct because it mischaracterizes the authoritative figures as suggesting that poverty could be eliminated by 2030 if the past trend is sustained, which is not consistent with the reference. The reference does not mention this specific claim. The answer is incomplete as it does not mention the range of alternative scenarios (1.4% to 15.2% in 2030) or the fact that the baseline shows a more pronounced decline than the range of estimates. It includes a minor unsupported claim about the authoritative figures.",OK,,,,JUDGE_ERROR
unidoc_finance_0185,MISS_AT_3_HIT_AT_6,PRIMARY_224,False,1,"The candidate answer does not provide the GDP effect on various regions as requested. Instead, it discusses general economic implications and comparisons between FTA scenarios without citing the specific GDP percentages from the 2004 APEC Economic Outlook. It is not grounded in the reference answer and fails to address the task directly.",OK,False,1,The candidate answer provides a general discussion of the FTAAP's potential effects but does not include the specific GDP impact percentages for the regions as required by the question. It makes unsupported claims about economic losses and competitive discrimination without citing the actual data from the 2004 APEC Economic Outlook. The answer fails to directly address the question with the required factual data.,OK,False,1,"The candidate answer correctly notes that the 2004 APEC Economic Outlook discusses the GDP effects of an Asia-wide FTA but fails to provide the specific GDP figures requested in the question. Instead, it offers a general interpretation and omits the actual data from the reference. This results in a mostly incorrect answer for the task.",OK
unidoc_finance_0192,MISS_AT_3_HIT_AT_6,PRIMARY_224,False,1,"The candidate answer describes the general procedure for estimating Pareto's Alpha and mentions variation across implicates, but it does not address the specific trend of how the estimates change from 95 to 70. It introduces unrelated details about subsamples, the CvM test, and the 78th percentile, which are not relevant to the question. It fails to mention the general decline in Alpha estimates or the behavior of specific implicates as described in the reference.",OK,False,1,"The candidate answer describes the method of estimating Pareto's Alpha and mentions variation between implicates, but it does not address the specific trend of Alpha estimates declining from 95 to 70 as described in the reference. It lacks the key point about the general decline in Alpha estimates and the behavior of specific implicates like #1. The answer is mostly incorrect for the task and does not align with the reference.",OK,False,1,The candidate answer provides detailed methodological information about estimating Pareto's Alpha but does not address the specific question about how the estimates change from 95 to 70 across various implicate scenarios. It lacks the key point about the general decline in Alpha estimates as the implicate number decreases and fails to mention the stabilization or variation among implicates as described in the reference answer. The answer is mostly incorrect for the task.,OK
unidoc_finance_0195,MISS_AT_9,PRIMARY_224,True,4,"The candidate answer correctly states the threshold of €4 million and adds additional context about how observations beyond the threshold are handled, which is consistent with the reference and semantically correct.",OK,True,4,"The candidate answer correctly states the threshold of €4 million and adds additional context about how observations beyond the threshold are handled, which is consistent with the reference and semantically correct.",OK,True,4,"The candidate answer is fully correct and matches the reference answer regarding the threshold of €4 million. It also adds additional accurate information about how observations beyond the threshold are handled, which is consistent with the reference and does not introduce errors.",OK
unidoc_finance_0196,MISS_AT_3_HIT_AT_6,PRIMARY_224,False,0,"The candidate answer is incorrect and fails to provide the requested information. The reference answer clearly provides the rankings, but the candidate answer claims the information is not present.",OK,True,4,"The candidate answer is fully correct, listing all the countries and their corresponding ranks as stated in the reference answer. The format is slightly different (using numbered list and labels like 'Rank X'), but the meaning is semantically identical. All essential points are covered, and the answer is directly aligned with the reference.",OK,True,4,"The candidate answer is fully correct, lists all the nations and their corresponding ranks as per the reference answer, and directly addresses the question. The format is slightly different but semantically equivalent.",OK
unidoc_finance_0199,MISS_AT_3_HIT_AT_6,PRIMARY_224,False,1,"The candidate answer incorrectly states that unemployment increased from 1995 to 2020 and attributes the increase to the pandemic, which contradicts the reference answer that describes a decrease from 1995 to 2010 followed by a significant increase by 2020. The candidate also introduces unsupported details about Southern Africa, South Africa, and specific percentages not mentioned in the reference. The answer fails to capture the correct trend and includes substantial unsupported claims.",OK,False,1,"The candidate answer incorrectly states that unemployment rates showed a negative trend over the years from 1995 to 2020, which contradicts the reference answer that describes a decrease from 1995 to 2010 followed by a significant increase in 2020. The candidate also introduces unsupported details (e.g., South Africa, 35% unemployment rate) not present in the reference. The answer fails to capture the correct trend and includes substantial unsupported claims.",OK,False,0,"The candidate answer contradicts the reference answer and provides incorrect information about the unemployment trend. It claims unemployment was high and worsened over time, reaching 35-45%, which is inconsistent with the reference's statement that unemployment decreased from 1995 to 2010 and then increased significantly by 2020. The candidate answer also introduces unsupported details about Southern Africa and South Africa, which are not relevant to the question.",OK
unidoc_healthcare_0008,MISS_AT_3_HIT_AT_6,PRIMARY_224,False,2,"The candidate answer correctly identifies that keratinocyte supernatants influence CD1a+ precursor cell movement under IL-1β and TNF-α, and introduces MIP-3a as a key chemokine. However, it does not mention the dose-dependent increase in migration with increasing supernatant concentration, which is a key point in the reference. The addition of MIP-3a and its role is a valid detail but not part of the reference, making it a minor unsupported claim.",OK,False,2,"The candidate answer is partially correct, as it correctly identifies that activated keratinocyte supernatants influence CD1a+ precursor cell migration and that the effect is dose-dependent. However, it introduces the role of MIP-3α and anti–MIP-3α antibody, which are not mentioned in the reference answer. This is a minor unsupported claim. The reference focuses on the presence of IL-1β and TNF-α as necessary for increased migration, which is not explicitly addressed in the candidate answer. The candidate covers the main idea but misses the essential point about the necessity of IL-1β and TNF-α for the observed effect.",OK,False,2,"The candidate answer correctly identifies that keratinocyte supernatants influence CD1a+ precursor cell migration under IL-1β and TNF-α, and introduces MIP-3a as a key chemokine involved. However, it does not mention the dose-dependent increase in migration with increasing supernatant concentration, which is a key point in the reference. The anti-MIP-3a antibody detail is not in the reference and is thus an unsupported addition. The answer partially addresses the question but misses a central quantitative finding.",OK
unidoc_healthcare_0015,MISS_AT_3_HIT_AT_6,PRIMARY_224,False,0,"The candidate answer does not address the question about the stages and durations of a single cardiac rehab interval workout session. Instead, it describes a long-term rehabilitation program with phases over weeks and months, which is unrelated to the specific interval training session structure asked about in the question. It is entirely off-topic and unsupported by the reference answer.",OK,False,0,"The candidate answer does not address the question about the stages and durations of a single cardiac rehab interval workout. Instead, it describes a multi-phase rehabilitation program over several weeks, which is unrelated to the specific question about the stages and time lengths of an interval training session.",OK,False,0,"The candidate answer does not address the question about the stages and durations of a cardiac rehab interval workout session. Instead, it describes a long-term cardiac rehab program structure, including hospitalization, home-based training, and recall sessions, which is unrelated to the specific interval workout stages and their durations asked in the question.",OK
unidoc_healthcare_0020,MISS_AT_3_HIT_AT_6,PRIMARY_224,False,2,"The candidate answer correctly identifies that amnesia was due to encephalitis-related damage, but introduces the term 'postencephalitic amnesia,' which is not mentioned in the reference. It also adds details about the types of amnesia and brain regions affected, which are not supported by the reference. The reference specifically names encephalitis as the cause and mentions two patients, which the candidate answer omits.",OK,False,2,"The candidate answer correctly identifies herpes simplex encephalitis as the cause, which is a specific type of encephalitis, but it is not supported by the reference answer, which only mentions encephalitis in general and does not specify herpes simplex. The answer is partially correct but lacks grounding in the reference and misses essential points.",OK,False,2,"The candidate answer provides a specific cause (herpes simplex encephalitis) not mentioned in the reference, which only states 'encephalitis' as the cause. This introduces an unsupported claim, reducing grounding. It partially answers the question but misses the specific examples (E.P. and G.T.) and is therefore incomplete.",OK
unidoc_healthcare_0031,MISS_AT_9,PRIMARY_224,False,0,"The candidate answer does not provide the requested information and instead claims it is unsupported, which is incorrect as the reference answer provides the details.",OK,False,0,"The candidate answer does not provide the requested information and instead claims it is unsupported, which is incorrect as the reference answer clearly provides the ISSN and edition details.",OK,False,0,"The candidate answer does not provide the requested information and instead claims it is unsupported, which is incorrect as the reference answer clearly provides the ISSN and edition details.",OK
unidoc_healthcare_0036,MISS_AT_3_HIT_AT_6,PRIMARY_224,False,0,"The candidate answer is incorrect and fails to address the question. The reference clearly states that age explains a significant portion of the variance in ToM emotions and beliefs, and the candidate answer claims the information is not provided.",OK,,,,JUDGE_ERROR,True,3,"The candidate answer correctly states the percentages of variance explained by age for ToM emotions and beliefs and correctly identifies the impact of age. However, it omits the correlation values (.54 and .55) mentioned in the reference, which are important details. The answer is grounded in the reference and directly addresses the question, but it is slightly incomplete.",OK
unidoc_healthcare_0037,MISS_AT_6_HIT_AT_9,PRIMARY_224,False,0,"The candidate answer fails to provide the correct z-scores and instead claims the information is unsupported, which contradicts the reference answer.",OK,False,1,"The candidate answer correctly states that the z-scores are not explicitly provided in the retrieved text, which is consistent with the reference. However, it fails to provide the actual z-scores from the reference answer, making it incomplete and not satisfying the task.",OK,False,0,"The candidate answer fails to provide the correct z-scores and instead claims the information is not available, which contradicts the reference answer.",OK
unidoc_healthcare_0038,MISS_AT_3_HIT_AT_6,PRIMARY_224,True,3,"The candidate answer correctly states that A172R-exo increases spheroid size in both U87 and A172 cells, which aligns with the reference. However, it mentions 'soft agar' and 'colonies,' which are not in the reference, making the claim only partially grounded. The reference refers to spheroid diameter in an unspecified context, not soft agar. The answer is mostly correct but lacks the specific detail about average diameter and the comparison to PBS and A172-exo treatments.",OK,True,3,"The candidate answer correctly states that A172R-exo increases spheroid size in both U87 and A172 cells, which aligns with the reference. However, it mentions 'soft agar' and 'colonies' instead of 'spheroids' and 'average diameter,' which is a minor imprecision. It also omits the comparison with PBS treatment mentioned in the reference. The claim is grounded in the reference but uses different terminology and misses a key detail.",OK,True,3,"The candidate answer correctly states that A172R-exo increases spheroid size in both U87 and A172 cells, which aligns with the reference. However, it mentions 'soft agar' and 'colonies' instead of 'spheroids' and does not mention the comparison with PBS as in the reference. This is a minor factual imprecision and omits a key comparison point, affecting completeness and grounding.",OK
unidoc_healthcare_0043,MISS_AT_3_HIT_AT_6,PRIMARY_224,True,4,"The candidate answer correctly states that CRT mRNA expression is increased in CRT-overexpressed cells compared to the vector control and includes a statistical significance (P<0.001), which is not in the reference but is plausible. It directly answers the question and is consistent with the reference. However, it misses the emphasis on 'relative expression' from the reference, slightly reducing completeness.",OK,True,4,"The candidate answer is fully correct, clearly states that CRT mRNA expression is increased in CRT-overexpressed cells compared to the vector control, and includes statistical significance. It is consistent with the reference and directly answers the question.",OK,True,4,"The candidate answer is fully correct, clearly states that CRT mRNA expression is increased in CRT-overexpressed cells compared to the vector control, and includes statistical significance (P<0.001), which is consistent with the reference. It directly addresses the question and is grounded in the reference.",OK
unidoc_healthcare_0050,MISS_AT_3_HIT_AT_6,PRIMARY_224,True,3,"The candidate answer correctly identifies that high Egr3 expression suppresses Cyc D* levels, which aligns with the reference. However, it introduces the concept of bistability and cell cycle checkpoint-determinants, which are not explicitly mentioned in the reference, making it somewhat indirect and adding complexity not required by the question. It covers the main idea but misses the concise, direct relationship stated in the reference.",OK,True,4,"The candidate answer is fully correct, accurately reflecting the reference answer. It explains that as ks_egr3 increases, Cyc D* levels decrease, and it adds a slight elaboration (about Egr3 expression suppressing Cyc D* levels) that is consistent with the reference. It is complete, grounded in the reference, and directly answers the question.",OK,True,4,"The candidate answer is fully correct, accurately reflecting the reference answer. It explains that as ks_egr3 increases, Cyc D* levels decrease. It also adds a biologically reasonable interpretation (Egr3 expression suppresses Cyc D* and the cell cycle), which is consistent with the reference and does not contradict it. The answer directly addresses the question and is grounded in the study.",OK
unidoc_healthcare_0053,MISS_AT_3_HIT_AT_6,PRIMARY_224,False,0,"The candidate answer is incorrect and fails to answer the question. The reference clearly states that CD25 and CD69 are the activation markers for CD3+ cells, and the candidate answer claims no information is provided.",OK,True,4,"The candidate answer is fully correct, covers all essential points, is consistent with the reference, and directly answers the question.",OK,True,4,"The candidate answer is fully correct, covers all essential points, is consistent with the reference, and directly answers the question.",OK
unidoc_healthcare_0055,MISS_AT_3_HIT_AT_6,PRIMARY_224,False,1,"The candidate answer correctly identifies that survival chances vary based on tumor size and MI and mentions the existence of three risk groups. However, it fails to provide the correct survival probabilities for each risk group as stated in the reference. Instead, it incorrectly references texture feature values, which are not part of the LMS Stage I risk categories defined by tumor size and MI. This leads to a substantial contradiction with the reference and a failure to answer the question directly.",OK,True,3,"The candidate answer is mostly correct and covers all essential points, including the three risk groups, their definitions, and their 5-year survival rates. The only minor inaccuracy is the phrase 'MI >10 per 10 HPF,' which is likely a typographical error and should be 'MI >10 per HPF.' The survival probabilities are consistent with the reference, and the answer directly addresses the question.",OK,True,3,"The candidate answer correctly identifies the three risk groups and their corresponding survival rates, aligning with the reference in terms of the general trend (low, medium, high risk with decreasing survival). However, there is a minor factual imprecision in the description of the medium risk group, which is stated as 'MI >10 per 10 HPF' instead of 'MI >10 per HPF'. Additionally, the candidate introduces a reference to a study by Abeler et al. and nuclear texture features, which are not mentioned in the reference answer and are thus unsupported.",OK
unidoc_healthcare_0056,MISS_AT_3_HIT_AT_6,PRIMARY_224,True,3,"The candidate answer correctly identifies the inhibitory effect of Egr3 on Cyc D* and Cyc E* as ks_egr3 increases, which aligns with the reference. However, it introduces molecular mechanisms not mentioned in the reference, which is a minor unsupported claim. It also does not directly reference the graphs as the reference does, making it less complete. The answer is task-satisfying but not fully grounded or complete.",OK,True,3,"The candidate answer correctly identifies that Cyc D* and Cyc E* concentrations decrease with rising ks_egr3 values, aligning with the reference. It adds some detail about E2F and a bistable behavior, which are not in the reference but do not contradict it. The answer is mostly correct and complete with respect to the question and grounded in the reference.",OK,True,3,"The candidate answer is mostly correct in stating that Cyc D* and Cyc E* concentrations decrease with rising ks_egr3 values. It is complete in covering the main idea and includes additional detail about the nature of the decrease (especially for Cyc E*). The answer is grounded in the reference and directly addresses the question. The only minor issue is the mention of 'bistable manner' and 'sharp decrease' for Cyc E*, which are not explicitly supported by the reference answer.",OK
unidoc_healthcare_0066,MISS_AT_3_HIT_AT_6,PRIMARY_224,False,1,"The candidate answer incorrectly states that the evidence does not specify the expression levels in GES-1, AGS, or HGC-27, when the reference clearly provides these values. It also fails to report the actual expression levels and the comparison with MKN-45. The answer is mostly incorrect and does not address the question as required.",OK,False,2,"The candidate answer correctly identifies that B3GALT5-AS1 is significantly higher in MKN-45 and HGC-27 compared to GES-1, which is consistent with the reference. However, it omits the specific values and the comparison with AGS cells, and it does not mention the method (RT-qPCR) or the exact statistical significance levels. The claim about AGS is missing, and the reference to the 'provided text' is unnecessary and unsupported.",OK,False,2,"The candidate answer correctly identifies that B3GALT5-AS1 is significantly higher in MKN-45 compared to GES-1 and mentions HGC-27 is higher than GES-1, which is partially correct. However, it omits the specific values (1.0, 1.2, 1.3, 3.0) and the exact statistical significance (***P<0.001). It also incorrectly states that AGS levels were not mentioned, when the reference does include AGS. The method (RT-qPCR) is correctly mentioned.",OK
unidoc_healthcare_0070,MISS_AT_3_HIT_AT_6,PRIMARY_224,False,2,"The candidate answer is partially correct by indicating that AX2 cells have a low percentage of multinucleated cells and AT-Kneg cells have a higher percentage. However, it omits the specific numbers of 1-2 nuclei for AX2 and 3 or more for AT-Kneg from the reference. The percentages provided are not in the reference, making them unsupported claims.",OK,False,2,"The candidate answer is partially correct, as it correctly notes that AX2 cells are mostly not multinucleated and that AT-Kneg cells have a higher proportion of multinucleated cells. However, it omits the specific reference to 1-2 nuclei in AX2 and 3 or more in AT-Kneg, which are key details from the reference. The percentages provided are not in the reference, making them unsupported claims.",OK,False,2,"The candidate answer is partially correct in indicating a difference in multinucleation between AX2 and AT-Kneg cells, but it lacks the specific information about the number of nuclei (1-2 vs. 3 or more) provided in the reference. The percentages given are not present in the reference and are thus unsupported claims. The answer addresses the general task but misses key quantitative details.",OK
unidoc_healthcare_0074,MISS_AT_3_HIT_AT_6,PRIMARY_224,False,1,"The candidate answer incorrectly states that Egr3 overexpression decreases the ratio of cells in G0, while the reference clearly states the opposite. This is a major factual error. The answer also introduces unsupported claims about HSCs and the mechanism of action. It fails to align with the reference and does not correctly address the question.",OK,True,3,"The candidate answer is mostly correct in stating that Egr3 increases the proportion of cells in G0 and correctly references the study's findings. It adds mechanistic details (e.g., suppression of Cdk2 and Cdk4/6) not in the reference, which is a minor unsupported claim. It also introduces a comparison with Maff, which is not in the reference. The main idea is captured, but some details are speculative or not grounded.",OK,True,3,"The candidate answer is mostly correct in stating that Egr3 increases the proportion of cells in G0, and it provides a plausible mechanistic explanation. However, the reference answer does not mention suppression of the cell cycle or specific regulators like Cdk2, Cdk4/6, Cyc D*, Cyc E*, or E2F, so these details are not grounded in the reference. The main idea is captured, but the additional mechanistic details are unsupported.",OK
unidoc_healthcare_0075,MISS_AT_3_HIT_AT_6,PRIMARY_224,False,2,"The candidate correctly identifies that CARBENOXOLONE inhibits HSD11B1 and that HSD11B1 is a susceptible gene. However, it incorrectly claims there is no mention of NAAA in the text, while the reference clearly states that CARBENOXOLONE also interacts with NAAA. The candidate misses the gene-drug effect relationship for both targets and includes a minor unsupported claim about the absence of NAAA information.",OK,True,4,"The candidate answer is fully correct, covering all essential points about CARBENOXOLONE's inhibitory effect on both NAAA and HSD11B1, and accurately describing the alignment (or lack thereof) between drug effects and gene effects as per the CRISPR screening. It is consistent with the reference and directly answers the question.",OK,False,1,"The candidate answer correctly identifies CARBENOXOLONE as an inhibitor of HSD11B1, which is accurate. However, it incorrectly claims there is no information about NAAA, when the reference clearly states that CARBENOXOLONE inhibits NAAA and provides gene-drug effect details. The answer is incomplete and contradicts the reference on a key point.",OK
unidoc_healthcare_0077,MISS_AT_3_HIT_AT_6,PRIMARY_224,False,1,"The candidate answer is mostly incorrect as it claims Egr3 suppresses cell growth and cycle progression, which directly contradicts the reference answer stating that Egr3 increases proliferation and reduces G0 phase. The candidate introduces unsupported claims about mechanisms (e.g., suppression of CyclinD:Cdk4/6 and CyclinE:Cdk2) and in silico tests not mentioned in the reference. It fails to address the correct direction of the effect and lacks grounding in the provided reference.",OK,False,1,"The candidate answer is mostly incorrect as it claims Egr3 suppresses growth and increases G0 phase, which contradicts the reference stating Egr3 increases proliferation and reduces G0. It fails to cover the correct effect and misrepresents the data.",OK,False,1,"The candidate answer is mostly incorrect as it claims Egr3 suppresses growth and increases G0 phase ratio, which directly contradicts the reference answer stating Egr3 increases proliferation and reduces G0 phase. It fails to cover the correct effect and introduces unsupported details about HSCs.",OK
unidoc_healthcare_0078,MISS_AT_3_HIT_AT_6,PRIMARY_224,False,2,"The candidate answer correctly identifies the two main groups (unchanged and FMD plus) and mentions the types of additional symptoms. However, it lacks specific percentages and exact numbers from the reference, which are essential for a full answer. The mention of 'functional neurological disorder (FND)' is not in the reference and is an unsupported addition. The answer is partially correct and incomplete but captures the main idea.",OK,True,4,"The candidate answer is fully correct in terms of factual accuracy, covering all the key percentages and phenotypic shifts described in the reference. It is semantically rephrased but consistent with the reference. It directly answers the question and includes all essential points.",OK,True,3,"The candidate answer is mostly correct but omits specific percentages from the reference (e.g., 68.2% of dystonia, 37.5% of tremor, 50% of gait disorder remained unchanged). It also introduces unsupported details like 'functional neurological disorder (FND)' and 'myoclonus/jerks' which are not in the reference. The overall structure and main idea are captured, but some key data is missing or imprecise.",OK
unidoc_healthcare_0083,MISS_AT_3_HIT_AT_6,PRIMARY_224,False,0,"The candidate answer is incorrect and does not align with the reference answer. It provides an interval [60, 72], which is unrelated to the coverage probability range of 0.90 to 0.98.",OK,False,0,"The candidate answer is incorrect and does not align with the reference answer. The reference states the coverage probability range is from 0.90 to 0.98, while the candidate incorrectly states [60, 72], which is not a valid probability interval and contradicts the reference.",OK,False,0,"The candidate answer is incorrect and does not align with the reference answer. The reference states a coverage probability range of 0.90 to 0.98, while the candidate incorrectly provides [60, 72], which is not a valid probability interval and contradicts the reference.",OK
unidoc_healthcare_0085,MISS_AT_3_HIT_AT_6,PRIMARY_224,True,4,"The candidate answer is fully correct and aligns with the reference in describing the neuronal loss in the amygdala, entorhinal cortex, and cerebral cortex. It provides detailed and accurate observations, including the layers affected and specific regions. It covers all essential points and is consistent with the reference without unsupported claims. It directly and completely answers the question.",OK,True,4,"The candidate answer is fully correct and aligns with the reference in describing the neuronal loss in A.B.'s medial temporal lobe (amygdala and entorhinal cortex) and the cerebral cortex. It provides detailed and accurate observations, including the generalized loss in the amygdala, layer III loss in the entorhinal cortex, and widespread cortical damage. It covers all essential points and is consistent with the reference without unsupported claims.",OK,True,4,"The candidate answer is fully correct, covering all the key observations from the reference answer and adding additional specific details (e.g., deep nuclei in the amygdala, layers V and VI in the entorhinal cortex, and specific cortical regions). It is consistent with the reference and directly addresses the question with a high level of detail and precision.",OK
unidoc_healthcare_0096,MISS_AT_3_HIT_AT_6,PRIMARY_224,False,1,"The candidate answer discusses the elastic regularizer and a mathematical formulation, but it does not address the specific adjustment of the incompressibility parameters (update and velocity fields) as described in the reference. It introduces unsupported claims and fails to answer the question directly.",OK,False,0,"The candidate answer is incorrect and does not align with the reference. It describes a method for enforcing incompressibility through a velocity field projection, but the reference explicitly states that the incompressibility update field is disabled and the velocity field can be either enabled or disabled. The candidate answer provides a mathematically detailed but unsupported and incorrect explanation.",OK,True,3,"The candidate answer correctly explains how incompressibility is implemented in the iLogDemons setup and mentions the 'Incompressibility velocity field' parameter with its options (0 or 1). However, it does not mention the 'Incompressibility update field' being set to 0 (Disable), which is part of the reference answer. The explanation is mostly correct and grounded, but it misses an essential point, leading to partial completeness.",OK
unidoc_healthcare_0100,MISS_AT_3_HIT_AT_6,PRIMARY_224,False,1,"The candidate answer incorrectly states that the text does not mention any effect, when the reference clearly states that corticosterone has no significant effect. The answer fails to address the actual effect and is unsupported by the reference.",OK,True,4,"The candidate answer is fully correct, covering the main finding that corticosterone does not affect exploration duration in either age group. It is consistent with the reference and directly addresses the question without introducing unsupported claims.",OK,True,4,"The candidate answer is fully correct, covering the key finding that corticosterone had no significant effect on exploration duration for both younger and older subjects. It is consistent with the reference and directly addresses the question.",OK
unidoc_healthcare_0115,MISS_AT_3_HIT_AT_6,PRIMARY_224,False,0,"The candidate answer incorrectly claims that the information is not provided, when the reference clearly states the changes in p-H2AX and Ki67 staining. The answer fails to address the question and contradicts the reference.",OK,False,0,"The candidate answer fails to address the question and does not provide any relevant information about the staining patterns of p-H2AX and Ki67. It contradicts the reference answer by claiming there is no information, when the reference clearly provides the required details.",OK,False,0,"The candidate answer incorrectly states that the text does not provide specific information, when the reference answer clearly provides the required information. The candidate answer fails to address the question and contradicts the reference.",OK
unidoc_healthcare_0119,MISS_AT_3_HIT_AT_6,PRIMARY_224,False,0,"The candidate answer incorrectly states that the information is not supported by evidence, when the reference clearly indicates a significant decrease in Lgr5 expression. The answer is factually incorrect, incomplete, and fails to address the question.",OK,False,0,"The candidate answer incorrectly claims that the information is not specified, while the reference answer clearly states that Lgr5 levels significantly decrease after radiation exposure. The candidate answer is factually incorrect and fails to address the question.",OK,False,0,"The candidate answer incorrectly claims that the information is not supported by the evidence, when the reference answer clearly states that Lgr5 levels significantly decrease. The candidate answer is factually incorrect, incomplete, and contradicts the reference.",OK
unidoc_healthcare_0121,MISS_AT_3_HIT_AT_6,PRIMARY_224,False,0,"The candidate answer fails to address the question and contradicts the reference by claiming there is no information, when the reference clearly provides a relevant answer.",OK,False,2,"The candidate answer is partially correct, as it correctly states that fundamental color pairings influence the capacity to distinguish colors, but adds unsupported details about elderly individuals and specific recognition times not present in the reference. It covers the main idea but misses the precise focus on 'categorization' from the reference. It is somewhat grounded but includes minor unsupported claims.",OK,False,2,"The candidate answer introduces the idea that fundamental color pairings influence the capacity to distinguish colors, which is correct in spirit, but it adds specific details (e.g., age groups, specific colors, recognition times) that are not mentioned or supported in the reference answer. The reference answer is very general, stating only that color combinations influence the ability to categorize colors. The candidate answer fails to align with the reference on factual content, leading to a grounding score of 0. It partially satisfies the task by addressing the influence of color pairings on color distinction, but it does not match the reference in content or completeness.",OK
unidoc_healthcare_0123,MISS_AT_3_HIT_AT_6,PRIMARY_224,True,3,"The candidate answer correctly states that nandrolone, alone or in combination with swimming training, decreased androgen receptor immunopositivity in rat testicular tissue, which aligns with the reference. However, it adds specific percentage values not present in the reference, which are not supported and constitute a minor imprecision. It also covers the main idea but misses the reference's mention of redox homeostasis and impaired reproductive function, reducing completeness. The answer is grounded in the reference but includes unsupported details.",OK,False,2,"The candidate answer correctly states that nandrolone decreased androgen receptor immunoreactivity, both alone and in combination with swimming training. However, it includes specific percentages and comparisons not present in the reference answer, which are not supported by the reference. The main idea is captured, but the additional details reduce grounding. The answer partially addresses the impact but does not mention the redox homeostasis or reproductive function implications from the reference, affecting completeness.",OK,True,3,"The candidate answer correctly states that nandrolone and swimming training decreased androgen receptor (AR) positivity in rat testicular tissue, and provides specific percentages. However, it does not mention the reference's key point about the impact on redox homeostasis and reproductive function, which is an important part of the overall impact. The answer is grounded in the reference but misses a key detail, leading to a minor incompleteness.",OK
unidoc_healthcare_0126,MISS_AT_3_HIT_AT_6,PRIMARY_224,False,1,"The candidate answer contradicts the reference by stating that NIA1 expression does not decrease under 1 µM DBMIB, while the reference clearly states that NIA1 expression decreases over time in both control and 1 µM DBMIB conditions. The candidate also introduces DCMU, which is not mentioned in the question or reference, making the answer off-topic and unsupported.",OK,False,1,"The candidate answer is mostly incorrect and does not align with the reference. It claims that NIA1 expression does not significantly decrease in 1 µM DBMIB, which contradicts the reference. It also introduces DCMU, which is not mentioned in the question or reference. The answer fails to address the specific comparison between control and 1 µM DBMIB as requested.",OK,False,1,"The candidate answer incorrectly states that NIA1 expression is not significantly affected by 1 µM DBMIB, which contradicts the reference. It also introduces DCMU, which is not mentioned in the question or reference. The answer fails to address the specific comparison between control and 1 µM DBMIB conditions as requested.",OK
unidoc_healthcare_0129,MISS_AT_3_HIT_AT_6,PRIMARY_224,True,4,"The candidate answer is fully correct, semantically equivalent to the reference answer, and directly addresses the question without introducing unsupported or incorrect information.",OK,True,4,"The candidate answer is fully correct in stating that 65 individuals were assigned to the intervention group following randomisation. It also provides additional context about the total planned recruitment, which is accurate and consistent with the reference. The answer directly addresses the question and is grounded in the reference.",OK,True,4,"The candidate answer is fully correct, semantically consistent with the reference, and directly answers the question. The only minor difference is the explicit spelling out of 'CHD' as 'congenital heart disease', which does not affect correctness.",OK
unidoc_healthcare_0135,MISS_AT_3_HIT_AT_6,PRIMARY_224,True,3,"The candidate answer correctly states that Batch11 has a higher I2S content than Enoxaparin and explains the difference in saccharide composition. It also adds relevant details about lower levels of GlcNAc and IdoA in Batch11, which are not in the reference but are consistent with the context. The only minor issue is the inclusion of additional details not in the reference, which slightly reduces correctness.",OK,True,4,"The candidate answer is fully correct, covers all essential points, is consistent with the reference, and directly answers the question about the I2S percentage difference between Batch11 and Enoxaparin.",OK,False,2,"The candidate answer correctly states that Batch11 has a higher I2S percentage compared to Enoxaparin, which aligns with the reference. However, it introduces additional details about IdoA2S, GlcNAc, and IdoA levels that are not mentioned in the reference, making them unsupported claims. The answer partially addresses the question but goes beyond the reference in some parts.",OK
unidoc_healthcare_0140,MISS_AT_6_HIT_AT_9,PRIMARY_224,False,1,"The candidate answer provides a general discussion of the relationship between Theory of Mind (ToM) emotions and self-regulatory variables in children with externalizing behavior disorders, but it does not include the specific correlation values from the reference answer. It also introduces unsupported comparisons (e.g., to children with ID and TD children) and makes claims not found in the reference. As a result, it lacks factual grounding and fails to directly answer the question with the required detail.",OK,False,1,"The candidate answer provides a general discussion of relationships between ToM emotions and various variables, but it does not include the specific correlation values from the reference answer. The percentages mentioned (e.g., 35.9%, 48.4%) are not found in the reference and are unsupported. The answer is therefore mostly incorrect in terms of factual accuracy and lacks grounding in the reference.",OK,False,1,"The candidate answer is mostly incorrect and does not answer the question as posed. It discusses relationships between Theory of Mind (ToM) emotions and developmental and self-regulatory variables in children with externalizing behavior disorders (EB) and intellectual disabilities (ID), but the reference answer only provides specific correlation values for EB children. The candidate answer introduces ID and TD groups, which are not part of the reference answer, and includes unsupported claims and generalizations. It fails to provide the specific correlation values from the reference and instead offers a broader, unfounded interpretation of the study's findings.",OK
unidoc_healthcare_0142,MISS_AT_9,PRIMARY_224,True,3,"The candidate answer is mostly correct and aligns with the reference in key aspects such as the use of faecal material from lean and obese donors, the TIM-2 system setup, and the cultivation with SIEM. However, it introduces specific test compounds (e.g., pre-digested fermented soy beverages) and experimental methods (e.g., PMA treatment, qPCR) not mentioned in the reference, which are not supported by the reference answer. It also misses some essential procedural details from the reference, such as the simulated gastric and enteric digestion phases. The answer is grounded in the reference but includes minor unsupported claims.",OK,True,3,"The candidate answer is mostly correct and aligns with the reference in key aspects such as the use of standardized faecal material, the TIM-2 system setup, pre-digestion phases, and sample collection at 0, 24, and 48 hours. However, it includes some minor unsupported details (e.g., donor exclusion criteria, specific storage methods, and analysis techniques like PMA and qPCR) that are not mentioned in the reference. It also misses some key elements from the reference, such as the explicit mention of lean and obese donors and the inclusion of test compounds with probiotic and by-product combinations. The answer is somewhat indirect in its structure and includes additional experimental context not requested in the question.",OK,True,3,"The candidate answer is mostly correct and aligns with the reference in key aspects such as the use of lean and obese donor faecal material, the TIM-2 system setup, and the simulation of digestion phases. However, it introduces additional details not present in the reference (e.g., FS pre-digestion, ion exclusion chromatography, PMA treatment, qPCR analysis), which are not part of the described procedure in the reference. It also omits some key reference points, such as the specific composition of the simulated gastric and enteric juices. The answer is grounded in the reference but includes minor unsupported claims.",OK
unidoc_healthcare_0143,MISS_AT_3_HIT_AT_6,PRIMARY_224,False,0,"The candidate answer incorrectly states that the information is not provided, while the reference answer clearly indicates that the residual inhibition activity increases with inhibitor concentration. The candidate answer fails to address the question and contradicts the reference.",OK,False,1,"The candidate answer is mostly incorrect and fails to address the question. It introduces irrelevant information about Ca²⁺ ions and states that the text does not provide specific details, which contradicts the reference answer that clearly describes a concentration-dependent increase in residual inhibition activity. The answer does not directly address the relationship between inhibitor concentration and residual inhibition activity as asked.",OK,False,1,"The candidate answer is mostly incorrect because it claims the quantitative relationship is not detailed, which contradicts the reference that explicitly states the residual inhibition increases with concentration and reaches near 100% at 90 µg/ml. The answer fails to address the actual trend described in the reference and does not satisfy the task of describing how the activity changes with inhibitor levels.",OK
unidoc_healthcare_0147,MISS_AT_3_HIT_AT_6,PRIMARY_224,False,1,"The candidate answer discusses IFN-γ secretion in the context of CD25 and CD4 depletion, but it introduces irrelevant details about GG vaccination, OVA protein, and LC depletion that are not mentioned in the question or reference. It does not directly address the comparison between B6 WT and langDTR mice in the context of DC subset analysis as requested. The answer is mostly incorrect and fails the task.",OK,False,2,"The candidate answer partially addresses the question by discussing the impact of αCD25 and αCD4 on IFN-γ secretion in B6 WT and langDTR mice. It correctly notes that B6 WT mice showed increased IFN-γ responses, while langDTR mice did not. However, it introduces additional context (e.g., GG vaccination, OVA restimulation, LC depletion) not present in the reference, which introduces imprecision. It also does not clearly state the statistical significance of the changes in IFN-γ levels as in the reference. The answer is grounded in the general trend but includes unsupported or extraneous details.",OK,False,2,"The candidate answer partially captures the correct idea that B6 WT mice show increased IFN-γ secretion with αCD25 and αCD4 treatment, while langDTR mice do not. However, it introduces unsupported details (e.g., 8-fold increase, comparison to LC-depleted mice) not present in the reference. It also shifts focus to T cell responses and CD8+ T cells, which are not mentioned in the reference. The main idea is present but with important inaccuracies and unsupported claims.",OK
unidoc_healthcare_0148,MISS_AT_3_HIT_AT_6,PRIMARY_224,True,4,"The candidate answer is fully correct, covering all essential points with specific data. It aligns with the reference and directly answers the question with numerical evidence and statistical significance.",OK,True,4,"The candidate answer is fully correct, covering all essential points with specific numerical data and statistical significance. It is consistent with the reference and directly answers the question about the impact of SeVhAng-1-engineered MSCs on capillary density in ischemic heart regions of rats.",OK,True,4,"The candidate answer is fully correct, includes specific numerical data not in the reference but consistent with the claim, and directly addresses the question. It is grounded in the reference's main claim and satisfies the task completely.",OK
unidoc_healthcare_0151,MISS_AT_3_HIT_AT_6,PRIMARY_224,False,1,"The candidate answer mentions user-centered and participatory design, which are general categories, but it omits the specific methods listed in the reference answer (e.g., use cases, focus groups, interviews, prototyping). It is therefore mostly incorrect in terms of factual content and misses major parts of the required information.",OK,False,2,"The candidate answer includes several methods from the reference (e.g., use cases, focus groups, semi-structured interviews, personas, and prototyping), but also adds additional methods (e.g., desk research, quantitative surveys, expert panels, cognitive walkthrough, think-aloud studies, field studies, and long-term evaluation) not mentioned in the reference. This introduces some unsupported claims, reducing grounding. It partially addresses the question but goes beyond the reference, making it only partially correct and incomplete in alignment with the reference.",OK,True,3,"The candidate answer is mostly correct and includes most of the methods mentioned in the reference (e.g., use cases, personas, interviews, focus groups, prototyping). However, it adds some methods not mentioned in the reference (e.g., cognitive walkthroughs, heuristic evaluations, think-aloud studies, surveys, and expert panels), which introduces minor inaccuracies. It covers the main idea but misses some specific details from the reference, such as the emphasis on an in-depth understanding of user requirements and context of use. The answer is grounded in the reference but includes a few unsupported claims.",OK
unidoc_healthcare_0153,MISS_AT_9,PRIMARY_224,False,0,The candidate answer fails to provide any correct information and does not address the question. It contradicts the reference answer by claiming the information is unspecified when it is clearly provided.,OK,False,0,"The candidate answer is incorrect and does not align with the reference. It introduces unsupported and irrelevant terms like 'Dash protocol,' 'Retin Treatment,' 'PLM system,' and 'BMI-LM data model,' which are not mentioned in the reference. It fails to mention the correct sequences (MR-sequence, BOLD sequence, Morphometry sequence) and does not answer the question as posed.",OK,False,0,"The candidate answer fails to provide the correct sequences and instead states that the information is not specified, which is incorrect given the reference answer.",OK
unidoc_healthcare_0162,MISS_AT_3_HIT_AT_6,PRIMARY_224,True,3,"The candidate answer correctly identifies the overall trend in DDD and expenses between 2015 and 2017, including the decrease from 2015 to 2016 and the increase from 2016 to 2017. It also mentions statistical significance, which is accurate. However, it does not include the specific p-values or the exact cost figures from the reference, which are important for full completeness. The mention of specific antimicrobial classes (carbapenems, etc.) is not in the reference and is therefore unsupported, slightly reducing correctness.",OK,True,3,"The candidate answer correctly captures the statistical changes in DDD and expenses between 2015 and 2017, including the p-values and the direction of change. However, it misses the important detail about the DOT (Days of Therapy) decreasing each year significantly, which is a key part of the reference answer. This omission affects completeness but not correctness or grounding.",OK,True,3,"The candidate answer correctly reports the statistical changes in DDD and expenses between 2015 and 2017, including the p-values and the direction of change. However, it misses the important detail about the DOT (Days of Therapy) decreasing each year significantly, which is part of the reference answer and relevant to the overall context. The mention of a t-test is not contradicted by the reference but is not confirmed either, making it a minor unsupported claim.",OK
unidoc_healthcare_0166,MISS_AT_3_HIT_AT_6,PRIMARY_224,True,3,"The candidate answer is mostly correct and covers the essential points of 3D model development for virtual surgeries, including image acquisition, segmentation, 3D modeling, and the use of haptic feedback. It distinguishes between individualized and general training models, as required. However, it omits some specific details from the reference, such as the role of 3D MRI in infants, the importance of mesh preprocessing, and the introduction of defects in generic models for training. The answer is grounded in the reference and directly addresses the task.",OK,True,4,"The candidate answer is fully correct and aligns with the reference in terms of the two main approaches (individualized and general training models), the use of imaging (MRI/CT), segmentation, mesh preprocessing, haptic feedback, and the purpose of each model type. It covers all essential points and is consistent with the reference. The answer directly addresses the question and is well-structured.",OK,True,4,"The candidate answer is fully correct, covering all essential points from the reference and adding additional relevant details (e.g., imaging modalities, segmentation methods, haptic devices, and training applications). It is consistent with the reference and directly addresses the task of detailing approaches for 3D models in virtual surgeries for congenital heart conditions, emphasizing both individualized and general models.",OK
unidoc_healthcare_0167,MISS_AT_3_HIT_AT_6,PRIMARY_224,True,3,"The candidate answer correctly identifies that there is no positive relationship between the number of Ae. polynesiensis females and W. bancrofti DNA prevalence, and it is grounded in the reference. However, it misses the part about other species testing positive and the scattered, non-trended relationship mentioned in the reference. It also focuses on statistical confidence intervals, which is not in the reference.",OK,True,4,"The candidate answer is fully correct, covering the lack of a clear relationship between the number of Ae. polynesiensis females and W. bancrofti DNA prevalence, and noting the role of other species. It is consistent with the reference and directly addresses the question.",OK,True,3,"The candidate answer correctly states that there is no positive correlation between the number of Ae. polynesiensis females and the presence of W. bancrofti DNA, which aligns with the reference. It also explains that the number of mosquitoes affects confidence intervals but not prevalence estimates, which is a reasonable interpretation. However, it misses the reference's point about scattered results and the role of other species in some villages, which is a minor omission. The answer is grounded in the reference and directly addresses the question.",OK
unidoc_healthcare_0169,MISS_AT_3_HIT_AT_6,PRIMARY_224,True,3,"The candidate answer is mostly correct and directly addresses the question by describing the disorganization, fragmentation, and increased collagen in ATS patients compared to controls. It also mentions the use of specialized staining techniques and EM. However, it does not explicitly mention the aortic tissue or the reduced smooth elastic lamella, which are key points in the reference answer. The answer is grounded in the reference and satisfies the task, but lacks some essential details.",OK,True,3,"The candidate answer is mostly correct and directly addresses the question by describing the disorganization and fragmentation of elastic fibers in ATS patients compared to controls, using TEM and staining techniques. It includes specific details about the appearance of elastic fibers in ATS and controls. However, it does not mention the aortic tissue focus or the reduced smooth elastic lamella, which are important points in the reference answer. The answer is grounded in the reference and task-satisfying, but lacks some key elements for full completeness.",OK,True,4,"The candidate answer is fully correct, covering all the key differences in elastic fiber organization in ATS compared to controls, including disorganization, thickness, fragmentation, reduced smooth elastic lamella, and increased disorganized collagen. It is grounded in the reference and directly addresses the question using appropriate staining techniques.",OK
unidoc_healthcare_0170,MISS_AT_3_HIT_AT_6,PRIMARY_224,,,,JUDGE_ERROR,False,2,"The candidate answer is partially correct, as it captures the general trend that 48% of patients developed additional symptoms. However, it misrepresents the specific numbers and percentages for dystonia (68.2% unchanged vs. 43 out of 63 unchanged), and introduces unsupported claims about Parkinsonism and baseline factors like somatoform experiences and motor severity. It covers the main idea but misses important details and includes a minor unsupported claim.",OK,,,,JUDGE_ERROR
unidoc_healthcare_0171,MISS_AT_3_HIT_AT_6,PRIMARY_224,True,3,"The candidate answer correctly explains the proactive use of predictive alerts and the dispatch of technicians to prevent failures and improve service quality. However, it omits key elements from the reference, such as the central database, logging of daily operations, and notification of customer service. It also introduces the concept of a 'Predictive Interval,' which is not mentioned in the reference, making it a minor unsupported claim.",OK,True,3,"The candidate answer correctly explains the proactive nature of the process and how predictive alerts allow for early technician dispatch, which aligns with the reference. However, it omits key elements such as the central database, logging of daily operations, and the role of customer service notification. It also introduces the term 'infected interval,' which is not present in the reference and is a minor unsupported claim.",OK,True,3,"The candidate answer is mostly correct and captures the proactive nature of predictive alerts and the dispatch process. It mentions alert review by experts and the goal of preventing failures, which aligns with the reference. However, it omits key elements from the reference such as the central database, logging daily operations, and the role of customer service notification. The mention of a 'Predictive Interval' is not in the reference and is an unsupported detail.",OK
unidoc_healthcare_0172,MISS_AT_6_HIT_AT_9,PRIMARY_224,False,2,"The candidate answer includes some exclusion criteria (e.g., psychosis duration >30 days, antipsychotic treatment >30 days, IQ <70, catchment area), but it also includes unsupported or irrelevant criteria (e.g., English language, criminal justice status, medical etiology). It omits key exclusions like refusal and lost contact, and it does not differentiate between pre- and post-assessment exclusions as in the reference. The answer is partially correct but substantially contradicts the reference and fails to fully address the question.",OK,False,2,"The candidate answer includes some correct exclusion criteria such as psychosis duration over 30 days, antipsychotic treatment for 30 days, and IQ below 70. However, it omits key exclusions like refusal (n=14 and n=2), lost contact (n=5 and n=3), and residence outside the catchment area (n=1). It also includes unsupported criteria like English language, criminal justice status, and medical etiology of psychosis, which are not mentioned in the reference. The answer fails to distinguish between pre- and post-assessment exclusions and does not fully address the question.",OK,True,3,"The candidate answer correctly identifies the main exclusion criteria related to duration of psychosis, treatment history, and cognitive assessment. However, it lacks specific numbers of excluded participants and does not distinguish between pre- and post-assessment exclusions as in the reference. It also includes some additional exclusion criteria not mentioned in the reference, which slightly reduces grounding.",OK
unidoc_healthcare_0177,MISS_AT_3_HIT_AT_6,PRIMARY_224,True,3,"The candidate answer is mostly correct and aligns with the reference, covering key steps like CDS re-annotation, pairwise alignment, homolog filtering, and clustering into gene families. However, it omits explicit mention of counting shared gene families for distribution analysis, which is part of the reference. The description of the clustering method (strict clique requirement and E-value ordering) is not in the reference but is not contradictory. The answer is grounded in the reference and directly addresses the task.",OK,True,3,"The candidate answer is mostly correct and aligns with the reference in terms of CDS re-annotation, pairwise alignment, and homolog filtering. It provides a detailed explanation of the clustering process using a strict clique requirement and E-value ordering, which is not in the reference but is plausible. However, it omits the explicit mention of strain examples (e.g., JH1, MW2, USA300) and the final step of counting shared gene families for distribution analysis. The answer is grounded in the reference and directly addresses the task.",OK,True,3,"The candidate answer is mostly correct and aligns with the reference in terms of CDS re-annotation, pairwise alignment, and homolog filtering. It provides a detailed explanation of the clustering process and alignment criteria. However, it omits the explicit mention of counting shared gene families and analyzing their distributions, which is part of the reference. The explanation is semantically correct but lacks one essential point from the reference, reducing completeness.",OK
unidoc_healthcare_0178,MISS_AT_3_HIT_AT_6,PRIMARY_224,False,1,"The candidate answer correctly states that the evidence does not provide the specific range, which is consistent with the reference. However, it fails to answer the question by not acknowledging that the reference does provide the range, and it does not attempt to provide the information requested.",OK,True,4,"The candidate answer is fully correct, matches the reference values, and directly answers the question. The use of 'μm' instead of 'μμ' is semantically equivalent and does not constitute an error. The additional clarification of 'minimum' and 'maximum' does not detract from correctness or completeness.",OK,True,4,"The candidate answer is fully correct, matches the reference in terms of the thickness range, and is semantically consistent. It also includes additional context about the left ears and the concentration of Mesna, which does not contradict the reference and is acceptable as extra information.",OK
unidoc_healthcare_0182,MISS_AT_3_HIT_AT_6,PRIMARY_224,False,0,"The candidate answer incorrectly claims that the comparison is not supported by the evidence, when the reference answer clearly states that the luciferase activity levels of fl-Enh and min-Enh are similar and both show high activity. The candidate answer fails to address the actual comparison and contradicts the reference.",OK,True,4,"The candidate answer is fully correct, accurately stating that the luciferase activity levels of fl-Enh and min-Enh are similar. It is complete in addressing the comparison and grounded in the reference. It also directly satisfies the task of answering the question.",OK,True,4,"The candidate answer correctly states that the luciferase activity levels of fl-Enh and min-Enh are similar in their response to v-Myb REV, which aligns with the reference. It also explains the implication of the similarity, which is consistent with the reference. The answer is complete, grounded in the reference, and directly addresses the question.",OK
unidoc_healthcare_0184,MISS_AT_3_HIT_AT_6,PRIMARY_224,False,2,"The candidate answer correctly identifies the use of anatomical landmarks and segmentation for establishing point correspondence. However, it omits the key reference to statistical shape analysis methods like principal component analysis mentioned in the reference. It also introduces a specific method (Zheng et al.) and a least-squares rigid alignment, which are not in the reference, making it only partially aligned with the reference answer.",OK,False,2,"The candidate answer partially addresses the question by describing image segmentation and rigid alignment, but it does not mention the key aspect of using anatomical landmarks for point correspondence as emphasized in the reference. The reference focuses on landmark-based registration and consistent parameterization, which are only indirectly related in the candidate answer. The candidate includes some relevant methods (e.g., statistical shape analysis) but lacks the core concept of anatomical landmark-based matching.",OK,False,2,"The candidate answer partially addresses the question by describing the use of an anatomical model and image segmentation to establish point correspondence. However, it omits the key reference point about using consistent anatomical landmarks and statistical shape analysis (e.g., PCA) for matching. The mention of least-squares rigid alignment is a minor detail not in the reference and is not central to the landmark-based method described in the reference. The answer is grounded but incomplete and lacks the essential method of landmark-based registration and statistical analysis.",OK
unidoc_healthcare_0187,MISS_AT_6_HIT_AT_9,PRIMARY_224,False,2,"The candidate answer describes a specific Cedrus product (LUMINA Response Pad) and its use in synchronization, which is relevant, but it does not mention the essential components listed in the reference answer (e.g., goggles, joystick, S/R controller, dual monitors). It also introduces a specific product and protocol not mentioned in the reference, making it unsupported and incomplete.",OK,False,2,"The candidate answer correctly identifies specific equipment (Cedrus LUMINA Response Pad, S-R box, keyboard) and describes how they facilitate synchronization with MRI-compatible interfaces. However, it introduces a specific product (Cedrus) not mentioned in the reference, which is a minor unsupported claim. It also does not mention goggles or dual monitors as in the reference, and lacks a general mention of a PC or joystick. The answer is task-satisfying but incomplete and includes a minor unsupported detail.",OK,False,2,"The candidate answer mentions a specific Cedrus product (LUMINA Response Pad for MRI Model LSC-400 Controller) and describes how it connects to a computer for synchronization, which is relevant. However, it does not mention the full range of equipment listed in the reference answer (e.g., goggles, S/R controller, dual monitors, joystick), and it introduces a specific product not mentioned in the reference, which is not grounded in the provided information. The answer is partially correct but lacks essential components and is not fully supported by the reference.",OK
unidoc_healthcare_0196,MISS_AT_3_HIT_AT_6,PRIMARY_224,True,3,"The candidate answer correctly identifies that contrast sensitivity was studied in the context of age-related visual changes and mentions age groups and environmental factors. However, it introduces specific details (e.g., age range from 10s to 70s, 110 participants) that are not present in the reference answer, which slightly reduces correctness and grounding. It captures the main idea but misses the more general framing of the reference.",OK,False,2,"The candidate answer is partially correct by identifying that studies on aging and contrast sensitivity exist, but it introduces unsupported details (e.g., specific age groups, 110 participants, environmental illumination, and target presentation duration) not mentioned in the reference. It captures the main idea but misses the reference's focus on the contrast sensitivity function and aging-related visibility effects. It is somewhat grounded but includes minor unsupported claims.",OK,True,3,"The candidate answer is mostly correct and directly addresses the question by identifying experimental evidence related to contrast sensitivity and age. It mentions age groups, environmental illumination, and target presentation duration, which are relevant. However, it adds specific details (e.g., 110 participants, age range from 10s to 70s) that are not present in the reference answer, making it slightly imprecise. It covers the main idea but misses the more general framing of the reference (e.g., the contrast sensitivity function and aging effects on visibility).",OK
unidoc_healthcare_0197,MISS_AT_3_HIT_AT_6,PRIMARY_224,False,0,"The candidate answer incorrectly claims that the text does not provide specific information on HO-1 levels, when the reference answer clearly states that HO-1 levels increased progressively across the groups. The candidate answer fails to address the question and contradicts the reference.",OK,True,4,"The candidate answer is fully correct, accurately describing the progressive increase in HO-1 expression from the sham to normothermia to hypothermia groups, with the peak at 6 hours of hypothermia. It also correctly notes that HO-1 levels did not significantly change in the 2-hour and 4-hour TH groups compared to normothermia. The answer is consistent with the reference and directly addresses the question.",OK,False,2,"The candidate answer correctly notes that HO-1 expression increased in the normothermia group compared to the sham, and that HO-1 increased significantly at 6 hours of hypothermia. However, it incorrectly states the increase in the normothermia group was not statistically significant, which contradicts the reference. It also omits the progressive increase from sham to normothermia to hypothermia and the peak at 6 hours. The answer is partially correct and includes a minor unsupported claim about statistical significance.",OK
unidoc_healthcare_0200,MISS_AT_3_HIT_AT_6,PRIMARY_224,False,0,"The candidate answer incorrectly claims that the information is not provided, while the reference answer clearly states that the initial weight percentages decreased similarly in both groups over 15 days. The candidate answer fails to address the question and contradicts the reference.",OK,False,0,"The candidate answer incorrectly claims that the information is not present in the provided text, when the reference answer clearly states the relevant information. The candidate fails to address the question and provides no correct or relevant information.",OK,False,0,"The candidate answer incorrectly claims that the information is not present, while the reference answer clearly states that the initial weight percentages decreased similarly in both groups. The candidate answer fails to address the question and contradicts the reference.",OK
unidoc_legal_0015,MISS_AT_9,PRIMARY_224,False,0,"The candidate answer does not provide the correct date and instead claims the information is unsupported, which contradicts the reference answer.",OK,False,0,"The candidate answer does not provide the correct date and instead states the information is not supported, which is incorrect given the reference answer.",OK,False,0,"The candidate answer does not provide the correct date and instead claims the information is unsupported, which contradicts the reference answer.",OK
unidoc_legal_0019,MISS_AT_3_HIT_AT_6,PRIMARY_224,True,3,"The candidate answer is mostly correct and grounded in the reference, but it is incomplete. It correctly identifies Indigenous status and the number of child sexual offences as risk factors. It also mentions a history of non-sexual and non-violent offenses, which is partially supported by the reference (prior non-violent offending is mentioned). However, it omits key elements from the reference such as the type of offence (e.g., child procurement/grooming), the time-based risk (highest risk in the first two years), and the regional/remote area factor. The answer is somewhat indirect in addressing the time progression aspect of the question.",OK,True,3,"The candidate answer is mostly correct and grounded in the reference. It correctly identifies several key risk factors: non-sexual offending (prior non-violent offending), multiple offences at first proceeding, Indigenous status, and living in regional/remote areas. However, it incorrectly adds 'being a juvenile offender at the time of the first child sexual offence,' which is not mentioned in the reference. It also misses the reference's point about the type of offence (e.g., child procurement/grooming) and the highest risk period (first two years).",OK,True,3,The candidate answer is mostly correct but includes a minor inaccuracy: 'being a juvenile offender at the time of the first child sexual offence' is not mentioned in the reference. It covers the main idea but misses the key point about the highest risk period being within the first two years and the distinction between grooming and other types of offenders. The answer is grounded mostly in the reference but includes a minor unsupported claim.,OK
unidoc_legal_0023,MISS_AT_6_HIT_AT_9,PRIMARY_224,False,0,"The candidate answer is incorrect and fails to provide the required information. The reference answer clearly lists the start and end dates for the active NDA-related agreements, but the candidate answer claims the information is not present.",OK,False,0,"The candidate answer is incorrect and fails to provide the required start and end dates for the active NDA agreements. It contradicts the reference answer by claiming the information is not present, when it is clearly provided in the reference.",OK,False,0,"The candidate answer is incorrect and does not answer the question. It claims that the information does not include specific dates, while the reference answer clearly provides the start and end dates for the active NDA agreements. The candidate answer contradicts the reference and fails to fulfill the task.",OK
unidoc_legal_0028,MISS_AT_6_HIT_AT_9,PRIMARY_224,False,1,The candidate answer provides a correct number (52 cases) but misinterprets the question by focusing on when unsupervised contact occurred rather than whether it was determined. It also introduces a new statistic (85%) not relevant to the question. The answer is only partially correct and fails to address the main task.,OK,True,3,"The candidate answer correctly states the percentage (39%) of cases where unsupervised contact was ordered, which aligns with the reference. However, it omits the specific number of cases (52), making it slightly incomplete. The wording 'unsupervised contact' is semantically equivalent to 'unrestricted interaction' in this context, so it is grounded and task-satisfying, but lacks a minor detail.",OK,True,3,"The candidate answer correctly states the number of cases (52) and that domestic abuse was alleged, and that unsupervised contact was ordered. However, it omits the percentage (39%) from the reference answer, which is a minor factual omission. The answer is grounded in the reference and directly addresses the question.",OK
unidoc_legal_0033,MISS_AT_3_HIT_AT_6,PRIMARY_224,,,,JUDGE_ERROR,True,3,"The candidate answer correctly identifies most participants (Investigator, Prosecution, Defense, Court) and mentions the Investigator being specialized as First Responder or Other, which aligns with the reference. However, it omits the 'Other' role explicitly and does not list all the activities (Collect, Authenticate, Examine, Analyse, Report). The explanation of the Court's role is somewhat accurate but less precise than the reference. The answer is grounded in the reference but lacks completeness in both roles and activities.",OK,True,3,"The candidate answer correctly identifies most participants (Investigator, Prosecution, Defense, Court) and mentions the Investigator being specialized as First Responder or Other, which aligns with the reference. However, it omits 'Other' as a distinct participant and does not explicitly list all the activities (Collect, Authenticate, Examine, Analyse, Report). The additional detail about the Court's interaction in the case of a dispute is not incorrect but is not part of the reference and is not required for the task. The answer is grounded in the reference but is incomplete.",OK
unidoc_legal_0060,MISS_AT_6_HIT_AT_9,PRIMARY_224,False,0,The candidate answer is incorrect as the reference answer clearly provides the start and end dates. The candidate answer fails to provide any correct information and does not address the question.,OK,False,0,"The candidate answer does not provide the correct start and end dates as stated in the reference answer and instead claims the information is unsupported, which fails to address the question.",OK,False,0,"The candidate answer is incorrect and fails to provide the correct dates from the reference. It incorrectly claims the information is not specified, while the reference clearly provides the effective, notice, and expiration dates.",OK
unidoc_legal_0067,MISS_AT_3_HIT_AT_6,PRIMARY_224,False,2,"The candidate answer correctly identifies that outsiderness is associated with increased support for the radical right, but it incorrectly states that support for the major right decreases with outsiderness, which is not mentioned in the reference. The reference only discusses the relationship between outsiderness and radical right voting. The candidate answer includes unsupported quantitative claims (e.g., 16.2, 24.4, 5.3, 3.5 percentage points) not present in the reference, which affects grounding.",OK,False,2,"The candidate answer correctly identifies that outsiderness influences radical right voting, but it introduces specific numerical values (5.3 and 3.5 percentage points) not present in the reference, which is a minor unsupported claim. It captures the main idea but lacks the reference's emphasis on a continuous increase in probability with rising outsiderness levels.",OK,True,3,"The candidate answer correctly identifies the general relationship between outsiderness and radical right voting as per the frameworks, and provides specific percentage point differences. However, it introduces specific numerical values (5.3 and 3.5 percentage points) that are not present in the reference answer, which is a minor unsupported claim. The main idea is captured, but the answer is not fully grounded in the reference. It partially satisfies the task by addressing the influence of outsiderness but lacks the general statement of a continuous increase in probability.",OK
unidoc_legal_0071,MISS_AT_3_HIT_AT_6,PRIMARY_224,False,0,"The candidate answer is incorrect and fails to answer the question. The reference clearly states the termination date as 16-08-2018, but the candidate claims the information is not specified, which contradicts the reference.",OK,False,0,"The candidate answer incorrectly claims that the termination date is not supported, when the reference answer clearly provides a specific date (16-08-2018). The answer fails to provide the correct information, is not grounded in the reference, and does not satisfy the task.",OK,False,0,"The candidate answer is incorrect and fails to answer the question. The reference answer clearly states the termination date as 16-08-2018, but the candidate answer claims the information is not specified, which contradicts the reference.",OK
unidoc_legal_0105,MISS_AT_9,PRIMARY_224,False,0,"The candidate answer is incorrect and fails to answer the question. The reference clearly states the conclusion date as 20-02-2018, but the candidate claims the information is not provided.",OK,False,0,The candidate answer is incorrect and fails to provide the correct conclusion date. It also does not align with the reference answer and does not fulfill the task of answering the question.,OK,False,0,"The candidate answer is incorrect and fails to answer the question. The reference answer clearly provides the conclusion date, but the candidate claims the information is not present in the document evidence.",OK
unidoc_legal_0133,MISS_AT_3_HIT_AT_6,PRIMARY_224,False,2,"The candidate answer includes some correct information, such as the high reoffending risk in the first two years and the role of Indigenous status and prior offending. However, it introduces unsupported claims (e.g., procurement/grooming offenders being more likely to reoffend sexually) and does not mention the specific reoffending rates (11% within one year, 17% within two years) or the exact predictor of having more than one child sexual offence at first police proceeding. The answer is partially correct and includes some minor unsupported claims.",OK,True,3,"The candidate answer is mostly correct and directly addresses the question. It correctly identifies the high reoffending risk in the first two years, multiple initial offences, and Indigenous status as significant factors. However, it introduces unsupported claims about 'procurement/grooming offenders' and 'offence transition' not mentioned in the reference. It also omits the reference's mention of non-sexual reoffending rates and regional/remote area factors. The answer is grounded mostly in the reference but includes a minor unsupported claim.",OK,True,3,"The candidate answer is mostly correct and aligns with the reference answer. It accurately identifies the key factors (number of offences at first proceeding, Indigenous status, living in regional/remote areas) and the time period (highest risk in the first two years). It also includes additional relevant information not in the reference, such as offender type (procurement/grooming) and reoffending rates after 10 years, which are not incorrect but not part of the reference. The only minor issue is the inclusion of 'offender type' as a factor, which is not mentioned in the reference, but it is not factually wrong. The answer is complete and directly addresses the question.",OK
unidoc_legal_0135,MISS_AT_3_HIT_AT_6,PRIMARY_224,False,0,"The candidate answer is incorrect and does not answer the question. The question asks for the guiding principle of Slindon College as described in the whistleblowing policy, which is 'Know Thyself.' The candidate answer provides a general description of the policy's goals and procedures but does not mention the actual guiding principle.",OK,False,0,"The candidate answer is entirely incorrect. It does not mention the actual guiding principle, 'Know Thyself,' and instead provides a generic description of a whistleblowing policy, which is not what the question asked for.",OK,False,0,"The candidate answer does not mention the guiding principle 'Know Thyself' as stated in the reference answer. Instead, it provides a general description of the policy's goals and features, which is not what was asked. The answer is incorrect and does not address the specific question.",OK
unidoc_legal_0141,MISS_AT_9,PRIMARY_224,False,0,"The candidate answer incorrectly claims there is no information provided, when the reference clearly specifies details on the tags. The answer is entirely incorrect and fails to address the question.",OK,False,0,"The candidate answer incorrectly claims there is no information available, while the reference answer clearly provides specific details about the tags. The candidate answer is unsupported and contradicts the reference.",OK,False,0,"The candidate answer is incorrect and fails to address the question. The reference clearly provides information about the tags, but the candidate claims there is no information available.",OK
unidoc_legal_0149,MISS_AT_3_HIT_AT_6,PRIMARY_224,True,3,"The candidate answer correctly identifies most of the primary classifications (e.g., Evidence Assessment, Evidence Acquisition, etc.) and provides some specific examples of threats and countermeasures, which is not in the reference but is semantically plausible. However, it omits 'Protocols & Procedures' from the reference and introduces new details not in the reference (e.g., specific threats and the Risk-O-Meter algorithm). The methods described are somewhat aligned with the reference's mention of assessing risks but are more detailed and speculative. The answer is mostly correct but includes minor unsupported claims.",OK,True,3,"The candidate answer correctly lists most of the primary classifications (missing 'Protocols' in 'Protocols & Procedures'), and provides additional details about threats and countermeasures for some categories, which is not in the reference but is semantically plausible. The methods described (Digital Forensics Risk Meter, Risk-O-Meter algorithm, and risk index) are not mentioned in the reference, making them unsupported claims. The answer covers the main idea but misses some essential points and includes minor unsupported claims.",OK,True,3,"The candidate answer correctly lists most of the primary classifications, though it redundantly lists 'Procedures' and 'Protocols & Procedures' separately. It also includes additional details about specific threats and countermeasures not in the reference, which is a minor overextension. The methods section introduces a 'Digital Forensics Risk Meter' and a game-theoretical approach, which are not mentioned in the reference, making it a minor unsupported claim. The reference mentions assessing vulnerabilities, threats, and risks, and the Results Table, which the candidate answer does not fully address.",OK
unidoc_legal_0151,MISS_AT_3_HIT_AT_6,PRIMARY_224,True,4,"The candidate answer is fully correct, complete, grounded in the reference, and directly satisfies the task.",OK,True,4,"The candidate answer is fully correct, complete, grounded in the reference, and directly satisfies the task.",OK,True,4,"The candidate answer is fully correct, complete, grounded in the reference, and directly satisfies the task.",OK
unidoc_legal_0153,MISS_AT_3_HIT_AT_6,PRIMARY_224,True,3,"The candidate answer correctly identifies the increased involvement of NGOs and local government bodies in anti-slavery collaborations from 2017 to 2019, and accurately notes the continued central role of law enforcement. It also captures the multi-agency and preventative approach. However, it omits the key point that contributions from the private sector and Crimestoppers remained the same or decreased, and it does not mention the role of immigration or health departments as in the reference. The answer is mostly correct but lacks some essential comparative data and minor details.",OK,True,3,"The candidate answer is mostly correct and aligns with the reference in noting increased involvement of NGOs and local government bodies, and the continued role of law enforcement. It captures the shift in local government participation across departments like safeguarding and public health. However, it omits the specific mention of the Private Sector and Crimestoppers' contributions remaining the same or decreasing, which is an important detail from the reference. The answer is grounded in the reference and directly addresses the task, but misses a key comparative element.",OK,True,3,"The candidate answer is mostly correct and aligns with the reference, capturing the increased involvement of NGOs and local authorities, and the continued central role of law enforcement. It accurately describes the multi-agency, preventative approach of local authorities. However, it omits the reference's mention that contributions from the Private Sector and Crimestoppers remained the same or decreased, which is a minor factual omission. The answer is well-structured and directly addresses the question.",OK
unidoc_legal_0159,MISS_AT_3_HIT_AT_6,PRIMARY_224,False,1,"The candidate answer is mostly incorrect as it states 7% of cases, which contradicts the reference answer of 2%. It fails to provide the correct number of cases (3) and the percentage is inaccurate. The answer is not grounded in the reference and does not satisfy the task.",OK,False,0,"The candidate answer is incorrect and unsupported by the reference. It states 19% of cases had a no contact directive issued, whereas the reference answer states 3 cases (2%). The answer fails to address the question accurately and contradicts the reference.",OK,False,0,"The candidate answer is incorrect and unsupported by the reference. It states 19% of cases had no contact directives issued, whereas the reference answer states 3 cases (2%). The answer fails to address the correct frequency and provides a substantially different figure.",OK
unidoc_legal_0160,MISS_AT_3_HIT_AT_6,PRIMARY_224,False,0,"The candidate answer incorrectly claims that the text does not mention the enactment date, when in fact the reference answer provides the correct date. The candidate answer fails to answer the question and contradicts the reference.",OK,True,4,"The candidate answer is fully correct, complete, and consistent with the reference. It accurately states the date of enactment without adding unsupported information.",OK,True,4,"The candidate answer is fully correct, complete, grounded in the reference, and directly satisfies the task by providing the exact date and identifying President Clinton as the one who signed the act into law.",OK
unidoc_legal_0161,MISS_AT_3_HIT_AT_6,PRIMARY_224,True,3,"The candidate answer is mostly correct in describing the varying impacts of the events on material conflicts, including specific years and coefficients. However, it lacks the broader contextual factors mentioned in the reference (e.g., security relations, regime type, cultural similarities). It also does not mention the general trend that repeated provocations are less threatening than first-time ones, nor does it address the relative impact of different types of events (e.g., shooting exercises vs. presidential visits). The answer is grounded in the reference but includes some specific numerical details not present in the reference, which may be unsupported.",OK,True,3,"The candidate answer is mostly correct, capturing the general trend of diminishing escalatory effects over time and correctly identifying the 2012 presidential visit as a significant escalatory event. However, it omits the reference's mention of factors like security relations, regime type, and cultural similarities, and does not mention the role of shooting exercises versus presidential visits. The answer is grounded in the reference and directly addresses the question.",OK,True,3,"The candidate answer is mostly correct, capturing the diminishing impact of the events over time and the contrast with the 2012 presidential visit. It aligns with the reference in noting that repeated provocations are less impactful. However, it omits the reference's mention of factors like security relations, regime type, and cultural similarities, and does not mention the fluctuating nature of the impact (some years positive, some negative). It is grounded in the reference and directly addresses the question.",OK
unidoc_legal_0166,MISS_AT_3_HIT_AT_6,PRIMARY_224,False,0,"The candidate answer does not provide the correct date and instead claims the information is not supported, which contradicts the reference answer.",OK,False,0,"The candidate answer does not provide the correct start date of the contractual agreement and instead states that the information is not supported, which is incorrect and fails to answer the question.",OK,False,0,"The candidate answer does not provide the correct date and instead claims the information is unsupported, which contradicts the reference answer.",OK
unidoc_legal_0200,MISS_AT_3_HIT_AT_6,PRIMARY_224,False,0,"The candidate answer incorrectly claims the number is not stated, while the reference answer provides a clear figure. The candidate answer fails to provide the correct information and does not address the question properly.",OK,False,0,"The candidate answer is incorrect and fails to answer the question. It claims the number of service calls cannot be determined, but the reference answer clearly states it was 25,341. The candidate answer contradicts the reference and does not provide the correct information.",OK,False,0,"The candidate answer is incorrect and fails to provide the correct number from the reference. It incorrectly claims the data is not available, when the reference clearly states the total number of service calls as 25,341.",OK
unidoc_healthcare_0052,HIT_AT_3,HUMAN_DIAGNOSTIC_6,False,2,"The candidate answer correctly describes the general trends of IRF, SRF, and PED over 24 months of anti-VEGF therapy and distinguishes between treatment regimens (monthly vs. PRN). However, it lacks the specific quantitative data (e.g., from 123 nl to 20 nl) present in the reference answer, which affects completeness and correctness. The answer is grounded in the reference but includes some additional comparative details not explicitly stated in the reference.",OK,,,,UNAVAILABLE_EVIDENCE,,,,UNAVAILABLE_EVIDENCE
unidoc_construction_0108,HIT_AT_3,HUMAN_DIAGNOSTIC_6,False,2,"The candidate answer correctly identifies that differing permeability affects seepage and mentions the left and right abutments. However, it incorrectly states that the right abutment has lower permeability, while the reference indicates the right abutment has high permeability. The candidate also mentions 15 sections for analysis, which is not addressed in the reference. The answer covers the main idea but misses key details and includes an imprecise claim.",OK,,,,UNAVAILABLE_EVIDENCE,,,,UNAVAILABLE_EVIDENCE
unidoc_energy_0078,HIT_AT_3,HUMAN_DIAGNOSTIC_6,False,0,"The candidate answer fails to provide the correct information and does not address the question. It incorrectly claims the information is unsupported, while the reference answer clearly provides the necessary data.",OK,,,,UNAVAILABLE_EVIDENCE,,,,UNAVAILABLE_EVIDENCE
unidoc_finance_0150,HIT_AT_3,HUMAN_DIAGNOSTIC_6,False,0,"The candidate answer incorrectly claims that the information is not supported by the evidence, when the reference answer clearly provides the required data. The candidate fails to answer the question and contradicts the reference.",OK,,,,UNAVAILABLE_EVIDENCE,,,,UNAVAILABLE_EVIDENCE
unidoc_finance_0018,HIT_AT_3,HUMAN_DIAGNOSTIC_6,False,2,"The candidate answer is partially correct in stating that Ireland's nominal labor expenses per unit increased significantly between 1999 and 2011, but it fails to mention the key turning point in 2009 when the increase stopped and the costs began to decrease. The answer also introduces unsupported information about the REER and the u/u* ratio, which are not relevant to the question and not mentioned in the reference. As a result, it is incomplete and includes unsupported claims.",OK,,,,UNAVAILABLE_EVIDENCE,,,,UNAVAILABLE_EVIDENCE
unidoc_legal_0168,HIT_AT_3,HUMAN_DIAGNOSTIC_6,False,1,"The candidate answer introduces specific examples (e.g., liberation of Palestine, Islamic law, Khilafah) and methods (e.g., web propaganda) that are not mentioned in the reference answer. These are unsupported claims and not general objectives as outlined in the reference. The answer fails to address the key objectives stated in the reference (destruction of an enemy state and liberation of occupied territories) and instead provides a more specific and ideologically framed response.",OK,,,,UNAVAILABLE_EVIDENCE,,,,UNAVAILABLE_EVIDENCE
