query_id,ordered_chunk_ids_identical,evidence_text_identical,actual_chunk_count_identical,prompt_input_identical,e6_e9_input_identical,E6_ordered_chunk_ids,E9_ordered_chunk_ids,E6_actual_chunk_count,E9_actual_chunk_count,E6_prompt_sha256,E9_prompt_sha256,raw_answer_differs,raw_correctness_differs,raw_judgment_differs
unidoc_commerce_manufacturing_0003,False,False,False,False,False,"[""page-1-chunk-1"", ""page-6-chunk-1"", ""page-8-chunk-1"", ""page-2-chunk-1"", ""page-10-chunk-1"", ""page-7-chunk-1""]","[""page-1-chunk-1"", ""page-6-chunk-1"", ""page-8-chunk-1"", ""page-2-chunk-1"", ""page-10-chunk-1"", ""page-7-chunk-1"", ""page-3-chunk-1"", ""page-9-chunk-1"", ""page-5-chunk-1""]",6,9,5735930fcf065672180845bfe93677f9c808c898b481461ae6794f3fc5fb3c62,02521e1ec7411b211df018de052ccb642a18b6714b46b3d2b8acdb4c5cb6d9ae,False,False,True
unidoc_commerce_manufacturing_0010,True,True,True,True,True,"[""page-4-chunk-1"", ""page-1-chunk-1"", ""page-2-chunk-1"", ""page-3-chunk-1""]","[""page-4-chunk-1"", ""page-1-chunk-1"", ""page-2-chunk-1"", ""page-3-chunk-1""]",4,4,3a78c6f1ddfa9205d1a44cdd7a13c8041067407b37b584b0ab9ef33725b85e4b,3a78c6f1ddfa9205d1a44cdd7a13c8041067407b37b584b0ab9ef33725b85e4b,False,False,True
unidoc_commerce_manufacturing_0011,False,False,False,False,False,"[""page-12-chunk-1"", ""page-3-chunk-1"", ""page-1-chunk-1"", ""page-10-chunk-1"", ""page-7-chunk-1"", ""page-5-chunk-1""]","[""page-12-chunk-1"", ""page-3-chunk-1"", ""page-1-chunk-1"", ""page-10-chunk-1"", ""page-7-chunk-1"", ""page-5-chunk-1"", ""page-14-chunk-1"", ""page-4-chunk-1"", ""page-25-chunk-1""]",6,9,54b519c4bdf378ca5eff160df10373571eedc7feccda517dc5ca3a97c91b31d9,b6e381a7055403cebec9ff5b5c3e6e22ce5ea14eca0ba2a6369b6c8f69241c78,False,False,False
unidoc_commerce_manufacturing_0022,False,False,False,False,False,"[""page-1-chunk-1"", ""page-6-chunk-1"", ""page-5-chunk-1"", ""page-15-chunk-1"", ""page-7-chunk-1"", ""page-17-chunk-1""]","[""page-1-chunk-1"", ""page-6-chunk-1"", ""page-5-chunk-1"", ""page-15-chunk-1"", ""page-7-chunk-1"", ""page-17-chunk-1"", ""page-2-chunk-1"", ""page-13-chunk-1"", ""page-8-chunk-1""]",6,9,2be0f6cb1b875158767e0c1ae912e251010ccb74b8f0fc0cec2a167b89c9cae8,8fd91d9a44b743e8893e55a95afb79955fe3f868052024048d417ad258a813c2,True,False,True
unidoc_commerce_manufacturing_0032,False,False,False,False,False,"[""page-8-chunk-1"", ""page-6-chunk-1"", ""page-9-chunk-1"", ""page-7-chunk-1"", ""page-1-chunk-1"", ""page-2-chunk-1""]","[""page-8-chunk-1"", ""page-6-chunk-1"", ""page-9-chunk-1"", ""page-7-chunk-1"", ""page-1-chunk-1"", ""page-2-chunk-1"", ""page-3-chunk-1"", ""page-10-chunk-1"", ""page-4-chunk-1""]",6,9,b62cb62656dcad37bf4d8127ef1c74dd56405e61cbb71669e01c76f30dd8aa3c,750dbe553c34bf98aef5211a6f4ba5c609e260c5fe6777be9e95d439883fe01f,False,False,False
unidoc_commerce_manufacturing_0034,False,False,False,False,False,"[""page-1-chunk-1"", ""page-11-chunk-1"", ""page-3-chunk-1"", ""page-2-chunk-1"", ""page-9-chunk-2"", ""page-9-chunk-1""]","[""page-1-chunk-1"", ""page-11-chunk-1"", ""page-3-chunk-1"", ""page-2-chunk-1"", ""page-9-chunk-2"", ""page-9-chunk-1"", ""page-4-chunk-1"", ""page-7-chunk-1"", ""page-10-chunk-1""]",6,9,f999c29d63a2b97186b382aeac52512eda42be84fdda9736b954b107f3588ea2,66f17b9cd77e71d262b1237246ed736c448947c5e81289e33fe9b012c668cc8b,False,False,False
unidoc_commerce_manufacturing_0036,False,False,False,False,False,"[""page-1-chunk-1"", ""page-5-chunk-1"", ""page-16-chunk-1"", ""page-2-chunk-1"", ""page-6-chunk-1"", ""page-15-chunk-1""]","[""page-1-chunk-1"", ""page-5-chunk-1"", ""page-16-chunk-1"", ""page-2-chunk-1"", ""page-6-chunk-1"", ""page-15-chunk-1"", ""page-8-chunk-1"", ""page-21-chunk-1"", ""page-7-chunk-1""]",6,9,155d3562e2d6c697941221a063a6377696906f92bdb835957215ff75fd7835f7,2a5724f2ce019d84ab5818564964c3e98e50f7a8e96576a46d3b42e5e5f86d5e,True,,
unidoc_commerce_manufacturing_0042,False,False,False,False,False,"[""page-5-chunk-1"", ""page-7-chunk-1"", ""page-17-chunk-1"", ""page-10-chunk-1"", ""page-4-chunk-1"", ""page-3-chunk-1""]","[""page-5-chunk-1"", ""page-7-chunk-1"", ""page-17-chunk-1"", ""page-10-chunk-1"", ""page-4-chunk-1"", ""page-3-chunk-1"", ""page-12-chunk-1"", ""page-24-chunk-1"", ""page-1-chunk-1""]",6,9,66fa14b1c6d02304997f0866f729c05c9a1cdc1ed7cfe818c3b79d097052a8f8,9c37ab41154c19c92c2eca51394502db703047ac51a624b3bcf8a5a46854353a,True,False,True
unidoc_commerce_manufacturing_0051,False,False,False,False,False,"[""page-4-chunk-1"", ""page-11-chunk-1"", ""page-5-chunk-1"", ""page-3-chunk-1"", ""page-8-chunk-1"", ""page-2-chunk-1""]","[""page-4-chunk-1"", ""page-11-chunk-1"", ""page-5-chunk-1"", ""page-3-chunk-1"", ""page-8-chunk-1"", ""page-2-chunk-1"", ""page-9-chunk-1"", ""page-13-chunk-1"", ""page-12-chunk-1""]",6,9,80d46ff68a3414f1b8d5047506cb2aa86d4a82867043f84066a6378a8a119e74,59101753276b2d5957fb7ef12d15e15dd3ff65fe58f64b31aaf17f8f29ee87e7,True,False,True
unidoc_commerce_manufacturing_0083,False,False,False,False,False,"[""page-5-chunk-1"", ""page-6-chunk-1"", ""page-10-chunk-1"", ""page-3-chunk-1"", ""page-2-chunk-1"", ""page-4-chunk-1""]","[""page-5-chunk-1"", ""page-6-chunk-1"", ""page-10-chunk-1"", ""page-3-chunk-1"", ""page-2-chunk-1"", ""page-4-chunk-1"", ""page-1-chunk-1"", ""page-8-chunk-1"", ""page-9-chunk-1""]",6,9,697b1604937adff380576550553792196a552c7cd66b5f537d9d6b77773914a9,b776727face5717633436afe2a75bea64ac985e8bd2465ff9df9927206700c1d,True,False,True
unidoc_commerce_manufacturing_0099,False,False,False,False,False,"[""page-1-chunk-1"", ""page-3-chunk-1"", ""page-6-chunk-1"", ""page-10-chunk-1"", ""page-5-chunk-1"", ""page-11-chunk-1""]","[""page-1-chunk-1"", ""page-3-chunk-1"", ""page-6-chunk-1"", ""page-10-chunk-1"", ""page-5-chunk-1"", ""page-11-chunk-1"", ""page-9-chunk-1"", ""page-8-chunk-1"", ""page-2-chunk-1""]",6,9,13d6735b3dd089462201a55333915c97ec329981de4d398ef423f17bf010819e,7e630bb09660210da164019b559d72c8f18e783bfd6ed8f044461151cffdf818,True,True,True
unidoc_commerce_manufacturing_0108,False,False,False,False,False,"[""page-2-chunk-1"", ""page-3-chunk-1"", ""page-1-chunk-1"", ""page-4-chunk-1"", ""page-5-chunk-1"", ""page-6-chunk-1""]","[""page-2-chunk-1"", ""page-3-chunk-1"", ""page-1-chunk-1"", ""page-4-chunk-1"", ""page-5-chunk-1"", ""page-6-chunk-1"", ""page-3-chunk-2"", ""page-5-chunk-2""]",6,8,100c3cbae07fb51cf060fd99bb333f16e9142ed5debbe8f92e071e30208b5a5a,e5a2980cd4ca53237480f4ec7b0fdd05be749383a1ea34cbd0126a599ce3cae9,True,False,True
unidoc_commerce_manufacturing_0120,False,False,False,False,False,"[""page-8-chunk-1"", ""page-5-chunk-1"", ""page-3-chunk-1"", ""page-13-chunk-1"", ""page-7-chunk-1"", ""page-10-chunk-1""]","[""page-8-chunk-1"", ""page-5-chunk-1"", ""page-3-chunk-1"", ""page-13-chunk-1"", ""page-7-chunk-1"", ""page-10-chunk-1"", ""page-6-chunk-1"", ""page-11-chunk-1"", ""page-4-chunk-1""]",6,9,92d9ef1fd97ebdab127490f01888b2584a7965c9897f395a276e0e1c71ac7970,50fc15593cd16a251cf3468a05d0fd252d66bdd4c26d594981eb7d434a2acb74,True,False,True
unidoc_commerce_manufacturing_0138,False,False,False,False,False,"[""page-2-chunk-1"", ""page-4-chunk-1"", ""page-3-chunk-1"", ""page-7-chunk-1"", ""page-8-chunk-1"", ""page-5-chunk-1""]","[""page-2-chunk-1"", ""page-4-chunk-1"", ""page-3-chunk-1"", ""page-7-chunk-1"", ""page-8-chunk-1"", ""page-5-chunk-1"", ""page-10-chunk-1"", ""page-9-chunk-1"", ""page-1-chunk-1""]",6,9,702410f1c0190d903bbe2ce2ce98ef793b8625ae393db4ab49fc9f73d7426022,85b65e458e33f7152ffa9995244a6c81e8490648fd4c22580a2d6371226798bb,True,False,True
unidoc_commerce_manufacturing_0143,False,False,False,False,False,"[""page-5-chunk-1"", ""page-11-chunk-1"", ""page-12-chunk-1"", ""page-14-chunk-1"", ""page-10-chunk-1"", ""page-15-chunk-1""]","[""page-5-chunk-1"", ""page-11-chunk-1"", ""page-12-chunk-1"", ""page-14-chunk-1"", ""page-10-chunk-1"", ""page-15-chunk-1"", ""page-4-chunk-1"", ""page-2-chunk-1"", ""page-3-chunk-1""]",6,9,61c356204bd258a201a82f1a58e6362e674de4114604c1492d2d89b284cec375,eef5be4ea4520fa8a24a55e750aa5d260565209afab2471808531ce2cc0b1997,True,False,True
unidoc_commerce_manufacturing_0148,False,False,False,False,False,"[""page-9-chunk-1"", ""page-14-chunk-1"", ""page-12-chunk-1"", ""page-4-chunk-1"", ""page-16-chunk-1"", ""page-6-chunk-1""]","[""page-9-chunk-1"", ""page-14-chunk-1"", ""page-12-chunk-1"", ""page-4-chunk-1"", ""page-16-chunk-1"", ""page-6-chunk-1"", ""page-17-chunk-1"", ""page-5-chunk-1"", ""page-1-chunk-1""]",6,9,78b3f0f061c8f32aee518dd869f67a94d8549f6ff666fe46b15302b14a7f94c7,1b7cfe2d0b0ed8bc740c03f4e3c1ee202e40a0b3dcacf01db650a02fc57b7fa2,True,False,True
unidoc_commerce_manufacturing_0158,False,False,False,False,False,"[""page-3-chunk-1"", ""page-2-chunk-1"", ""page-1-chunk-1"", ""page-6-chunk-1"", ""page-7-chunk-1"", ""page-8-chunk-1""]","[""page-3-chunk-1"", ""page-2-chunk-1"", ""page-1-chunk-1"", ""page-6-chunk-1"", ""page-7-chunk-1"", ""page-8-chunk-1"", ""page-5-chunk-1"", ""page-4-chunk-1"", ""page-9-chunk-1""]",6,9,09e611935775fad70b96b4db260d4f28e846a794c15dbf18eba650d6beaf3d28,9f6fd8e7952aca87d7033c53c375a52f8947ef791715e0bb2f26aa70e5e44741,True,False,True
unidoc_commerce_manufacturing_0195,False,False,False,False,False,"[""page-1-chunk-1"", ""page-3-chunk-1"", ""page-2-chunk-1"", ""page-6-chunk-1"", ""page-9-chunk-1"", ""page-10-chunk-1""]","[""page-1-chunk-1"", ""page-3-chunk-1"", ""page-2-chunk-1"", ""page-6-chunk-1"", ""page-9-chunk-1"", ""page-10-chunk-1"", ""page-11-chunk-1"", ""page-13-chunk-1"", ""page-5-chunk-1""]",6,9,53b298b046559de0246ead75f1fec5bafd4a8ce4f4918f2fd5db847caf8004e0,63c5ab32decdef9c82e4e3494323509e3b5758eb115b2bc99b085881f6bdc3f5,True,False,True
unidoc_construction_0001,False,False,False,False,False,"[""page-5-chunk-1"", ""page-20-chunk-2"", ""page-2-chunk-2"", ""page-4-chunk-1"", ""page-17-chunk-1"", ""page-2-chunk-1""]","[""page-5-chunk-1"", ""page-20-chunk-2"", ""page-2-chunk-2"", ""page-4-chunk-1"", ""page-17-chunk-1"", ""page-2-chunk-1"", ""page-1-chunk-1"", ""page-12-chunk-1"", ""page-16-chunk-1""]",6,9,53a63165d1f222cf6cfbb34737ac30257750c069f9715eb97ffb15559da3a74b,9a2827a75e110b8980427350e587f6eff51e57b1333c6ed6e0eeeba37b694437,True,False,True
unidoc_construction_0015,True,True,True,True,True,"[""page-1-chunk-1"", ""page-3-chunk-2"", ""page-1-chunk-2"", ""page-2-chunk-1"", ""page-3-chunk-1""]","[""page-1-chunk-1"", ""page-3-chunk-2"", ""page-1-chunk-2"", ""page-2-chunk-1"", ""page-3-chunk-1""]",5,5,7b0c4830b45af822ec0c23f454b2098deb55fe72235753a97f7d7dc34eebadd4,7b0c4830b45af822ec0c23f454b2098deb55fe72235753a97f7d7dc34eebadd4,True,True,True
unidoc_construction_0017,False,False,False,False,False,"[""page-7-chunk-1"", ""page-6-chunk-1"", ""page-1-chunk-1"", ""page-11-chunk-1"", ""page-14-chunk-1"", ""page-13-chunk-1""]","[""page-7-chunk-1"", ""page-6-chunk-1"", ""page-1-chunk-1"", ""page-11-chunk-1"", ""page-14-chunk-1"", ""page-13-chunk-1"", ""page-8-chunk-1"", ""page-10-chunk-1"", ""page-12-chunk-1""]",6,9,ff4898845e09afa72a1d4ece073ab9063b4aa0d0a3a20974df239e92b15dfb88,c708ea3b846a07dfb9c1ff5305147c50a341f0658692d3f73b909e4e856277cb,True,False,True
unidoc_construction_0038,False,False,False,False,False,"[""page-16-chunk-1"", ""page-21-chunk-1"", ""page-20-chunk-2"", ""page-14-chunk-1"", ""page-20-chunk-1"", ""page-18-chunk-1""]","[""page-16-chunk-1"", ""page-21-chunk-1"", ""page-20-chunk-2"", ""page-14-chunk-1"", ""page-20-chunk-1"", ""page-18-chunk-1"", ""page-9-chunk-1"", ""page-19-chunk-1"", ""page-1-chunk-1""]",6,9,e85905ceafc50a80a290c618180ab2fb330da9a5fd634950a12a65b7b94b2735,a66f8cf27a854bdf07dd9a2de76b541796975b0e8a78c2543c1e88b9b6b4ea19,False,False,True
unidoc_construction_0045,True,True,True,True,True,"[""page-1-chunk-1"", ""page-4-chunk-1"", ""page-3-chunk-1"", ""page-5-chunk-1"", ""page-2-chunk-1"", ""page-6-chunk-1""]","[""page-1-chunk-1"", ""page-4-chunk-1"", ""page-3-chunk-1"", ""page-5-chunk-1"", ""page-2-chunk-1"", ""page-6-chunk-1""]",6,6,91c3cfb6ffe2326d35e5aaac93b7dfe80cf64893b7b385294a67c570e779f819,91c3cfb6ffe2326d35e5aaac93b7dfe80cf64893b7b385294a67c570e779f819,False,False,True
unidoc_construction_0047,False,False,False,False,False,"[""page-1-chunk-1"", ""page-2-chunk-1"", ""page-4-chunk-1"", ""page-5-chunk-1"", ""page-3-chunk-1"", ""page-6-chunk-2""]","[""page-1-chunk-1"", ""page-2-chunk-1"", ""page-4-chunk-1"", ""page-5-chunk-1"", ""page-3-chunk-1"", ""page-6-chunk-2"", ""page-6-chunk-1"", ""page-1-chunk-2""]",6,8,82b7c9dac1997e82f3fc27251e18466fc6614decea88a4cb44cf982daff77aa8,e81ec194fe2fb2aaed8f3648460fff4523ca0415f6d5d19dd50feec5c0c57a80,True,False,True
unidoc_construction_0052,True,True,True,True,True,"[""page-3-chunk-1"", ""page-1-chunk-2"", ""page-3-chunk-2"", ""page-2-chunk-1"", ""page-1-chunk-1""]","[""page-3-chunk-1"", ""page-1-chunk-2"", ""page-3-chunk-2"", ""page-2-chunk-1"", ""page-1-chunk-1""]",5,5,eaa7751b055cc7e6eaf13557a1cb76f1b342065cc46aeefa36ff25cc6eac8058,eaa7751b055cc7e6eaf13557a1cb76f1b342065cc46aeefa36ff25cc6eac8058,False,False,True
unidoc_construction_0058,False,False,False,False,False,"[""page-8-chunk-1"", ""page-9-chunk-1"", ""page-7-chunk-1"", ""page-4-chunk-1"", ""page-2-chunk-1"", ""page-1-chunk-1""]","[""page-8-chunk-1"", ""page-9-chunk-1"", ""page-7-chunk-1"", ""page-4-chunk-1"", ""page-2-chunk-1"", ""page-1-chunk-1"", ""page-3-chunk-1"", ""page-5-chunk-1"", ""page-6-chunk-1""]",6,9,0c8558192dbf2f87611ee115b495f4db767a984046955f6adeaffa0363dd78d6,9610a84d17a2974a36bde2b1453240439953e3e0961d3a4f511f4137ea46f3d8,True,False,True
unidoc_construction_0065,False,False,False,False,False,"[""page-9-chunk-1"", ""page-8-chunk-1"", ""page-2-chunk-1"", ""page-16-chunk-1"", ""page-7-chunk-1"", ""page-12-chunk-1""]","[""page-9-chunk-1"", ""page-8-chunk-1"", ""page-2-chunk-1"", ""page-16-chunk-1"", ""page-7-chunk-1"", ""page-12-chunk-1"", ""page-3-chunk-1"", ""page-13-chunk-1"", ""page-14-chunk-1""]",6,9,86c8cbae837d5c741f31f4b712f2dfe3ec837527883b952c8c64fab003e272eb,7bce38e01a6d64ac15a917569cd2dc3707a39109cd2b83ed661e25873236aaae,True,False,True
unidoc_construction_0067,False,False,False,False,False,"[""page-19-chunk-1"", ""page-18-chunk-1"", ""page-17-chunk-1"", ""page-5-chunk-1"", ""page-21-chunk-1"", ""page-4-chunk-1""]","[""page-19-chunk-1"", ""page-18-chunk-1"", ""page-17-chunk-1"", ""page-5-chunk-1"", ""page-21-chunk-1"", ""page-4-chunk-1"", ""page-1-chunk-1"", ""page-3-chunk-1"", ""page-6-chunk-1""]",6,9,00b30c2691b92362391c96234ef31b9d200383ff6f3d427be362c827d895305a,66ced4fe6c010f1f085b210e61382a9d5424e25a41edf96c60f3d930f5e77f0f,False,False,True
unidoc_construction_0070,False,False,False,False,False,"[""page-6-chunk-1"", ""page-2-chunk-1"", ""page-9-chunk-1"", ""page-10-chunk-2"", ""page-12-chunk-2"", ""page-5-chunk-1""]","[""page-6-chunk-1"", ""page-2-chunk-1"", ""page-9-chunk-1"", ""page-10-chunk-2"", ""page-12-chunk-2"", ""page-5-chunk-1"", ""page-3-chunk-1"", ""page-11-chunk-2"", ""page-9-chunk-2""]",6,9,31daf93bda24456944a076e93c28650c803a7e2119b7365b869f472c6f7ab216,0e163815a0b5a8162deb5b6a4f6e53527a52d1b309c38d8b3911fcefe8ffec6d,True,False,False
unidoc_construction_0073,False,False,False,False,False,"[""page-1-chunk-1"", ""page-2-chunk-1"", ""page-4-chunk-1"", ""page-14-chunk-1"", ""page-12-chunk-1"", ""page-13-chunk-1""]","[""page-1-chunk-1"", ""page-2-chunk-1"", ""page-4-chunk-1"", ""page-14-chunk-1"", ""page-12-chunk-1"", ""page-13-chunk-1"", ""page-6-chunk-1"", ""page-7-chunk-1"", ""page-10-chunk-1""]",6,9,a9796d7f47e5aa8046ffaea0902027124cfe9e1659fb85760ea297de45935138,4328aa6c4ac52c52406df052666732abf2fe7af9f57ae96338d74cf5f485ee0b,True,False,True
unidoc_construction_0075,False,False,False,False,False,"[""page-16-chunk-1"", ""page-1-chunk-1"", ""page-5-chunk-1"", ""page-14-chunk-1"", ""page-7-chunk-1"", ""page-9-chunk-1""]","[""page-16-chunk-1"", ""page-1-chunk-1"", ""page-5-chunk-1"", ""page-14-chunk-1"", ""page-7-chunk-1"", ""page-9-chunk-1"", ""page-3-chunk-2"", ""page-15-chunk-1"", ""page-6-chunk-1""]",6,9,165511f1ab11472a2f1dc37857256c466222f2f16f810a02035a5befae0de060,556e78f3553905693376796d6037095914380830dac48ac11adad61fde159b6a,True,False,True
unidoc_construction_0078,False,False,False,False,False,"[""page-1-chunk-1"", ""page-2-chunk-1"", ""page-2-chunk-2"", ""page-4-chunk-1"", ""page-6-chunk-2"", ""page-3-chunk-1""]","[""page-1-chunk-1"", ""page-2-chunk-1"", ""page-2-chunk-2"", ""page-4-chunk-1"", ""page-6-chunk-2"", ""page-3-chunk-1"", ""page-5-chunk-1"", ""page-1-chunk-2"", ""page-7-chunk-1""]",6,9,55855d50ef93bfccfba6383b5b08cc1c1174642a6cb5f7be0de0f26603a32512,e8766e96c71f5800ad5fb8dd5e0061af8c60aa1c4263775b7e073e5aa9cbfede,True,False,True
unidoc_construction_0093,False,False,False,False,False,"[""page-10-chunk-1"", ""page-2-chunk-1"", ""page-1-chunk-1"", ""page-3-chunk-1"", ""page-9-chunk-1"", ""page-25-chunk-1""]","[""page-10-chunk-1"", ""page-2-chunk-1"", ""page-1-chunk-1"", ""page-3-chunk-1"", ""page-9-chunk-1"", ""page-25-chunk-1"", ""page-21-chunk-1"", ""page-4-chunk-1"", ""page-24-chunk-1""]",6,9,0c8e66112819394b066a7ed8b9a7dc4aaae00fb2353d209935fd2224888c7067,80b1fe775e90a2585f727049f9efddb40e032e3dfff17617b8eb701ec115ea3a,True,True,True
unidoc_construction_0101,True,True,True,True,True,"[""page-5-chunk-1"", ""page-1-chunk-1"", ""page-4-chunk-1"", ""page-2-chunk-1"", ""page-3-chunk-1"", ""page-6-chunk-1""]","[""page-5-chunk-1"", ""page-1-chunk-1"", ""page-4-chunk-1"", ""page-2-chunk-1"", ""page-3-chunk-1"", ""page-6-chunk-1""]",6,6,2bac93a254cc5930399163db936cce320b516d94cd3304a1c716549e79a0c640,2bac93a254cc5930399163db936cce320b516d94cd3304a1c716549e79a0c640,False,False,True
unidoc_construction_0102,False,False,False,False,False,"[""page-5-chunk-1"", ""page-2-chunk-2"", ""page-2-chunk-1"", ""page-17-chunk-1"", ""page-4-chunk-1"", ""page-16-chunk-1""]","[""page-5-chunk-1"", ""page-2-chunk-2"", ""page-2-chunk-1"", ""page-17-chunk-1"", ""page-4-chunk-1"", ""page-16-chunk-1"", ""page-3-chunk-1"", ""page-19-chunk-1"", ""page-20-chunk-1""]",6,9,a068ff147793b66dc99d7bbbebc6c49adf87fe1d362b8a779bd879ad8f6ce728,d1b4f98cfc13fa7e9b2f95bd95b668aca26f66a9894c28cefea651333697b785,True,False,True
unidoc_construction_0112,False,False,False,False,False,"[""page-7-chunk-1"", ""page-1-chunk-1"", ""page-6-chunk-1"", ""page-2-chunk-1"", ""page-3-chunk-1"", ""page-8-chunk-1""]","[""page-7-chunk-1"", ""page-1-chunk-1"", ""page-6-chunk-1"", ""page-2-chunk-1"", ""page-3-chunk-1"", ""page-8-chunk-1"", ""page-5-chunk-1"", ""page-8-chunk-2"", ""page-9-chunk-1""]",6,9,7054c99b19b39838882b044b4256f78ac5e0b4c447056c7a8cfbeccf62fb79e0,7ce1f02ca3acc054be32c87242c19acf6ed17e6fce163b8e45d2a0af2e5b7b56,True,,
unidoc_construction_0114,False,False,False,False,False,"[""page-1-chunk-1"", ""page-11-chunk-1"", ""page-13-chunk-1"", ""page-2-chunk-1"", ""page-5-chunk-1"", ""page-3-chunk-1""]","[""page-1-chunk-1"", ""page-11-chunk-1"", ""page-13-chunk-1"", ""page-2-chunk-1"", ""page-5-chunk-1"", ""page-3-chunk-1"", ""page-7-chunk-1"", ""page-8-chunk-1"", ""page-6-chunk-1""]",6,9,8e38cb3c708dbccad212f6c00a2bac680b6f9ac19b54bbba1859728132709237,30adf1cb85fe956bfa6e94d6ce1c6b8a9e5df954eea394725ef54e55b664c95f,True,False,True
unidoc_construction_0125,False,False,False,False,False,"[""page-1-chunk-1"", ""page-5-chunk-1"", ""page-6-chunk-1"", ""page-10-chunk-1"", ""page-12-chunk-1"", ""page-12-chunk-2""]","[""page-1-chunk-1"", ""page-5-chunk-1"", ""page-6-chunk-1"", ""page-10-chunk-1"", ""page-12-chunk-1"", ""page-12-chunk-2"", ""page-3-chunk-1"", ""page-6-chunk-2"", ""page-2-chunk-1""]",6,9,63f1a426093454c8b633aaaa676b66dfbfd40517678cc1ef92b2b599791d570f,6dd18f8dfc2e7e6818dd5569502ecf16c98c221fc5847ad5d24fa5f489613c3d,True,False,True
unidoc_construction_0126,False,False,False,False,False,"[""page-3-chunk-1"", ""page-2-chunk-1"", ""page-1-chunk-1"", ""page-5-chunk-1"", ""page-7-chunk-1"", ""page-8-chunk-1""]","[""page-3-chunk-1"", ""page-2-chunk-1"", ""page-1-chunk-1"", ""page-5-chunk-1"", ""page-7-chunk-1"", ""page-8-chunk-1"", ""page-13-chunk-1"", ""page-11-chunk-1"", ""page-9-chunk-1""]",6,9,96b905cb1c1f11fad095c2d9ed3bcd47f01a2cbba25738851556cdab51533b14,649ee035d5e86765800745b91219882ad43cfafb95445586effbdeb2e5243ac9,False,False,False
unidoc_construction_0147,False,False,False,False,False,"[""page-1-chunk-1"", ""page-14-chunk-1"", ""page-5-chunk-1"", ""page-22-chunk-1"", ""page-17-chunk-1"", ""page-9-chunk-1""]","[""page-1-chunk-1"", ""page-14-chunk-1"", ""page-5-chunk-1"", ""page-22-chunk-1"", ""page-17-chunk-1"", ""page-9-chunk-1"", ""page-13-chunk-1"", ""page-18-chunk-1"", ""page-24-chunk-1""]",6,9,3cf7f59c103520bdfd4ea77a44a6f4a4b19af5f0f2586e9948b19a00a01aaa7a,40b70c94778c70e427e26f37afed4d5854a3e3e508ee75ba3dba287a66ce6f15,True,False,True
unidoc_construction_0150,False,False,False,False,False,"[""page-14-chunk-1"", ""page-12-chunk-1"", ""page-5-chunk-1"", ""page-11-chunk-1"", ""page-10-chunk-1"", ""page-4-chunk-1""]","[""page-14-chunk-1"", ""page-12-chunk-1"", ""page-5-chunk-1"", ""page-11-chunk-1"", ""page-10-chunk-1"", ""page-4-chunk-1"", ""page-2-chunk-1"", ""page-13-chunk-1"", ""page-1-chunk-1""]",6,9,1a8412fb2effe99348d231b775a587f480e53d4d788cd15e0e0a6cb694fff420,a3d8f0520794d15255ebbc78eb590782aecd951817b4dfae46586d9d7319d18c,False,False,True
unidoc_construction_0151,False,False,False,False,False,"[""page-20-chunk-1"", ""page-16-chunk-1"", ""page-14-chunk-1"", ""page-23-chunk-1"", ""page-26-chunk-1"", ""page-21-chunk-1""]","[""page-20-chunk-1"", ""page-16-chunk-1"", ""page-14-chunk-1"", ""page-23-chunk-1"", ""page-26-chunk-1"", ""page-21-chunk-1"", ""page-3-chunk-1"", ""page-1-chunk-1"", ""page-15-chunk-1""]",6,9,946fa276fa378d14f29ad7fd1d5c71129ba7dc6de51bb1e6583b543407c7a4f0,c0caa2228587d9d7bd9c33bdd5f0b058043d32cbab45e63a4863ea48221f159e,True,False,True
unidoc_construction_0153,True,True,True,True,True,"[""page-3-chunk-1"", ""page-3-chunk-2"", ""page-1-chunk-2"", ""page-1-chunk-1"", ""page-2-chunk-1""]","[""page-3-chunk-1"", ""page-3-chunk-2"", ""page-1-chunk-2"", ""page-1-chunk-1"", ""page-2-chunk-1""]",5,5,b1e5f46c54285348768f788ea4750904645809a54dcb8aea3b956d346c7a3a3c,b1e5f46c54285348768f788ea4750904645809a54dcb8aea3b956d346c7a3a3c,False,False,False
unidoc_construction_0165,False,False,False,False,False,"[""page-4-chunk-1"", ""page-11-chunk-1"", ""page-8-chunk-1"", ""page-1-chunk-1"", ""page-2-chunk-1"", ""page-12-chunk-1""]","[""page-4-chunk-1"", ""page-11-chunk-1"", ""page-8-chunk-1"", ""page-1-chunk-1"", ""page-2-chunk-1"", ""page-12-chunk-1"", ""page-14-chunk-1"", ""page-16-chunk-1"", ""page-13-chunk-1""]",6,9,ebea90ab126c81ae2363fa34a1b61c53549567579a72e460ab1d575870f85971,84264fc9740e8f288856357d845ee113207ea2ec89ad4c707d8739faa12a97a0,False,False,True
unidoc_construction_0174,False,False,False,False,False,"[""page-2-chunk-1"", ""page-3-chunk-1"", ""page-5-chunk-1"", ""page-6-chunk-1"", ""page-4-chunk-1"", ""page-8-chunk-1""]","[""page-2-chunk-1"", ""page-3-chunk-1"", ""page-5-chunk-1"", ""page-6-chunk-1"", ""page-4-chunk-1"", ""page-8-chunk-1"", ""page-1-chunk-1"", ""page-7-chunk-1""]",6,8,c0f3ede1a63725a71cb0ccd1f8e36f522e454bb3da9f9603f460a30d799fc68a,7c27f1a7d670d7e1f3aba6c13997d613d98a4636530dedea161fb9642adb804b,True,False,True
unidoc_construction_0175,False,False,False,False,False,"[""page-7-chunk-1"", ""page-8-chunk-1"", ""page-6-chunk-1"", ""page-11-chunk-1"", ""page-5-chunk-1"", ""page-10-chunk-1""]","[""page-7-chunk-1"", ""page-8-chunk-1"", ""page-6-chunk-1"", ""page-11-chunk-1"", ""page-5-chunk-1"", ""page-10-chunk-1"", ""page-12-chunk-1"", ""page-1-chunk-1"", ""page-2-chunk-1""]",6,9,cd00134b6e487ed67000d6ac040f4931b668df8677b1d252df94de96436d7237,8c5598121c48ac897d050f9440f41239f657c228329e85ee681bd77fff000883,True,False,False
unidoc_construction_0187,False,False,False,False,False,"[""page-9-chunk-1"", ""page-6-chunk-1"", ""page-1-chunk-1"", ""page-2-chunk-1"", ""page-5-chunk-1"", ""page-4-chunk-1""]","[""page-9-chunk-1"", ""page-6-chunk-1"", ""page-1-chunk-1"", ""page-2-chunk-1"", ""page-5-chunk-1"", ""page-4-chunk-1"", ""page-7-chunk-1"", ""page-3-chunk-1"", ""page-8-chunk-1""]",6,9,26ca410163385f84f825afc857960e075c9885079c05912caecbfc16a764d610,ffcc4a228caa1ddafeeee78252919a35f1e3bed3b944673a4c42abe041ba124e,True,False,True
unidoc_construction_0190,False,False,False,False,False,"[""page-3-chunk-1"", ""page-18-chunk-1"", ""page-17-chunk-1"", ""page-1-chunk-1"", ""page-4-chunk-1"", ""page-7-chunk-1""]","[""page-3-chunk-1"", ""page-18-chunk-1"", ""page-17-chunk-1"", ""page-1-chunk-1"", ""page-4-chunk-1"", ""page-7-chunk-1"", ""page-6-chunk-1"", ""page-12-chunk-1"", ""page-16-chunk-1""]",6,9,5f30e7b7de6ac6fcdc61c2e110e3f9ad0f412a3b41e5f3773ccce5353eefa60f,6c7338520810e182774ab710bc492b8e10633ca501ac1cbabd4b3c692041f702,True,False,True
unidoc_construction_0197,True,True,True,True,True,"[""page-1-chunk-2"", ""page-3-chunk-2"", ""page-3-chunk-1"", ""page-1-chunk-1"", ""page-2-chunk-1""]","[""page-1-chunk-2"", ""page-3-chunk-2"", ""page-3-chunk-1"", ""page-1-chunk-1"", ""page-2-chunk-1""]",5,5,c68a96010bae346835bcf6af7a01c01040bed3797606c4a096996b9898401f78,c68a96010bae346835bcf6af7a01c01040bed3797606c4a096996b9898401f78,True,False,True
unidoc_construction_0198,False,False,False,False,False,"[""page-10-chunk-1"", ""page-22-chunk-1"", ""page-2-chunk-1"", ""page-23-chunk-1"", ""page-1-chunk-1"", ""page-3-chunk-1""]","[""page-10-chunk-1"", ""page-22-chunk-1"", ""page-2-chunk-1"", ""page-23-chunk-1"", ""page-1-chunk-1"", ""page-3-chunk-1"", ""page-18-chunk-1"", ""page-21-chunk-1"", ""page-5-chunk-1""]",6,9,cd55644bc7a2fa3d2f64582f2dff189f6c73555f0c52e346bba820b66bab9f64,96d8eed7b04dc615eba90463d4d8ed3551985d738deea2c2afa455928a8e0b07,True,False,True
unidoc_construction_0199,False,False,False,False,False,"[""page-11-chunk-1"", ""page-3-chunk-1"", ""page-2-chunk-1"", ""page-15-chunk-1"", ""page-9-chunk-1"", ""page-8-chunk-1""]","[""page-11-chunk-1"", ""page-3-chunk-1"", ""page-2-chunk-1"", ""page-15-chunk-1"", ""page-9-chunk-1"", ""page-8-chunk-1"", ""page-14-chunk-1"", ""page-7-chunk-1"", ""page-18-chunk-1""]",6,9,bc9360ec6d223c179073a8d4db2f4117060051344598e1c504f4139c8b2d7bb0,a2a98707efd0ed3c46b3242961f4b578cbe342090a20b24c43d32ad15aee90bf,True,False,True
unidoc_crm_0001,False,False,False,False,False,"[""page-1-chunk-1"", ""page-5-chunk-1"", ""page-10-chunk-1"", ""page-6-chunk-1"", ""page-3-chunk-1"", ""page-18-chunk-1""]","[""page-1-chunk-1"", ""page-5-chunk-1"", ""page-10-chunk-1"", ""page-6-chunk-1"", ""page-3-chunk-1"", ""page-18-chunk-1"", ""page-12-chunk-1"", ""page-2-chunk-1"", ""page-4-chunk-1""]",6,9,2e0030ed75c56bf1e6ed3d29217b6899190cdb37ebca350e79a0a5ecd173fe47,f85c4bd898552c6daf8889751d3850685f095bea66b518f5309b79a774e8f791,True,False,True
unidoc_crm_0008,False,False,False,False,False,"[""page-1-chunk-1"", ""page-11-chunk-1"", ""page-3-chunk-1"", ""page-5-chunk-1"", ""page-9-chunk-1"", ""page-4-chunk-1""]","[""page-1-chunk-1"", ""page-11-chunk-1"", ""page-3-chunk-1"", ""page-5-chunk-1"", ""page-9-chunk-1"", ""page-4-chunk-1"", ""page-10-chunk-1"", ""page-2-chunk-1"", ""page-12-chunk-1""]",6,9,246f09bf7a2ea18229766b65e46b6abf78ef0cefb26d96e9aea57a4edf5cc171,3d03c80061a31dfce4281ef28a856a3c731b70f1d476938a7dfdc8018f920f3f,True,False,True
unidoc_crm_0012,False,False,False,False,False,"[""page-1-chunk-1"", ""page-14-chunk-1"", ""page-3-chunk-1"", ""page-13-chunk-1"", ""page-7-chunk-1"", ""page-2-chunk-1""]","[""page-1-chunk-1"", ""page-14-chunk-1"", ""page-3-chunk-1"", ""page-13-chunk-1"", ""page-7-chunk-1"", ""page-2-chunk-1"", ""page-25-chunk-1"", ""page-23-chunk-1"", ""page-10-chunk-1""]",6,9,3c686fd91e4bbd8a70e0d033d1992851811c3da18ccb3578e558dbbfff108964,d1a549a10b9ce164eefc7b96f581e29332fd7f51ab398b241345cd98ead83139,True,True,True
unidoc_crm_0022,False,False,False,False,False,"[""page-9-chunk-1"", ""page-8-chunk-1"", ""page-2-chunk-1"", ""page-7-chunk-1"", ""page-5-chunk-1"", ""page-6-chunk-1""]","[""page-9-chunk-1"", ""page-8-chunk-1"", ""page-2-chunk-1"", ""page-7-chunk-1"", ""page-5-chunk-1"", ""page-6-chunk-1"", ""page-3-chunk-1"", ""page-4-chunk-1"", ""page-1-chunk-1""]",6,9,a8e2831d89a621f2a8c83074ba3bf7ea9c0d1949ee2808933d46e7bca8a4858e,0445925a915b046c919a01ee2555a21cb33ae042a632cd655824a40948ed3b1d,True,False,True
unidoc_crm_0031,False,False,False,False,False,"[""page-9-chunk-1"", ""page-11-chunk-1"", ""page-12-chunk-1"", ""page-1-chunk-2"", ""page-10-chunk-1"", ""page-13-chunk-1""]","[""page-9-chunk-1"", ""page-11-chunk-1"", ""page-12-chunk-1"", ""page-1-chunk-2"", ""page-10-chunk-1"", ""page-13-chunk-1"", ""page-12-chunk-2"", ""page-4-chunk-2"", ""page-2-chunk-1""]",6,9,c0b22306d36b9a7041f4c7cabc2ed2673b7f070d7d01da4c6580a1c8ee0a63b7,aa1f10fbb0829360c544b30d9f0c909e0d2d74e1ab6000b72ef1c4f314a7ef5d,True,False,True
unidoc_crm_0032,False,False,False,False,False,"[""page-13-chunk-1"", ""page-12-chunk-1"", ""page-11-chunk-1"", ""page-3-chunk-1"", ""page-15-chunk-1"", ""page-2-chunk-1""]","[""page-13-chunk-1"", ""page-12-chunk-1"", ""page-11-chunk-1"", ""page-3-chunk-1"", ""page-15-chunk-1"", ""page-2-chunk-1"", ""page-14-chunk-1"", ""page-1-chunk-1"", ""page-16-chunk-1""]",6,9,2f6aea8e00c9b4638ca8281275686684fe5c49c9f208dad0607708e485b9a0e7,39a41978c30b1511be51c12595e6f6f41c69851d59126f711ef19a60cebffd1d,True,False,True
unidoc_crm_0059,False,False,False,False,False,"[""page-11-chunk-1"", ""page-8-chunk-1"", ""page-9-chunk-1"", ""page-16-chunk-1"", ""page-1-chunk-1"", ""page-6-chunk-1""]","[""page-11-chunk-1"", ""page-8-chunk-1"", ""page-9-chunk-1"", ""page-16-chunk-1"", ""page-1-chunk-1"", ""page-6-chunk-1"", ""page-12-chunk-1"", ""page-14-chunk-1"", ""page-7-chunk-1""]",6,9,477e5edc94943c5f2751b3537650e0c0201e671e1192ccfa87c05df828669751,b55b040b69e66a01c979f5ef128680bbe7821c551323f75285cc275c86f493bc,True,True,True
unidoc_crm_0080,True,True,True,True,True,"[""page-2-chunk-1"", ""page-3-chunk-1"", ""page-1-chunk-1"", ""page-4-chunk-1""]","[""page-2-chunk-1"", ""page-3-chunk-1"", ""page-1-chunk-1"", ""page-4-chunk-1""]",4,4,54b4462f0c6ca5ba7b59858cd7b075bc862c4e0960721fa258583e735ce87d4d,54b4462f0c6ca5ba7b59858cd7b075bc862c4e0960721fa258583e735ce87d4d,False,False,False
unidoc_crm_0082,False,False,False,False,False,"[""page-11-chunk-1"", ""page-10-chunk-1"", ""page-1-chunk-1"", ""page-8-chunk-1"", ""page-9-chunk-1"", ""page-2-chunk-1""]","[""page-11-chunk-1"", ""page-10-chunk-1"", ""page-1-chunk-1"", ""page-8-chunk-1"", ""page-9-chunk-1"", ""page-2-chunk-1"", ""page-3-chunk-1"", ""page-7-chunk-1"", ""page-6-chunk-1""]",6,9,f136dbb0fd5caa5ef4e7672b380ce6916e282a6488d14bf7b0d6f6cda26bc0a1,451f258d83c0ca27614d6d3bbee93739d1536f0c0343db2527469cd2c6710345,True,False,True
unidoc_crm_0086,False,False,False,False,False,"[""page-11-chunk-1"", ""page-12-chunk-1"", ""page-13-chunk-1"", ""page-14-chunk-1"", ""page-15-chunk-1"", ""page-3-chunk-1""]","[""page-11-chunk-1"", ""page-12-chunk-1"", ""page-13-chunk-1"", ""page-14-chunk-1"", ""page-15-chunk-1"", ""page-3-chunk-1"", ""page-1-chunk-1"", ""page-17-chunk-1"", ""page-6-chunk-1""]",6,9,dd4cc4aa699a5013e00dee2702922b3a735c9d77f31764d3ca2a1b82e06e2a6f,4b02a09fa073ef49df22d6a5c36b05b401ef0ed9674a7c542751df7ab40cc470,True,False,True
unidoc_crm_0090,False,False,False,False,False,"[""page-13-chunk-1"", ""page-12-chunk-1"", ""page-6-chunk-1"", ""page-1-chunk-1"", ""page-10-chunk-1"", ""page-2-chunk-1""]","[""page-13-chunk-1"", ""page-12-chunk-1"", ""page-6-chunk-1"", ""page-1-chunk-1"", ""page-10-chunk-1"", ""page-2-chunk-1"", ""page-8-chunk-1"", ""page-4-chunk-1"", ""page-9-chunk-1""]",6,9,c87261eab82e90a3d842e54aa3f50152cbd9feeff40ebac4505d669579d9f384,6476941730202e0f3ed80bce65f8a9badabbd0661c3c64bf38f47e2c836b2db7,False,False,True
unidoc_crm_0100,False,False,False,False,False,"[""page-12-chunk-1"", ""page-11-chunk-1"", ""page-13-chunk-1"", ""page-7-chunk-1"", ""page-1-chunk-1"", ""page-3-chunk-1""]","[""page-12-chunk-1"", ""page-11-chunk-1"", ""page-13-chunk-1"", ""page-7-chunk-1"", ""page-1-chunk-1"", ""page-3-chunk-1"", ""page-4-chunk-1"", ""page-16-chunk-1"", ""page-2-chunk-1""]",6,9,4d1992cc735e1acbdd647dcfe8c086a0c3a97dd98b782bc2f9c1605ee89b26e8,e2910f25bdb2e39423d38b1358b7eecc37338df724051a16cb32157419bde95a,False,False,True
unidoc_crm_0104,False,False,False,False,False,"[""page-4-chunk-1"", ""page-3-chunk-1"", ""page-5-chunk-1"", ""page-6-chunk-1"", ""page-1-chunk-1"", ""page-2-chunk-1""]","[""page-4-chunk-1"", ""page-3-chunk-1"", ""page-5-chunk-1"", ""page-6-chunk-1"", ""page-1-chunk-1"", ""page-2-chunk-1"", ""page-8-chunk-1"", ""page-7-chunk-1""]",6,8,ded985203568c41f90ed79b78cebc2c7a87ed1baf0c148ed6a45eb6d80f13a53,dbf914877ead7775dc254a7a974e825f2a4b62bb46c8933d56549bc950a29f59,True,False,True
unidoc_crm_0106,False,False,False,False,False,"[""page-14-chunk-1"", ""page-3-chunk-1"", ""page-26-chunk-1"", ""page-7-chunk-1"", ""page-10-chunk-1"", ""page-12-chunk-1""]","[""page-14-chunk-1"", ""page-3-chunk-1"", ""page-26-chunk-1"", ""page-7-chunk-1"", ""page-10-chunk-1"", ""page-12-chunk-1"", ""page-6-chunk-1"", ""page-15-chunk-1"", ""page-11-chunk-1""]",6,9,773a96a4446ffbf4fe55b19c8aa63ed961c56a8ca3d20671177b4ebf32a985ce,1b95eca779a1bda67cfa2d2f1761c84990d04038e660aa4a34791f3449142374,True,False,True
unidoc_crm_0112,False,False,False,False,False,"[""page-5-chunk-1"", ""page-2-chunk-1"", ""page-1-chunk-2"", ""page-6-chunk-2"", ""page-5-chunk-2"", ""page-1-chunk-1""]","[""page-5-chunk-1"", ""page-2-chunk-1"", ""page-1-chunk-2"", ""page-6-chunk-2"", ""page-5-chunk-2"", ""page-1-chunk-1"", ""page-6-chunk-1"", ""page-4-chunk-1"", ""page-3-chunk-2""]",6,9,7d251db06703eb70a63f1e46851940fdcffece1e05c1a07403e21ae26b945b1d,a264dea0625f658d688a29874c5e8b8bf52ff71213e7d7ddeed66debf4b04f92,True,False,True
unidoc_crm_0138,False,False,False,False,False,"[""page-4-chunk-1"", ""page-7-chunk-1"", ""page-1-chunk-1"", ""page-3-chunk-1"", ""page-2-chunk-1"", ""page-5-chunk-1""]","[""page-4-chunk-1"", ""page-7-chunk-1"", ""page-1-chunk-1"", ""page-3-chunk-1"", ""page-2-chunk-1"", ""page-5-chunk-1"", ""page-6-chunk-1""]",6,7,a0202283ebb565d6aa37523a231d6a08ef0411e9977e5b7ad40b42f4faff4c61,b1564162ae2c85d5457451a7cd2ef536d1c6d828861309d5fe550bccae3942b4,True,False,True
unidoc_crm_0162,False,False,False,False,False,"[""page-14-chunk-1"", ""page-15-chunk-1"", ""page-13-chunk-1"", ""page-1-chunk-1"", ""page-4-chunk-1"", ""page-5-chunk-1""]","[""page-14-chunk-1"", ""page-15-chunk-1"", ""page-13-chunk-1"", ""page-1-chunk-1"", ""page-4-chunk-1"", ""page-5-chunk-1"", ""page-12-chunk-1"", ""page-8-chunk-1"", ""page-11-chunk-1""]",6,9,42397351125fddada9ca71048901e6c66a95e426418ca65fc846fbd33d2538e8,5dba75b39aa999da6d48f53211b985d98a5f41a26f80648b0efeffc180ebd264,True,False,True
unidoc_crm_0168,False,False,False,False,False,"[""page-19-chunk-1"", ""page-2-chunk-1"", ""page-4-chunk-1"", ""page-3-chunk-1"", ""page-20-chunk-1"", ""page-11-chunk-1""]","[""page-19-chunk-1"", ""page-2-chunk-1"", ""page-4-chunk-1"", ""page-3-chunk-1"", ""page-20-chunk-1"", ""page-11-chunk-1"", ""page-21-chunk-1"", ""page-9-chunk-1"", ""page-10-chunk-1""]",6,9,30022e81d29c1fe64ed3a0943fc62dda0d5591460f17dcaaa7c58eb0b2f7d574,27879d70f7c182325fd35aee0928b75a2e378af66c218b634b542e015235fc77,False,False,True
unidoc_crm_0174,True,True,True,True,True,"[""page-1-chunk-1"", ""page-2-chunk-1"", ""page-3-chunk-1"", ""page-4-chunk-1""]","[""page-1-chunk-1"", ""page-2-chunk-1"", ""page-3-chunk-1"", ""page-4-chunk-1""]",4,4,fe05fc4bb0043e1966a99853aa15efd6a0d08ba9f660fcf2d41477c64be6562a,fe05fc4bb0043e1966a99853aa15efd6a0d08ba9f660fcf2d41477c64be6562a,True,False,True
unidoc_crm_0181,False,False,False,False,False,"[""page-4-chunk-1"", ""page-1-chunk-1"", ""page-3-chunk-1"", ""page-8-chunk-1"", ""page-2-chunk-1"", ""page-5-chunk-1""]","[""page-4-chunk-1"", ""page-1-chunk-1"", ""page-3-chunk-1"", ""page-8-chunk-1"", ""page-2-chunk-1"", ""page-5-chunk-1"", ""page-6-chunk-1"", ""page-7-chunk-1""]",6,8,d4d3415e37debc3393daf71e4f133ad21ecf12590d31e5baa7cdff0e89460592,41e61ebb1cae120a86632d1979be043592eb479b1dad847446c686e463a6527f,True,False,True
unidoc_crm_0185,False,False,False,False,False,"[""page-1-chunk-1"", ""page-7-chunk-1"", ""page-3-chunk-1"", ""page-8-chunk-1"", ""page-4-chunk-1"", ""page-6-chunk-1""]","[""page-1-chunk-1"", ""page-7-chunk-1"", ""page-3-chunk-1"", ""page-8-chunk-1"", ""page-4-chunk-1"", ""page-6-chunk-1"", ""page-5-chunk-1"", ""page-2-chunk-1""]",6,8,d38a46df8f7ac20331d2139f105fca04942d581b47942c434ba09b1af7e8d184,8485835b62a391cb83dd58aa36b67a7bb45a7f3b64b199b72a2b85a71f6a7696,True,False,True
unidoc_crm_0193,False,False,False,False,False,"[""page-1-chunk-1"", ""page-5-chunk-1"", ""page-10-chunk-1"", ""page-6-chunk-1"", ""page-4-chunk-1"", ""page-3-chunk-1""]","[""page-1-chunk-1"", ""page-5-chunk-1"", ""page-10-chunk-1"", ""page-6-chunk-1"", ""page-4-chunk-1"", ""page-3-chunk-1"", ""page-18-chunk-1"", ""page-12-chunk-1"", ""page-2-chunk-1""]",6,9,9363c388c7a47593568b83c438c592526ad5bcb3d9144a765fd8506f3cbcbe76,454484b681c53810e451180fcdcc5d83e94b7a9100389369bcb497555b083ece,True,False,True
unidoc_education_0006,False,False,False,False,False,"[""page-5-chunk-2"", ""page-5-chunk-1"", ""page-7-chunk-1"", ""page-11-chunk-1"", ""page-12-chunk-1"", ""page-11-chunk-2""]","[""page-5-chunk-2"", ""page-5-chunk-1"", ""page-7-chunk-1"", ""page-11-chunk-1"", ""page-12-chunk-1"", ""page-11-chunk-2"", ""page-13-chunk-1"", ""page-1-chunk-1"", ""page-3-chunk-1""]",6,9,5bf9247998445fbf3047baaf5ca6cbeb3aab41991487433b0b23daa983f02455,a200bab27ae4eeb25341dad3c59b86525cace4721267f1380e86584f07c7516a,True,False,True
unidoc_education_0013,False,False,False,False,False,"[""page-1-chunk-1"", ""page-4-chunk-1"", ""page-7-chunk-1"", ""page-3-chunk-1"", ""page-2-chunk-2"", ""page-2-chunk-1""]","[""page-1-chunk-1"", ""page-4-chunk-1"", ""page-7-chunk-1"", ""page-3-chunk-1"", ""page-2-chunk-2"", ""page-2-chunk-1"", ""page-6-chunk-1"", ""page-5-chunk-1"", ""page-8-chunk-1""]",6,9,b2bf50edf96e34b2e831d77017f8b30d666a5bbfc5dbfadda58c70ee4e9cd7d6,075062c2682f3a37f05efb8c53454b31a9166aeb4f0a93a554b129837bf83582,True,False,True
unidoc_education_0015,False,False,False,False,False,"[""page-23-chunk-1"", ""page-9-chunk-1"", ""page-12-chunk-1"", ""page-1-chunk-1"", ""page-24-chunk-1"", ""page-13-chunk-1""]","[""page-23-chunk-1"", ""page-9-chunk-1"", ""page-12-chunk-1"", ""page-1-chunk-1"", ""page-24-chunk-1"", ""page-13-chunk-1"", ""page-10-chunk-1"", ""page-18-chunk-1"", ""page-2-chunk-1""]",6,9,d80475fa0e753187dd9ee597e9a73fba58bd6f18191415026164fe9c5991ca84,f256cb521416fec9ec07110515253bb44171d099dc5188a8554db88e605214a6,True,False,False
unidoc_education_0018,False,False,False,False,False,"[""page-6-chunk-1"", ""page-5-chunk-1"", ""page-8-chunk-1"", ""page-3-chunk-1"", ""page-1-chunk-1"", ""page-2-chunk-1""]","[""page-6-chunk-1"", ""page-5-chunk-1"", ""page-8-chunk-1"", ""page-3-chunk-1"", ""page-1-chunk-1"", ""page-2-chunk-1"", ""page-7-chunk-1"", ""page-4-chunk-1""]",6,8,3bbab8008a5f570536facea3415d1808cc716304b97274a1dc9b2c3fb3bd862c,14b5e68732f0863c62f25acf95f66f91c3bacedf671200052759d211d2fa89f3,True,True,True
unidoc_education_0022,False,False,False,False,False,"[""page-12-chunk-1"", ""page-14-chunk-1"", ""page-20-chunk-1"", ""page-15-chunk-1"", ""page-13-chunk-1"", ""page-16-chunk-1""]","[""page-12-chunk-1"", ""page-14-chunk-1"", ""page-20-chunk-1"", ""page-15-chunk-1"", ""page-13-chunk-1"", ""page-16-chunk-1"", ""page-11-chunk-1"", ""page-18-chunk-1"", ""page-4-chunk-1""]",6,9,b20b777808659ff0e34a282bbbde2ccadea2e04bcf83da955cadec43f2d34bc6,b07569118dc0d79d2edb41dd841b12e47c5979085e88fb91d966b2b6a1af3514,True,False,True
unidoc_education_0023,False,False,False,False,False,"[""page-1-chunk-1"", ""page-7-chunk-1"", ""page-2-chunk-1"", ""page-3-chunk-1"", ""page-4-chunk-1"", ""page-5-chunk-1""]","[""page-1-chunk-1"", ""page-7-chunk-1"", ""page-2-chunk-1"", ""page-3-chunk-1"", ""page-4-chunk-1"", ""page-5-chunk-1"", ""page-6-chunk-1"", ""page-8-chunk-1"", ""page-2-chunk-2""]",6,9,603f2928e49f01a920150a35947816ad8b8edf3bd20d09c785c075389f74bc21,f9b75a6cf232bf935555772443bddbe9bb97360b66921d1a3d768ce83c759252,True,False,True
unidoc_education_0024,False,False,False,False,False,"[""page-10-chunk-1"", ""page-12-chunk-1"", ""page-10-chunk-2"", ""page-11-chunk-1"", ""page-20-chunk-2"", ""page-6-chunk-1""]","[""page-10-chunk-1"", ""page-12-chunk-1"", ""page-10-chunk-2"", ""page-11-chunk-1"", ""page-20-chunk-2"", ""page-6-chunk-1"", ""page-25-chunk-2"", ""page-26-chunk-1"", ""page-20-chunk-1""]",6,9,f218f0863efc09ca0185b87155e962aefea25e7298461cb3d3a041d82add14ce,fcb46485eb2423f73fa184966d5b101df85687c1bf3f4bd2663564d608576f02,True,False,True
unidoc_education_0030,False,False,False,False,False,"[""page-10-chunk-1"", ""page-8-chunk-1"", ""page-9-chunk-1"", ""page-16-chunk-1"", ""page-12-chunk-1"", ""page-11-chunk-1""]","[""page-10-chunk-1"", ""page-8-chunk-1"", ""page-9-chunk-1"", ""page-16-chunk-1"", ""page-12-chunk-1"", ""page-11-chunk-1"", ""page-14-chunk-1"", ""page-13-chunk-1"", ""page-6-chunk-1""]",6,9,9eb1681f2264c873fecbd355ba75024eb281e6a419558dbc6a91595c8c4dcc58,b99114e9b4f8fd514eba04d78c550238445be767200185a9f411ba21dd5e9282,True,False,True
unidoc_education_0034,False,False,False,False,False,"[""page-8-chunk-1"", ""page-9-chunk-1"", ""page-10-chunk-1"", ""page-16-chunk-1"", ""page-14-chunk-1"", ""page-11-chunk-1""]","[""page-8-chunk-1"", ""page-9-chunk-1"", ""page-10-chunk-1"", ""page-16-chunk-1"", ""page-14-chunk-1"", ""page-11-chunk-1"", ""page-12-chunk-1"", ""page-13-chunk-1"", ""page-6-chunk-1""]",6,9,8c7510e403c6e10f689e84ba47075511ca011ba04829e32469e9118d58728523,687d8cc4a05ed96a1bb5985f2c2f4ec0c0eca0b710145d6fb65a6e39ba82013b,True,False,True
unidoc_education_0046,False,False,False,False,False,"[""page-1-chunk-1"", ""page-7-chunk-1"", ""page-2-chunk-1"", ""page-19-chunk-1"", ""page-14-chunk-1"", ""page-21-chunk-1""]","[""page-1-chunk-1"", ""page-7-chunk-1"", ""page-2-chunk-1"", ""page-19-chunk-1"", ""page-14-chunk-1"", ""page-21-chunk-1"", ""page-12-chunk-1"", ""page-5-chunk-1"", ""page-23-chunk-1""]",6,9,9c2a68b9078c331be92f2c3dce74142d23674b419bc7a8ca38c40d0df4f86383,bda262a6395008320e23487e6a8977d44aca9d9579e77874679c6cf5aa5ceae6,False,False,False
unidoc_education_0048,False,False,False,False,False,"[""page-12-chunk-1"", ""page-17-chunk-1"", ""page-15-chunk-1"", ""page-16-chunk-1"", ""page-2-chunk-1"", ""page-11-chunk-1""]","[""page-12-chunk-1"", ""page-17-chunk-1"", ""page-15-chunk-1"", ""page-16-chunk-1"", ""page-2-chunk-1"", ""page-11-chunk-1"", ""page-5-chunk-1"", ""page-4-chunk-1"", ""page-13-chunk-1""]",6,9,543505a7a8414ce4307dd04f8530deb00ce37908036f0775b85eafc8019a0a74,0c2e4300306966e725380ab26af43c1c0ba90c0344e587270dc2e5fcf1e3c92d,True,False,True
unidoc_education_0050,False,False,False,False,False,"[""page-9-chunk-1"", ""page-7-chunk-1"", ""page-2-chunk-1"", ""page-3-chunk-1"", ""page-8-chunk-1"", ""page-5-chunk-1""]","[""page-9-chunk-1"", ""page-7-chunk-1"", ""page-2-chunk-1"", ""page-3-chunk-1"", ""page-8-chunk-1"", ""page-5-chunk-1"", ""page-1-chunk-1"", ""page-6-chunk-1"", ""page-6-chunk-2""]",6,9,15c7508e772f49a0a5f33ae3f739aef223524ded16c3b37cf2f18b8a217b3f9f,fb8a12d6dd6e343994077d019e5a4091c5ed5d579850b14e1e212f76462b0645,True,False,True
unidoc_education_0054,False,False,False,False,False,"[""page-10-chunk-1"", ""page-5-chunk-1"", ""page-19-chunk-1"", ""page-18-chunk-1"", ""page-7-chunk-1"", ""page-20-chunk-1""]","[""page-10-chunk-1"", ""page-5-chunk-1"", ""page-19-chunk-1"", ""page-18-chunk-1"", ""page-7-chunk-1"", ""page-20-chunk-1"", ""page-9-chunk-1"", ""page-21-chunk-1"", ""page-1-chunk-1""]",6,9,3a2cf48007c7194406c2de12aa13f76771c226f3769a5f53b551329941df6cf0,8e45b0a40386ae6401f4ab68067dd86d292928a907cf067336309a5579d1883b,True,False,True
unidoc_education_0056,False,False,False,False,False,"[""page-6-chunk-1"", ""page-7-chunk-1"", ""page-9-chunk-1"", ""page-4-chunk-1"", ""page-3-chunk-1"", ""page-7-chunk-2""]","[""page-6-chunk-1"", ""page-7-chunk-1"", ""page-9-chunk-1"", ""page-4-chunk-1"", ""page-3-chunk-1"", ""page-7-chunk-2"", ""page-2-chunk-1"", ""page-1-chunk-1"", ""page-5-chunk-1""]",6,9,1f971f2c8d8848afe8f49a5e663f158947de3295dc837cf72c1d1e5898cca8ec,d087a0d35ae33a31aa2b120a4b6b997ff6d3d79570d6ce36cad2f92415cd5d5e,True,False,True
unidoc_education_0064,False,False,False,False,False,"[""page-2-chunk-2"", ""page-4-chunk-2"", ""page-3-chunk-1"", ""page-6-chunk-2"", ""page-6-chunk-1"", ""page-7-chunk-1""]","[""page-2-chunk-2"", ""page-4-chunk-2"", ""page-3-chunk-1"", ""page-6-chunk-2"", ""page-6-chunk-1"", ""page-7-chunk-1"", ""page-5-chunk-1"", ""page-4-chunk-1"", ""page-10-chunk-2""]",6,9,3892779fb3cbb0704b87f256a6340ab47c96e926bf8ce1a37a3813aa15fda55c,fd8ef121f6a308a8009752f54faa188f5792554b30e0a05dd1f7f5daca43546f,True,True,True
unidoc_education_0072,False,False,False,False,False,"[""page-4-chunk-1"", ""page-1-chunk-1"", ""page-2-chunk-1"", ""page-7-chunk-1"", ""page-8-chunk-1"", ""page-13-chunk-1""]","[""page-4-chunk-1"", ""page-1-chunk-1"", ""page-2-chunk-1"", ""page-7-chunk-1"", ""page-8-chunk-1"", ""page-13-chunk-1"", ""page-17-chunk-1"", ""page-15-chunk-1"", ""page-10-chunk-1""]",6,9,d65f1980835df6b2ad1a38857cfd7b7842c818fd6966f5af4d8ca2894ba2e14f,62ff59c0b61d6c7578b6a35a80f9c35cf0115320f4ea3754f88050f31b4c0a73,True,False,True
unidoc_education_0082,False,False,False,False,False,"[""page-11-chunk-1"", ""page-2-chunk-1"", ""page-4-chunk-1"", ""page-13-chunk-1"", ""page-19-chunk-1"", ""page-16-chunk-1""]","[""page-11-chunk-1"", ""page-2-chunk-1"", ""page-4-chunk-1"", ""page-13-chunk-1"", ""page-19-chunk-1"", ""page-16-chunk-1"", ""page-15-chunk-1"", ""page-7-chunk-1"", ""page-17-chunk-1""]",6,9,b380a47447ce629003b92c019292eca6cd829f0ee20a6506bd60b0500895316a,8b87e67b9883617dc58abc3c6c7d34ba22b27bcc2e3ddb605eec1a6131b54e72,True,False,True
unidoc_education_0099,False,False,False,False,False,"[""page-11-chunk-1"", ""page-11-chunk-2"", ""page-5-chunk-1"", ""page-12-chunk-1"", ""page-1-chunk-1"", ""page-9-chunk-1""]","[""page-11-chunk-1"", ""page-11-chunk-2"", ""page-5-chunk-1"", ""page-12-chunk-1"", ""page-1-chunk-1"", ""page-9-chunk-1"", ""page-13-chunk-2"", ""page-10-chunk-2"", ""page-7-chunk-1""]",6,9,bfb6007c3d62fb58552e4582453fbb5c7114fd4003de675e5862f8334ee6d940,50e08501d928baee994bb93431e51e640c677048f24e93120cccaf54182b91db,True,False,True
unidoc_education_0109,False,False,False,False,False,"[""page-2-chunk-1"", ""page-1-chunk-1"", ""page-12-chunk-1"", ""page-5-chunk-1"", ""page-10-chunk-2"", ""page-3-chunk-1""]","[""page-2-chunk-1"", ""page-1-chunk-1"", ""page-12-chunk-1"", ""page-5-chunk-1"", ""page-10-chunk-2"", ""page-3-chunk-1"", ""page-6-chunk-1"", ""page-7-chunk-1"", ""page-11-chunk-2""]",6,9,ab13c8b7e5eca6c372c4615831820873dd97e448f8a60982bbf3aefb89d1af2f,8eed576591b1e9ff3d2905f196173cca76e4223efaf39362863eb6f6528305fc,True,False,True
unidoc_education_0116,False,False,False,False,False,"[""page-6-chunk-1"", ""page-6-chunk-2"", ""page-7-chunk-2"", ""page-12-chunk-1"", ""page-3-chunk-1"", ""page-14-chunk-1""]","[""page-6-chunk-1"", ""page-6-chunk-2"", ""page-7-chunk-2"", ""page-12-chunk-1"", ""page-3-chunk-1"", ""page-14-chunk-1"", ""page-4-chunk-1"", ""page-16-chunk-1"", ""page-15-chunk-2""]",6,9,934d436dffcc8ff62a47011002dbd446fe9c67aa60f5741e0716039f1f5e71e3,52d010ff5391809508531c9ff3896362ea0a7d6f46dbfe4c41194a94bae01437,True,False,True
unidoc_education_0120,False,False,False,False,False,"[""page-16-chunk-1"", ""page-15-chunk-1"", ""page-17-chunk-1"", ""page-9-chunk-1"", ""page-20-chunk-1"", ""page-7-chunk-1""]","[""page-16-chunk-1"", ""page-15-chunk-1"", ""page-17-chunk-1"", ""page-9-chunk-1"", ""page-20-chunk-1"", ""page-7-chunk-1"", ""page-6-chunk-1"", ""page-21-chunk-1"", ""page-14-chunk-1""]",6,9,2f53eb402e85ec5b0fc93366bb058d7219aef00293ab049fdb32ba0398a4b429,af320a9984fa863e5a459516196d2709094ccba8229e4f1dce154c6cbda24d9d,True,False,True
unidoc_education_0123,False,False,False,False,False,"[""page-5-chunk-1"", ""page-7-chunk-1"", ""page-26-chunk-1"", ""page-11-chunk-1"", ""page-13-chunk-1"", ""page-8-chunk-1""]","[""page-5-chunk-1"", ""page-7-chunk-1"", ""page-26-chunk-1"", ""page-11-chunk-1"", ""page-13-chunk-1"", ""page-8-chunk-1"", ""page-12-chunk-1"", ""page-19-chunk-1"", ""page-17-chunk-1""]",6,9,60097d9049d80a890776485745c40dc683fefc5188704fcf9f355e20cd8df1db,d63458c8431e63eccafe7e110d01bd898a07415ad34cc3216fd2bda0f97843fd,True,False,True
unidoc_education_0124,False,False,False,False,False,"[""page-15-chunk-1"", ""page-12-chunk-1"", ""page-13-chunk-1"", ""page-16-chunk-1"", ""page-14-chunk-1"", ""page-20-chunk-1""]","[""page-15-chunk-1"", ""page-12-chunk-1"", ""page-13-chunk-1"", ""page-16-chunk-1"", ""page-14-chunk-1"", ""page-20-chunk-1"", ""page-10-chunk-1"", ""page-11-chunk-1"", ""page-4-chunk-1""]",6,9,a58b2cdbc8d9c5c48dac9bc04b0fac16d4d8412e2914584d009de4fa4a59993f,9d259a8b6476b3945fbd255d56280a5ddfeec32e062ddd0c13169dd6dfb8d0aa,True,False,True
unidoc_education_0130,False,False,False,False,False,"[""page-6-chunk-1"", ""page-12-chunk-1"", ""page-7-chunk-1"", ""page-11-chunk-1"", ""page-20-chunk-2"", ""page-27-chunk-1""]","[""page-6-chunk-1"", ""page-12-chunk-1"", ""page-7-chunk-1"", ""page-11-chunk-1"", ""page-20-chunk-2"", ""page-27-chunk-1"", ""page-20-chunk-1"", ""page-16-chunk-1"", ""page-2-chunk-1""]",6,9,10e26783fd00b4f45418d5a42e42e973abf3cdfcab20cc5f44d5608c74f1bde3,dddbf3d05e2ddace7a3a7938743ff849deb8c3762e485532fb9205b497848dee,False,False,True
unidoc_education_0141,False,False,False,False,False,"[""page-9-chunk-1"", ""page-1-chunk-1"", ""page-11-chunk-1"", ""page-7-chunk-1"", ""page-10-chunk-1"", ""page-5-chunk-1""]","[""page-9-chunk-1"", ""page-1-chunk-1"", ""page-11-chunk-1"", ""page-7-chunk-1"", ""page-10-chunk-1"", ""page-5-chunk-1"", ""page-3-chunk-1"", ""page-4-chunk-1"", ""page-6-chunk-1""]",6,9,2ddf807ef40433158c8f5eb920490164f83ef5434bbfaec9403049f0a277eb24,7b767c2d6d88fb4de6e32a731f109525dcd2fb2694f83c0d45669a65bf58a19d,True,False,True
unidoc_education_0152,False,False,False,False,False,"[""page-5-chunk-1"", ""page-4-chunk-2"", ""page-5-chunk-2"", ""page-3-chunk-1"", ""page-6-chunk-1"", ""page-4-chunk-1""]","[""page-5-chunk-1"", ""page-4-chunk-2"", ""page-5-chunk-2"", ""page-3-chunk-1"", ""page-6-chunk-1"", ""page-4-chunk-1"", ""page-2-chunk-1"", ""page-1-chunk-1"", ""page-3-chunk-2""]",6,9,faa0556b738c355aa25b53543176d4ed62c6923d9ea013aba0876539b31b8e15,d7e7054f4f83b9e4a1b88ce4f2ca9fe87c89059ff940c7843598441b253b72f7,False,False,True
unidoc_education_0153,False,False,False,False,False,"[""page-29-chunk-1"", ""page-21-chunk-2"", ""page-4-chunk-2"", ""page-18-chunk-2"", ""page-30-chunk-1"", ""page-21-chunk-1""]","[""page-29-chunk-1"", ""page-21-chunk-2"", ""page-4-chunk-2"", ""page-18-chunk-2"", ""page-30-chunk-1"", ""page-21-chunk-1"", ""page-18-chunk-1"", ""page-1-chunk-1"", ""page-12-chunk-1""]",6,9,dacf502ec0532b81fb9d066f3038a5d5d71c4088b830b6660838df22d68c6c0e,2107020bee7b44d436a002c30ab8bdb3fb9e09c47ea1b6039213ac8ec538766c,True,True,True
unidoc_education_0178,False,False,False,False,False,"[""page-10-chunk-1"", ""page-6-chunk-1"", ""page-9-chunk-1"", ""page-11-chunk-1"", ""page-12-chunk-2"", ""page-1-chunk-1""]","[""page-10-chunk-1"", ""page-6-chunk-1"", ""page-9-chunk-1"", ""page-11-chunk-1"", ""page-12-chunk-2"", ""page-1-chunk-1"", ""page-14-chunk-2"", ""page-3-chunk-1"", ""page-2-chunk-2""]",6,9,9b365486feb8ca4591d3edd8b188d2a421a02555901224f68629e005a1d73f30,9cb6e6def15f4024d6691f8904b6faafbbc9253daac91f2072f865347e78827a,True,False,True
unidoc_education_0186,False,False,False,False,False,"[""page-10-chunk-1"", ""page-10-chunk-2"", ""page-11-chunk-1"", ""page-18-chunk-1"", ""page-19-chunk-2"", ""page-20-chunk-1""]","[""page-10-chunk-1"", ""page-10-chunk-2"", ""page-11-chunk-1"", ""page-18-chunk-1"", ""page-19-chunk-2"", ""page-20-chunk-1"", ""page-13-chunk-1"", ""page-6-chunk-1"", ""page-7-chunk-1""]",6,9,6ae50380a50494e62ca61762116d1a24b17764c0042320be859cac10c425c20c,70c4cc4aedc8dec673980b18ad7f7820b7028418d1f8a252b109f0bfea56549c,True,False,True
unidoc_education_0191,False,False,False,False,False,"[""page-12-chunk-1"", ""page-1-chunk-1"", ""page-14-chunk-1"", ""page-13-chunk-1"", ""page-21-chunk-2"", ""page-20-chunk-1""]","[""page-12-chunk-1"", ""page-1-chunk-1"", ""page-14-chunk-1"", ""page-13-chunk-1"", ""page-21-chunk-2"", ""page-20-chunk-1"", ""page-20-chunk-2"", ""page-22-chunk-1"", ""page-22-chunk-2""]",6,9,ec79b2507bf8f5a6d71828324901c1f8fe001ddf5cc72379bcecbefff2df7b37,6e679b97d62afda976b9fcd87840bab78106731ce80fa565ce3416e1fa4e7e7f,True,False,True
unidoc_education_0193,False,False,False,False,False,"[""page-4-chunk-1"", ""page-4-chunk-2"", ""page-8-chunk-2"", ""page-3-chunk-2"", ""page-1-chunk-1"", ""page-2-chunk-1""]","[""page-4-chunk-1"", ""page-4-chunk-2"", ""page-8-chunk-2"", ""page-3-chunk-2"", ""page-1-chunk-1"", ""page-2-chunk-1"", ""page-5-chunk-1"", ""page-8-chunk-1"", ""page-9-chunk-1""]",6,9,8dbeed3ca6db2757f22cdb7317b846f3706be0d150b63490004990f069131b47,fe84554ba80abe8fa65c30af77b3ba4f2866560c0a183ef7166434391912f11b,True,False,False
unidoc_education_0195,False,False,False,False,False,"[""page-7-chunk-1"", ""page-9-chunk-1"", ""page-5-chunk-2"", ""page-12-chunk-1"", ""page-6-chunk-2"", ""page-8-chunk-1""]","[""page-7-chunk-1"", ""page-9-chunk-1"", ""page-5-chunk-2"", ""page-12-chunk-1"", ""page-6-chunk-2"", ""page-8-chunk-1"", ""page-10-chunk-1"", ""page-11-chunk-1"", ""page-13-chunk-1""]",6,9,7d14bd4abd45b9d81be13839620544b76afff01fc6d8251f45b2ac2a6fed013b,c44cf7a878d1990a7cfdce342f774ce0f4dd1f645bc0599754dbc5f8efce01bf,True,False,True
unidoc_energy_0007,False,False,False,False,False,"[""page-3-chunk-1"", ""page-1-chunk-1"", ""page-5-chunk-1"", ""page-4-chunk-1"", ""page-12-chunk-1"", ""page-7-chunk-1""]","[""page-3-chunk-1"", ""page-1-chunk-1"", ""page-5-chunk-1"", ""page-4-chunk-1"", ""page-12-chunk-1"", ""page-7-chunk-1"", ""page-8-chunk-1"", ""page-10-chunk-1"", ""page-16-chunk-1""]",6,9,13e6c85dcff615a0896faca315f8e7c402fac4ec2a2d19696977a04697ce3310,f94f3eb82dbc127e698f700aa02e7a64942faed8038fb159771b47048e25165e,True,False,True
unidoc_energy_0015,False,False,False,False,False,"[""page-5-chunk-1"", ""page-4-chunk-1"", ""page-10-chunk-1"", ""page-2-chunk-1"", ""page-1-chunk-1"", ""page-6-chunk-1""]","[""page-5-chunk-1"", ""page-4-chunk-1"", ""page-10-chunk-1"", ""page-2-chunk-1"", ""page-1-chunk-1"", ""page-6-chunk-1"", ""page-9-chunk-1"", ""page-3-chunk-1"", ""page-7-chunk-1""]",6,9,f9226fb80d64a7ca4fe515206ad6bc5f1218518cde158b2ad1cf4aa4cd2f3bf8,93570804fdbfb99650e1533e91b215f9b5776f59ca764b177874a2e88f163ea8,False,False,False
unidoc_energy_0016,False,False,False,False,False,"[""page-18-chunk-2"", ""page-14-chunk-1"", ""page-5-chunk-1"", ""page-4-chunk-1"", ""page-7-chunk-1"", ""page-19-chunk-1""]","[""page-18-chunk-2"", ""page-14-chunk-1"", ""page-5-chunk-1"", ""page-4-chunk-1"", ""page-7-chunk-1"", ""page-19-chunk-1"", ""page-19-chunk-2"", ""page-13-chunk-1"", ""page-1-chunk-1""]",6,9,58003814c41662218f46b9d569e78764e771b3a3f7adb3c676b8030a1cdd7720,b5801ba9706992044bc1f792bd1a65c3594971285ede7c872d34aff758fbdc46,True,False,True
unidoc_energy_0027,False,False,False,False,False,"[""page-5-chunk-2"", ""page-5-chunk-1"", ""page-7-chunk-2"", ""page-1-chunk-1"", ""page-11-chunk-1"", ""page-2-chunk-1""]","[""page-5-chunk-2"", ""page-5-chunk-1"", ""page-7-chunk-2"", ""page-1-chunk-1"", ""page-11-chunk-1"", ""page-2-chunk-1"", ""page-13-chunk-1"", ""page-10-chunk-2"", ""page-13-chunk-2""]",6,9,762987be6382015713393fca4acebf75abb798cb4f0bcfcc1f0777eefd96bc87,d24e91e46ec615f3f90f998bca5c32b7613df44438e87c490d99fefb447a5d17,False,False,True
unidoc_energy_0032,False,False,False,False,False,"[""page-4-chunk-1"", ""page-6-chunk-1"", ""page-8-chunk-1"", ""page-9-chunk-1"", ""page-7-chunk-1"", ""page-2-chunk-1""]","[""page-4-chunk-1"", ""page-6-chunk-1"", ""page-8-chunk-1"", ""page-9-chunk-1"", ""page-7-chunk-1"", ""page-2-chunk-1"", ""page-5-chunk-1"", ""page-1-chunk-1"", ""page-10-chunk-1""]",6,9,ee51e64d7a17d880298c4ddfe335fdf1d962c21de1faf02be0a663af8f4c6ed0,0a8bd18eb35fcdd3330e602a8fe0251f104d45bf068f30d49e78f0abf887a5bf,True,False,True
unidoc_energy_0033,False,False,False,False,False,"[""page-9-chunk-1"", ""page-11-chunk-1"", ""page-10-chunk-1"", ""page-13-chunk-1"", ""page-1-chunk-1"", ""page-17-chunk-1""]","[""page-9-chunk-1"", ""page-11-chunk-1"", ""page-10-chunk-1"", ""page-13-chunk-1"", ""page-1-chunk-1"", ""page-17-chunk-1"", ""page-3-chunk-1"", ""page-15-chunk-1"", ""page-20-chunk-1""]",6,9,b297f71accc9c0ce2c107a57f5195379cc3b028652d83461f15fdd0074cc83b6,3544395f3f0be50fdc9fe178afc734c3431a266a872516becacc1e0ddbe5efb7,True,False,True
unidoc_energy_0038,False,False,False,False,False,"[""page-21-chunk-1"", ""page-3-chunk-1"", ""page-15-chunk-1"", ""page-6-chunk-1"", ""page-12-chunk-1"", ""page-19-chunk-1""]","[""page-21-chunk-1"", ""page-3-chunk-1"", ""page-15-chunk-1"", ""page-6-chunk-1"", ""page-12-chunk-1"", ""page-19-chunk-1"", ""page-20-chunk-1"", ""page-13-chunk-1"", ""page-17-chunk-1""]",6,9,0612b89489fa897ba1d5910c34386223298f8a222a4e3f1015d0b616a3d6e296,793b578c21c0cad5e7b379f08a67b17e7006ec0cbfb18a11cb824d32893725fb,True,False,True
unidoc_energy_0041,True,True,True,True,True,"[""page-5-chunk-1"", ""page-2-chunk-1"", ""page-4-chunk-1"", ""page-1-chunk-1"", ""page-3-chunk-1"", ""page-6-chunk-1""]","[""page-5-chunk-1"", ""page-2-chunk-1"", ""page-4-chunk-1"", ""page-1-chunk-1"", ""page-3-chunk-1"", ""page-6-chunk-1""]",6,6,767afecae9a189e54404dfc34beaf83575741017d0f263f787a1e2efbdc792a7,767afecae9a189e54404dfc34beaf83575741017d0f263f787a1e2efbdc792a7,True,False,True
unidoc_energy_0043,False,False,False,False,False,"[""page-1-chunk-1"", ""page-2-chunk-1"", ""page-6-chunk-1"", ""page-3-chunk-1"", ""page-5-chunk-1"", ""page-7-chunk-1""]","[""page-1-chunk-1"", ""page-2-chunk-1"", ""page-6-chunk-1"", ""page-3-chunk-1"", ""page-5-chunk-1"", ""page-7-chunk-1"", ""page-8-chunk-1"", ""page-4-chunk-1""]",6,8,77a79d7e4c93d5537ff07c30b47249d3d696a7e190ed6bddd3d8eea0f209164a,a0a537d4ec5441be87c6d153b5818233c10d55ec2a38437f19f7b175b74fcc2e,False,False,True
unidoc_energy_0052,False,False,False,False,False,"[""page-10-chunk-1"", ""page-12-chunk-1"", ""page-6-chunk-1"", ""page-1-chunk-1"", ""page-14-chunk-1"", ""page-25-chunk-1""]","[""page-10-chunk-1"", ""page-12-chunk-1"", ""page-6-chunk-1"", ""page-1-chunk-1"", ""page-14-chunk-1"", ""page-25-chunk-1"", ""page-18-chunk-1"", ""page-20-chunk-1"", ""page-8-chunk-1""]",6,9,c12d3c6329c1140695739821a470b0e80eeadaba31fbd8c72678702e141317cd,cfe60e87a7aa66455e1eaff9e936cde21371f6cb478d3a56508eaf8a7d198a73,True,False,True
unidoc_energy_0060,False,False,False,False,False,"[""page-7-chunk-1"", ""page-6-chunk-1"", ""page-3-chunk-1"", ""page-8-chunk-1"", ""page-2-chunk-1"", ""page-1-chunk-1""]","[""page-7-chunk-1"", ""page-6-chunk-1"", ""page-3-chunk-1"", ""page-8-chunk-1"", ""page-2-chunk-1"", ""page-1-chunk-1"", ""page-5-chunk-1"", ""page-4-chunk-1""]",6,8,df5c185d626cfb660845a2b98f56f843e0e8cbf9611e23eafda7dca163621b59,0255e3d07a6e822416c7758e3a03c8e7d8095a431d13cbb25aa80dfebc818305,True,False,True
unidoc_energy_0071,False,False,False,False,False,"[""page-1-chunk-1"", ""page-4-chunk-1"", ""page-6-chunk-1"", ""page-2-chunk-1"", ""page-3-chunk-1"", ""page-2-chunk-2""]","[""page-1-chunk-1"", ""page-4-chunk-1"", ""page-6-chunk-1"", ""page-2-chunk-1"", ""page-3-chunk-1"", ""page-2-chunk-2"", ""page-5-chunk-1"", ""page-3-chunk-2"", ""page-1-chunk-2""]",6,9,2f0d74dbcb23b9be86c837afdced2300bfe99b362e64b0a3c366e5a10503d92a,1f946899eb1ed149350387c5c184bd1c276beb0369d4913a1e83efbe21986895,True,False,True
unidoc_energy_0074,False,False,False,False,False,"[""page-5-chunk-1"", ""page-3-chunk-1"", ""page-8-chunk-2"", ""page-6-chunk-2"", ""page-6-chunk-3"", ""page-8-chunk-1""]","[""page-5-chunk-1"", ""page-3-chunk-1"", ""page-8-chunk-2"", ""page-6-chunk-2"", ""page-6-chunk-3"", ""page-8-chunk-1"", ""page-2-chunk-1"", ""page-1-chunk-2"", ""page-8-chunk-3""]",6,9,6a8876d1782d5bda9e0037f0279f2c68d7f6d05400ca8c11cb0d057fccad3abb,dee41304b7873d24f43bc341df49c5d21c5717b88e34f325e3cf7f487ff344df,True,True,True
unidoc_energy_0086,False,False,False,False,False,"[""page-7-chunk-1"", ""page-4-chunk-1"", ""page-5-chunk-1"", ""page-8-chunk-2"", ""page-1-chunk-1"", ""page-3-chunk-1""]","[""page-7-chunk-1"", ""page-4-chunk-1"", ""page-5-chunk-1"", ""page-8-chunk-2"", ""page-1-chunk-1"", ""page-3-chunk-1"", ""page-6-chunk-1"", ""page-8-chunk-1"", ""page-7-chunk-2""]",6,9,e5186683150f3150b0b61494bd0dfef27075fe7b91687b198699c52534b01b09,b188262db65c7a61b00252201220d29d8a3e06107311a7239919f5533e9d0862,True,False,True
unidoc_energy_0092,False,False,False,False,False,"[""page-10-chunk-1"", ""page-4-chunk-1"", ""page-6-chunk-1"", ""page-11-chunk-1"", ""page-1-chunk-1"", ""page-24-chunk-1""]","[""page-10-chunk-1"", ""page-4-chunk-1"", ""page-6-chunk-1"", ""page-11-chunk-1"", ""page-1-chunk-1"", ""page-24-chunk-1"", ""page-5-chunk-1"", ""page-14-chunk-1"", ""page-2-chunk-1""]",6,9,55e80986fb4ca11c23e824f732644fdabd851712986c7ed5b28a2ca9decb81cf,8cfa6d042f09e803b994988307e2c870c20fadefd7b38653b78de0c09fd23d87,True,False,True
unidoc_energy_0112,False,False,False,False,False,"[""page-13-chunk-1"", ""page-15-chunk-1"", ""page-1-chunk-1"", ""page-6-chunk-1"", ""page-5-chunk-1"", ""page-7-chunk-1""]","[""page-13-chunk-1"", ""page-15-chunk-1"", ""page-1-chunk-1"", ""page-6-chunk-1"", ""page-5-chunk-1"", ""page-7-chunk-1"", ""page-14-chunk-1"", ""page-10-chunk-1"", ""page-4-chunk-1""]",6,9,286679530bd441d14a61049460a57bdbbb9111e6a9e0e10b14446a532cd44255,5f386db9ecf1777f67af03210a900f4940c815ab7edc032a7190ef382de97671,True,True,True
unidoc_energy_0123,False,False,False,False,False,"[""page-2-chunk-1"", ""page-1-chunk-1"", ""page-3-chunk-1"", ""page-6-chunk-1"", ""page-8-chunk-1"", ""page-4-chunk-1""]","[""page-2-chunk-1"", ""page-1-chunk-1"", ""page-3-chunk-1"", ""page-6-chunk-1"", ""page-8-chunk-1"", ""page-4-chunk-1"", ""page-7-chunk-1"", ""page-5-chunk-1""]",6,8,14a8989e30467481bca622c71f5323bd3590eb49912c5e83369fa902db6d5bf3,1d1c6ff486f0654ef9b5d2b7d1235ff9aa15458998086b3c69e8413cebaa6eed,True,False,True
unidoc_energy_0139,False,False,False,False,False,"[""page-17-chunk-1"", ""page-14-chunk-1"", ""page-11-chunk-1"", ""page-13-chunk-1"", ""page-20-chunk-1"", ""page-16-chunk-1""]","[""page-17-chunk-1"", ""page-14-chunk-1"", ""page-11-chunk-1"", ""page-13-chunk-1"", ""page-20-chunk-1"", ""page-16-chunk-1"", ""page-21-chunk-1"", ""page-1-chunk-1"", ""page-12-chunk-1""]",6,9,b1137788aaa0c7dfc10c7a684f6d92ba72d50658f7bbf82bf33dd16cfda8033d,0ab2e1538ea80455dffe71df951bf1f40df243565f572e65a49383caf89c783f,True,False,True
unidoc_energy_0149,False,False,False,False,False,"[""page-7-chunk-1"", ""page-13-chunk-1"", ""page-8-chunk-1"", ""page-16-chunk-1"", ""page-3-chunk-1"", ""page-10-chunk-1""]","[""page-7-chunk-1"", ""page-13-chunk-1"", ""page-8-chunk-1"", ""page-16-chunk-1"", ""page-3-chunk-1"", ""page-10-chunk-1"", ""page-11-chunk-1"", ""page-15-chunk-1"", ""page-6-chunk-1""]",6,9,89a4c7832122625d452990e21aec6c6fc4f434894edae3a20bcd3edc8cb0c013,b8b8d4337d487d44d4883227f2daae84ea594d2801f2ba17e5daa855dfe923cf,True,True,True
unidoc_energy_0166,False,False,False,False,False,"[""page-3-chunk-1"", ""page-1-chunk-1"", ""page-6-chunk-1"", ""page-2-chunk-1"", ""page-8-chunk-1"", ""page-10-chunk-1""]","[""page-3-chunk-1"", ""page-1-chunk-1"", ""page-6-chunk-1"", ""page-2-chunk-1"", ""page-8-chunk-1"", ""page-10-chunk-1"", ""page-4-chunk-1"", ""page-7-chunk-1"", ""page-9-chunk-1""]",6,9,b19f6c2a7d33979058fcf0a8b4542fe444a692b105fb4f0fdc58f4540b0c5677,a179a40c3eb14a441d9974e7942ca8145a118b44167834394079be75524f52e8,True,False,True
unidoc_energy_0167,False,False,False,False,False,"[""page-10-chunk-1"", ""page-2-chunk-1"", ""page-8-chunk-1"", ""page-17-chunk-1"", ""page-12-chunk-1"", ""page-16-chunk-1""]","[""page-10-chunk-1"", ""page-2-chunk-1"", ""page-8-chunk-1"", ""page-17-chunk-1"", ""page-12-chunk-1"", ""page-16-chunk-1"", ""page-7-chunk-1"", ""page-1-chunk-1"", ""page-4-chunk-1""]",6,9,35ccc8e0c33dcd7caff44c65172aa956a2b2355d23cfc92abac5ce50cdff674e,ea82bfcf264df18cd8c08842d35e5d58af671b2d81ac8fe8e0f3118d7f372f78,True,False,True
unidoc_energy_0196,False,False,False,False,False,"[""page-4-chunk-1"", ""page-3-chunk-2"", ""page-2-chunk-1"", ""page-5-chunk-1"", ""page-7-chunk-1"", ""page-1-chunk-1""]","[""page-4-chunk-1"", ""page-3-chunk-2"", ""page-2-chunk-1"", ""page-5-chunk-1"", ""page-7-chunk-1"", ""page-1-chunk-1"", ""page-6-chunk-1"", ""page-8-chunk-1"", ""page-5-chunk-2""]",6,9,8be82d8ea5a8cadc4362449af683b7758deee77dbcba5f53599ba2a79565f242,567495787cc70030b745a9df76df848bad77ca01c3cd6283653a5b7db0096139,True,True,True
unidoc_finance_0017,True,True,True,True,True,"[""page-4-chunk-1"", ""page-5-chunk-1"", ""page-3-chunk-1"", ""page-6-chunk-1"", ""page-1-chunk-1"", ""page-2-chunk-1""]","[""page-4-chunk-1"", ""page-5-chunk-1"", ""page-3-chunk-1"", ""page-6-chunk-1"", ""page-1-chunk-1"", ""page-2-chunk-1""]",6,6,2aab18b17573cd3dd6d8b9f434000e9d6a143bb0f080b0c404e2e73796479f1e,2aab18b17573cd3dd6d8b9f434000e9d6a143bb0f080b0c404e2e73796479f1e,False,False,False
unidoc_finance_0021,False,False,False,False,False,"[""page-10-chunk-1"", ""page-7-chunk-1"", ""page-2-chunk-1"", ""page-21-chunk-1"", ""page-8-chunk-1"", ""page-23-chunk-1""]","[""page-10-chunk-1"", ""page-7-chunk-1"", ""page-2-chunk-1"", ""page-21-chunk-1"", ""page-8-chunk-1"", ""page-23-chunk-1"", ""page-9-chunk-1"", ""page-11-chunk-1"", ""page-6-chunk-1""]",6,9,47a91e2faa155fe77b78621059cf98328b6242a8f8ed104c7768de391255ff7a,9512573af69b40349e2899090689ad88f49d47c27244191a50248bfc73fc1595,True,False,True
unidoc_finance_0027,False,False,False,False,False,"[""page-4-chunk-1"", ""page-5-chunk-1"", ""page-6-chunk-1"", ""page-14-chunk-1"", ""page-15-chunk-1"", ""page-8-chunk-1""]","[""page-4-chunk-1"", ""page-5-chunk-1"", ""page-6-chunk-1"", ""page-14-chunk-1"", ""page-15-chunk-1"", ""page-8-chunk-1"", ""page-18-chunk-1"", ""page-1-chunk-1"", ""page-19-chunk-1""]",6,9,84035b9a41776d4b157636d7f22e58d9e8eb1e68fb9795fc5fc31c9e11ae36bf,610ddbfb3e67a460d30183dc97540ee83534668078c2bb9948cea8d71cc0e387,True,False,True
unidoc_finance_0034,False,False,False,False,False,"[""page-5-chunk-1"", ""page-8-chunk-1"", ""page-6-chunk-1"", ""page-18-chunk-1"", ""page-4-chunk-1"", ""page-15-chunk-1""]","[""page-5-chunk-1"", ""page-8-chunk-1"", ""page-6-chunk-1"", ""page-18-chunk-1"", ""page-4-chunk-1"", ""page-15-chunk-1"", ""page-19-chunk-1"", ""page-14-chunk-1"", ""page-1-chunk-1""]",6,9,8e09d042a38360da5cb9435fc00fdc203d55bd2ecc6345e4f77a37a8ed12e044,be00ef5330fdd9a350fb238a721b42814fdfd895646e87bb34f5424bca4bf365,True,False,True
unidoc_finance_0035,False,False,False,False,False,"[""page-18-chunk-1"", ""page-5-chunk-1"", ""page-6-chunk-1"", ""page-14-chunk-1"", ""page-4-chunk-1"", ""page-15-chunk-1""]","[""page-18-chunk-1"", ""page-5-chunk-1"", ""page-6-chunk-1"", ""page-14-chunk-1"", ""page-4-chunk-1"", ""page-15-chunk-1"", ""page-8-chunk-1"", ""page-19-chunk-1"", ""page-21-chunk-1""]",6,9,911047f46b9c304f90903caf55a4df64b9a69c87bd36f157bb9b5d3fe7f79be7,328b656b6cd5643a6db180f8ac32cb5d40b27cc7863c823f38c115d24eea3fdb,True,False,True
unidoc_finance_0050,False,False,False,False,False,"[""page-11-chunk-1"", ""page-10-chunk-1"", ""page-5-chunk-1"", ""page-6-chunk-1"", ""page-4-chunk-1"", ""page-12-chunk-1""]","[""page-11-chunk-1"", ""page-10-chunk-1"", ""page-5-chunk-1"", ""page-6-chunk-1"", ""page-4-chunk-1"", ""page-12-chunk-1"", ""page-8-chunk-1"", ""page-16-chunk-1"", ""page-9-chunk-1""]",6,9,0f60a0e2b5726e073022a89374416ee32b92abc114b28096589f9807887f0b6d,ee971fc9b5e9fce489fc6ca269925380cc399dc82cb51df3d264aa854ba68adc,True,False,True
unidoc_finance_0051,False,False,False,False,False,"[""page-11-chunk-1"", ""page-14-chunk-2"", ""page-9-chunk-2"", ""page-13-chunk-1"", ""page-14-chunk-1"", ""page-10-chunk-1""]","[""page-11-chunk-1"", ""page-14-chunk-2"", ""page-9-chunk-2"", ""page-13-chunk-1"", ""page-14-chunk-1"", ""page-10-chunk-1"", ""page-12-chunk-1"", ""page-9-chunk-1"", ""page-17-chunk-2""]",6,9,5b7b737611a98abe1f21f2732f75bffd1b92e255ec36ce4d786baa161a4c8a90,38dfaf78fae3502b072765d916716aba7649bd392ce8f8fe602d15d5d6e72d3b,True,True,True
unidoc_finance_0063,False,False,False,False,False,"[""page-6-chunk-1"", ""page-5-chunk-1"", ""page-10-chunk-1"", ""page-9-chunk-1"", ""page-7-chunk-1"", ""page-1-chunk-1""]","[""page-6-chunk-1"", ""page-5-chunk-1"", ""page-10-chunk-1"", ""page-9-chunk-1"", ""page-7-chunk-1"", ""page-1-chunk-1"", ""page-8-chunk-1"", ""page-3-chunk-1"", ""page-2-chunk-1""]",6,9,af7f6f6b6e81da2b5b8b53dee2bba1e0dbc8dc02b5d045cb435bcdd3a46a7d7f,87d20682d6feac1da0db9c1677bccac3f049b7da961b01bb0e35c197cbcec9bc,True,False,True
unidoc_finance_0065,False,False,False,False,False,"[""page-11-chunk-1"", ""page-6-chunk-1"", ""page-7-chunk-1"", ""page-8-chunk-1"", ""page-9-chunk-1"", ""page-3-chunk-1""]","[""page-11-chunk-1"", ""page-6-chunk-1"", ""page-7-chunk-1"", ""page-8-chunk-1"", ""page-9-chunk-1"", ""page-3-chunk-1"", ""page-10-chunk-1"", ""page-4-chunk-1"", ""page-1-chunk-1""]",6,9,de51f68c6e7182b7fee8f52fd070823a02926a0801344fea0b68f109093bab0a,d6d1d935d0851b0b615723a6bff1c00a5136d7d5afa6fb6582689eedbb190fb9,False,False,True
unidoc_finance_0071,False,False,False,False,False,"[""page-17-chunk-1"", ""page-5-chunk-1"", ""page-3-chunk-1"", ""page-18-chunk-1"", ""page-27-chunk-1"", ""page-28-chunk-1""]","[""page-17-chunk-1"", ""page-5-chunk-1"", ""page-3-chunk-1"", ""page-18-chunk-1"", ""page-27-chunk-1"", ""page-28-chunk-1"", ""page-16-chunk-1"", ""page-19-chunk-1"", ""page-6-chunk-1""]",6,9,9b7e6d8edfcf3a3deba2d44ab4e1a2845ad2f0c26b32be170127fa0b75e6e465,01dce9a8443c4cb9e492d5f2656febaca379d787b8ce3c34abc5530f535388a9,True,False,True
unidoc_finance_0078,False,False,False,False,False,"[""page-11-chunk-1"", ""page-14-chunk-1"", ""page-12-chunk-1"", ""page-13-chunk-1"", ""page-5-chunk-1"", ""page-18-chunk-1""]","[""page-11-chunk-1"", ""page-14-chunk-1"", ""page-12-chunk-1"", ""page-13-chunk-1"", ""page-5-chunk-1"", ""page-18-chunk-1"", ""page-2-chunk-1"", ""page-9-chunk-1"", ""page-1-chunk-1""]",6,9,8c111ddfed4aabc7161fa2403be4992a35cdc58efb26f413e7050b0cb721aa85,102299148e60a21dc49b6125c7b1f043cf6fb90ade6ac87614ae5e0b8b9568ca,False,False,True
unidoc_finance_0079,False,False,False,False,False,"[""page-9-chunk-1"", ""page-12-chunk-1"", ""page-6-chunk-1"", ""page-13-chunk-1"", ""page-28-chunk-1"", ""page-29-chunk-1""]","[""page-9-chunk-1"", ""page-12-chunk-1"", ""page-6-chunk-1"", ""page-13-chunk-1"", ""page-28-chunk-1"", ""page-29-chunk-1"", ""page-1-chunk-1"", ""page-26-chunk-1"", ""page-14-chunk-1""]",6,9,9322d1d844f8f075a2f315480685d65e19cfb2879e49102af7b2f5e67129c047,6962a4101ab1613139c878f8cab8b25bada13202d0a62215da0407954aa62277,True,False,True
unidoc_finance_0090,False,False,False,False,False,"[""page-18-chunk-1"", ""page-17-chunk-1"", ""page-15-chunk-1"", ""page-28-chunk-1"", ""page-27-chunk-1"", ""page-19-chunk-1""]","[""page-18-chunk-1"", ""page-17-chunk-1"", ""page-15-chunk-1"", ""page-28-chunk-1"", ""page-27-chunk-1"", ""page-19-chunk-1"", ""page-16-chunk-1"", ""page-26-chunk-1"", ""page-14-chunk-1""]",6,9,23797c8ed16293da40f527a97d6b77299e6de7b5fc8ad3a7847439d369967bb9,582be74d18cf8a40d95af4751cbc6858314878fbebb5c42786a8e426fb94b0d1,True,False,True
unidoc_finance_0110,False,False,False,False,False,"[""page-12-chunk-1"", ""page-4-chunk-1"", ""page-1-chunk-1"", ""page-11-chunk-1"", ""page-8-chunk-1"", ""page-9-chunk-1""]","[""page-12-chunk-1"", ""page-4-chunk-1"", ""page-1-chunk-1"", ""page-11-chunk-1"", ""page-8-chunk-1"", ""page-9-chunk-1"", ""page-10-chunk-1"", ""page-7-chunk-1"", ""page-5-chunk-1""]",6,9,1ef95f1632f392e54d4512f8d4ac1cd81dedab1eee261d939cbf1e191f99c7a8,30907d58d45c3463e9b13d4eec4b83d1973cd4c07f604b8d058c55def24d2fa6,False,False,True
unidoc_finance_0113,False,False,False,False,False,"[""page-7-chunk-1"", ""page-8-chunk-1"", ""page-3-chunk-1"", ""page-4-chunk-1"", ""page-10-chunk-1"", ""page-12-chunk-1""]","[""page-7-chunk-1"", ""page-8-chunk-1"", ""page-3-chunk-1"", ""page-4-chunk-1"", ""page-10-chunk-1"", ""page-12-chunk-1"", ""page-9-chunk-1"", ""page-2-chunk-1"", ""page-11-chunk-1""]",6,9,a6aba9c8945df2d83cc6863f6f0f1b3f827a6d1e7d302e10082518ade1c15617,6447a63e4128dc348fb382fb7fe22bd4a1440cce3504ba30a333b72c6d008221,True,False,True
unidoc_finance_0151,False,False,False,False,False,"[""page-10-chunk-1"", ""page-7-chunk-1"", ""page-1-chunk-1"", ""page-5-chunk-1"", ""page-14-chunk-1"", ""page-12-chunk-1""]","[""page-10-chunk-1"", ""page-7-chunk-1"", ""page-1-chunk-1"", ""page-5-chunk-1"", ""page-14-chunk-1"", ""page-12-chunk-1"", ""page-13-chunk-1"", ""page-4-chunk-1"", ""page-11-chunk-1""]",6,9,bfcca7bf13eb91699161cf332d80271d5b10a0a2e5f7d224b4ac162b36b593d3,f76a8dcb95432f254f49e78af12a82b8ae6b64da1463e187776d044608b9cd0c,True,True,True
unidoc_finance_0163,False,False,False,False,False,"[""page-10-chunk-1"", ""page-11-chunk-1"", ""page-5-chunk-1"", ""page-9-chunk-1"", ""page-4-chunk-1"", ""page-8-chunk-1""]","[""page-10-chunk-1"", ""page-11-chunk-1"", ""page-5-chunk-1"", ""page-9-chunk-1"", ""page-4-chunk-1"", ""page-8-chunk-1"", ""page-16-chunk-1"", ""page-6-chunk-1"", ""page-3-chunk-1""]",6,9,77eb137146bec4640e4a2b612a927b07b6ab29bd217f1b8fd454b0a5393d5fe5,86db02fca80d21753660de6c7ab4fd1df63f903d3b3146d339122e58112af163,False,False,True
unidoc_finance_0168,False,False,False,False,False,"[""page-4-chunk-1"", ""page-6-chunk-1"", ""page-8-chunk-1"", ""page-9-chunk-1"", ""page-7-chunk-1"", ""page-2-chunk-1""]","[""page-4-chunk-1"", ""page-6-chunk-1"", ""page-8-chunk-1"", ""page-9-chunk-1"", ""page-7-chunk-1"", ""page-2-chunk-1"", ""page-5-chunk-1"", ""page-10-chunk-1"", ""page-1-chunk-1""]",6,9,016bc19bc3fc2e0957b31a36ac2de039db5d4e6776887316893565674d95fc23,9b7700996d2e39c93754a7f20bc116b1a6558bd6574a8fc5b2e336af2b623704,True,True,True
unidoc_finance_0182,False,False,False,False,False,"[""page-11-chunk-1"", ""page-7-chunk-1"", ""page-6-chunk-1"", ""page-22-chunk-1"", ""page-13-chunk-1"", ""page-23-chunk-1""]","[""page-11-chunk-1"", ""page-7-chunk-1"", ""page-6-chunk-1"", ""page-22-chunk-1"", ""page-13-chunk-1"", ""page-23-chunk-1"", ""page-1-chunk-1"", ""page-14-chunk-1"", ""page-3-chunk-1""]",6,9,f2984e1058d562720abcd3396544b47c7e785c3f6ae608a35a2813f81ea2b7d0,73480aa544e0ae4df4e189c0dcc00cf4d49818827eab7a11c1e7d28f8dbfe921,True,False,True
unidoc_finance_0183,False,False,False,False,False,"[""page-9-chunk-1"", ""page-1-chunk-1"", ""page-11-chunk-1"", ""page-18-chunk-1"", ""page-8-chunk-1"", ""page-20-chunk-1""]","[""page-9-chunk-1"", ""page-1-chunk-1"", ""page-11-chunk-1"", ""page-18-chunk-1"", ""page-8-chunk-1"", ""page-20-chunk-1"", ""page-5-chunk-1"", ""page-19-chunk-1"", ""page-12-chunk-1""]",6,9,08803c1d90eb57484e365588055addb611c6fe953369a738213db86863b3075c,c4d7d81ee0cd6f9129b81a7691b9ae6a8c69487296e8ca79d64b18399f62887f,True,,
unidoc_finance_0184,False,False,False,False,False,"[""page-6-chunk-1"", ""page-2-chunk-1"", ""page-3-chunk-1"", ""page-10-chunk-1"", ""page-14-chunk-1"", ""page-8-chunk-1""]","[""page-6-chunk-1"", ""page-2-chunk-1"", ""page-3-chunk-1"", ""page-10-chunk-1"", ""page-14-chunk-1"", ""page-8-chunk-1"", ""page-7-chunk-1"", ""page-5-chunk-1"", ""page-9-chunk-1""]",6,9,7690473248c05f8e46a0b1b9579078a48ee280db91dd1a5963fd9887cf6f2590,a03b4dc5bf7afeb4c6b1d7c7b2bf22ac9930ee10d4a126848518ce9cae9e6606,True,,
unidoc_finance_0185,False,False,False,False,False,"[""page-12-chunk-1"", ""page-8-chunk-1"", ""page-3-chunk-1"", ""page-11-chunk-1"", ""page-6-chunk-1"", ""page-2-chunk-1""]","[""page-12-chunk-1"", ""page-8-chunk-1"", ""page-3-chunk-1"", ""page-11-chunk-1"", ""page-6-chunk-1"", ""page-2-chunk-1"", ""page-7-chunk-1"", ""page-10-chunk-1"", ""page-9-chunk-1""]",6,9,33ec0338e75807817e505b3e6236b9c5356724677f96311c2e1289ee21502b71,9bdcf85dba35fcc7a33f9f9772fae3204c7ecaf1eb19902cb8dd293ebc30c0e5,True,False,True
unidoc_finance_0192,False,False,False,False,False,"[""page-11-chunk-1"", ""page-13-chunk-1"", ""page-7-chunk-1"", ""page-12-chunk-1"", ""page-16-chunk-1"", ""page-14-chunk-1""]","[""page-11-chunk-1"", ""page-13-chunk-1"", ""page-7-chunk-1"", ""page-12-chunk-1"", ""page-16-chunk-1"", ""page-14-chunk-1"", ""page-21-chunk-1"", ""page-1-chunk-1"", ""page-18-chunk-1""]",6,9,ea70a118e30e88eba7574c811d31bc57b654ada5596e6db9320844024dbe4fa3,5c3059f0336bb215152c17cc9c225f2aee7b3eec3ed034474aa9744de339a03c,True,False,True
unidoc_finance_0195,False,False,False,False,False,"[""page-8-chunk-1"", ""page-17-chunk-1"", ""page-18-chunk-1"", ""page-16-chunk-1"", ""page-19-chunk-1"", ""page-4-chunk-1""]","[""page-8-chunk-1"", ""page-17-chunk-1"", ""page-18-chunk-1"", ""page-16-chunk-1"", ""page-19-chunk-1"", ""page-4-chunk-1"", ""page-11-chunk-1"", ""page-22-chunk-1"", ""page-15-chunk-1""]",6,9,831d248470782de778889432069a4aca7281b96fb7e37ff807468d70139234db,2a74dc8483c82584b7cec6a4f1ec1304bf1968728337e02ca834df493d0bcef2,False,False,True
unidoc_finance_0196,False,False,False,False,False,"[""page-10-chunk-1"", ""page-11-chunk-1"", ""page-9-chunk-2"", ""page-13-chunk-1"", ""page-14-chunk-1"", ""page-12-chunk-1""]","[""page-10-chunk-1"", ""page-11-chunk-1"", ""page-9-chunk-2"", ""page-13-chunk-1"", ""page-14-chunk-1"", ""page-12-chunk-1"", ""page-9-chunk-1"", ""page-17-chunk-2"", ""page-15-chunk-1""]",6,9,1de05358287e748aeda40d3576d990ad85c80c23d4fdc966f37ae8ae0396c63d,af4cf4c166db6ad121eb10f354e73f74a243bb75a7cee8c8c9bb8af32d607c94,True,False,True
unidoc_finance_0199,False,False,False,False,False,"[""page-7-chunk-1"", ""page-2-chunk-1"", ""page-4-chunk-1"", ""page-8-chunk-1"", ""page-6-chunk-1"", ""page-1-chunk-1""]","[""page-7-chunk-1"", ""page-2-chunk-1"", ""page-4-chunk-1"", ""page-8-chunk-1"", ""page-6-chunk-1"", ""page-1-chunk-1"", ""page-3-chunk-1"", ""page-5-chunk-1"", ""page-11-chunk-1""]",6,9,9883d1378890e131a4af2f3ae32e73ca96ee69fa5085bbe8e5d6a1650bc9daba,ce45ec2b5144ff29f097cf1483c76f0792e8d1feaf7090a7526857dc00c403e2,True,False,True
unidoc_healthcare_0008,False,False,False,False,False,"[""page-8-chunk-1"", ""page-7-chunk-1"", ""page-6-chunk-1"", ""page-5-chunk-2"", ""page-2-chunk-2"", ""page-1-chunk-1""]","[""page-8-chunk-1"", ""page-7-chunk-1"", ""page-6-chunk-1"", ""page-5-chunk-2"", ""page-2-chunk-2"", ""page-1-chunk-1"", ""page-3-chunk-1"", ""page-5-chunk-1"", ""page-10-chunk-1""]",6,9,75f7c5f452085005e99af86ea5ee1ed6fe80f38d52b08909251d05b55ce383a6,c664acefa335c4bd67dbcadd8dfe0448fb8ae5602469c08788a76a45a73a815d,True,False,True
unidoc_healthcare_0015,False,False,False,False,False,"[""page-4-chunk-1"", ""page-3-chunk-1"", ""page-2-chunk-2"", ""page-5-chunk-2"", ""page-1-chunk-1"", ""page-6-chunk-3""]","[""page-4-chunk-1"", ""page-3-chunk-1"", ""page-2-chunk-2"", ""page-5-chunk-2"", ""page-1-chunk-1"", ""page-6-chunk-3"", ""page-7-chunk-2"", ""page-6-chunk-2"", ""page-1-chunk-2""]",6,9,06933415de5fa4fd0cbe8d49e316f7c6541cf6da96357ff0850b07478d08d4a7,368c22267a2b083ad54336ec99ac4179a0e84cf59e62f761b65a1aab4d6008a7,True,False,True
unidoc_healthcare_0020,False,False,False,False,False,"[""page-11-chunk-1"", ""page-7-chunk-1"", ""page-1-chunk-1"", ""page-2-chunk-1"", ""page-5-chunk-2"", ""page-10-chunk-1""]","[""page-11-chunk-1"", ""page-7-chunk-1"", ""page-1-chunk-1"", ""page-2-chunk-1"", ""page-5-chunk-2"", ""page-10-chunk-1"", ""page-12-chunk-2"", ""page-8-chunk-1"", ""page-11-chunk-2""]",6,9,a1ed6e18ac72fb42fe5feb3ba8a7f350c8a0c58a3a085cb94c59313b9c3e1081,1db22eb077a3b986cb72924c19bd8148cecd6450c3d8c2533a021fa407200a2f,False,False,True
unidoc_healthcare_0031,False,False,False,False,False,"[""page-7-chunk-1"", ""page-8-chunk-1"", ""page-6-chunk-1"", ""page-2-chunk-2"", ""page-2-chunk-1"", ""page-1-chunk-1""]","[""page-7-chunk-1"", ""page-8-chunk-1"", ""page-6-chunk-1"", ""page-2-chunk-2"", ""page-2-chunk-1"", ""page-1-chunk-1"", ""page-4-chunk-2"", ""page-5-chunk-1"", ""page-4-chunk-1""]",6,9,20832ee7012ce122f8ccbd8d126605392bb4b355d854699761e7e78cb1b42612,8979426ffc8adf3b6d4b9aa3844ca39e1d7e99b9e0f347ec492eae5c5e3bca02,False,False,False
unidoc_healthcare_0036,False,False,False,False,False,"[""page-12-chunk-2"", ""page-19-chunk-2"", ""page-6-chunk-1"", ""page-10-chunk-1"", ""page-12-chunk-1"", ""page-11-chunk-1""]","[""page-12-chunk-2"", ""page-19-chunk-2"", ""page-6-chunk-1"", ""page-10-chunk-1"", ""page-12-chunk-1"", ""page-11-chunk-1"", ""page-9-chunk-1"", ""page-3-chunk-2"", ""page-4-chunk-1""]",6,9,900dc82890fafd1d4ba8d45a51dcf86c2f3241fb2d56969c723f109bc5e9b53b,6696142f40659d896db8ca7ecb3b979853f5c611f3d0672d723ef38c790f9343,True,False,True
unidoc_healthcare_0037,False,False,False,False,False,"[""page-14-chunk-1"", ""page-6-chunk-1"", ""page-7-chunk-1"", ""page-10-chunk-1"", ""page-11-chunk-1"", ""page-16-chunk-1""]","[""page-14-chunk-1"", ""page-6-chunk-1"", ""page-7-chunk-1"", ""page-10-chunk-1"", ""page-11-chunk-1"", ""page-16-chunk-1"", ""page-10-chunk-2"", ""page-9-chunk-1"", ""page-15-chunk-1""]",6,9,9b186ad4040797417bb31d5e3a7c68f4f1d60e59c7542f0741196957713840e3,0daaf4724a16a78dfd70fd076284dd52f4e385fec658034e61b565f2b6b828d9,True,False,True
unidoc_healthcare_0038,False,False,False,False,False,"[""page-5-chunk-1"", ""page-8-chunk-1"", ""page-5-chunk-2"", ""page-6-chunk-1"", ""page-7-chunk-1"", ""page-14-chunk-1""]","[""page-5-chunk-1"", ""page-8-chunk-1"", ""page-5-chunk-2"", ""page-6-chunk-1"", ""page-7-chunk-1"", ""page-14-chunk-1"", ""page-12-chunk-1"", ""page-1-chunk-1"", ""page-10-chunk-1""]",6,9,d1865fdcd235eeabcbf8bad9e203ca1410f6bfaa6888817e1f069a479b496730,037b637ca55f0919cbdea3f719fb6b2d4dd719a38638be6fd462173ef8bcc871,True,False,True
unidoc_healthcare_0043,False,False,False,False,False,"[""page-6-chunk-1"", ""page-3-chunk-2"", ""page-4-chunk-1"", ""page-9-chunk-1"", ""page-2-chunk-1"", ""page-1-chunk-1""]","[""page-6-chunk-1"", ""page-3-chunk-2"", ""page-4-chunk-1"", ""page-9-chunk-1"", ""page-2-chunk-1"", ""page-1-chunk-1"", ""page-7-chunk-1"", ""page-10-chunk-1"", ""page-3-chunk-1""]",6,9,f6ed624bc3ccd2c4da24fcc453be5491f65b3541e3a4e92ac0727b983f70c3e5,8774cb079f2275d3359e4208f261eaada262c8fa917f701fcb760205cbb604a7,True,False,True
unidoc_healthcare_0050,False,False,False,False,False,"[""page-3-chunk-1"", ""page-10-chunk-2"", ""page-9-chunk-2"", ""page-4-chunk-1"", ""page-7-chunk-1"", ""page-8-chunk-1""]","[""page-3-chunk-1"", ""page-10-chunk-2"", ""page-9-chunk-2"", ""page-4-chunk-1"", ""page-7-chunk-1"", ""page-8-chunk-1"", ""page-1-chunk-1"", ""page-5-chunk-1"", ""page-11-chunk-1""]",6,9,02928d881c67a9d730f1314a5fedc056a22d755f6c619fde054759bee0766a9a,5adbdf4d0b9bc6e26540a576d186ed60c8943357f9a969a77a4e541dd516aa54,True,False,True
unidoc_healthcare_0053,False,False,False,False,False,"[""page-6-chunk-1"", ""page-5-chunk-2"", ""page-4-chunk-1"", ""page-7-chunk-1"", ""page-8-chunk-1"", ""page-5-chunk-1""]","[""page-6-chunk-1"", ""page-5-chunk-2"", ""page-4-chunk-1"", ""page-7-chunk-1"", ""page-8-chunk-1"", ""page-5-chunk-1"", ""page-1-chunk-1"", ""page-3-chunk-1"", ""page-9-chunk-1""]",6,9,7df2082bb79423bb54cd9a4744ab7d375a6632b6abbd52ece8a46b70456ace8b,2052d2de696779ccc0f4dfcec2cee0b2bcc3102270d18ec0187fae390cdc5cc2,False,False,False
unidoc_healthcare_0055,False,False,False,False,False,"[""page-6-chunk-2"", ""page-6-chunk-1"", ""page-7-chunk-1"", ""page-10-chunk-1"", ""page-9-chunk-1"", ""page-9-chunk-2""]","[""page-6-chunk-2"", ""page-6-chunk-1"", ""page-7-chunk-1"", ""page-10-chunk-1"", ""page-9-chunk-1"", ""page-9-chunk-2"", ""page-2-chunk-2"", ""page-3-chunk-1"", ""page-1-chunk-1""]",6,9,5c33787293c56a5cb4665de0b7e6a3b787715d7878bd9638c760fc84fd76ba03,688c7aa0b8c03b66ac59fa3153c8022b73986de8ea4f35478941bcb05cc18041,True,False,True
unidoc_healthcare_0056,False,False,False,False,False,"[""page-3-chunk-1"", ""page-10-chunk-2"", ""page-9-chunk-2"", ""page-4-chunk-1"", ""page-7-chunk-1"", ""page-6-chunk-1""]","[""page-3-chunk-1"", ""page-10-chunk-2"", ""page-9-chunk-2"", ""page-4-chunk-1"", ""page-7-chunk-1"", ""page-6-chunk-1"", ""page-1-chunk-1"", ""page-8-chunk-1"", ""page-11-chunk-1""]",6,9,3a656bb226d78b2eca2f05fe3921c0855bbdb9c6d65b64708984bf79edf0b3f1,9c1fcc975aa77360f59b3f000c6235ad80388afec44aad80ac2464002cbf87eb,True,False,True
unidoc_healthcare_0066,False,False,False,False,False,"[""page-1-chunk-1"", ""page-4-chunk-1"", ""page-1-chunk-2"", ""page-3-chunk-1"", ""page-2-chunk-1"", ""page-6-chunk-1""]","[""page-1-chunk-1"", ""page-4-chunk-1"", ""page-1-chunk-2"", ""page-3-chunk-1"", ""page-2-chunk-1"", ""page-6-chunk-1"", ""page-7-chunk-1"", ""page-5-chunk-1"", ""page-2-chunk-2""]",6,9,d830757bb33bbb9cdaf79b804574d141310ec44f7ebe44584a1df04b6b49a05f,558158353c458933639e3e13e269ef0e3ba9fc8b118a4de5f387aa67b6ea4987,True,False,True
unidoc_healthcare_0070,False,False,False,False,False,"[""page-8-chunk-1"", ""page-9-chunk-1"", ""page-8-chunk-2"", ""page-10-chunk-1"", ""page-3-chunk-1"", ""page-7-chunk-1""]","[""page-8-chunk-1"", ""page-9-chunk-1"", ""page-8-chunk-2"", ""page-10-chunk-1"", ""page-3-chunk-1"", ""page-7-chunk-1"", ""page-11-chunk-1"", ""page-2-chunk-2"", ""page-5-chunk-1""]",6,9,a8bd10c2a62ebf7f4d3c1f44bf84631354bf0d12f3922ec655281d6b8e7e5adc,19ba2867ff6f6c7cb9518ad1b68832d81a40ee0690945ef2c10c7d2feb20d85e,True,False,True
unidoc_healthcare_0074,False,False,False,False,False,"[""page-3-chunk-1"", ""page-6-chunk-2"", ""page-11-chunk-1"", ""page-4-chunk-1"", ""page-1-chunk-1"", ""page-6-chunk-1""]","[""page-3-chunk-1"", ""page-6-chunk-2"", ""page-11-chunk-1"", ""page-4-chunk-1"", ""page-1-chunk-1"", ""page-6-chunk-1"", ""page-8-chunk-1"", ""page-7-chunk-1"", ""page-9-chunk-1""]",6,9,f80803c66b409109dcbe32d5811d6ddad507d1228d386bc48ebcd06cf2b5dbcd,eea392eb2a02f809cb9e477cfc1aa468bdbba10e03e7780e89f35292ccd8e144,True,False,True
unidoc_healthcare_0075,False,False,False,False,False,"[""page-12-chunk-1"", ""page-11-chunk-1"", ""page-19-chunk-1"", ""page-13-chunk-1"", ""page-10-chunk-1"", ""page-8-chunk-1""]","[""page-12-chunk-1"", ""page-11-chunk-1"", ""page-19-chunk-1"", ""page-13-chunk-1"", ""page-10-chunk-1"", ""page-8-chunk-1"", ""page-21-chunk-1"", ""page-13-chunk-2"", ""page-14-chunk-1""]",6,9,358991231cf6b0fc23593b016487683de234f69ed3894f3935161ff5cd3e604b,82d7cb11f3d88a91bbcd2da612314e10846b7a1a704552c017582c3e7bd99258,True,True,True
unidoc_healthcare_0077,False,False,False,False,False,"[""page-3-chunk-1"", ""page-11-chunk-1"", ""page-6-chunk-1"", ""page-4-chunk-1"", ""page-9-chunk-1"", ""page-1-chunk-1""]","[""page-3-chunk-1"", ""page-11-chunk-1"", ""page-6-chunk-1"", ""page-4-chunk-1"", ""page-9-chunk-1"", ""page-1-chunk-1"", ""page-8-chunk-1"", ""page-6-chunk-2"", ""page-7-chunk-1""]",6,9,c7000f847d2be23f9e3690d57291e48e72cc9b26e216a07d24397edc7e678cb0,84a14c546f29a0e1716e6b34cf929e3f2ba3f2c8dc96582802dca39802cb504c,False,False,True
unidoc_healthcare_0078,False,False,False,False,False,"[""page-3-chunk-1"", ""page-2-chunk-1"", ""page-9-chunk-1"", ""page-5-chunk-1"", ""page-1-chunk-1"", ""page-7-chunk-1""]","[""page-3-chunk-1"", ""page-2-chunk-1"", ""page-9-chunk-1"", ""page-5-chunk-1"", ""page-1-chunk-1"", ""page-7-chunk-1"", ""page-4-chunk-1"", ""page-6-chunk-1"", ""page-8-chunk-1""]",6,9,b763a4932073479a1bfe03a8011cb30517be2b865ae6ab328ba70c61f4bde493,51368381038d6903bddda494cae74c3d287b70f33a7811392da853dd370805df,True,False,True
unidoc_healthcare_0083,False,False,False,False,False,"[""page-27-chunk-1"", ""page-28-chunk-1"", ""page-14-chunk-1"", ""page-13-chunk-1"", ""page-3-chunk-1"", ""page-29-chunk-1""]","[""page-27-chunk-1"", ""page-28-chunk-1"", ""page-14-chunk-1"", ""page-13-chunk-1"", ""page-3-chunk-1"", ""page-29-chunk-1"", ""page-24-chunk-1"", ""page-12-chunk-1"", ""page-1-chunk-1""]",6,9,da09e6ccd828629db564a4bbff1105c647cc11d97248c1f0586f6f0fd4ddf4dd,2cb1de871cdc0f21433b2df2d3a064480495b08902a27f9536f91aeed501f132,False,False,True
unidoc_healthcare_0085,False,False,False,False,False,"[""page-6-chunk-1"", ""page-6-chunk-2"", ""page-7-chunk-1"", ""page-8-chunk-1"", ""page-1-chunk-1"", ""page-10-chunk-1""]","[""page-6-chunk-1"", ""page-6-chunk-2"", ""page-7-chunk-1"", ""page-8-chunk-1"", ""page-1-chunk-1"", ""page-10-chunk-1"", ""page-4-chunk-1"", ""page-2-chunk-1"", ""page-5-chunk-1""]",6,9,4bbcb8f537f19fc90a1de0a7e585b736ba2807b55dadc17c2eac8073dffbdafd,967c4a6ef72c98b820c4ab3495ab803b33f9cf2a98c427da8535f25f6bb878fd,True,False,True
unidoc_healthcare_0096,False,False,False,False,False,"[""page-3-chunk-1"", ""page-1-chunk-1"", ""page-9-chunk-1"", ""page-4-chunk-1"", ""page-5-chunk-1"", ""page-12-chunk-1""]","[""page-3-chunk-1"", ""page-1-chunk-1"", ""page-9-chunk-1"", ""page-4-chunk-1"", ""page-5-chunk-1"", ""page-12-chunk-1"", ""page-6-chunk-1"", ""page-8-chunk-1"", ""page-2-chunk-1""]",6,9,6ca411e001cc6b3127de865d519597d3b422d5e186728f7549fd03dd47c56123,944ec5e6bb4807c5600a2ba3bac7a2cafe790daff2a99eb8efe701b2b9b8c661,True,True,True
unidoc_healthcare_0100,False,False,False,False,False,"[""page-5-chunk-2"", ""page-4-chunk-2"", ""page-2-chunk-2"", ""page-7-chunk-1"", ""page-5-chunk-1"", ""page-9-chunk-1""]","[""page-5-chunk-2"", ""page-4-chunk-2"", ""page-2-chunk-2"", ""page-7-chunk-1"", ""page-5-chunk-1"", ""page-9-chunk-1"", ""page-1-chunk-1"", ""page-8-chunk-1"", ""page-6-chunk-1""]",6,9,e288915441dd610fd256a0a08fae3bb016a37db22cdaa491de9f22425c7fec18,7a867d8ee26ac846a7f3e33bb03ee782f638b438b10c8dc91d834322293174ff,True,False,True
unidoc_healthcare_0115,False,False,False,False,False,"[""page-8-chunk-1"", ""page-7-chunk-1"", ""page-10-chunk-1"", ""page-19-chunk-1"", ""page-18-chunk-1"", ""page-1-chunk-1""]","[""page-8-chunk-1"", ""page-7-chunk-1"", ""page-10-chunk-1"", ""page-19-chunk-1"", ""page-18-chunk-1"", ""page-1-chunk-1"", ""page-3-chunk-1"", ""page-14-chunk-1"", ""page-20-chunk-1""]",6,9,2a4b2e32e440daa06908550c8c84944edbe9c60512b84cc4ccf1390f8792c5ba,beba824363251fca84cf1947b0aba4d7e211cacbf721106e67e8c4d8ce718d1c,True,False,True
unidoc_healthcare_0119,False,False,False,False,False,"[""page-23-chunk-1"", ""page-14-chunk-1"", ""page-3-chunk-1"", ""page-22-chunk-1"", ""page-18-chunk-1"", ""page-25-chunk-1""]","[""page-23-chunk-1"", ""page-14-chunk-1"", ""page-3-chunk-1"", ""page-22-chunk-1"", ""page-18-chunk-1"", ""page-25-chunk-1"", ""page-1-chunk-1"", ""page-19-chunk-1"", ""page-26-chunk-1""]",6,9,dffa62e4149f9f6c07ff7eea88e840fb85c7a6ab0229b188f5818b1200c0b2e8,3353c823b0a8d84ca5a3ca328f5cba30c827634190b1a619709486c37abb70b8,True,False,True
unidoc_healthcare_0121,False,False,False,False,False,"[""page-3-chunk-1"", ""page-8-chunk-1"", ""page-2-chunk-1"", ""page-5-chunk-1"", ""page-1-chunk-1"", ""page-10-chunk-1""]","[""page-3-chunk-1"", ""page-8-chunk-1"", ""page-2-chunk-1"", ""page-5-chunk-1"", ""page-1-chunk-1"", ""page-10-chunk-1"", ""page-4-chunk-1"", ""page-6-chunk-1"", ""page-9-chunk-1""]",6,9,dc010bf1caace30f50bb5d90b100758a23c19d59213acaed37bf7e2d82586b3d,7391f0aa06a41a773e5ed13f37e61630e1b41346025a2f86228abcc4cd60982b,True,False,True
unidoc_healthcare_0123,False,False,False,False,False,"[""page-8-chunk-2"", ""page-6-chunk-1"", ""page-5-chunk-1"", ""page-1-chunk-1"", ""page-2-chunk-1"", ""page-11-chunk-1""]","[""page-8-chunk-2"", ""page-6-chunk-1"", ""page-5-chunk-1"", ""page-1-chunk-1"", ""page-2-chunk-1"", ""page-11-chunk-1"", ""page-9-chunk-1"", ""page-5-chunk-2"", ""page-3-chunk-1""]",6,9,f2ca34b39bbb21c0c93c2b1b05f36c970f4821eddc9ed974333ba2bac106784f,f0d0140b2db36a74bafeaba8521eaea25fde2b8e990d9e197a876ecfce69dc92,True,True,True
unidoc_healthcare_0126,False,False,False,False,False,"[""page-4-chunk-1"", ""page-3-chunk-1"", ""page-2-chunk-1"", ""page-1-chunk-1"", ""page-6-chunk-2"", ""page-6-chunk-1""]","[""page-4-chunk-1"", ""page-3-chunk-1"", ""page-2-chunk-1"", ""page-1-chunk-1"", ""page-6-chunk-2"", ""page-6-chunk-1"", ""page-8-chunk-1"", ""page-5-chunk-1"", ""page-3-chunk-2""]",6,9,4e356ca625b6c711523132fabd3b0795b5e429e03cce7ade5bfd0e656d247a6c,af20ecce06da8e94f4d5c6e7b652b88d9b60fbc4dc04aefa6ba0016e51fcae5d,True,False,True
unidoc_healthcare_0129,False,False,False,False,False,"[""page-1-chunk-1"", ""page-2-chunk-2"", ""page-4-chunk-1"", ""page-3-chunk-1"", ""page-6-chunk-1"", ""page-2-chunk-1""]","[""page-1-chunk-1"", ""page-2-chunk-2"", ""page-4-chunk-1"", ""page-3-chunk-1"", ""page-6-chunk-1"", ""page-2-chunk-1"", ""page-5-chunk-1"", ""page-1-chunk-2"", ""page-4-chunk-2""]",6,9,32d5ba7d2eb8884e74911beb23b977071d7c6046535ff06d718e994c622df3a8,5bedd9be53bdbecc29ef502600ad3a1e62bd64b8a9f3bb0f1ef014dd17a2cea1,True,False,True
unidoc_healthcare_0135,False,False,False,False,False,"[""page-5-chunk-2"", ""page-6-chunk-1"", ""page-9-chunk-3"", ""page-5-chunk-1"", ""page-7-chunk-1"", ""page-8-chunk-1""]","[""page-5-chunk-2"", ""page-6-chunk-1"", ""page-9-chunk-3"", ""page-5-chunk-1"", ""page-7-chunk-1"", ""page-8-chunk-1"", ""page-9-chunk-1"", ""page-9-chunk-2"", ""page-3-chunk-1""]",6,9,e1ddfddba99344f2bfdf56e1805bc337c4f17f40e5eb10c58f44dec05d7276bb,05c3188cdfc06147823d0601cf3b259872684f521f74216b4edee35b17ab697e,True,True,True
unidoc_healthcare_0140,False,False,False,False,False,"[""page-2-chunk-1"", ""page-19-chunk-2"", ""page-12-chunk-2"", ""page-11-chunk-1"", ""page-13-chunk-1"", ""page-5-chunk-1""]","[""page-2-chunk-1"", ""page-19-chunk-2"", ""page-12-chunk-2"", ""page-11-chunk-1"", ""page-13-chunk-1"", ""page-5-chunk-1"", ""page-12-chunk-1"", ""page-3-chunk-2"", ""page-9-chunk-1""]",6,9,a88c89ecb4fa5fd30f94b17a064959b3130bc50490036be7a5adaa007d7fdc00,6eb498501984258c710f3f844a4d0eeff6b0b53dfb4785c412097bb7f80a155a,True,False,True
unidoc_healthcare_0142,False,False,False,False,False,"[""page-4-chunk-1"", ""page-3-chunk-2"", ""page-4-chunk-2"", ""page-1-chunk-1"", ""page-15-chunk-1"", ""page-13-chunk-1""]","[""page-4-chunk-1"", ""page-3-chunk-2"", ""page-4-chunk-2"", ""page-1-chunk-1"", ""page-15-chunk-1"", ""page-13-chunk-1"", ""page-3-chunk-1"", ""page-2-chunk-2"", ""page-14-chunk-2""]",6,9,25616c9015ae56ae460b02a85e1d6e878d9a584cc218fbda0745c2a1b2fcf556,29b4233feeb18c25a3776a0b1cceafe24d2ee9a49d9cebdb61b7c1a8b942a23d,True,False,True
unidoc_healthcare_0143,False,False,False,False,False,"[""page-4-chunk-2"", ""page-4-chunk-1"", ""page-6-chunk-1"", ""page-1-chunk-1"", ""page-5-chunk-1"", ""page-3-chunk-33""]","[""page-4-chunk-2"", ""page-4-chunk-1"", ""page-6-chunk-1"", ""page-1-chunk-1"", ""page-5-chunk-1"", ""page-3-chunk-33"", ""page-3-chunk-1"", ""page-8-chunk-1"", ""page-3-chunk-32""]",6,9,c0bcf90d376822b6502616c646ad08a9b0eaa1f7a1f95d396c7f7f56fe41b483,9cee533e8c5b4ba6742c757d92fcb098e4a46f72aaa57f1bccc92d6f2477703b,True,False,True
unidoc_healthcare_0147,False,False,False,False,False,"[""page-11-chunk-1"", ""page-16-chunk-1"", ""page-7-chunk-1"", ""page-13-chunk-1"", ""page-5-chunk-1"", ""page-8-chunk-1""]","[""page-11-chunk-1"", ""page-16-chunk-1"", ""page-7-chunk-1"", ""page-13-chunk-1"", ""page-5-chunk-1"", ""page-8-chunk-1"", ""page-2-chunk-1"", ""page-12-chunk-1"", ""page-1-chunk-1""]",6,9,3d3d056c5ff242f82217dbdfe0d3b24b1d103f4204586b2639c533c63ff33a4d,1e49ec3fbdc447de96610d1da2691f6be09d23746de32d6910d10daa11b6a633,True,False,True
unidoc_healthcare_0148,False,False,False,False,False,"[""page-6-chunk-1"", ""page-4-chunk-1"", ""page-8-chunk-1"", ""page-9-chunk-1"", ""page-11-chunk-1"", ""page-10-chunk-1""]","[""page-6-chunk-1"", ""page-4-chunk-1"", ""page-8-chunk-1"", ""page-9-chunk-1"", ""page-11-chunk-1"", ""page-10-chunk-1"", ""page-2-chunk-1"", ""page-12-chunk-1"", ""page-7-chunk-1""]",6,9,d07d971eae57deccf2d1ee275d1b26c687b6f64d824c281fcd38ceafd1ac3974,e75233cf52edc99421b42b5c57ab79e925fca92ebb6b0dfc5170f4088d88d5a5,True,False,True
unidoc_healthcare_0151,False,False,False,False,False,"[""page-17-chunk-1"", ""page-15-chunk-1"", ""page-16-chunk-2"", ""page-13-chunk-1"", ""page-4-chunk-1"", ""page-3-chunk-1""]","[""page-17-chunk-1"", ""page-15-chunk-1"", ""page-16-chunk-2"", ""page-13-chunk-1"", ""page-4-chunk-1"", ""page-3-chunk-1"", ""page-11-chunk-1"", ""page-1-chunk-1"", ""page-5-chunk-1""]",6,9,ee82e7c62e2628f02b1378eeca2f7c1ceb6ec93a31b2330e995cbba5aa1f4eec,b6840e6a40b43f8c6f978e7c6c535688ec561bb979555b509ed262b23b334c5a,True,True,True
unidoc_healthcare_0153,False,False,False,False,False,"[""page-1-chunk-1"", ""page-3-chunk-1"", ""page-10-chunk-1"", ""page-11-chunk-1"", ""page-7-chunk-1"", ""page-14-chunk-1""]","[""page-1-chunk-1"", ""page-3-chunk-1"", ""page-10-chunk-1"", ""page-11-chunk-1"", ""page-7-chunk-1"", ""page-14-chunk-1"", ""page-15-chunk-1"", ""page-17-chunk-1"", ""page-2-chunk-1""]",6,9,3fd3843c647ff3c148b68f08f0e91aca867fcf4ed0e903dabcb64985a730e57c,acbb39b5bafd70d729631a5f76a7b90a59a30eadc1d6fba7b8f53abce816c577,True,False,True
unidoc_healthcare_0162,False,False,False,False,False,"[""page-2-chunk-1"", ""page-5-chunk-1"", ""page-6-chunk-1"", ""page-4-chunk-1"", ""page-7-chunk-1"", ""page-8-chunk-1""]","[""page-2-chunk-1"", ""page-5-chunk-1"", ""page-6-chunk-1"", ""page-4-chunk-1"", ""page-7-chunk-1"", ""page-8-chunk-1"", ""page-1-chunk-1"", ""page-9-chunk-1"", ""page-10-chunk-1""]",6,9,f635e18c0349a2f299d41b10a833ae9a0d2682dc71a562ede518382b596c07aa,f6ee088e00d979cd934f190fdbb723162e7b4b794a91586cea64f8bdaa3f77ab,True,False,True
unidoc_healthcare_0166,False,False,False,False,False,"[""page-1-chunk-1"", ""page-3-chunk-1"", ""page-2-chunk-1"", ""page-5-chunk-1"", ""page-8-chunk-1"", ""page-9-chunk-1""]","[""page-1-chunk-1"", ""page-3-chunk-1"", ""page-2-chunk-1"", ""page-5-chunk-1"", ""page-8-chunk-1"", ""page-9-chunk-1"", ""page-4-chunk-1"", ""page-7-chunk-1"", ""page-6-chunk-1""]",6,9,5ed9799a021d7e665c5ecc79d38dad193fe510a488c14cab2a4061b723d3cbcc,966e16a6a8447c16c7c27b03f2889aec965ab02fcd2c08b5e66517d510f689de,True,False,True
unidoc_healthcare_0167,False,False,False,False,False,"[""page-7-chunk-1"", ""page-8-chunk-1"", ""page-6-chunk-2"", ""page-9-chunk-1"", ""page-3-chunk-1"", ""page-2-chunk-1""]","[""page-7-chunk-1"", ""page-8-chunk-1"", ""page-6-chunk-2"", ""page-9-chunk-1"", ""page-3-chunk-1"", ""page-2-chunk-1"", ""page-10-chunk-1"", ""page-5-chunk-1"", ""page-1-chunk-1""]",6,9,5d59e40c2ec426985c3b13fd9ff1751f779f20202a6fc28b959fef482ed7cadc,21aeceb88705188ea9c602c0b38a67975909897afda292ecaa246961ea683bd9,True,False,True
unidoc_healthcare_0169,False,False,False,False,False,"[""page-1-chunk-1"", ""page-8-chunk-1"", ""page-3-chunk-1"", ""page-5-chunk-1"", ""page-7-chunk-1"", ""page-2-chunk-1""]","[""page-1-chunk-1"", ""page-8-chunk-1"", ""page-3-chunk-1"", ""page-5-chunk-1"", ""page-7-chunk-1"", ""page-2-chunk-1"", ""page-2-chunk-2"", ""page-6-chunk-1"", ""page-4-chunk-1""]",6,9,cf0af5434da7bcf25b69fe6c4cefd67b92078b3489f2f00235aa27f1c75aecae,7fddbdec5b24859c3cf1e2b5ce014215045cf55c5cc25e30bd0ac90cd961ca76,True,False,True
unidoc_healthcare_0170,False,False,False,False,False,"[""page-1-chunk-1"", ""page-2-chunk-1"", ""page-9-chunk-1"", ""page-5-chunk-1"", ""page-3-chunk-1"", ""page-4-chunk-1""]","[""page-1-chunk-1"", ""page-2-chunk-1"", ""page-9-chunk-1"", ""page-5-chunk-1"", ""page-3-chunk-1"", ""page-4-chunk-1"", ""page-6-chunk-1"", ""page-8-chunk-1"", ""page-7-chunk-1""]",6,9,1e73c7cf886e0330a727b56a9db3386ce6aecc124b35e1a0ea2c1fea2f344ae4,21d2c2897c2cef48966666360b95e37fca54f999eb534c36aae5facc0e56ef9b,True,,
unidoc_healthcare_0171,False,False,False,False,False,"[""page-3-chunk-2"", ""page-1-chunk-1"", ""page-3-chunk-1"", ""page-2-chunk-1"", ""page-5-chunk-1"", ""page-8-chunk-2""]","[""page-3-chunk-2"", ""page-1-chunk-1"", ""page-3-chunk-1"", ""page-2-chunk-1"", ""page-5-chunk-1"", ""page-8-chunk-2"", ""page-9-chunk-1"", ""page-6-chunk-1"", ""page-4-chunk-2""]",6,9,504a74b50cd9cde6cccecbd57cc8f6436bf743b7e81bbd2229d83b9851cd3ba8,4a788c7d6b866581173e876978a319632eb028fbc9fa2b1f289dd69e76f61e62,True,False,True
unidoc_healthcare_0172,False,False,False,False,False,"[""page-4-chunk-2"", ""page-5-chunk-1"", ""page-16-chunk-2"", ""page-4-chunk-1"", ""page-3-chunk-1"", ""page-2-chunk-1""]","[""page-4-chunk-2"", ""page-5-chunk-1"", ""page-16-chunk-2"", ""page-4-chunk-1"", ""page-3-chunk-1"", ""page-2-chunk-1"", ""page-1-chunk-1"", ""page-6-chunk-2"", ""page-7-chunk-1""]",6,9,d950ede1dd4a1b4f5c2a23e5b4f28ca49f7f2fa09e2ce1713320ccf7c29abab9,c4cda69a185697ddc16a778f59ef714f9374535f6a246a276957c6394a89bfc9,True,True,True
unidoc_healthcare_0177,False,False,False,False,False,"[""page-9-chunk-2"", ""page-10-chunk-2"", ""page-10-chunk-1"", ""page-6-chunk-1"", ""page-7-chunk-2"", ""page-5-chunk-2""]","[""page-9-chunk-2"", ""page-10-chunk-2"", ""page-10-chunk-1"", ""page-6-chunk-1"", ""page-7-chunk-2"", ""page-5-chunk-2"", ""page-9-chunk-1"", ""page-11-chunk-1"", ""page-1-chunk-1""]",6,9,defd749d235855aa2760935bc8631a6583934266911dbca33aabe67ac1d8295b,eb41550ddb188b21b4583cb0b834ff6b526ce3a308acd9ae3226ced97fc30593,True,False,True
unidoc_healthcare_0178,False,False,False,False,False,"[""page-1-chunk-1"", ""page-4-chunk-1"", ""page-3-chunk-1"", ""page-5-chunk-1"", ""page-2-chunk-1"", ""page-4-chunk-2""]","[""page-1-chunk-1"", ""page-4-chunk-1"", ""page-3-chunk-1"", ""page-5-chunk-1"", ""page-2-chunk-1"", ""page-4-chunk-2"", ""page-6-chunk-1"", ""page-7-chunk-1""]",6,8,6f027e2e11655ae08e2e9681220d2dec3b23387d231f59fff04991f60c3fd16b,281f8ee723e5732ae0a38c1ee3ccd808191b0180bb3f525b06ba28a35871458b,True,False,True
unidoc_healthcare_0182,False,False,False,False,False,"[""page-6-chunk-1"", ""page-5-chunk-1"", ""page-2-chunk-2"", ""page-4-chunk-1"", ""page-7-chunk-1"", ""page-4-chunk-2""]","[""page-6-chunk-1"", ""page-5-chunk-1"", ""page-2-chunk-2"", ""page-4-chunk-1"", ""page-7-chunk-1"", ""page-4-chunk-2"", ""page-2-chunk-1"", ""page-11-chunk-1"", ""page-10-chunk-1""]",6,9,5cf3d8608fb11c91f10a476a42e48cdf558cda38fdb9caa99114ba2626640c07,b76d44c1cf56be25bfc7a79f9d046a7d22022ce52a0dc2555fff647ab4932e37,True,False,True
unidoc_healthcare_0184,False,False,False,False,False,"[""page-12-chunk-1"", ""page-11-chunk-1"", ""page-3-chunk-1"", ""page-5-chunk-1"", ""page-1-chunk-1"", ""page-4-chunk-1""]","[""page-12-chunk-1"", ""page-11-chunk-1"", ""page-3-chunk-1"", ""page-5-chunk-1"", ""page-1-chunk-1"", ""page-4-chunk-1"", ""page-20-chunk-1"", ""page-21-chunk-2"", ""page-2-chunk-1""]",6,9,fdf858d0c992e3b29bb39409602be3071cac92bc6a0f9d909560633a99b6fad8,0f51a3dd9acec281ccfad143b3858783e2266b01396bdf320ada7d65e94516bf,True,False,True
unidoc_healthcare_0187,False,False,False,False,False,"[""page-8-chunk-1"", ""page-11-chunk-1"", ""page-11-chunk-2"", ""page-5-chunk-1"", ""page-7-chunk-1"", ""page-6-chunk-1""]","[""page-8-chunk-1"", ""page-11-chunk-1"", ""page-11-chunk-2"", ""page-5-chunk-1"", ""page-7-chunk-1"", ""page-6-chunk-1"", ""page-4-chunk-1"", ""page-10-chunk-1"", ""page-9-chunk-1""]",6,9,2a1a577985ed889719a3171f5344879d589abfa47b669f84fd3e3727c17a9c7b,5150fe0d88603721c73441a2d3017aa111731a4ca2855745de7025210e711eb1,True,False,True
unidoc_healthcare_0196,False,False,False,False,False,"[""page-3-chunk-1"", ""page-2-chunk-1"", ""page-9-chunk-1"", ""page-5-chunk-1"", ""page-1-chunk-1"", ""page-4-chunk-1""]","[""page-3-chunk-1"", ""page-2-chunk-1"", ""page-9-chunk-1"", ""page-5-chunk-1"", ""page-1-chunk-1"", ""page-4-chunk-1"", ""page-6-chunk-1"", ""page-7-chunk-1"", ""page-10-chunk-1""]",6,9,f3795e3ae90d6e384416b34385828085ef0e8d8ec9bfd721b7fac45281ebc1a6,616172582ffe37da7316ba8b0a3be8f8df26717c8607cedd033d9377f5e82aed,True,True,True
unidoc_healthcare_0197,False,False,False,False,False,"[""page-4-chunk-1"", ""page-8-chunk-1"", ""page-6-chunk-1"", ""page-7-chunk-1"", ""page-1-chunk-1"", ""page-4-chunk-2""]","[""page-4-chunk-1"", ""page-8-chunk-1"", ""page-6-chunk-1"", ""page-7-chunk-1"", ""page-1-chunk-1"", ""page-4-chunk-2"", ""page-5-chunk-1"", ""page-2-chunk-1"", ""page-10-chunk-1""]",6,9,28fac0d72d6fc9d7ee2b5df4e6f5c4d6bb77f30e7c3b6c62e519f3f96c2af778,1627ed3063aaaf3ea64e8e22ca15a8b457e4d4fc9a96b855eae871be17eaa1c0,True,True,True
unidoc_healthcare_0200,False,False,False,False,False,"[""page-3-chunk-1"", ""page-2-chunk-2"", ""page-3-chunk-2"", ""page-5-chunk-1"", ""page-6-chunk-1"", ""page-4-chunk-1""]","[""page-3-chunk-1"", ""page-2-chunk-2"", ""page-3-chunk-2"", ""page-5-chunk-1"", ""page-6-chunk-1"", ""page-4-chunk-1"", ""page-8-chunk-2"", ""page-1-chunk-2"", ""page-10-chunk-1""]",6,9,ff078a405677fc4e79ef7a90daba6e89154b5b11ca92059bf6c6c9a7c5557298,4dbf9eb8bb2a8f515a30886c1f71c66d7fd85be81a7b7a6e5fe591868f9df9b6,True,False,True
unidoc_legal_0015,False,False,False,False,False,"[""page-12-chunk-1"", ""page-11-chunk-1"", ""page-1-chunk-1"", ""page-13-chunk-1"", ""page-14-chunk-1"", ""page-3-chunk-1""]","[""page-12-chunk-1"", ""page-11-chunk-1"", ""page-1-chunk-1"", ""page-13-chunk-1"", ""page-14-chunk-1"", ""page-3-chunk-1"", ""page-8-chunk-1"", ""page-24-chunk-1"", ""page-6-chunk-1""]",6,9,f3d6f0e0560a9a6da8a6767e902f159a79b6bce6fc0ce7f35c28d14809999202,33222f151f540f62ad9ac0eef05439be11a02943a75a8bfd78241d518db13cf5,False,False,True
unidoc_legal_0019,False,False,False,False,False,"[""page-13-chunk-1"", ""page-11-chunk-1"", ""page-1-chunk-1"", ""page-2-chunk-1"", ""page-14-chunk-1"", ""page-6-chunk-1""]","[""page-13-chunk-1"", ""page-11-chunk-1"", ""page-1-chunk-1"", ""page-2-chunk-1"", ""page-14-chunk-1"", ""page-6-chunk-1"", ""page-8-chunk-1"", ""page-10-chunk-1"", ""page-9-chunk-1""]",6,9,efc9fcfb7f1dc7fa65e7f219b1b0d4da47ffd7a7f363d551258cf67aacfe672a,635ecb6a3b6310d118b73c68f4073f8b645582471487b1097961e3f6a6ded14b,True,False,True
unidoc_legal_0023,False,False,False,False,False,"[""page-13-chunk-1"", ""page-11-chunk-1"", ""page-7-chunk-1"", ""page-6-chunk-1"", ""page-3-chunk-1"", ""page-8-chunk-1""]","[""page-13-chunk-1"", ""page-11-chunk-1"", ""page-7-chunk-1"", ""page-6-chunk-1"", ""page-3-chunk-1"", ""page-8-chunk-1"", ""page-12-chunk-1"", ""page-9-chunk-1"", ""page-27-chunk-1""]",6,9,6baa06ff4063a4f10811ee1e7f250a1d8a9691c66219d038619239a4affb217a,4a66c85ec81cc9ed8ae5c1540ad1a8dee43bdf2b36259fb5e6ab40110fe65f3e,True,False,True
unidoc_legal_0028,False,False,False,False,False,"[""page-3-chunk-1"", ""page-19-chunk-1"", ""page-24-chunk-1"", ""page-14-chunk-1"", ""page-26-chunk-1"", ""page-16-chunk-1""]","[""page-3-chunk-1"", ""page-19-chunk-1"", ""page-24-chunk-1"", ""page-14-chunk-1"", ""page-26-chunk-1"", ""page-16-chunk-1"", ""page-18-chunk-1"", ""page-6-chunk-1"", ""page-21-chunk-1""]",6,9,7a52b7fe85cf2adc7c8df7b0c8570081f7731571cfa2fc3b57cee2a71e208b40,bc154da6585b9109472fd5bc152d6dc1ed72ee879f21fb41f1b01aee53874da6,True,False,True
unidoc_legal_0033,False,False,False,False,False,"[""page-5-chunk-1"", ""page-3-chunk-1"", ""page-2-chunk-1"", ""page-11-chunk-1"", ""page-12-chunk-1"", ""page-8-chunk-1""]","[""page-5-chunk-1"", ""page-3-chunk-1"", ""page-2-chunk-1"", ""page-11-chunk-1"", ""page-12-chunk-1"", ""page-8-chunk-1"", ""page-9-chunk-1"", ""page-6-chunk-1"", ""page-14-chunk-1""]",6,9,9057133d19ec5ef34fac0b15c98e4ee22aca350691b6e4a34c955ec341c20cd8,70538462519514b8c6a6882468913d49b9e85133f60e442f76d91127520d91f8,True,False,True
unidoc_legal_0060,False,False,False,False,False,"[""page-1-chunk-1"", ""page-3-chunk-1"", ""page-14-chunk-1"", ""page-13-chunk-1"", ""page-26-chunk-1"", ""page-24-chunk-1""]","[""page-1-chunk-1"", ""page-3-chunk-1"", ""page-14-chunk-1"", ""page-13-chunk-1"", ""page-26-chunk-1"", ""page-24-chunk-1"", ""page-8-chunk-1"", ""page-7-chunk-1"", ""page-11-chunk-1""]",6,9,cf309c4563c223b67814ec893f82108bccbd15cee6940baa1d1a64b8c8d9e852,c336ac9a8d43639eeae52aa8687c3ad1b925bcb78dadd6f44d70a3faeca09d5a,True,False,True
unidoc_legal_0067,False,False,False,False,False,"[""page-16-chunk-1"", ""page-15-chunk-1"", ""page-12-chunk-1"", ""page-22-chunk-1"", ""page-20-chunk-1"", ""page-17-chunk-1""]","[""page-16-chunk-1"", ""page-15-chunk-1"", ""page-12-chunk-1"", ""page-22-chunk-1"", ""page-20-chunk-1"", ""page-17-chunk-1"", ""page-4-chunk-1"", ""page-19-chunk-1"", ""page-3-chunk-1""]",6,9,f40a723932010280b63e8e3fccfe77f35ce35d70bcd90d2d398abce989491184,df0a82c1ce0af4ba20bea59655e4424905590dd7eeaaa6f4b40f6ad2c4b735bd,True,True,True
unidoc_legal_0071,False,False,False,False,False,"[""page-13-chunk-1"", ""page-14-chunk-1"", ""page-11-chunk-1"", ""page-3-chunk-1"", ""page-7-chunk-1"", ""page-6-chunk-1""]","[""page-13-chunk-1"", ""page-14-chunk-1"", ""page-11-chunk-1"", ""page-3-chunk-1"", ""page-7-chunk-1"", ""page-6-chunk-1"", ""page-12-chunk-1"", ""page-26-chunk-1"", ""page-27-chunk-1""]",6,9,c4d61d315f4db809464b462ea53e3c46725954d590d9ac515aeb5684f1fa090a,a13a08b5ad8fb2e7070b7c5898143130a85f9f14a3b6f90bb08241155f8bae06,True,False,True
unidoc_legal_0105,False,False,False,False,False,"[""page-13-chunk-1"", ""page-14-chunk-1"", ""page-11-chunk-1"", ""page-26-chunk-1"", ""page-27-chunk-1"", ""page-12-chunk-1""]","[""page-13-chunk-1"", ""page-14-chunk-1"", ""page-11-chunk-1"", ""page-26-chunk-1"", ""page-27-chunk-1"", ""page-12-chunk-1"", ""page-1-chunk-1"", ""page-24-chunk-1"", ""page-5-chunk-1""]",6,9,228e8ef6fcd240a57c374e96a4e2fc6de91061edd465e70a7aa310593a039909,00d2b5294c79eb0d9f971f35b403d36c08c1e0e5150b30db4adcbbbd95eaef18,True,False,True
unidoc_legal_0133,False,False,False,False,False,"[""page-13-chunk-1"", ""page-1-chunk-1"", ""page-3-chunk-1"", ""page-11-chunk-1"", ""page-6-chunk-1"", ""page-5-chunk-1""]","[""page-13-chunk-1"", ""page-1-chunk-1"", ""page-3-chunk-1"", ""page-11-chunk-1"", ""page-6-chunk-1"", ""page-5-chunk-1"", ""page-14-chunk-1"", ""page-10-chunk-1"", ""page-9-chunk-1""]",6,9,025039c8c5ac3a3eca8261bde3711474ed9c7d9ddc3598108ab1716633fbff2c,88d7cac5196bb1e499844126ffd1bc13a7aa256419ebfc1d819f109dc310c727,True,False,True
unidoc_legal_0135,True,True,True,True,True,"[""page-1-chunk-1"", ""page-6-chunk-1"", ""page-5-chunk-1"", ""page-3-chunk-1"", ""page-4-chunk-1"", ""page-2-chunk-1""]","[""page-1-chunk-1"", ""page-6-chunk-1"", ""page-5-chunk-1"", ""page-3-chunk-1"", ""page-4-chunk-1"", ""page-2-chunk-1""]",6,6,1e866488e0ccb2ea79a9e96f7bdedb2414e53d4fd54bc993dd0df27e8900eaea,1e866488e0ccb2ea79a9e96f7bdedb2414e53d4fd54bc993dd0df27e8900eaea,True,False,True
unidoc_legal_0141,False,False,False,False,False,"[""page-11-chunk-1"", ""page-13-chunk-1"", ""page-5-chunk-1"", ""page-6-chunk-1"", ""page-16-chunk-1"", ""page-14-chunk-1""]","[""page-11-chunk-1"", ""page-13-chunk-1"", ""page-5-chunk-1"", ""page-6-chunk-1"", ""page-16-chunk-1"", ""page-14-chunk-1"", ""page-18-chunk-1"", ""page-12-chunk-1"", ""page-10-chunk-1""]",6,9,a45a563d660a33cc93284f2a3b8e3247944732488fab81f25362ee04f42a2751,bb2d8eb598b35dfd6ede16b22ecb0d18ecfa4f774ff64681a9646c4eb78946d2,True,False,True
unidoc_legal_0149,False,False,False,False,False,"[""page-5-chunk-1"", ""page-3-chunk-1"", ""page-2-chunk-1"", ""page-14-chunk-1"", ""page-4-chunk-1"", ""page-1-chunk-1""]","[""page-5-chunk-1"", ""page-3-chunk-1"", ""page-2-chunk-1"", ""page-14-chunk-1"", ""page-4-chunk-1"", ""page-1-chunk-1"", ""page-11-chunk-1"", ""page-7-chunk-1"", ""page-6-chunk-1""]",6,9,7ff19b77756bf3240286588e63e60f9974f941cffb85145759d62e756fd5d96d,fcff071aceab249caabcc257ac0b094254f86b6a40b96ccd7bb05f2ce0cf6666,True,False,True
unidoc_legal_0151,False,False,False,False,False,"[""page-1-chunk-1"", ""page-7-chunk-1"", ""page-6-chunk-1"", ""page-5-chunk-1"", ""page-2-chunk-1"", ""page-3-chunk-1""]","[""page-1-chunk-1"", ""page-7-chunk-1"", ""page-6-chunk-1"", ""page-5-chunk-1"", ""page-2-chunk-1"", ""page-3-chunk-1"", ""page-4-chunk-1""]",6,7,d1b77093d8e21dfa7ca15ca885b7d612a791739fb193b9db00ce55be738aaaf2,0cbd596a703280d50bd109a6885842e22ec4e9e0fcf8ed96d57238db5b58e12c,False,False,False
unidoc_legal_0153,False,False,False,False,False,"[""page-4-chunk-1"", ""page-3-chunk-1"", ""page-6-chunk-1"", ""page-9-chunk-1"", ""page-8-chunk-1"", ""page-8-chunk-2""]","[""page-4-chunk-1"", ""page-3-chunk-1"", ""page-6-chunk-1"", ""page-9-chunk-1"", ""page-8-chunk-1"", ""page-8-chunk-2"", ""page-4-chunk-2"", ""page-10-chunk-1"", ""page-20-chunk-1""]",6,9,d987d5aa227fb3691b707ca4d6125545140f8da581be720286f524c361514ff8,9ae5e8497257eefe70e7f1c53c54f9de67c9dcc8979501cbedc7794eb46898b5,True,False,True
unidoc_legal_0159,False,False,False,False,False,"[""page-3-chunk-1"", ""page-14-chunk-1"", ""page-24-chunk-1"", ""page-21-chunk-1"", ""page-26-chunk-1"", ""page-18-chunk-1""]","[""page-3-chunk-1"", ""page-14-chunk-1"", ""page-24-chunk-1"", ""page-21-chunk-1"", ""page-26-chunk-1"", ""page-18-chunk-1"", ""page-20-chunk-1"", ""page-15-chunk-1"", ""page-6-chunk-1""]",6,9,ce45ee5a228132e6cd0ad0c3caf41966aa81aec92d6bab7b1f077e744d93a2a1,44140a7121d42765f93265a3c8b191da39054d3b46abb6327803ff7a5a2d4b33,False,False,True
unidoc_legal_0160,False,False,False,False,False,"[""page-6-chunk-1"", ""page-1-chunk-1"", ""page-5-chunk-2"", ""page-3-chunk-1"", ""page-2-chunk-1"", ""page-4-chunk-1""]","[""page-6-chunk-1"", ""page-1-chunk-1"", ""page-5-chunk-2"", ""page-3-chunk-1"", ""page-2-chunk-1"", ""page-4-chunk-1"", ""page-5-chunk-1"", ""page-4-chunk-2"", ""page-6-chunk-2""]",6,9,785a4eddb6d1ff6a63676cd322a4c6879fe7833973c3a8a6cdafa0e0c59c96a3,c25bc767d6658843a6ec96ac8c1a0296810815806696310a1254246fb2402e0d,True,False,True
unidoc_legal_0161,False,False,False,False,False,"[""page-10-chunk-1"", ""page-15-chunk-1"", ""page-9-chunk-1"", ""page-13-chunk-1"", ""page-16-chunk-1"", ""page-2-chunk-1""]","[""page-10-chunk-1"", ""page-15-chunk-1"", ""page-9-chunk-1"", ""page-13-chunk-1"", ""page-16-chunk-1"", ""page-2-chunk-1"", ""page-3-chunk-1"", ""page-1-chunk-1"", ""page-14-chunk-1""]",6,9,2bf715676f1682c598b8df57fc76b03ea40a9a8d6fdbcb6c3e30d3ae9fc45d77,ca82aa8ddddab625c144847c03d8c0fdf7fa86b46d07bf7a8e832a44465a85ac,True,False,True
unidoc_legal_0166,False,False,False,False,False,"[""page-14-chunk-1"", ""page-11-chunk-1"", ""page-1-chunk-1"", ""page-26-chunk-1"", ""page-13-chunk-1"", ""page-12-chunk-1""]","[""page-14-chunk-1"", ""page-11-chunk-1"", ""page-1-chunk-1"", ""page-26-chunk-1"", ""page-13-chunk-1"", ""page-12-chunk-1"", ""page-5-chunk-1"", ""page-7-chunk-1"", ""page-3-chunk-1""]",6,9,cf3ede5a17cddc2d55db58ee0d8c46c66c174d6b6be12f0b9f31af47e8fee6c0,140960c9313601fc52616a61fc05054f97d9acc60bc877768b306726723192dd,True,False,True
unidoc_legal_0200,False,False,False,False,False,"[""page-22-chunk-1"", ""page-17-chunk-1"", ""page-25-chunk-1"", ""page-26-chunk-1"", ""page-7-chunk-1"", ""page-3-chunk-1""]","[""page-22-chunk-1"", ""page-17-chunk-1"", ""page-25-chunk-1"", ""page-26-chunk-1"", ""page-7-chunk-1"", ""page-3-chunk-1"", ""page-24-chunk-1"", ""page-20-chunk-1"", ""page-4-chunk-1""]",6,9,d3e0f2f9495d78f6ec82b669c18f957a46f4bffe0aeeff5685469b145662b3b7,62af534b5041a6f00952527a5865cb7682a85f8fb200b1721da4f0edc25256d1,True,False,True
